{
  "dataset_revision": "023e7a813e3b73d8d33551ed2aea511314d612e2",
  "evaluation_time": 119.85010361671448,
  "kg_co2_emissions": null,
  "mteb_version": "1.14.2",
  "scores": {
    "test": [
      {
        "hf_subset": "default",
        "languages": [
          "eng-Latn"
        ],
        "main_score": 0.25403,
        "map_at_1": 0.05556,
        "map_at_10": 0.17222,
        "map_at_100": 0.18457,
        "map_at_1000": 0.18569,
        "map_at_20": 0.17331,
        "map_at_3": 0.09568,
        "map_at_5": 0.15525,
        "mrr_at_1": 0.07407407407407407,
        "mrr_at_10": 0.195679012345679,
        "mrr_at_100": 0.20670352034991207,
        "mrr_at_1000": 0.2073963047840151,
        "mrr_at_20": 0.19785766158315177,
        "mrr_at_3": 0.12962962962962962,
        "mrr_at_5": 0.18333333333333332,
        "nauc_map_at_1000_diff1": 0.2947248988649613,
        "nauc_map_at_1000_max": -0.12984577279236145,
        "nauc_map_at_1000_std": -0.04331512396087317,
        "nauc_map_at_100_diff1": 0.29617521506679345,
        "nauc_map_at_100_max": -0.12838632830939925,
        "nauc_map_at_100_std": -0.042394880044649065,
        "nauc_map_at_10_diff1": 0.28362223208602866,
        "nauc_map_at_10_max": -0.13392373211558406,
        "nauc_map_at_10_std": -0.03543088248045254,
        "nauc_map_at_1_diff1": 0.40070265644262193,
        "nauc_map_at_1_max": -0.45233235892740353,
        "nauc_map_at_1_std": -0.2992583070883435,
        "nauc_map_at_20_diff1": 0.29124867110933456,
        "nauc_map_at_20_max": -0.13086728539088896,
        "nauc_map_at_20_std": -0.03616406369495692,
        "nauc_map_at_3_diff1": 0.2811873863383906,
        "nauc_map_at_3_max": -0.26911166637603606,
        "nauc_map_at_3_std": -0.1892377014458718,
        "nauc_map_at_5_diff1": 0.28357285619115363,
        "nauc_map_at_5_max": -0.12361830227900625,
        "nauc_map_at_5_std": -0.01587642738182513,
        "nauc_mrr_at_1000_diff1": 0.298138695052967,
        "nauc_mrr_at_1000_max": -0.1369906171143996,
        "nauc_mrr_at_1000_std": -0.04539106972012432,
        "nauc_mrr_at_100_diff1": 0.29783878511789086,
        "nauc_mrr_at_100_max": -0.136167381770286,
        "nauc_mrr_at_100_std": -0.04397099455032382,
        "nauc_mrr_at_10_diff1": 0.285257950158097,
        "nauc_mrr_at_10_max": -0.13431009518918738,
        "nauc_mrr_at_10_std": -0.03453470650515581,
        "nauc_mrr_at_1_diff1": 0.5505269923319666,
        "nauc_mrr_at_1_max": -0.39070037905564153,
        "nauc_mrr_at_1_std": -0.2407339790810635,
        "nauc_mrr_at_20_diff1": 0.29893126553765764,
        "nauc_mrr_at_20_max": -0.1288341314621828,
        "nauc_mrr_at_20_std": -0.035845283239681114,
        "nauc_mrr_at_3_diff1": 0.3007154030484646,
        "nauc_mrr_at_3_max": -0.27772908429737725,
        "nauc_mrr_at_3_std": -0.16000225443521363,
        "nauc_mrr_at_5_diff1": 0.25961128247054877,
        "nauc_mrr_at_5_max": -0.13428482946934042,
        "nauc_mrr_at_5_std": -0.02877330827533352,
        "nauc_ndcg_at_1000_diff1": 0.29784973718127616,
        "nauc_ndcg_at_1000_max": -0.0399521310362207,
        "nauc_ndcg_at_1000_std": 0.008648523015931997,
        "nauc_ndcg_at_100_diff1": 0.3042973859389638,
        "nauc_ndcg_at_100_max": -0.02247933928393191,
        "nauc_ndcg_at_100_std": 0.02209786618573332,
        "nauc_ndcg_at_10_diff1": 0.25485248678956285,
        "nauc_ndcg_at_10_max": -0.04248057122141267,
        "nauc_ndcg_at_10_std": 0.03555694794508107,
        "nauc_ndcg_at_1_diff1": 0.5505269923319666,
        "nauc_ndcg_at_1_max": -0.39070037905564153,
        "nauc_ndcg_at_1_std": -0.2407339790810635,
        "nauc_ndcg_at_20_diff1": 0.2850718768913385,
        "nauc_ndcg_at_20_max": -0.029513057157871853,
        "nauc_ndcg_at_20_std": 0.03321919939231503,
        "nauc_ndcg_at_3_diff1": 0.26198846008167986,
        "nauc_ndcg_at_3_max": -0.22321910465740388,
        "nauc_ndcg_at_3_std": -0.14808487419048041,
        "nauc_ndcg_at_5_diff1": 0.2416536847381808,
        "nauc_ndcg_at_5_max": -0.029366925243124054,
        "nauc_ndcg_at_5_std": 0.06320217822983307,
        "nauc_precision_at_1000_diff1": -0.06592906546668768,
        "nauc_precision_at_1000_max": 0.06700857475619468,
        "nauc_precision_at_1000_std": 0.1428321937441968,
        "nauc_precision_at_100_diff1": 0.10816948115670015,
        "nauc_precision_at_100_max": 0.1173057051055499,
        "nauc_precision_at_100_std": 0.151843650937455,
        "nauc_precision_at_10_diff1": 0.098678976663515,
        "nauc_precision_at_10_max": -0.005737062131324984,
        "nauc_precision_at_10_std": 0.11875283380776404,
        "nauc_precision_at_1_diff1": 0.5505269923319666,
        "nauc_precision_at_1_max": -0.39070037905564153,
        "nauc_precision_at_1_std": -0.2407339790810635,
        "nauc_precision_at_20_diff1": 0.18658199543417378,
        "nauc_precision_at_20_max": 0.03460638692140151,
        "nauc_precision_at_20_std": 0.11375059070549887,
        "nauc_precision_at_3_diff1": 0.17377407544547116,
        "nauc_precision_at_3_max": -0.17750773721008986,
        "nauc_precision_at_3_std": -0.07463105932950122,
        "nauc_precision_at_5_diff1": 0.11715014679984696,
        "nauc_precision_at_5_max": 0.031021380598306107,
        "nauc_precision_at_5_std": 0.18588943169527028,
        "nauc_recall_at_1000_diff1": 1.0,
        "nauc_recall_at_1000_max": 1.0,
        "nauc_recall_at_1000_std": 0.35754995778215537,
        "nauc_recall_at_100_diff1": 0.4481992076795794,
        "nauc_recall_at_100_max": 0.3434083877774782,
        "nauc_recall_at_100_std": 0.20898180927792143,
        "nauc_recall_at_10_diff1": 0.23837844678847578,
        "nauc_recall_at_10_max": 0.1203415851255851,
        "nauc_recall_at_10_std": 0.14767978498296774,
        "nauc_recall_at_1_diff1": 0.40070265644262193,
        "nauc_recall_at_1_max": -0.45233235892740353,
        "nauc_recall_at_1_std": -0.2992583070883435,
        "nauc_recall_at_20_diff1": 0.3071292364996408,
        "nauc_recall_at_20_max": 0.15307291302969914,
        "nauc_recall_at_20_std": 0.14446842658166364,
        "nauc_recall_at_3_diff1": 0.22220934907602075,
        "nauc_recall_at_3_max": -0.10748056104480228,
        "nauc_recall_at_3_std": -0.08405284737246775,
        "nauc_recall_at_5_diff1": 0.20396452410328908,
        "nauc_recall_at_5_max": 0.14172796128000356,
        "nauc_recall_at_5_std": 0.1941487315500933,
        "ndcg_at_1": 0.07407,
        "ndcg_at_10": 0.25403,
        "ndcg_at_100": 0.32619,
        "ndcg_at_1000": 0.34649,
        "ndcg_at_20": 0.25947,
        "ndcg_at_3": 0.12247,
        "ndcg_at_5": 0.22048,
        "precision_at_1": 0.07407,
        "precision_at_10": 0.06296,
        "precision_at_100": 0.01074,
        "precision_at_1000": 0.00126,
        "precision_at_20": 0.03333,
        "precision_at_3": 0.07407,
        "precision_at_5": 0.1037,
        "recall_at_1": 0.05556,
        "recall_at_10": 0.47531,
        "recall_at_100": 0.82099,
        "recall_at_1000": 0.96296,
        "recall_at_20": 0.49383,
        "recall_at_3": 0.16667,
        "recall_at_5": 0.38272
      }
    ]
  },
  "task_name": "ChemNQRetrieval"
}