{
  "dataset_revision": "f39c1d16edd269f233be381216bc8146f0857124",
  "evaluation_time": 148.73330545425415,
  "kg_co2_emissions": null,
  "mteb_version": "1.14.2",
  "scores": {
    "dev": [
      {
        "hf_subset": "default",
        "languages": [
          "eng-Latn"
        ],
        "main_score": 0.875,
        "map_at_1": 0.875,
        "map_at_10": 0.875,
        "map_at_100": 0.875,
        "map_at_1000": 0.87546,
        "map_at_20": 0.875,
        "map_at_3": 0.875,
        "map_at_5": 0.875,
        "mrr_at_1": 0.875,
        "mrr_at_10": 0.875,
        "mrr_at_100": 0.875,
        "mrr_at_1000": 0.8754612546125461,
        "mrr_at_20": 0.875,
        "mrr_at_3": 0.875,
        "mrr_at_5": 0.875,
        "nauc_map_at_1000_diff1": 1.0,
        "nauc_map_at_1000_max": 1.0,
        "nauc_map_at_1000_std": 0.5518207282913165,
        "nauc_map_at_100_diff1": 1.0,
        "nauc_map_at_100_max": 1.0,
        "nauc_map_at_100_std": 0.5518207282913173,
        "nauc_map_at_10_diff1": 1.0,
        "nauc_map_at_10_max": 1.0,
        "nauc_map_at_10_std": 0.5518207282913173,
        "nauc_map_at_1_diff1": 1.0,
        "nauc_map_at_1_max": 1.0,
        "nauc_map_at_1_std": 0.5518207282913173,
        "nauc_map_at_20_diff1": 1.0,
        "nauc_map_at_20_max": 1.0,
        "nauc_map_at_20_std": 0.5518207282913173,
        "nauc_map_at_3_diff1": 1.0,
        "nauc_map_at_3_max": 1.0,
        "nauc_map_at_3_std": 0.5518207282913173,
        "nauc_map_at_5_diff1": 1.0,
        "nauc_map_at_5_max": 1.0,
        "nauc_map_at_5_std": 0.5518207282913173,
        "nauc_mrr_at_1000_diff1": 1.0,
        "nauc_mrr_at_1000_max": 1.0,
        "nauc_mrr_at_1000_std": 0.5518207282913165,
        "nauc_mrr_at_100_diff1": 1.0,
        "nauc_mrr_at_100_max": 1.0,
        "nauc_mrr_at_100_std": 0.5518207282913173,
        "nauc_mrr_at_10_diff1": 1.0,
        "nauc_mrr_at_10_max": 1.0,
        "nauc_mrr_at_10_std": 0.5518207282913173,
        "nauc_mrr_at_1_diff1": 1.0,
        "nauc_mrr_at_1_max": 1.0,
        "nauc_mrr_at_1_std": 0.5518207282913173,
        "nauc_mrr_at_20_diff1": 1.0,
        "nauc_mrr_at_20_max": 1.0,
        "nauc_mrr_at_20_std": 0.5518207282913173,
        "nauc_mrr_at_3_diff1": 1.0,
        "nauc_mrr_at_3_max": 1.0,
        "nauc_mrr_at_3_std": 0.5518207282913173,
        "nauc_mrr_at_5_diff1": 1.0,
        "nauc_mrr_at_5_max": 1.0,
        "nauc_mrr_at_5_std": 0.5518207282913173,
        "nauc_ndcg_at_1000_diff1": 1.0,
        "nauc_ndcg_at_1000_max": 1.0,
        "nauc_ndcg_at_1000_std": 0.5518207282913177,
        "nauc_ndcg_at_100_diff1": 1.0,
        "nauc_ndcg_at_100_max": 1.0,
        "nauc_ndcg_at_100_std": 0.5518207282913173,
        "nauc_ndcg_at_10_diff1": 1.0,
        "nauc_ndcg_at_10_max": 1.0,
        "nauc_ndcg_at_10_std": 0.5518207282913173,
        "nauc_ndcg_at_1_diff1": 1.0,
        "nauc_ndcg_at_1_max": 1.0,
        "nauc_ndcg_at_1_std": 0.5518207282913173,
        "nauc_ndcg_at_20_diff1": 1.0,
        "nauc_ndcg_at_20_max": 1.0,
        "nauc_ndcg_at_20_std": 0.5518207282913173,
        "nauc_ndcg_at_3_diff1": 1.0,
        "nauc_ndcg_at_3_max": 1.0,
        "nauc_ndcg_at_3_std": 0.5518207282913173,
        "nauc_ndcg_at_5_diff1": 1.0,
        "nauc_ndcg_at_5_max": 1.0,
        "nauc_ndcg_at_5_std": 0.5518207282913173,
        "nauc_precision_at_1000_diff1": 1.0,
        "nauc_precision_at_1000_max": 1.0,
        "nauc_precision_at_1000_std": 1.0,
        "nauc_precision_at_100_diff1": 1.0,
        "nauc_precision_at_100_max": 1.0,
        "nauc_precision_at_100_std": 0.5518207282913161,
        "nauc_precision_at_10_diff1": 1.0,
        "nauc_precision_at_10_max": 1.0,
        "nauc_precision_at_10_std": 0.5518207282913167,
        "nauc_precision_at_1_diff1": 1.0,
        "nauc_precision_at_1_max": 1.0,
        "nauc_precision_at_1_std": 0.5518207282913173,
        "nauc_precision_at_20_diff1": 1.0,
        "nauc_precision_at_20_max": 1.0,
        "nauc_precision_at_20_std": 0.5518207282913167,
        "nauc_precision_at_3_diff1": 1.0,
        "nauc_precision_at_3_max": 1.0,
        "nauc_precision_at_3_std": 0.5518207282913179,
        "nauc_precision_at_5_diff1": 1.0,
        "nauc_precision_at_5_max": 1.0,
        "nauc_precision_at_5_std": 0.5518207282913167,
        "nauc_recall_at_1000_diff1": NaN,
        "nauc_recall_at_1000_max": NaN,
        "nauc_recall_at_1000_std": NaN,
        "nauc_recall_at_100_diff1": 1.0,
        "nauc_recall_at_100_max": 1.0,
        "nauc_recall_at_100_std": 0.5518207282913173,
        "nauc_recall_at_10_diff1": 1.0,
        "nauc_recall_at_10_max": 1.0,
        "nauc_recall_at_10_std": 0.5518207282913173,
        "nauc_recall_at_1_diff1": 1.0,
        "nauc_recall_at_1_max": 1.0,
        "nauc_recall_at_1_std": 0.5518207282913173,
        "nauc_recall_at_20_diff1": 1.0,
        "nauc_recall_at_20_max": 1.0,
        "nauc_recall_at_20_std": 0.5518207282913173,
        "nauc_recall_at_3_diff1": 1.0,
        "nauc_recall_at_3_max": 1.0,
        "nauc_recall_at_3_std": 0.5518207282913173,
        "nauc_recall_at_5_diff1": 1.0,
        "nauc_recall_at_5_max": 1.0,
        "nauc_recall_at_5_std": 0.5518207282913173,
        "ndcg_at_1": 0.875,
        "ndcg_at_10": 0.875,
        "ndcg_at_100": 0.875,
        "ndcg_at_1000": 0.89046,
        "ndcg_at_20": 0.875,
        "ndcg_at_3": 0.875,
        "ndcg_at_5": 0.875,
        "precision_at_1": 0.875,
        "precision_at_10": 0.0875,
        "precision_at_100": 0.00875,
        "precision_at_1000": 0.001,
        "precision_at_20": 0.04375,
        "precision_at_3": 0.29167,
        "precision_at_5": 0.175,
        "recall_at_1": 0.875,
        "recall_at_10": 0.875,
        "recall_at_100": 0.875,
        "recall_at_1000": 1.0,
        "recall_at_20": 0.875,
        "recall_at_3": 0.875,
        "recall_at_5": 0.875
      }
    ],
    "test": [
      {
        "hf_subset": "default",
        "languages": [
          "eng-Latn"
        ],
        "main_score": 0.72222,
        "map_at_1": 0.66667,
        "map_at_10": 0.7037,
        "map_at_100": 0.70679,
        "map_at_1000": 0.70735,
        "map_at_20": 0.70679,
        "map_at_3": 0.7037,
        "map_at_5": 0.7037,
        "mrr_at_1": 0.6666666666666666,
        "mrr_at_10": 0.7037037037037037,
        "mrr_at_100": 0.70679012345679,
        "mrr_at_1000": 0.707353815318315,
        "mrr_at_20": 0.70679012345679,
        "mrr_at_3": 0.7037037037037037,
        "mrr_at_5": 0.7037037037037037,
        "nauc_map_at_1000_diff1": 0.6855990849716744,
        "nauc_map_at_1000_max": 0.05197408682602826,
        "nauc_map_at_1000_std": -0.3836496831284097,
        "nauc_map_at_100_diff1": 0.685594486467394,
        "nauc_map_at_100_max": 0.05226193924535868,
        "nauc_map_at_100_std": -0.383315417796851,
        "nauc_map_at_10_diff1": 0.6889021181268822,
        "nauc_map_at_10_max": 0.05608900023299582,
        "nauc_map_at_10_std": -0.38656232431773885,
        "nauc_map_at_1_diff1": 0.6915425076021743,
        "nauc_map_at_1_max": -0.0013695654726258524,
        "nauc_map_at_1_std": -0.40658542026228933,
        "nauc_map_at_20_diff1": 0.685594486467394,
        "nauc_map_at_20_max": 0.05226193924535868,
        "nauc_map_at_20_std": -0.383315417796851,
        "nauc_map_at_3_diff1": 0.6889021181268822,
        "nauc_map_at_3_max": 0.05608900023299582,
        "nauc_map_at_3_std": -0.38656232431773885,
        "nauc_map_at_5_diff1": 0.6889021181268822,
        "nauc_map_at_5_max": 0.05608900023299582,
        "nauc_map_at_5_std": -0.38656232431773885,
        "nauc_mrr_at_1000_diff1": 0.6855990849716744,
        "nauc_mrr_at_1000_max": 0.05197408682602826,
        "nauc_mrr_at_1000_std": -0.3836496831284097,
        "nauc_mrr_at_100_diff1": 0.685594486467394,
        "nauc_mrr_at_100_max": 0.05226193924535868,
        "nauc_mrr_at_100_std": -0.383315417796851,
        "nauc_mrr_at_10_diff1": 0.6889021181268822,
        "nauc_mrr_at_10_max": 0.05608900023299582,