{
  "dataset_revision": "831d292c3959eae59e4f89b8758738feee97d6cf",
  "evaluation_time": 114.94616556167603,
  "kg_co2_emissions": null,
  "mteb_version": "1.14.2",
  "scores": {
    "test": [
      {
        "hf_subset": "default",
        "languages": [
          "eng-Latn"
        ],
        "main_score": 0.00335,
        "map_at_1": 0.00186,
        "map_at_10": 0.00267,
        "map_at_100": 0.00313,
        "map_at_1000": 0.00349,
        "map_at_20": 0.00285,
        "map_at_3": 0.00226,
        "map_at_5": 0.00247,
        "mrr_at_1": 0.0021193924408336277,
        "mrr_at_10": 0.003146335263961544,
        "mrr_at_100": 0.003657749907966591,
        "mrr_at_1000": 0.004015115764433212,
        "mrr_at_20": 0.003330752405213289,
        "mrr_at_3": 0.0026688645551238275,
        "mrr_at_5": 0.002974999018799796,
        "nauc_map_at_1000_diff1": 0.3591214033943695,
        "nauc_map_at_1000_max": 0.5502432843250699,
        "nauc_map_at_1000_std": 0.5707552144699254,
        "nauc_map_at_100_diff1": 0.4021778469501169,
        "nauc_map_at_100_max": 0.600024596945526,
        "nauc_map_at_100_std": 0.622177782916531,
        "nauc_map_at_10_diff1": 0.48533826056848356,
        "nauc_map_at_10_max": 0.6519840178971035,
        "nauc_map_at_10_std": 0.7051546241106392,
        "nauc_map_at_1_diff1": 0.6205708325247434,
        "nauc_map_at_1_max": 0.8205362591378471,
        "nauc_map_at_1_std": 0.8216495133855172,
        "nauc_map_at_20_diff1": 0.44341225349658536,
        "nauc_map_at_20_max": 0.6283607669970914,
        "nauc_map_at_20_std": 0.6737065432279572,
        "nauc_map_at_3_diff1": 0.5502335150883443,
        "nauc_map_at_3_max": 0.7498550555741457,
        "nauc_map_at_3_std": 0.7504374897135819,
        "nauc_map_at_5_diff1": 0.5066575925365572,
        "nauc_map_at_5_max": 0.6754811211166406,
        "nauc_map_at_5_std": 0.7227792760741932,
        "nauc_mrr_at_1000_diff1": 0.32347369304507145,
        "nauc_mrr_at_1000_max": 0.5295818995294648,
        "nauc_mrr_at_1000_std": 0.5301443305678519,
        "nauc_mrr_at_100_diff1": 0.35630556141615155,
        "nauc_mrr_at_100_max": 0.5706961480899655,
        "nauc_mrr_at_100_std": 0.5712405566945927,
        "nauc_mrr_at_10_diff1": 0.4202199482574227,
        "nauc_mrr_at_10_max": 0.6169711488414507,
        "nauc_mrr_at_10_std": 0.6540817280957991,
        "nauc_mrr_at_1_diff1": 0.5840946070311294,
        "nauc_mrr_at_1_max": 0.7838157455637338,
        "nauc_mrr_at_1_std": 0.8337236062339353,
        "nauc_mrr_at_20_diff1": 0.3877809013226622,
        "nauc_mrr_at_20_max": 0.5960957853291031,
        "nauc_mrr_at_20_std": 0.6234674730385671,
        "nauc_mrr_at_3_diff1": 0.49886558383751334,
        "nauc_mrr_at_3_max": 0.6953067442700506,
        "nauc_mrr_at_3_std": 0.7294496047311595,
        "nauc_mrr_at_5_diff1": 0.44910021410681916,
        "nauc_mrr_at_5_max": 0.6298683792922024,
        "nauc_mrr_at_5_std": 0.6779714213166725,
        "nauc_ndcg_at_1000_diff1": 0.03732857729450729,
        "nauc_ndcg_at_1000_max": 0.19954431772007133,
        "nauc_ndcg_at_1000_std": 0.18578219045686367,
        "nauc_ndcg_at_100_diff1": 0.20172428903552286,
        "nauc_ndcg_at_100_max": 0.4416017892613592,
        "nauc_ndcg_at_100_std": 0.3777012376373193,
        "nauc_ndcg_at_10_diff1": 0.4025483719864212,
        "nauc_ndcg_at_10_max": 0.5709802206421762,
        "nauc_ndcg_at_10_std": 0.639671221058649,
        "nauc_ndcg_at_1_diff1": 0.5840946070311294,
        "nauc_ndcg_at_1_max": 0.7838157455637338,
        "nauc_ndcg_at_1_std": 0.8337236062339353,
        "nauc_ndcg_at_20_diff1": 0.3156463818942637,
        "nauc_ndcg_at_20_max": 0.5242878916059821,
        "nauc_ndcg_at_20_std": 0.5668569451689792,
        "nauc_ndcg_at_3_diff1": 0.5169335708806615,
        "nauc_ndcg_at_3_max": 0.7180618494751809,
        "nauc_ndcg_at_3_std": 0.7241533510310623,
        "nauc_ndcg_at_5_diff1": 0.44948853358071494,
        "nauc_ndcg_at_5_max": 0.6065020179749431,
        "nauc_ndcg_at_5_std": 0.677058729381707,
        "nauc_precision_at_1000_diff1": -0.03640780316700565,
        "nauc_precision_at_1000_max": 0.090917563398799,
        "nauc_precision_at_1000_std": 0.08173190879496202,
        "nauc_precision_at_100_diff1": 0.04268518890231238,
        "nauc_precision_at_100_max": 0.3109833048632126,
        "nauc_precision_at_100_std": 0.15207601743433066,
        "nauc_precision_at_10_diff1": 0.23139629790802277,
        "nauc_precision_at_10_max": 0.43255183694261135,
        "nauc_precision_at_10_std": 0.4682833978877598,
        "nauc_precision_at_1_diff1": 0.5840946070311294,
        "nauc_precision_at_1_max": 0.7838157455637338,
        "nauc_precision_at_1_std": 0.8337236062339353,
        "nauc_precision_at_20_diff1": 0.08444119291069412,
        "nauc_precision_at_20_max": 0.36620235426469383,
        "nauc_precision_at_20_std": 0.3574453863755422,
        "nauc_precision_at_3_diff1": 0.4214330191516426,
        "nauc_precision_at_3_max": 0.6280850996439546,
        "nauc_precision_at_3_std": 0.6420242375953847,
        "nauc_precision_at_5_diff1": 0.30438421482687184,
        "nauc_precision_at_5_max": 0.46911370792452056,
        "nauc_precision_at_5_std": 0.5242941593067936,
        "nauc_recall_at_1000_diff1": -0.02273217916463521,
        "nauc_recall_at_1000_max": 0.12898871665287906,
        "nauc_recall_at_1000_std": 0.11482031428263703,
        "nauc_recall_at_100_diff1": 0.07206275649854184,
        "nauc_recall_at_100_max": 0.3414233401787708,
        "nauc_recall_at_100_std": 0.21092830889572478,
        "nauc_recall_at_10_diff1": 0.3032845539261255,
        "nauc_recall_at_10_max": 0.4469466027059756,
        "nauc_recall_at_10_std": 0.5722241073714736,
        "nauc_recall_at_1_diff1": 0.6205708325247434,
        "nauc_recall_at_1_max": 0.8205362591378471,
        "nauc_recall_at_1_std": 0.8216495133855172,
        "nauc_recall_at_20_diff1": 0.16956449896020792,
        "nauc_recall_at_20_max": 0.3967557828060059,
        "nauc_recall_at_20_std": 0.453012996610084,
        "nauc_recall_at_3_diff1": 0.4902952278977167,
        "nauc_recall_at_3_max": 0.6937970612871284,
        "nauc_recall_at_3_std": 0.6972655130330927,
        "nauc_recall_at_5_diff1": 0.37439868124309295,
        "nauc_recall_at_5_max": 0.4909578753806369,
        "nauc_recall_at_5_std": 0.6272923734403278,
        "ndcg_at_1": 0.00212,
        "ndcg_at_10": 0.00335,
        "ndcg_at_100": 0.00643,
        "ndcg_at_1000": 0.02086,
        "ndcg_at_20": 0.00397,
        "ndcg_at_3": 0.00249,
        "ndcg_at_5": 0.0029,
        "precision_at_1": 0.00212,
        "precision_at_10": 0.00071,
        "precision_at_100": 0.00031,
        "precision_at_1000": 0.00022,
        "precision_at_20": 0.00054,
        "precision_at_3": 0.00114,
        "precision_at_5": 0.00094,
        "recall_at_1": 0.00186,
        "recall_at_10": 0.00487,
        "recall_at_100": 0.01945,
        "recall_at_1000": 0.12992,
        "recall_at_20": 0.00705,
        "recall_at_3": 0.00275,
        "recall_at_5": 0.00367
      }
    ]
  },
  "task_name": "CoconutRetrieval"
}