{
  "dataset_revision": "831d292c3959eae59e4f89b8758738feee97d6cf",
  "task_name": "CoconutRetrieval",
  "mteb_version": "1.36.8",
  "scores": {
    "test": [
      {
        "ndcg_at_1": 0.00224,
        "ndcg_at_3": 0.00261,
        "ndcg_at_5": 0.00275,
        "ndcg_at_10": 0.00317,
        "ndcg_at_20": 0.00349,
        "ndcg_at_100": 0.00542,
        "ndcg_at_1000": 0.01452,
        "map_at_1": 0.00206,
        "map_at_3": 0.00244,
        "map_at_5": 0.00253,
        "map_at_10": 0.00271,
        "map_at_20": 0.00279,
        "map_at_100": 0.00301,
        "map_at_1000": 0.00324,
        "recall_at_1": 0.00206,
        "recall_at_3": 0.00281,
        "recall_at_5": 0.00313,
        "recall_at_10": 0.00428,
        "recall_at_20": 0.00542,
        "recall_at_100": 0.01522,
        "recall_at_1000": 0.08263,
        "precision_at_1": 0.00224,
        "precision_at_3": 0.00118,
        "precision_at_5": 0.0008,
        "precision_at_10": 0.00059,
        "precision_at_20": 0.00039,
        "precision_at_100": 0.00024,
        "precision_at_1000": 0.00015,
        "mrr_at_1": 0.002237,
        "mrr_at_3": 0.002688,
        "mrr_at_5": 0.002777,
        "mrr_at_10": 0.002957,
        "mrr_at_20": 0.00309,
        "mrr_at_100": 0.003337,
        "mrr_at_1000": 0.003574,
        "nauc_ndcg_at_1_max": 0.511547,
        "nauc_ndcg_at_1_std": 0.702406,
        "nauc_ndcg_at_1_diff1": 0.676548,
        "nauc_ndcg_at_3_max": 0.479483,
        "nauc_ndcg_at_3_std": 0.635713,
        "nauc_ndcg_at_3_diff1": 0.637806,
        "nauc_ndcg_at_5_max": 0.446441,
        "nauc_ndcg_at_5_std": 0.592981,
        "nauc_ndcg_at_5_diff1": 0.597736,
        "nauc_ndcg_at_10_max": 0.382634,
        "nauc_ndcg_at_10_std": 0.526947,
        "nauc_ndcg_at_10_diff1": 0.557187,
        "nauc_ndcg_at_20_max": 0.3682,
        "nauc_ndcg_at_20_std": 0.494357,
        "nauc_ndcg_at_20_diff1": 0.515406,
        "nauc_ndcg_at_100_max": 0.266751,
        "nauc_ndcg_at_100_std": 0.349212,
        "nauc_ndcg_at_100_diff1": 0.363475,
        "nauc_ndcg_at_1000_max": 0.068465,
        "nauc_ndcg_at_1000_std": 0.088437,
        "nauc_ndcg_at_1000_diff1": 0.110758,
        "nauc_map_at_1_max": 0.514671,
        "nauc_map_at_1_std": 0.676898,
        "nauc_map_at_1_diff1": 0.703477,
        "nauc_map_at_3_max": 0.504163,
        "nauc_map_at_3_std": 0.658667,
        "nauc_map_at_3_diff1": 0.653635,
        "nauc_map_at_5_max": 0.480351,
        "nauc_map_at_5_std": 0.629198,
        "nauc_map_at_5_diff1": 0.626287,
        "nauc_map_at_10_max": 0.444782,
        "nauc_map_at_10_std": 0.588071,
        "nauc_map_at_10_diff1": 0.600017,
        "nauc_map_at_20_max": 0.437674,
        "nauc_map_at_20_std": 0.57704,
        "nauc_map_at_20_diff1": 0.587146,
        "nauc_map_at_100_max": 0.41238,
        "nauc_map_at_100_std": 0.543804,
        "nauc_map_at_100_diff1": 0.550951,
        "nauc_map_at_1000_max": 0.378916,
        "nauc_map_at_1000_std": 0.50019,
        "nauc_map_at_1000_diff1": 0.507701,
        "nauc_recall_at_1_max": 0.514671,
        "nauc_recall_at_1_std": 0.676898,
        "nauc_recall_at_1_diff1": 0.703477,
        "nauc_recall_at_3_max": 0.47503,
        "nauc_recall_at_3_std": 0.618737,
        "nauc_recall_at_3_diff1": 0.631637,
        "nauc_recall_at_5_max": 0.409179,
        "nauc_recall_at_5_std": 0.536303,
        "nauc_recall_at_5_diff1": 0.554763,
        "nauc_recall_at_10_max": 0.294721,
        "nauc_recall_at_10_std": 0.422904,
        "nauc_recall_at_10_diff1": 0.498759,
        "nauc_recall_at_20_max": 0.277967,
        "nauc_recall_at_20_std": 0.377391,
        "nauc_recall_at_20_diff1": 0.417048,
        "nauc_recall_at_100_max": 0.153009,
        "nauc_recall_at_100_std": 0.174733,
        "nauc_recall_at_100_diff1": 0.209121,
        "nauc_recall_at_1000_max": -0.012209,
        "nauc_recall_at_1000_std": -0.024019,
        "nauc_recall_at_1000_diff1": 0.003813,
        "nauc_precision_at_1_max": 0.511547,
        "nauc_precision_at_1_std": 0.702406,
        "nauc_precision_at_1_diff1": 0.676548,
        "nauc_precision_at_3_max": 0.444049,
        "nauc_precision_at_3_std": 0.587372,
        "nauc_precision_at_3_diff1": 0.560356,
        "nauc_precision_at_5_max": 0.366003,
        "nauc_precision_at_5_std": 0.488211,
        "nauc_precision_at_5_diff1": 0.463654,
        "nauc_precision_at_10_max": 0.213483,
        "nauc_precision_at_10_std": 0.360495,
        "nauc_precision_at_10_diff1": 0.36185,
        "nauc_precision_at_20_max": 0.229003,
        "nauc_precision_at_20_std": 0.298461,
        "nauc_precision_at_20_diff1": 0.289028,
        "nauc_precision_at_100_max": 0.122177,
        "nauc_precision_at_100_std": 0.169393,
        "nauc_precision_at_100_diff1": 0.139471,
        "nauc_precision_at_1000_max": -0.021797,
        "nauc_precision_at_1000_std": -0.027783,
        "nauc_precision_at_1000_diff1": -0.001079,
        "nauc_mrr_at_1_max": 0.511547,
        "nauc_mrr_at_1_std": 0.702406,
        "nauc_mrr_at_1_diff1": 0.676548,
        "nauc_mrr_at_3_max": 0.450861,
        "nauc_mrr_at_3_std": 0.627006,
        "nauc_mrr_at_3_diff1": 0.629165,
        "nauc_mrr_at_5_max": 0.433314,
        "nauc_mrr_at_5_std": 0.601528,
        "nauc_mrr_at_5_diff1": 0.604156,
        "nauc_mrr_at_10_max": 0.404279,
        "nauc_mrr_at_10_std": 0.575532,
        "nauc_mrr_at_10_diff1": 0.585882,
        "nauc_mrr_at_20_max": 0.39847,
        "nauc_mrr_at_20_std": 0.554408,
        "nauc_mrr_at_20_diff1": 0.564907,
        "nauc_mrr_at_100_max": 0.376003,
        "nauc_mrr_at_100_std": 0.521813,
        "nauc_mrr_at_100_diff1": 0.52914,
        "nauc_mrr_at_1000_max": 0.348143,
        "nauc_mrr_at_1000_std": 0.482947,
        "nauc_mrr_at_1000_diff1": 0.491682,
        "main_score": 0.00317,
        "hf_subset": "default",
        "languages": [
          "eng-Latn"
        ]
      }
    ]
  },
  "evaluation_time": 17.479657888412476,
  "kg_co2_emissions": null
}