{
  "dataset_revision": "5d958fb6b31055495347724d46431ba41309b03a",
  "task_name": "ChemNQRetrieval",
  "mteb_version": "1.36.8",
  "scores": {
    "test": [
      {
        "ndcg_at_1": 0.33333,
        "ndcg_at_3": 0.44169,
        "ndcg_at_5": 0.48536,
        "ndcg_at_10": 0.5454,
        "ndcg_at_20": 0.56619,
        "ndcg_at_100": 0.57701,
        "ndcg_at_1000": 0.58702,
        "map_at_1": 0.25926,
        "map_at_3": 0.39198,
        "map_at_5": 0.42716,
        "map_at_10": 0.45015,
        "map_at_20": 0.45837,
        "map_at_100": 0.46046,
        "map_at_1000": 0.46092,
        "recall_at_1": 0.25926,
        "recall_at_3": 0.53704,
        "recall_at_5": 0.62963,
        "recall_at_10": 0.80864,
        "recall_at_20": 0.87654,
        "recall_at_100": 0.92593,
        "recall_at_1000": 1.0,
        "precision_at_1": 0.33333,
        "precision_at_3": 0.22222,
        "precision_at_5": 0.16296,
        "precision_at_10": 0.1037,
        "precision_at_20": 0.05741,
        "precision_at_100": 0.01222,
        "precision_at_1000": 0.0013,
        "mrr_at_1": 0.333333,
        "mrr_at_3": 0.444444,
        "mrr_at_5": 0.451852,
        "mrr_at_10": 0.480688,
        "mrr_at_20": 0.483774,
        "mrr_at_100": 0.485317,
        "mrr_at_1000": 0.485776,
        "nauc_ndcg_at_1_max": -0.016176,
        "nauc_ndcg_at_1_std": -0.380516,
        "nauc_ndcg_at_1_diff1": 0.568551,
        "nauc_ndcg_at_3_max": 0.094405,
        "nauc_ndcg_at_3_std": -0.199002,
        "nauc_ndcg_at_3_diff1": 0.41251,
        "nauc_ndcg_at_5_max": 0.219658,
        "nauc_ndcg_at_5_std": -0.108859,
        "nauc_ndcg_at_5_diff1": 0.477843,
        "nauc_ndcg_at_10_max": 0.204592,
        "nauc_ndcg_at_10_std": -0.145917,
        "nauc_ndcg_at_10_diff1": 0.458154,
        "nauc_ndcg_at_20_max": 0.198225,
        "nauc_ndcg_at_20_std": -0.155792,
        "nauc_ndcg_at_20_diff1": 0.5038,
        "nauc_ndcg_at_100_max": 0.16672,
        "nauc_ndcg_at_100_std": -0.190616,
        "nauc_ndcg_at_100_diff1": 0.49471,
        "nauc_ndcg_at_1000_max": 0.144065,
        "nauc_ndcg_at_1000_std": -0.196389,
        "nauc_ndcg_at_1000_diff1": 0.474134,
        "nauc_map_at_1_max": -0.035612,
        "nauc_map_at_1_std": -0.433089,
        "nauc_map_at_1_diff1": 0.516143,
        "nauc_map_at_3_max": 0.036439,
        "nauc_map_at_3_std": -0.278472,
        "nauc_map_at_3_diff1": 0.429679,
        "nauc_map_at_5_max": 0.119796,
        "nauc_map_at_5_std": -0.214413,
        "nauc_map_at_5_diff1": 0.453078,
        "nauc_map_at_10_max": 0.108917,
        "nauc_map_at_10_std": -0.23496,
        "nauc_map_at_10_diff1": 0.444151,
        "nauc_map_at_20_max": 0.10778,
        "nauc_map_at_20_std": -0.232847,
        "nauc_map_at_20_diff1": 0.458227,
        "nauc_map_at_100_max": 0.102093,
        "nauc_map_at_100_std": -0.239029,
        "nauc_map_at_100_diff1": 0.456515,
        "nauc_map_at_1000_max": 0.101086,
        "nauc_map_at_1000_std": -0.239073,
        "nauc_map_at_1000_diff1": 0.455692,
        "nauc_recall_at_1_max": -0.035612,
        "nauc_recall_at_1_std": -0.433089,
        "nauc_recall_at_1_diff1": 0.516143,
        "nauc_recall_at_3_max": 0.187741,
        "nauc_recall_at_3_std": -0.016784,
        "nauc_recall_at_3_diff1": 0.3294,
        "nauc_recall_at_5_max": 0.527252,
        "nauc_recall_at_5_std": 0.210585,
        "nauc_recall_at_5_diff1": 0.558769,
        "nauc_recall_at_10_max": 0.660537,
        "nauc_recall_at_10_std": 0.223895,
        "nauc_recall_at_10_diff1": 0.506182,
        "nauc_recall_at_20_max": 0.810167,
        "nauc_recall_at_20_std": 0.271213,
        "nauc_recall_at_20_diff1": 0.88429,
        "nauc_recall_at_100_max": 0.711863,
        "nauc_recall_at_100_std": -0.008272,
        "nauc_recall_at_100_diff1": 1.0,
        "nauc_recall_at_1000_max": NaN,
        "nauc_recall_at_1000_std": NaN,
        "nauc_recall_at_1000_diff1": NaN,
        "nauc_precision_at_1_max": -0.016176,
        "nauc_precision_at_1_std": -0.380516,
        "nauc_precision_at_1_diff1": 0.568551,
        "nauc_precision_at_3_max": 0.116946,
        "nauc_precision_at_3_std": 0.093977,
        "nauc_precision_at_3_diff1": 0.362432,
        "nauc_precision_at_5_max": 0.300756,
        "nauc_precision_at_5_std": 0.230534,
        "nauc_precision_at_5_diff1": 0.357134,
        "nauc_precision_at_10_max": 0.300818,
        "nauc_precision_at_10_std": 0.303839,
        "nauc_precision_at_10_diff1": 0.283437,
        "nauc_precision_at_20_max": 0.233696,
        "nauc_precision_at_20_std": 0.323312,
        "nauc_precision_at_20_diff1": 0.293072,
        "nauc_precision_at_100_max": 0.082176,
        "nauc_precision_at_100_std": 0.201995,
        "nauc_precision_at_100_diff1": 0.173536,
        "nauc_precision_at_1000_max": -0.037645,
        "nauc_precision_at_1000_std": 0.242006,
        "nauc_precision_at_1000_diff1": 0.01627,
        "nauc_mrr_at_1_max": -0.016176,
        "nauc_mrr_at_1_std": -0.380516,
        "nauc_mrr_at_1_diff1": 0.568551,
        "nauc_mrr_at_3_max": 0.108052,
        "nauc_mrr_at_3_std": -0.222384,
        "nauc_mrr_at_3_diff1": 0.436981,
        "nauc_mrr_at_5_max": 0.147491,
        "nauc_mrr_at_5_std": -0.198593,
        "nauc_mrr_at_5_diff1": 0.480434,
        "nauc_mrr_at_10_max": 0.136368,
        "nauc_mrr_at_10_std": -0.214338,
        "nauc_mrr_at_10_diff1": 0.474892,
        "nauc_mrr_at_20_max": 0.132083,
        "nauc_mrr_at_20_std": -0.224652,
        "nauc_mrr_at_20_diff1": 0.484531,
        "nauc_mrr_at_100_max": 0.127814,
        "nauc_mrr_at_100_std": -0.229314,
        "nauc_mrr_at_100_diff1": 0.483357,
        "nauc_mrr_at_1000_max": 0.126877,
        "nauc_mrr_at_1000_std": -0.229343,
        "nauc_mrr_at_1000_diff1": 0.4826,
        "main_score": 0.5454,
        "hf_subset": "default",
        "languages": [
          "eng-Latn"
        ]
      }
    ]
  },
  "evaluation_time": 144.72793698310852,
  "kg_co2_emissions": null
}