{
  "dataset_revision": "5d958fb6b31055495347724d46431ba41309b03a",
  "task_name": "ChemNQRetrieval",
  "mteb_version": "1.36.8",
  "scores": {
    "test": [
      {
        "ndcg_at_1": 0.37037,
        "ndcg_at_3": 0.56739,
        "ndcg_at_5": 0.61686,
        "ndcg_at_10": 0.6507,
        "ndcg_at_20": 0.65927,
        "ndcg_at_100": 0.66219,
        "ndcg_at_1000": 0.66695,
        "map_at_1": 0.2963,
        "map_at_3": 0.48971,
        "map_at_5": 0.52305,
        "map_at_10": 0.54233,
        "map_at_20": 0.54428,
        "map_at_100": 0.54488,
        "map_at_1000": 0.54505,
        "recall_at_1": 0.2963,
        "recall_at_3": 0.70988,
        "recall_at_5": 0.82099,
        "recall_at_10": 0.91358,
        "recall_at_20": 0.95062,
        "recall_at_100": 0.96296,
        "recall_at_1000": 1.0,
        "precision_at_1": 0.37037,
        "precision_at_3": 0.2963,
        "precision_at_5": 0.20741,
        "precision_at_10": 0.11852,
        "precision_at_20": 0.06111,
        "precision_at_100": 0.01259,
        "precision_at_1000": 0.0013,
        "mrr_at_1": 0.37037,
        "mrr_at_3": 0.567901,
        "mrr_at_5": 0.58642,
        "mrr_at_10": 0.591711,
        "mrr_at_20": 0.59366,
        "mrr_at_100": 0.59366,
        "mrr_at_1000": 0.59383,
        "nauc_ndcg_at_1_max": 0.347913,
        "nauc_ndcg_at_1_std": -0.193342,
        "nauc_ndcg_at_1_diff1": 0.372373,
        "nauc_ndcg_at_3_max": 0.426346,
        "nauc_ndcg_at_3_std": 0.104552,
        "nauc_ndcg_at_3_diff1": 0.093698,
        "nauc_ndcg_at_5_max": 0.419761,
        "nauc_ndcg_at_5_std": 0.061552,
        "nauc_ndcg_at_5_diff1": 0.233452,
        "nauc_ndcg_at_10_max": 0.443358,
        "nauc_ndcg_at_10_std": -0.000677,
        "nauc_ndcg_at_10_diff1": 0.254192,
        "nauc_ndcg_at_20_max": 0.431477,
        "nauc_ndcg_at_20_std": 0.006746,
        "nauc_ndcg_at_20_diff1": 0.249805,
        "nauc_ndcg_at_100_max": 0.420398,
        "nauc_ndcg_at_100_std": -0.001304,
        "nauc_ndcg_at_100_diff1": 0.254389,
        "nauc_ndcg_at_1000_max": 0.417092,
        "nauc_ndcg_at_1000_std": 0.002942,
        "nauc_ndcg_at_1000_diff1": 0.251875,
        "nauc_map_at_1_max": 0.191274,
        "nauc_map_at_1_std": -0.102381,
        "nauc_map_at_1_diff1": 0.205878,
        "nauc_map_at_3_max": 0.361349,
        "nauc_map_at_3_std": 0.062328,
        "nauc_map_at_3_diff1": 0.112551,
        "nauc_map_at_5_max": 0.357743,
        "nauc_map_at_5_std": 0.046724,
        "nauc_map_at_5_diff1": 0.188093,
        "nauc_map_at_10_max": 0.381528,
        "nauc_map_at_10_std": 0.02289,
        "nauc_map_at_10_diff1": 0.210002,
        "nauc_map_at_20_max": 0.378855,
        "nauc_map_at_20_std": 0.024442,
        "nauc_map_at_20_diff1": 0.208847,
        "nauc_map_at_100_max": 0.37693,
        "nauc_map_at_100_std": 0.023119,
        "nauc_map_at_100_diff1": 0.209559,
        "nauc_map_at_1000_max": 0.376807,
        "nauc_map_at_1000_std": 0.023254,
        "nauc_map_at_1000_diff1": 0.209458,
        "nauc_recall_at_1_max": 0.191274,
        "nauc_recall_at_1_std": -0.102381,
        "nauc_recall_at_1_diff1": 0.205878,
        "nauc_recall_at_3_max": 0.44217,
        "nauc_recall_at_3_std": 0.276863,
        "nauc_recall_at_3_diff1": -0.145371,
        "nauc_recall_at_5_max": 0.451386,
        "nauc_recall_at_5_std": 0.216124,
        "nauc_recall_at_5_diff1": 0.189206,
        "nauc_recall_at_10_max": 0.691146,
        "nauc_recall_at_10_std": -0.071044,
        "nauc_recall_at_10_diff1": 0.281391,
        "nauc_recall_at_20_max": 0.66706,
        "nauc_recall_at_20_std": 0.007347,
        "nauc_recall_at_20_diff1": 0.224271,
        "nauc_recall_at_100_max": 0.556079,
        "nauc_recall_at_100_std": -0.175564,
        "nauc_recall_at_100_diff1": 0.35755,
        "nauc_recall_at_1000_max": NaN,
        "nauc_recall_at_1000_std": NaN,
        "nauc_recall_at_1000_diff1": NaN,
        "nauc_precision_at_1_max": 0.347913,
        "nauc_precision_at_1_std": -0.193342,
        "nauc_precision_at_1_diff1": 0.372373,
        "nauc_precision_at_3_max": 0.503033,
        "nauc_precision_at_3_std": 0.133106,
        "nauc_precision_at_3_diff1": 0.210371,
        "nauc_precision_at_5_max": 0.369015,
        "nauc_precision_at_5_std": 0.079545,
        "nauc_precision_at_5_diff1": 0.393038,
        "nauc_precision_at_10_max": 0.340267,
        "nauc_precision_at_10_std": -0.047761,
        "nauc_precision_at_10_diff1": 0.375674,
        "nauc_precision_at_20_max": 0.301078,
        "nauc_precision_at_20_std": -0.034684,
        "nauc_precision_at_20_diff1": 0.377529,
        "nauc_precision_at_100_max": 0.168757,
        "nauc_precision_at_100_std": -0.07776,
        "nauc_precision_at_100_diff1": 0.335799,
        "nauc_precision_at_1000_max": 0.131905,
        "nauc_precision_at_1000_std": -0.068455,
        "nauc_precision_at_1000_diff1": 0.333729,
        "nauc_mrr_at_1_max": 0.347913,
        "nauc_mrr_at_1_std": -0.193342,
        "nauc_mrr_at_1_diff1": 0.372373,
        "nauc_mrr_at_3_max": 0.477411,
        "nauc_mrr_at_3_std": -0.007044,
        "nauc_mrr_at_3_diff1": 0.258157,
        "nauc_mrr_at_5_max": 0.467574,
        "nauc_mrr_at_5_std": -0.054366,
        "nauc_mrr_at_5_diff1": 0.329741,
        "nauc_mrr_at_10_max": 0.456852,
        "nauc_mrr_at_10_std": -0.075599,
        "nauc_mrr_at_10_diff1": 0.321816,
        "nauc_mrr_at_20_max": 0.45486,
        "nauc_mrr_at_20_std": -0.074852,
        "nauc_mrr_at_20_diff1": 0.321549,
        "nauc_mrr_at_100_max": 0.45486,
        "nauc_mrr_at_100_std": -0.074852,
        "nauc_mrr_at_100_diff1": 0.321549,
        "nauc_mrr_at_1000_max": 0.454794,
        "nauc_mrr_at_1000_std": -0.074786,
        "nauc_mrr_at_1000_diff1": 0.321526,
        "main_score": 0.6507,
        "hf_subset": "default",
        "languages": [
          "eng-Latn"
        ]
      }
    ]
  },
  "evaluation_time": 34.22749948501587,
  "kg_co2_emissions": null
}