{
  "dataset_revision": "831d292c3959eae59e4f89b8758738feee97d6cf",
  "task_name": "CoconutRetrieval",
  "mteb_version": "1.36.8",
  "scores": {
    "test": [
      {
        "ndcg_at_1": 0.00341,
        "ndcg_at_3": 0.00419,
        "ndcg_at_5": 0.00464,
        "ndcg_at_10": 0.00555,
        "ndcg_at_20": 0.00665,
        "ndcg_at_100": 0.01025,
        "ndcg_at_1000": 0.02711,
        "map_at_1": 0.00269,
        "map_at_3": 0.00363,
        "map_at_5": 0.00394,
        "map_at_10": 0.00433,
        "map_at_20": 0.00462,
        "map_at_100": 0.00507,
        "map_at_1000": 0.00553,
        "recall_at_1": 0.00269,
        "recall_at_3": 0.00474,
        "recall_at_5": 0.00596,
        "recall_at_10": 0.00847,
        "recall_at_20": 0.01246,
        "recall_at_100": 0.0303,
        "recall_at_1000": 0.15678,
        "precision_at_1": 0.00341,
        "precision_at_3": 0.00216,
        "precision_at_5": 0.00165,
        "precision_at_10": 0.00122,
        "precision_at_20": 0.00093,
        "precision_at_100": 0.00049,
        "precision_at_1000": 0.00027,
        "mrr_at_1": 0.003415,
        "mrr_at_3": 0.004376,
        "mrr_at_5": 0.004706,
        "mrr_at_10": 0.00511,
        "mrr_at_20": 0.005456,
        "mrr_at_100": 0.005926,
        "mrr_at_1000": 0.006354,
        "nauc_ndcg_at_1_max": 0.384554,
        "nauc_ndcg_at_1_std": 0.399018,
        "nauc_ndcg_at_1_diff1": 0.480462,
        "nauc_ndcg_at_3_max": 0.44747,
        "nauc_ndcg_at_3_std": 0.316915,
        "nauc_ndcg_at_3_diff1": 0.42466,
        "nauc_ndcg_at_5_max": 0.390042,
        "nauc_ndcg_at_5_std": 0.310646,
        "nauc_ndcg_at_5_diff1": 0.431529,
        "nauc_ndcg_at_10_max": 0.353252,
        "nauc_ndcg_at_10_std": 0.28293,
        "nauc_ndcg_at_10_diff1": 0.367101,
        "nauc_ndcg_at_20_max": 0.301045,
        "nauc_ndcg_at_20_std": 0.275681,
        "nauc_ndcg_at_20_diff1": 0.307628,
        "nauc_ndcg_at_100_max": 0.262727,
        "nauc_ndcg_at_100_std": 0.238197,
        "nauc_ndcg_at_100_diff1": 0.207179,
        "nauc_ndcg_at_1000_max": 0.129972,
        "nauc_ndcg_at_1000_std": 0.140625,
        "nauc_ndcg_at_1000_diff1": 0.077559,
        "nauc_map_at_1_max": 0.433568,
        "nauc_map_at_1_std": 0.454592,
        "nauc_map_at_1_diff1": 0.61238,
        "nauc_map_at_3_max": 0.459675,
        "nauc_map_at_3_std": 0.354644,
        "nauc_map_at_3_diff1": 0.485823,
        "nauc_map_at_5_max": 0.42199,
        "nauc_map_at_5_std": 0.344825,
        "nauc_map_at_5_diff1": 0.476518,
        "nauc_map_at_10_max": 0.399564,
        "nauc_map_at_10_std": 0.327553,
        "nauc_map_at_10_diff1": 0.439333,
        "nauc_map_at_20_max": 0.37681,
        "nauc_map_at_20_std": 0.321511,
        "nauc_map_at_20_diff1": 0.412456,
        "nauc_map_at_100_max": 0.361748,
        "nauc_map_at_100_std": 0.310605,
        "nauc_map_at_100_diff1": 0.377625,
        "nauc_map_at_1000_max": 0.337476,
        "nauc_map_at_1000_std": 0.295276,
        "nauc_map_at_1000_diff1": 0.347219,
        "nauc_recall_at_1_max": 0.433568,
        "nauc_recall_at_1_std": 0.454592,
        "nauc_recall_at_1_diff1": 0.61238,
        "nauc_recall_at_3_max": 0.4799,
        "nauc_recall_at_3_std": 0.270823,
        "nauc_recall_at_3_diff1": 0.409352,
        "nauc_recall_at_5_max": 0.36183,
        "nauc_recall_at_5_std": 0.264386,
        "nauc_recall_at_5_diff1": 0.408035,
        "nauc_recall_at_10_max": 0.302393,
        "nauc_recall_at_10_std": 0.221411,
        "nauc_recall_at_10_diff1": 0.294112,
        "nauc_recall_at_20_max": 0.217058,
        "nauc_recall_at_20_std": 0.234802,
        "nauc_recall_at_20_diff1": 0.202264,
        "nauc_recall_at_100_max": 0.205595,
        "nauc_recall_at_100_std": 0.184073,
        "nauc_recall_at_100_diff1": 0.097039,
        "nauc_recall_at_1000_max": 0.079903,
        "nauc_recall_at_1000_std": 0.085657,
        "nauc_recall_at_1000_diff1": 0.010847,
        "nauc_precision_at_1_max": 0.384554,
        "nauc_precision_at_1_std": 0.399018,
        "nauc_precision_at_1_diff1": 0.480462,
        "nauc_precision_at_3_max": 0.437158,
        "nauc_precision_at_3_std": 0.252673,
        "nauc_precision_at_3_diff1": 0.286013,
        "nauc_precision_at_5_max": 0.351804,
        "nauc_precision_at_5_std": 0.229617,
        "nauc_precision_at_5_diff1": 0.279833,
        "nauc_precision_at_10_max": 0.291693,
        "nauc_precision_at_10_std": 0.228041,
        "nauc_precision_at_10_diff1": 0.209277,
        "nauc_precision_at_20_max": 0.209949,
        "nauc_precision_at_20_std": 0.220991,
        "nauc_precision_at_20_diff1": 0.134103,
        "nauc_precision_at_100_max": 0.182329,
        "nauc_precision_at_100_std": 0.201538,
        "nauc_precision_at_100_diff1": 0.056524,
        "nauc_precision_at_1000_max": 0.035636,
        "nauc_precision_at_1000_std": 0.106528,
        "nauc_precision_at_1000_diff1": -0.001518,
        "nauc_mrr_at_1_max": 0.384554,
        "nauc_mrr_at_1_std": 0.399018,
        "nauc_mrr_at_1_diff1": 0.480462,
        "nauc_mrr_at_3_max": 0.394263,
        "nauc_mrr_at_3_std": 0.327083,
        "nauc_mrr_at_3_diff1": 0.389704,
        "nauc_mrr_at_5_max": 0.360628,
        "nauc_mrr_at_5_std": 0.32103,
        "nauc_mrr_at_5_diff1": 0.390906,
        "nauc_mrr_at_10_max": 0.345563,
        "nauc_mrr_at_10_std": 0.304139,
        "nauc_mrr_at_10_diff1": 0.362845,
        "nauc_mrr_at_20_max": 0.32534,
        "nauc_mrr_at_20_std": 0.296315,
        "nauc_mrr_at_20_diff1": 0.341593,
        "nauc_mrr_at_100_max": 0.313955,
        "nauc_mrr_at_100_std": 0.288984,
        "nauc_mrr_at_100_diff1": 0.317197,
        "nauc_mrr_at_1000_max": 0.298113,
        "nauc_mrr_at_1000_std": 0.276202,
        "nauc_mrr_at_1000_diff1": 0.297462,
        "main_score": 0.00555,
        "hf_subset": "default",
        "languages": [
          "eng-Latn"
        ]
      }
    ]
  },
  "evaluation_time": 28.380621910095215,
  "kg_co2_emissions": null
}