{
  "dataset_revision": "main",
  "task_name": "FSUChemRxivQest",
  "mteb_version": "0.1",
  "scores": {
    "test": [
      {
        "ndcg_at_1": 0.44284,
        "ndcg_at_3": 0.44106,
        "ndcg_at_5": 0.47308,
        "ndcg_at_10": 0.5093,
        "ndcg_at_20": 0.53504,
        "ndcg_at_100": 0.56546,
        "ndcg_at_1000": 0.57706,
        "map_at_1": 0.30742,
        "map_at_3": 0.3854,
        "map_at_5": 0.40496,
        "map_at_10": 0.42221,
        "map_at_20": 0.43088,
        "map_at_100": 0.43659,
        "map_at_1000": 0.43723,
        "recall_at_1": 0.30742,
        "recall_at_3": 0.46653,
        "recall_at_5": 0.53519,
        "recall_at_10": 0.63199,
        "recall_at_20": 0.72039,
        "recall_at_100": 0.86011,
        "recall_at_1000": 0.93598,
        "precision_at_1": 0.44284,
        "precision_at_3": 0.22794,
        "precision_at_5": 0.15839,
        "precision_at_10": 0.09537,
        "precision_at_20": 0.05505,
        "precision_at_100": 0.01345,
        "precision_at_1000": 0.00149,
        "mrr_at_1": 0.442842,
        "mrr_at_3": 0.530381,
        "mrr_at_5": 0.547528,
        "mrr_at_10": 0.560832,
        "mrr_at_20": 0.566107,
        "mrr_at_100": 0.568367,
        "mrr_at_1000": 0.568514,
        "nauc_ndcg_at_1_max": 0.138346,
        "nauc_ndcg_at_1_std": -0.172693,
        "nauc_ndcg_at_1_diff1": 0.429014,
        "nauc_ndcg_at_3_max": 0.154248,
        "nauc_ndcg_at_3_std": -0.153715,
        "nauc_ndcg_at_3_diff1": 0.370896,
        "nauc_ndcg_at_5_max": 0.16295,
        "nauc_ndcg_at_5_std": -0.16433,
        "nauc_ndcg_at_5_diff1": 0.368383,
        "nauc_ndcg_at_10_max": 0.163354,
        "nauc_ndcg_at_10_std": -0.150888,
        "nauc_ndcg_at_10_diff1": 0.35839,
        "nauc_ndcg_at_20_max": 0.16031,
        "nauc_ndcg_at_20_std": -0.147705,
        "nauc_ndcg_at_20_diff1": 0.360949,
        "nauc_ndcg_at_100_max": 0.16902,
        "nauc_ndcg_at_100_std": -0.123887,
        "nauc_ndcg_at_100_diff1": 0.357638,
        "nauc_ndcg_at_1000_max": 0.168234,
        "nauc_ndcg_at_1000_std": -0.124596,
        "nauc_ndcg_at_1000_diff1": 0.363062,
        "nauc_map_at_1_max": 0.121984,
        "nauc_map_at_1_std": -0.142053,
        "nauc_map_at_1_diff1": 0.372758,
        "nauc_map_at_3_max": 0.143348,
        "nauc_map_at_3_std": -0.145147,
        "nauc_map_at_3_diff1": 0.36344,
        "nauc_map_at_5_max": 0.147235,
        "nauc_map_at_5_std": -0.154484,
        "nauc_map_at_5_diff1": 0.362111,
        "nauc_map_at_10_max": 0.147086,
        "nauc_map_at_10_std": -0.146759,
        "nauc_map_at_10_diff1": 0.356471,
        "nauc_map_at_20_max": 0.146289,
        "nauc_map_at_20_std": -0.145224,
        "nauc_map_at_20_diff1": 0.357675,
        "nauc_map_at_100_max": 0.148544,
        "nauc_map_at_100_std": -0.141675,
        "nauc_map_at_100_diff1": 0.356874,
        "nauc_map_at_1000_max": 0.148516,
        "nauc_map_at_1000_std": -0.141509,
        "nauc_map_at_1000_diff1": 0.357021,
        "nauc_recall_at_1_max": 0.121984,
        "nauc_recall_at_1_std": -0.142053,
        "nauc_recall_at_1_diff1": 0.372758,
        "nauc_recall_at_3_max": 0.150769,
        "nauc_recall_at_3_std": -0.134509,
        "nauc_recall_at_3_diff1": 0.310559,
        "nauc_recall_at_5_max": 0.168604,
        "nauc_recall_at_5_std": -0.147956,
        "nauc_recall_at_5_diff1": 0.293559,
        "nauc_recall_at_10_max": 0.161808,
        "nauc_recall_at_10_std": -0.107833,
        "nauc_recall_at_10_diff1": 0.241051,
        "nauc_recall_at_20_max": 0.143912,
        "nauc_recall_at_20_std": -0.082658,
        "nauc_recall_at_20_diff1": 0.214752,
        "nauc_recall_at_100_max": 0.192548,
        "nauc_recall_at_100_std": 0.176115,
        "nauc_recall_at_100_diff1": 0.097114,
        "nauc_recall_at_1000_max": 0.255461,
        "nauc_recall_at_1000_std": 0.40229,
        "nauc_recall_at_1000_diff1": 0.094312,
        "nauc_precision_at_1_max": 0.138346,
        "nauc_precision_at_1_std": -0.172693,
        "nauc_precision_at_1_diff1": 0.429014,
        "nauc_precision_at_3_max": 0.186564,
        "nauc_precision_at_3_std": -0.157525,
        "nauc_precision_at_3_diff1": 0.353582,
        "nauc_precision_at_5_max": 0.177745,
        "nauc_precision_at_5_std": -0.166487,
        "nauc_precision_at_5_diff1": 0.292293,
        "nauc_precision_at_10_max": 0.148492,
        "nauc_precision_at_10_std": -0.081031,
        "nauc_precision_at_10_diff1": 0.178954,
        "nauc_precision_at_20_max": 0.101706,
        "nauc_precision_at_20_std": -0.035485,
        "nauc_precision_at_20_diff1": 0.109071,
        "nauc_precision_at_100_max": 0.101557,
        "nauc_precision_at_100_std": 0.128319,
        "nauc_precision_at_100_diff1": -0.021308,
        "nauc_precision_at_1000_max": 0.074944,
        "nauc_precision_at_1000_std": 0.156709,
        "nauc_precision_at_1000_diff1": -0.048064,
        "nauc_mrr_at_1_max": 0.138346,
        "nauc_mrr_at_1_std": -0.172693,
        "nauc_mrr_at_1_diff1": 0.429014,
        "nauc_mrr_at_3_max": 0.162453,
        "nauc_mrr_at_3_std": -0.17762,
        "nauc_mrr_at_3_diff1": 0.417462,
        "nauc_mrr_at_5_max": 0.166793,
        "nauc_mrr_at_5_std": -0.178843,
        "nauc_mrr_at_5_diff1": 0.414955,
        "nauc_mrr_at_10_max": 0.167189,
        "nauc_mrr_at_10_std": -0.176204,
        "nauc_mrr_at_10_diff1": 0.415499,
        "nauc_mrr_at_20_max": 0.165861,
        "nauc_mrr_at_20_std": -0.176834,
        "nauc_mrr_at_20_diff1": 0.416622,
        "nauc_mrr_at_100_max": 0.166047,
        "nauc_mrr_at_100_std": -0.175609,
        "nauc_mrr_at_100_diff1": 0.416978,
        "nauc_mrr_at_1000_max": 0.165821,
        "nauc_mrr_at_1000_std": -0.175802,
        "nauc_mrr_at_1000_diff1": 0.416978,
        "main_score": 0.5093,
        "hf_subset": "default",
        "languages": [
          "eng-Latn"
        ]
      }
    ]
  },
  "evaluation_time": 43.67528510093689,
  "kg_co2_emissions": null
}