{
  "dataset_revision": "1840e8a5ac6ec752bbdd97d543ead0189bc7c25b",
  "task_name": "ChemHotpotQARetrieval",
  "mteb_version": "1.36.8",
  "scores": {
    "train": [
      {
        "ndcg_at_1": 0.50556,
        "ndcg_at_3": 0.55569,
        "ndcg_at_5": 0.576,
        "ndcg_at_10": 0.59556,
        "ndcg_at_20": 0.60905,
        "ndcg_at_100": 0.62521,
        "ndcg_at_1000": 0.64292,
        "map_at_1": 0.48889,
        "map_at_3": 0.5375,
        "map_at_5": 0.54861,
        "map_at_10": 0.55657,
        "map_at_20": 0.56073,
        "map_at_100": 0.56305,
        "map_at_1000": 0.56365,
        "recall_at_1": 0.48889,
        "recall_at_3": 0.59444,
        "recall_at_5": 0.64444,
        "recall_at_10": 0.70556,
        "recall_at_20": 0.75556,
        "recall_at_100": 0.84167,
        "recall_at_1000": 0.98333,
        "precision_at_1": 0.50556,
        "precision_at_3": 0.20556,
        "precision_at_5": 0.13333,
        "precision_at_10": 0.07278,
        "precision_at_20": 0.03889,
        "precision_at_100": 0.00872,
        "precision_at_1000": 0.00102,
        "mrr_at_1": 0.505556,
        "mrr_at_3": 0.552778,
        "mrr_at_5": 0.563889,
        "mrr_at_10": 0.57185,
        "mrr_at_20": 0.576005,
        "mrr_at_100": 0.577796,
        "mrr_at_1000": 0.57832,
        "nauc_ndcg_at_1_max": 0.56184,
        "nauc_ndcg_at_1_std": -0.023607,
        "nauc_ndcg_at_1_diff1": 0.814715,
        "nauc_ndcg_at_3_max": 0.509911,
        "nauc_ndcg_at_3_std": -0.003689,
        "nauc_ndcg_at_3_diff1": 0.745477,
        "nauc_ndcg_at_5_max": 0.519442,
        "nauc_ndcg_at_5_std": 0.009601,
        "nauc_ndcg_at_5_diff1": 0.744534,
        "nauc_ndcg_at_10_max": 0.512452,
        "nauc_ndcg_at_10_std": 0.014138,
        "nauc_ndcg_at_10_diff1": 0.730317,
        "nauc_ndcg_at_20_max": 0.508853,
        "nauc_ndcg_at_20_std": 0.018591,
        "nauc_ndcg_at_20_diff1": 0.721523,
        "nauc_ndcg_at_100_max": 0.509825,
        "nauc_ndcg_at_100_std": 0.023089,
        "nauc_ndcg_at_100_diff1": 0.724455,
        "nauc_ndcg_at_1000_max": 0.511007,
        "nauc_ndcg_at_1000_std": 0.011054,
        "nauc_ndcg_at_1000_diff1": 0.735124,
        "nauc_map_at_1_max": 0.516341,
        "nauc_map_at_1_std": -0.045562,
        "nauc_map_at_1_diff1": 0.783251,
        "nauc_map_at_3_max": 0.50678,
        "nauc_map_at_3_std": -0.012551,
        "nauc_map_at_3_diff1": 0.748089,
        "nauc_map_at_5_max": 0.512349,
        "nauc_map_at_5_std": -0.005332,
        "nauc_map_at_5_diff1": 0.748279,
        "nauc_map_at_10_max": 0.509212,
        "nauc_map_at_10_std": -0.005067,
        "nauc_map_at_10_diff1": 0.743282,
        "nauc_map_at_20_max": 0.508218,
        "nauc_map_at_20_std": -0.003786,
        "nauc_map_at_20_diff1": 0.740809,
        "nauc_map_at_100_max": 0.508461,
        "nauc_map_at_100_std": -0.003454,
        "nauc_map_at_100_diff1": 0.741308,
        "nauc_map_at_1000_max": 0.50863,
        "nauc_map_at_1000_std": -0.003783,
        "nauc_map_at_1000_diff1": 0.741625,
        "nauc_recall_at_1_max": 0.516341,
        "nauc_recall_at_1_std": -0.045562,
        "nauc_recall_at_1_diff1": 0.783251,
        "nauc_recall_at_3_max": 0.481004,
        "nauc_recall_at_3_std": 0.010544,
        "nauc_recall_at_3_diff1": 0.700718,
        "nauc_recall_at_5_max": 0.497433,
        "nauc_recall_at_5_std": 0.045788,
        "nauc_recall_at_5_diff1": 0.685655,
        "nauc_recall_at_10_max": 0.466652,
        "nauc_recall_at_10_std": 0.076221,
        "nauc_recall_at_10_diff1": 0.616104,
        "nauc_recall_at_20_max": 0.438578,
        "nauc_recall_at_20_std": 0.106367,
        "nauc_recall_at_20_diff1": 0.551831,
        "nauc_recall_at_100_max": 0.421713,
        "nauc_recall_at_100_std": 0.194254,
        "nauc_recall_at_100_diff1": 0.516848,
        "nauc_recall_at_1000_max": -0.170868,
        "nauc_recall_at_1000_std": -0.061936,
        "nauc_recall_at_1000_diff1": 0.401027,
        "nauc_precision_at_1_max": 0.56184,
        "nauc_precision_at_1_std": -0.023607,
        "nauc_precision_at_1_diff1": 0.814715,
        "nauc_precision_at_3_max": 0.529441,
        "nauc_precision_at_3_std": 0.043877,
        "nauc_precision_at_3_diff1": 0.718584,
        "nauc_precision_at_5_max": 0.554076,
        "nauc_precision_at_5_std": 0.082328,
        "nauc_precision_at_5_diff1": 0.710506,
        "nauc_precision_at_10_max": 0.535221,
        "nauc_precision_at_10_std": 0.118709,
        "nauc_precision_at_10_diff1": 0.649322,
        "nauc_precision_at_20_max": 0.520279,
        "nauc_precision_at_20_std": 0.156595,
        "nauc_precision_at_20_diff1": 0.592537,
        "nauc_precision_at_100_max": 0.43512,
        "nauc_precision_at_100_std": 0.204594,
        "nauc_precision_at_100_diff1": 0.47018,
        "nauc_precision_at_1000_max": 0.285499,
        "nauc_precision_at_1000_std": 0.163986,
        "nauc_precision_at_1000_diff1": 0.265477,
        "nauc_mrr_at_1_max": 0.56184,
        "nauc_mrr_at_1_std": -0.023607,
        "nauc_mrr_at_1_diff1": 0.814715,
        "nauc_mrr_at_3_max": 0.543829,
        "nauc_mrr_at_3_std": 0.000647,
        "nauc_mrr_at_3_diff1": 0.78103,
        "nauc_mrr_at_5_max": 0.550151,
        "nauc_mrr_at_5_std": 0.008181,
        "nauc_mrr_at_5_diff1": 0.781846,
        "nauc_mrr_at_10_max": 0.547552,
        "nauc_mrr_at_10_std": 0.008651,
        "nauc_mrr_at_10_diff1": 0.777307,
        "nauc_mrr_at_20_max": 0.546912,
        "nauc_mrr_at_20_std": 0.010074,
        "nauc_mrr_at_20_diff1": 0.775134,
        "nauc_mrr_at_100_max": 0.547139,
        "nauc_mrr_at_100_std": 0.010872,
        "nauc_mrr_at_100_diff1": 0.775301,
        "nauc_mrr_at_1000_max": 0.546997,
        "nauc_mrr_at_1000_std": 0.010344,
        "nauc_mrr_at_1000_diff1": 0.775397,
        "main_score": 0.59556,
        "hf_subset": "default",
        "languages": [
          "eng-Latn"
        ]
      }
    ],
    "dev": [
      {
        "ndcg_at_1": 0.625,
        "ndcg_at_3": 0.78273,
        "ndcg_at_5": 0.78273,
        "ndcg_at_10": 0.78273,
        "ndcg_at_20": 0.78273,
        "ndcg_at_100": 0.78273,
        "ndcg_at_1000": 0.79777,
        "map_at_1": 0.625,
        "map_at_3": 0.75,
        "map_at_5": 0.75,
        "map_at_10": 0.75,
        "map_at_20": 0.75,
        "map_at_100": 0.75,
        "map_at_1000": 0.75039,
        "recall_at_1": 0.625,
        "recall_at_3": 0.875,
        "recall_at_5": 0.875,
        "recall_at_10": 0.875,
        "recall_at_20": 0.875,
        "recall_at_100": 0.875,
        "recall_at_1000": 1.0,
        "precision_at_1": 0.625,
        "precision_at_3": 0.29167,
        "precision_at_5": 0.175,
        "precision_at_10": 0.0875,
        "precision_at_20": 0.04375,
        "precision_at_100": 0.00875,
        "precision_at_1000": 0.001,
        "mrr_at_1": 0.625,
        "mrr_at_3": 0.75,
        "mrr_at_5": 0.75,
        "mrr_at_10": 0.75,
        "mrr_at_20": 0.75,
        "mrr_at_100": 0.75,
        "mrr_at_1000": 0.750394,
        "nauc_ndcg_at_1_max": 0.639397,
        "nauc_ndcg_at_1_std": -0.184705,
        "nauc_ndcg_at_1_diff1": 1.0,
        "nauc_ndcg_at_3_max": 0.733077,
        "nauc_ndcg_at_3_std": -0.574878,
        "nauc_ndcg_at_3_diff1": 1.0,
        "nauc_ndcg_at_5_max": 0.733077,
        "nauc_ndcg_at_5_std": -0.574878,
        "nauc_ndcg_at_5_diff1": 1.0,
        "nauc_ndcg_at_10_max": 0.733077,
        "nauc_ndcg_at_10_std": -0.574878,
        "nauc_ndcg_at_10_diff1": 1.0,
        "nauc_ndcg_at_20_max": 0.733077,
        "nauc_ndcg_at_20_std": -0.574878,
        "nauc_ndcg_at_20_diff1": 1.0,
        "nauc_ndcg_at_100_max": 0.733077,
        "nauc_ndcg_at_100_std": -0.574878,
        "nauc_ndcg_at_100_diff1": 1.0,
        "nauc_ndcg_at_1000_max": 0.721717,
        "nauc_ndcg_at_1000_std": -0.527566,
        "nauc_ndcg_at_1000_diff1": 1.0,
        "nauc_map_at_1_max": 0.639397,
        "nauc_map_at_1_std": -0.184705,
        "nauc_map_at_1_diff1": 1.0,
        "nauc_map_at_3_max": 0.705574,