{
  "dataset_revision": "main",
  "task_name": "FSUChemRxivQest",
  "mteb_version": "0.1",
  "scores": {
    "test": [
      {
        "ndcg_at_1": 0.30381,
        "ndcg_at_3": 0.32515,
        "ndcg_at_5": 0.36146,
        "ndcg_at_10": 0.39212,
        "ndcg_at_20": 0.41891,
        "ndcg_at_100": 0.45329,
        "ndcg_at_1000": 0.47297,
        "map_at_1": 0.2125,
        "map_at_3": 0.28032,
        "map_at_5": 0.30144,
        "map_at_10": 0.31536,
        "map_at_20": 0.32398,
        "map_at_100": 0.32975,
        "map_at_1000": 0.33071,
        "recall_at_1": 0.2125,
        "recall_at_3": 0.35479,
        "recall_at_5": 0.43409,
        "recall_at_10": 0.51734,
        "recall_at_20": 0.60899,
        "recall_at_100": 0.7688,
        "recall_at_1000": 0.90199,
        "precision_at_1": 0.30381,
        "precision_at_3": 0.17267,
        "precision_at_5": 0.1277,
        "precision_at_10": 0.07724,
        "precision_at_20": 0.04624,
        "precision_at_100": 0.01195,
        "precision_at_1000": 0.00143,
        "mrr_at_1": 0.303811,
        "mrr_at_3": 0.385513,
        "mrr_at_5": 0.406265,
        "mrr_at_10": 0.418801,
        "mrr_at_20": 0.425172,
        "mrr_at_100": 0.428936,
        "mrr_at_1000": 0.429333,
        "nauc_ndcg_at_1_max": 0.135867,
        "nauc_ndcg_at_1_std": -0.06289,
        "nauc_ndcg_at_1_diff1": 0.31883,
        "nauc_ndcg_at_3_max": 0.147372,
        "nauc_ndcg_at_3_std": -0.050816,
        "nauc_ndcg_at_3_diff1": 0.237532,
        "nauc_ndcg_at_5_max": 0.144395,
        "nauc_ndcg_at_5_std": -0.065322,
        "nauc_ndcg_at_5_diff1": 0.249092,
        "nauc_ndcg_at_10_max": 0.140114,
        "nauc_ndcg_at_10_std": -0.063499,
        "nauc_ndcg_at_10_diff1": 0.246193,
        "nauc_ndcg_at_20_max": 0.153828,
        "nauc_ndcg_at_20_std": -0.04152,
        "nauc_ndcg_at_20_diff1": 0.233295,
        "nauc_ndcg_at_100_max": 0.166966,
        "nauc_ndcg_at_100_std": -0.016157,
        "nauc_ndcg_at_100_diff1": 0.233281,
        "nauc_ndcg_at_1000_max": 0.164143,
        "nauc_ndcg_at_1000_std": -0.02215,
        "nauc_ndcg_at_1000_diff1": 0.241398,
        "nauc_map_at_1_max": 0.125025,
        "nauc_map_at_1_std": -0.043125,
        "nauc_map_at_1_diff1": 0.296353,
        "nauc_map_at_3_max": 0.141005,
        "nauc_map_at_3_std": -0.040381,
        "nauc_map_at_3_diff1": 0.242913,
        "nauc_map_at_5_max": 0.138937,
        "nauc_map_at_5_std": -0.050623,
        "nauc_map_at_5_diff1": 0.250657,
        "nauc_map_at_10_max": 0.137616,
        "nauc_map_at_10_std": -0.050355,
        "nauc_map_at_10_diff1": 0.251012,
        "nauc_map_at_20_max": 0.143041,
        "nauc_map_at_20_std": -0.043192,
        "nauc_map_at_20_diff1": 0.247429,
        "nauc_map_at_100_max": 0.145507,
        "nauc_map_at_100_std": -0.038287,
        "nauc_map_at_100_diff1": 0.246841,
        "nauc_map_at_1000_max": 0.145365,
        "nauc_map_at_1000_std": -0.038448,
        "nauc_map_at_1000_diff1": 0.247013,
        "nauc_recall_at_1_max": 0.125025,
        "nauc_recall_at_1_std": -0.043125,
        "nauc_recall_at_1_diff1": 0.296353,
        "nauc_recall_at_3_max": 0.136214,
        "nauc_recall_at_3_std": -0.047628,
        "nauc_recall_at_3_diff1": 0.174963,
        "nauc_recall_at_5_max": 0.122074,
        "nauc_recall_at_5_std": -0.071648,
        "nauc_recall_at_5_diff1": 0.185821,
        "nauc_recall_at_10_max": 0.103711,
        "nauc_recall_at_10_std": -0.068238,
        "nauc_recall_at_10_diff1": 0.167675,
        "nauc_recall_at_20_max": 0.139343,
        "nauc_recall_at_20_std": 0.006935,
        "nauc_recall_at_20_diff1": 0.105763,
        "nauc_recall_at_100_max": 0.196389,
        "nauc_recall_at_100_std": 0.169648,
        "nauc_recall_at_100_diff1": 0.049734,
        "nauc_recall_at_1000_max": 0.217551,
        "nauc_recall_at_1000_std": 0.267921,
        "nauc_recall_at_1000_diff1": 0.052453,
        "nauc_precision_at_1_max": 0.135867,
        "nauc_precision_at_1_std": -0.06289,
        "nauc_precision_at_1_diff1": 0.31883,
        "nauc_precision_at_3_max": 0.154944,
        "nauc_precision_at_3_std": -0.066644,
        "nauc_precision_at_3_diff1": 0.201788,
        "nauc_precision_at_5_max": 0.142538,
        "nauc_precision_at_5_std": -0.101912,
        "nauc_precision_at_5_diff1": 0.215604,
        "nauc_precision_at_10_max": 0.119167,
        "nauc_precision_at_10_std": -0.07496,
        "nauc_precision_at_10_diff1": 0.175454,
        "nauc_precision_at_20_max": 0.152714,
        "nauc_precision_at_20_std": 0.019401,
        "nauc_precision_at_20_diff1": 0.102017,
        "nauc_precision_at_100_max": 0.171331,
        "nauc_precision_at_100_std": 0.162337,
        "nauc_precision_at_100_diff1": 0.019351,
        "nauc_precision_at_1000_max": 0.113992,
        "nauc_precision_at_1000_std": 0.129654,
        "nauc_precision_at_1000_diff1": 0.018599,
        "nauc_mrr_at_1_max": 0.135867,
        "nauc_mrr_at_1_std": -0.06289,
        "nauc_mrr_at_1_diff1": 0.31883,
        "nauc_mrr_at_3_max": 0.154685,
        "nauc_mrr_at_3_std": -0.069455,
        "nauc_mrr_at_3_diff1": 0.274833,
        "nauc_mrr_at_5_max": 0.154812,
        "nauc_mrr_at_5_std": -0.075431,
        "nauc_mrr_at_5_diff1": 0.28177,
        "nauc_mrr_at_10_max": 0.152709,
        "nauc_mrr_at_10_std": -0.073828,
        "nauc_mrr_at_10_diff1": 0.279265,
        "nauc_mrr_at_20_max": 0.153704,
        "nauc_mrr_at_20_std": -0.070072,
        "nauc_mrr_at_20_diff1": 0.27593,
        "nauc_mrr_at_100_max": 0.155826,
        "nauc_mrr_at_100_std": -0.068634,
        "nauc_mrr_at_100_diff1": 0.27805,
        "nauc_mrr_at_1000_max": 0.155634,
        "nauc_mrr_at_1000_std": -0.068817,
        "nauc_mrr_at_1000_diff1": 0.278086,
        "main_score": 0.39212,
        "hf_subset": "default",
        "languages": [
          "eng-Latn"
        ]
      }
    ]
  },
  "evaluation_time": 40.68860149383545,
  "kg_co2_emissions": null
}