{
  "dataset_revision": "023e7a813e3b73d8d33551ed2aea511314d612e2",
  "evaluation_time": 57.10402250289917,
  "kg_co2_emissions": null,
  "mteb_version": "1.14.15",
  "scores": {
    "test": [
      {
        "hf_subset": "default",
        "languages": [
          "eng-Latn"
        ],
        "main_score": 0.52953,
        "map_at_1": 0.27778,
        "map_at_10": 0.44469,
        "map_at_100": 0.46083,
        "map_at_1000": 0.46132,
        "map_at_20": 0.45859,
        "map_at_3": 0.39815,
        "map_at_5": 0.42654,
        "mrr_at_1": 0.2962962962962963,
        "mrr_at_10": 0.47206055261610813,
        "mrr_at_100": 0.4764777040920831,
        "mrr_at_1000": 0.476968282389679,
        "mrr_at_20": 0.4742392018535809,
        "mrr_at_3": 0.43209876543209874,
        "mrr_at_5": 0.4580246913580247,
        "nauc_map_at_1000_diff1": 0.43674591665465934,
        "nauc_map_at_1000_max": 0.5827427362910921,
        "nauc_map_at_1000_std": 0.14660258943839788,
        "nauc_map_at_100_diff1": 0.4356718422384354,
        "nauc_map_at_100_max": 0.5829472572503842,
        "nauc_map_at_100_std": 0.14702048548989732,
        "nauc_map_at_10_diff1": 0.4498608754216004,
        "nauc_map_at_10_max": 0.575913861907445,
        "nauc_map_at_10_std": 0.13235521643223971,
        "nauc_map_at_1_diff1": 0.4036534496811622,
        "nauc_map_at_1_max": 0.576178328708307,
        "nauc_map_at_1_std": 0.14690619120230838,
        "nauc_map_at_20_diff1": 0.4394039904797564,
        "nauc_map_at_20_max": 0.5859812135342993,
        "nauc_map_at_20_std": 0.14835938501898494,
        "nauc_map_at_3_diff1": 0.47244996461274735,
        "nauc_map_at_3_max": 0.5821741496320921,
        "nauc_map_at_3_std": 0.17438779391997156,
        "nauc_map_at_5_diff1": 0.46565647600984234,
        "nauc_map_at_5_max": 0.5552729686002393,
        "nauc_map_at_5_std": 0.14487743130487604,
        "nauc_mrr_at_1000_diff1": 0.4280773152460943,
        "nauc_mrr_at_1000_max": 0.5648312367418236,
        "nauc_mrr_at_1000_std": 0.14813650997455508,
        "nauc_mrr_at_100_diff1": 0.42701894584025907,
        "nauc_mrr_at_100_max": 0.5650639474184903,
        "nauc_mrr_at_100_std": 0.14855122649642044,
        "nauc_mrr_at_10_diff1": 0.43324345354009913,
        "nauc_mrr_at_10_max": 0.5717522718413578,
        "nauc_mrr_at_10_std": 0.15503377365042362,
        "nauc_mrr_at_1_diff1": 0.4842353961841044,
        "nauc_mrr_at_1_max": 0.5679195006347469,
        "nauc_mrr_at_1_std": 0.1126550381311565,
        "nauc_mrr_at_20_diff1": 0.43080058087902245,
        "nauc_mrr_at_20_max": 0.5682083527523891,
        "nauc_mrr_at_20_std": 0.14987788009484856,
        "nauc_mrr_at_3_diff1": 0.4255143281765958,
        "nauc_mrr_at_3_max": 0.5521164290602262,
        "nauc_mrr_at_3_std": 0.17071930577458302,
        "nauc_mrr_at_5_diff1": 0.42654102956277223,
        "nauc_mrr_at_5_max": 0.5404497784345141,
        "nauc_mrr_at_5_std": 0.1565896484784415,
        "nauc_ndcg_at_1000_diff1": 0.4135691740150186,
        "nauc_ndcg_at_1000_max": 0.5890714075667538,
        "nauc_ndcg_at_1000_std": 0.15810777247125787,
        "nauc_ndcg_at_100_diff1": 0.3876164198989678,
        "nauc_ndcg_at_100_max": 0.5939313752753675,
        "nauc_ndcg_at_100_std": 0.1681514037127817,
        "nauc_ndcg_at_10_diff1": 0.44007106355792686,
        "nauc_ndcg_at_10_max": 0.59576311229429,
        "nauc_ndcg_at_10_std": 0.14175354771951695,
        "nauc_ndcg_at_1_diff1": 0.4842353961841044,
        "nauc_ndcg_at_1_max": 0.5679195006347469,
        "nauc_ndcg_at_1_std": 0.1126550381311565,
        "nauc_ndcg_at_20_diff1": 0.4116199421420213,
        "nauc_ndcg_at_20_max": 0.6115974607904281,
        "nauc_ndcg_at_20_std": 0.16466041362746395,
        "nauc_ndcg_at_3_diff1": 0.46395522481850027,
        "nauc_ndcg_at_3_max": 0.5726637873900954,
        "nauc_ndcg_at_3_std": 0.20027326302788778,
        "nauc_ndcg_at_5_diff1": 0.4549049693953293,
        "nauc_ndcg_at_5_max": 0.5328734120474617,
        "nauc_ndcg_at_5_std": 0.15957283917267723,
        "nauc_precision_at_1000_diff1": -0.19929110176107562,
        "nauc_precision_at_1000_max": 0.033321636634268466,
        "nauc_precision_at_1000_std": 0.0881626075310125,
        "nauc_precision_at_100_diff1": -0.2061711961008074,
        "nauc_precision_at_100_max": 0.1417980865377525,
        "nauc_precision_at_100_std": 0.13996839277685613,
        "nauc_precision_at_10_diff1": 0.13905286081986984,
        "nauc_precision_at_10_max": 0.3960764285273443,
        "nauc_precision_at_10_std": 0.07670101780232172,
        "nauc_precision_at_1_diff1": 0.4842353961841044,
        "nauc_precision_at_1_max": 0.5679195006347469,
        "nauc_precision_at_1_std": 0.1126550381311565,
        "nauc_precision_at_20_diff1": -0.07116432305710846,
        "nauc_precision_at_20_max": 0.24323285233930939,
        "nauc_precision_at_20_std": 0.12063648294210247,
        "nauc_precision_at_3_diff1": 0.3733308480864543,
        "nauc_precision_at_3_max": 0.493356546940842,
        "nauc_precision_at_3_std": 0.22419945804366853,
        "nauc_precision_at_5_diff1": 0.23868554648685242,
        "nauc_precision_at_5_max": 0.3496910060375644,
        "nauc_precision_at_5_std": 0.17104787611849986,
        "nauc_recall_at_1000_diff1": NaN,
        "nauc_recall_at_1000_max": NaN,
        "nauc_recall_at_1000_std": NaN,
        "nauc_recall_at_100_diff1": -0.24232744809370213,
        "nauc_recall_at_100_max": 0.7118632141851959,
        "nauc_recall_at_100_std": 0.4122180064517539,
        "nauc_recall_at_10_diff1": 0.4288752531970237,
        "nauc_recall_at_10_max": 0.6685249344147421,
        "nauc_recall_at_10_std": 0.13044569435504924,
        "nauc_recall_at_1_diff1": 0.4036534496811622,
        "nauc_recall_at_1_max": 0.576178328708307,
        "nauc_recall_at_1_std": 0.14690619120230838,
        "nauc_recall_at_20_diff1": 0.2770222972944612,
        "nauc_recall_at_20_max": 0.8136700201939341,
        "nauc_recall_at_20_std": 0.20888477142229447,
        "nauc_recall_at_3_diff1": 0.4855573855761865,
        "nauc_recall_at_3_max": 0.5585464975054668,
        "nauc_recall_at_3_std": 0.27458664418564904,
        "nauc_recall_at_5_diff1": 0.4712099916200798,
        "nauc_recall_at_5_max": 0.4452740233949012,
        "nauc_recall_at_5_std": 0.17315401834398986,
        "ndcg_at_1": 0.2963,
        "ndcg_at_10": 0.52953,
        "ndcg_at_100": 0.57537,
        "ndcg_at_1000": 0.58559,
        "ndcg_at_20": 0.56119,
        "ndcg_at_3": 0.4424,
        "ndcg_at_5": 0.49057,
        "precision_at_1": 0.2963,
        "precision_at_10": 0.0963,
        "precision_at_100": 0.01222,
        "precision_at_1000": 0.0013,
        "precision_at_20": 0.05741,
        "precision_at_3": 0.22222,
        "precision_at_5": 0.16296,
        "recall_at_1": 0.27778,
        "recall_at_10": 0.74691,
        "recall_at_100": 0.92593,
        "recall_at_1000": 1.0,
        "recall_at_20": 0.85185,
        "recall_at_3": 0.53086,
        "recall_at_5": 0.6358
      }
    ]
  },
  "task_name": "ChemNQRetrieval"
}