{
  "dataset_revision": "831d292c3959eae59e4f89b8758738feee97d6cf",
  "evaluation_time": 63.78816246986389,
  "kg_co2_emissions": null,
  "mteb_version": "1.14.15",
  "scores": {
    "test": [
      {
        "hf_subset": "default",
        "languages": [
          "eng-Latn"
        ],
        "main_score": 0.00411,
        "map_at_1": 0.00211,
        "map_at_10": 0.00319,
        "map_at_100": 0.00385,
        "map_at_1000": 0.00427,
        "map_at_20": 0.00347,
        "map_at_3": 0.00268,
        "map_at_5": 0.00289,
        "mrr_at_1": 0.002472624514305899,
        "mrr_at_10": 0.003614554656589273,
        "mrr_at_100": 0.004421071134623477,
        "mrr_at_1000": 0.004864893706552769,
        "mrr_at_20": 0.003936304362985195,
        "mrr_at_3": 0.003002472624514306,
        "mrr_at_5": 0.0032673966796185087,
        "nauc_map_at_1000_diff1": 0.4186240273642705,
        "nauc_map_at_1000_max": 0.18309638087079833,
        "nauc_map_at_1000_std": 0.4778825091970135,
        "nauc_map_at_100_diff1": 0.4633193738035939,
        "nauc_map_at_100_max": 0.1942341464090524,
        "nauc_map_at_100_std": 0.5099626379262664,
        "nauc_map_at_10_diff1": 0.5644662651539757,
        "nauc_map_at_10_max": 0.1984234653482805,
        "nauc_map_at_10_std": 0.5986395672067164,
        "nauc_map_at_1_diff1": 0.7448606863573142,
        "nauc_map_at_1_max": 0.30788659411433256,
        "nauc_map_at_1_std": 0.678378867161878,
        "nauc_map_at_20_diff1": 0.5136401506488197,
        "nauc_map_at_20_max": 0.19229054473986368,
        "nauc_map_at_20_std": 0.5514015305831618,
        "nauc_map_at_3_diff1": 0.6718309919423349,
        "nauc_map_at_3_max": 0.22893137059293522,
        "nauc_map_at_3_std": 0.6232549491045899,
        "nauc_map_at_5_diff1": 0.6247658307556295,
        "nauc_map_at_5_max": 0.2013952257380216,
        "nauc_map_at_5_std": 0.6240345018343892,
        "nauc_mrr_at_1000_diff1": 0.36842612200638597,
        "nauc_mrr_at_1000_max": 0.18428962931983697,
        "nauc_mrr_at_1000_std": 0.426095180647441,
        "nauc_mrr_at_100_diff1": 0.4040185513334693,
        "nauc_mrr_at_100_max": 0.19265807696369303,
        "nauc_mrr_at_100_std": 0.45353941624911154,
        "nauc_mrr_at_10_diff1": 0.5047771221115919,
        "nauc_mrr_at_10_max": 0.19112915351748933,
        "nauc_mrr_at_10_std": 0.5354237763323471,
        "nauc_mrr_at_1_diff1": 0.6382567662966965,
        "nauc_mrr_at_1_max": 0.3204634241280817,
        "nauc_mrr_at_1_std": 0.593440250066801,
        "nauc_mrr_at_20_diff1": 0.45533787981180684,
        "nauc_mrr_at_20_max": 0.19240483558218308,
        "nauc_mrr_at_20_std": 0.4971611191014094,
        "nauc_mrr_at_3_diff1": 0.5916408033098256,
        "nauc_mrr_at_3_max": 0.21949809193834763,
        "nauc_mrr_at_3_std": 0.5529380552893695,
        "nauc_mrr_at_5_diff1": 0.5558030491572503,
        "nauc_mrr_at_5_max": 0.1901284302094246,
        "nauc_mrr_at_5_std": 0.5599425715693934,
        "nauc_ndcg_at_1000_diff1": 0.053195757491724706,
        "nauc_ndcg_at_1000_max": 0.1112710373110084,
        "nauc_ndcg_at_1000_std": 0.20846161609935038,
        "nauc_ndcg_at_100_diff1": 0.20322466266317782,
        "nauc_ndcg_at_100_max": 0.17520491654841797,
        "nauc_ndcg_at_100_std": 0.3209279705567653,
        "nauc_ndcg_at_10_diff1": 0.44822027805226367,
        "nauc_ndcg_at_10_max": 0.16015362949726306,
        "nauc_ndcg_at_10_std": 0.5491914050395202,
        "nauc_ndcg_at_1_diff1": 0.6382567662966965,
        "nauc_ndcg_at_1_max": 0.3204634241280817,
        "nauc_ndcg_at_1_std": 0.593440250066801,
        "nauc_ndcg_at_20_diff1": 0.34746996983400047,
        "nauc_ndcg_at_20_max": 0.15912185661391992,
        "nauc_ndcg_at_20_std": 0.44671466919069686,
        "nauc_ndcg_at_3_diff1": 0.6148139907717799,
        "nauc_ndcg_at_3_max": 0.20425715369058983,
        "nauc_ndcg_at_3_std": 0.5830173383566533,
        "nauc_ndcg_at_5_diff1": 0.5577696513939944,
        "nauc_ndcg_at_5_max": 0.1567246008857751,
        "nauc_ndcg_at_5_std": 0.5990470246110446,
        "nauc_precision_at_1000_diff1": -0.022387131777595482,
        "nauc_precision_at_1000_max": 0.10760068474019155,
        "nauc_precision_at_1000_std": 0.12178059819130607,
        "nauc_precision_at_100_diff1": 0.01848578407652597,
        "nauc_precision_at_100_max": 0.19664521303731053,
        "nauc_precision_at_100_std": 0.18494829766628376,
        "nauc_precision_at_10_diff1": 0.26221415065536924,
        "nauc_precision_at_10_max": 0.12068860431989574,
        "nauc_precision_at_10_std": 0.46503173402702985,
        "nauc_precision_at_1_diff1": 0.6382567662966965,
        "nauc_precision_at_1_max": 0.3204634241280817,
        "nauc_precision_at_1_std": 0.593440250066801,
        "nauc_precision_at_20_diff1": 0.14193905728134534,
        "nauc_precision_at_20_max": 0.14533971604025822,
        "nauc_precision_at_20_std": 0.3146529810735074,
        "nauc_precision_at_3_diff1": 0.5033348996024324,
        "nauc_precision_at_3_max": 0.17018436390393255,
        "nauc_precision_at_3_std": 0.5086258083032473,
        "nauc_precision_at_5_diff1": 0.42272210585211306,
        "nauc_precision_at_5_max": 0.09891142423374895,
        "nauc_precision_at_5_std": 0.5408926507222791,
        "nauc_recall_at_1000_diff1": -0.02360234268671057,
        "nauc_recall_at_1000_max": 0.08369938909018221,
        "nauc_recall_at_1000_std": 0.1595311022555044,
        "nauc_recall_at_100_diff1": 0.04580560627139846,
        "nauc_recall_at_100_max": 0.16489603987538384,
        "nauc_recall_at_100_std": 0.20414722111781472,
        "nauc_recall_at_10_diff1": 0.2839047779969885,
        "nauc_recall_at_10_max": 0.10948128305342017,
        "nauc_recall_at_10_std": 0.5022243177343623,
        "nauc_recall_at_1_diff1": 0.7448606863573142,
        "nauc_recall_at_1_max": 0.30788659411433256,
        "nauc_recall_at_1_std": 0.678378867161878,
        "nauc_recall_at_20_diff1": 0.16320096347721083,
        "nauc_recall_at_20_max": 0.12207330615227079,
        "nauc_recall_at_20_std": 0.3296537800479172,
        "nauc_recall_at_3_diff1": 0.5824589185360934,
        "nauc_recall_at_3_max": 0.13765793420785333,
        "nauc_recall_at_3_std": 0.5775748710548846,
        "nauc_recall_at_5_diff1": 0.46051919473969616,
        "nauc_recall_at_5_max": 0.07438257360067138,
        "nauc_recall_at_5_std": 0.5930591653426978,
        "ndcg_at_1": 0.00247,
        "ndcg_at_10": 0.00411,
        "ndcg_at_100": 0.00836,
        "ndcg_at_1000": 0.02457,
        "ndcg_at_20": 0.00512,
        "ndcg_at_3": 0.00296,
        "ndcg_at_5": 0.00334,
        "precision_at_1": 0.00247,
        "precision_at_10": 0.00081,
        "precision_at_100": 0.00043,
        "precision_at_1000": 0.00025,
        "precision_at_20": 0.00067,
        "precision_at_3": 0.00133,
        "precision_at_5": 0.00104,
        "recall_at_1": 0.00211,
        "recall_at_10": 0.00665,
        "recall_at_100": 0.02586,
        "recall_at_1000": 0.14865,
        "recall_at_20": 0.01027,
        "recall_at_3": 0.00337,
        "recall_at_5": 0.00433
      }
    ]
  },
  "task_name": "CoconutRetrieval"
}