{
  "dataset_revision": "e46d4868e417703bdcf32aadbe5d0e05a1b7f085",
  "evaluation_time": 5.080600261688232,
  "kg_co2_emissions": null,
  "mteb_version": "1.14.15",
  "scores": {
    "test": [
      {
        "cosine_accuracy": 0.5390625,
        "cosine_accuracy_threshold": 0.4254171550273895,
        "cosine_ap": 0.5409890449657743,
        "cosine_f1": 0.6616492146596858,
        "cosine_f1_threshold": 0.17638665437698364,
        "cosine_precision": 0.49437652811735944,
        "cosine_recall": 1.0,
        "dot_accuracy": 0.5390625,
        "dot_accuracy_threshold": 0.4254171848297119,
        "dot_ap": 0.5409890449657743,
        "dot_f1": 0.6616492146596858,
        "dot_f1_threshold": 0.17638671398162842,
        "dot_precision": 0.49437652811735944,
        "dot_recall": 1.0,
        "euclidean_accuracy": 0.5390625,
        "euclidean_accuracy_threshold": 1.0719914436340332,
        "euclidean_ap": 0.5409890449657743,
        "euclidean_f1": 0.6616492146596858,
        "euclidean_f1_threshold": 1.2834432125091553,
        "euclidean_precision": 0.49437652811735944,
        "euclidean_recall": 1.0,
        "hf_subset": "default",
        "languages": [
          "eng-Latn"
        ],
        "main_score": 0.6616492146596858,
        "manhattan_accuracy": 0.5322265625,
        "manhattan_accuracy_threshold": 23.54291343688965,
        "manhattan_ap": 0.5328929519310763,
        "manhattan_f1": 0.6616442843105143,
        "manhattan_f1_threshold": 28.041954040527344,
        "manhattan_precision": 0.49461312438785504,
        "manhattan_recall": 0.9990108803165183,
        "max_accuracy": 0.5390625,
        "max_ap": 0.5409890449657743,
        "max_f1": 0.6616492146596858,
        "max_precision": 0.49461312438785504,
        "max_recall": 1.0,
        "similarity_accuracy": 0.5390625,
        "similarity_accuracy_threshold": 0.4254171848297119,
        "similarity_ap": 0.5409890449657743,
        "similarity_f1": 0.6616492146596858,
        "similarity_f1_threshold": 0.17638671398162842,
        "similarity_precision": 0.49437652811735944,
        "similarity_recall": 1.0
      }
    ]
  },
  "task_name": "CoconutSMILES2FormulaPC"
}