{
  "dataset_revision": "831d292c3959eae59e4f89b8758738feee97d6cf",
  "task_name": "CoconutRetrieval",
  "mteb_version": "1.36.8",
  "scores": {
    "test": [
      {
        "ndcg_at_1": 0.00035,
        "ndcg_at_3": 0.00058,
        "ndcg_at_5": 0.00061,
        "ndcg_at_10": 0.00079,
        "ndcg_at_20": 0.0011,
        "ndcg_at_100": 0.00227,
        "ndcg_at_1000": 0.01092,
        "map_at_1": 0.00029,
        "map_at_3": 0.00049,
        "map_at_5": 0.0005,
        "map_at_10": 0.00057,
        "map_at_20": 0.00066,
        "map_at_100": 0.00081,
        "map_at_1000": 0.001,
        "recall_at_1": 0.00029,
        "recall_at_3": 0.00073,
        "recall_at_5": 0.00077,
        "recall_at_10": 0.00126,
        "recall_at_20": 0.00243,
        "recall_at_100": 0.00826,
        "recall_at_1000": 0.07482,
        "precision_at_1": 0.00035,
        "precision_at_3": 0.00031,
        "precision_at_5": 0.00021,
        "precision_at_10": 0.00018,
        "precision_at_20": 0.00017,
        "precision_at_100": 0.00012,
        "precision_at_1000": 0.00013,
        "mrr_at_1": 0.000353,
        "mrr_at_3": 0.000628,
        "mrr_at_5": 0.000652,
        "mrr_at_10": 0.000752,
        "mrr_at_20": 0.000835,
        "mrr_at_100": 0.00102,
        "mrr_at_1000": 0.001254,
        "nauc_ndcg_at_1_max": -0.35032,
        "nauc_ndcg_at_1_std": -0.162536,
        "nauc_ndcg_at_1_diff1": 0.013652,
        "nauc_ndcg_at_3_max": -0.220303,
        "nauc_ndcg_at_3_std": -0.228695,
        "nauc_ndcg_at_3_diff1": -0.010113,
        "nauc_ndcg_at_5_max": -0.22717,
        "nauc_ndcg_at_5_std": -0.235266,
        "nauc_ndcg_at_5_diff1": -0.027372,
        "nauc_ndcg_at_10_max": -0.201614,
        "nauc_ndcg_at_10_std": -0.228527,
        "nauc_ndcg_at_10_diff1": -0.02039,
        "nauc_ndcg_at_20_max": -0.168876,
        "nauc_ndcg_at_20_std": -0.235768,
        "nauc_ndcg_at_20_diff1": -0.052222,
        "nauc_ndcg_at_100_max": -0.141809,
        "nauc_ndcg_at_100_std": -0.214444,
        "nauc_ndcg_at_100_diff1": -0.047125,
        "nauc_ndcg_at_1000_max": -0.124985,
        "nauc_ndcg_at_1000_std": -0.142539,
        "nauc_ndcg_at_1000_diff1": 0.015433,
        "nauc_map_at_1_max": -0.440077,
        "nauc_map_at_1_std": -0.327406,
        "nauc_map_at_1_diff1": 0.057541,
        "nauc_map_at_3_max": -0.283351,
        "nauc_map_at_3_std": -0.268042,
        "nauc_map_at_3_diff1": -0.010933,
        "nauc_map_at_5_max": -0.285426,
        "nauc_map_at_5_std": -0.270357,
        "nauc_map_at_5_diff1": -0.018629,
        "nauc_map_at_10_max": -0.265031,
        "nauc_map_at_10_std": -0.258489,
        "nauc_map_at_10_diff1": -0.012274,
        "nauc_map_at_20_max": -0.239188,
        "nauc_map_at_20_std": -0.252105,
        "nauc_map_at_20_diff1": -0.028403,
        "nauc_map_at_100_max": -0.211809,
        "nauc_map_at_100_std": -0.241891,
        "nauc_map_at_100_diff1": -0.028368,
        "nauc_map_at_1000_max": -0.195383,
        "nauc_map_at_1000_std": -0.219992,
        "nauc_map_at_1000_diff1": -0.012885,
        "nauc_recall_at_1_max": -0.440077,
        "nauc_recall_at_1_std": -0.327406,
        "nauc_recall_at_1_diff1": 0.057541,
        "nauc_recall_at_3_max": -0.150444,
        "nauc_recall_at_3_std": -0.224164,
        "nauc_recall_at_3_diff1": -0.049226,
        "nauc_recall_at_5_max": -0.164014,
        "nauc_recall_at_5_std": -0.233954,
        "nauc_recall_at_5_diff1": -0.072321,
        "nauc_recall_at_10_max": -0.157111,
        "nauc_recall_at_10_std": -0.225785,
        "nauc_recall_at_10_diff1": -0.048141,
        "nauc_recall_at_20_max": -0.125928,
        "nauc_recall_at_20_std": -0.240959,
        "nauc_recall_at_20_diff1": -0.101078,
        "nauc_recall_at_100_max": -0.112181,
        "nauc_recall_at_100_std": -0.213298,
        "nauc_recall_at_100_diff1": -0.068149,
        "nauc_recall_at_1000_max": -0.112559,
        "nauc_recall_at_1000_std": -0.131607,
        "nauc_recall_at_1000_diff1": 0.02422,
        "nauc_precision_at_1_max": -0.35032,
        "nauc_precision_at_1_std": -0.162536,
        "nauc_precision_at_1_diff1": 0.013652,
        "nauc_precision_at_3_max": -0.093403,
        "nauc_precision_at_3_std": -0.154461,
        "nauc_precision_at_3_diff1": 0.03133,
        "nauc_precision_at_5_max": -0.129143,
        "nauc_precision_at_5_std": -0.183417,
        "nauc_precision_at_5_diff1": -0.027661,
        "nauc_precision_at_10_max": -0.10557,
        "nauc_precision_at_10_std": -0.208055,
        "nauc_precision_at_10_diff1": -0.032166,
        "nauc_precision_at_20_max": -0.092664,
        "nauc_precision_at_20_std": -0.231244,
        "nauc_precision_at_20_diff1": -0.040001,
        "nauc_precision_at_100_max": -0.1232,
        "nauc_precision_at_100_std": -0.196885,
        "nauc_precision_at_100_diff1": -0.038992,
        "nauc_precision_at_1000_max": -0.134283,
        "nauc_precision_at_1000_std": -0.135456,
        "nauc_precision_at_1000_diff1": 0.004147,
        "nauc_mrr_at_1_max": -0.35032,
        "nauc_mrr_at_1_std": -0.162536,
        "nauc_mrr_at_1_diff1": 0.013652,
        "nauc_mrr_at_3_max": -0.19983,
        "nauc_mrr_at_3_std": -0.164636,
        "nauc_mrr_at_3_diff1": 0.033768,
        "nauc_mrr_at_5_max": -0.207609,
        "nauc_mrr_at_5_std": -0.173687,
        "nauc_mrr_at_5_diff1": 0.01449,
        "nauc_mrr_at_10_max": -0.187216,
        "nauc_mrr_at_10_std": -0.179275,
        "nauc_mrr_at_10_diff1": 0.012487,
        "nauc_mrr_at_20_max": -0.17988,
        "nauc_mrr_at_20_std": -0.194943,
        "nauc_mrr_at_20_diff1": 0.002974,
        "nauc_mrr_at_100_max": -0.17733,
        "nauc_mrr_at_100_std": -0.191524,
        "nauc_mrr_at_100_diff1": -6.8e-05,
        "nauc_mrr_at_1000_max": -0.171677,
        "nauc_mrr_at_1000_std": -0.178727,
        "nauc_mrr_at_1000_diff1": 0.010815,
        "main_score": 0.00079,
        "hf_subset": "default",
        "languages": [
          "eng-Latn"
        ]
      }
    ]
  },
  "evaluation_time": 36.01382565498352,
  "kg_co2_emissions": null
}