{
  "dataset_revision": "023e7a813e3b73d8d33551ed2aea511314d612e2",
  "evaluation_time": 51.4169716835022,
  "kg_co2_emissions": null,
  "mteb_version": "1.14.15",
  "scores": {
    "test": [
      {
        "hf_subset": "default",
        "languages": [
          "eng-Latn"
        ],
        "main_score": 0.12574,
        "map_at_1": 0.05556,
        "map_at_10": 0.10031,
        "map_at_100": 0.11039,
        "map_at_1000": 0.11139,
        "map_at_20": 0.10728,
        "map_at_3": 0.09568,
        "map_at_5": 0.10031,
        "mrr_at_1": 0.07407407407407407,
        "mrr_at_10": 0.13271604938271606,
        "mrr_at_100": 0.14230896015504457,
        "mrr_at_1000": 0.142867119437015,
        "mrr_at_20": 0.13893205559872226,
        "mrr_at_3": 0.1234567901234568,
        "mrr_at_5": 0.13271604938271606,
        "nauc_map_at_1000_diff1": 0.5703037740821201,
        "nauc_map_at_1000_max": 0.548400331286123,
        "nauc_map_at_1000_std": 0.6746007839401518,
        "nauc_map_at_100_diff1": 0.569108756595932,
        "nauc_map_at_100_max": 0.5493593257763387,
        "nauc_map_at_100_std": 0.6747237109695656,
        "nauc_map_at_10_diff1": 0.5481066973666784,
        "nauc_map_at_10_max": 0.5394214991781775,
        "nauc_map_at_10_std": 0.6826997663518366,
        "nauc_map_at_1_diff1": 0.7765331939277569,
        "nauc_map_at_1_max": 0.5733815520439001,
        "nauc_map_at_1_std": 0.6449463349802588,
        "nauc_map_at_20_diff1": 0.5672976027268215,
        "nauc_map_at_20_max": 0.5413501230511378,
        "nauc_map_at_20_std": 0.6747992327674798,
        "nauc_map_at_3_diff1": 0.5055314273422019,
        "nauc_map_at_3_max": 0.5315332375131139,
        "nauc_map_at_3_std": 0.6582640881208718,
        "nauc_map_at_5_diff1": 0.5481066973666784,
        "nauc_map_at_5_max": 0.5394214991781775,
        "nauc_map_at_5_std": 0.6826997663518366,
        "nauc_mrr_at_1000_diff1": 0.5416504202039851,
        "nauc_mrr_at_1000_max": 0.49489134034014,
        "nauc_mrr_at_1000_std": 0.5628256482486519,
        "nauc_mrr_at_100_diff1": 0.5419974305412744,
        "nauc_mrr_at_100_max": 0.4950671746487174,
        "nauc_mrr_at_100_std": 0.5624815169432525,
        "nauc_mrr_at_10_diff1": 0.5238031151921505,
        "nauc_mrr_at_10_max": 0.49057805562529344,
        "nauc_mrr_at_10_std": 0.5715558245167679,
        "nauc_mrr_at_1_diff1": 0.6647997908916362,
        "nauc_mrr_at_1_max": 0.5124360594787434,
        "nauc_mrr_at_1_std": 0.4674195024703885,
        "nauc_mrr_at_20_diff1": 0.5414964034256213,
        "nauc_mrr_at_20_max": 0.4898483914606778,
        "nauc_mrr_at_20_std": 0.5633886471504722,
        "nauc_mrr_at_3_diff1": 0.4566344798095568,
        "nauc_mrr_at_3_max": 0.47694669895581854,
        "nauc_mrr_at_3_std": 0.5304042202969085,
        "nauc_mrr_at_5_diff1": 0.5238031151921505,
        "nauc_mrr_at_5_max": 0.49057805562529344,
        "nauc_mrr_at_5_std": 0.5715558245167679,
        "nauc_ndcg_at_1000_diff1": 0.597814510904214,
        "nauc_ndcg_at_1000_max": 0.5723805391564134,
        "nauc_ndcg_at_1000_std": 0.6187249672838646,
        "nauc_ndcg_at_100_diff1": 0.5824036581836471,
        "nauc_ndcg_at_100_max": 0.5950129236242007,
        "nauc_ndcg_at_100_std": 0.6530493961024267,
        "nauc_ndcg_at_10_diff1": 0.5105830522761273,
        "nauc_ndcg_at_10_max": 0.5069638427392754,
        "nauc_ndcg_at_10_std": 0.6624138543139114,
        "nauc_ndcg_at_1_diff1": 0.6647997908916362,
        "nauc_ndcg_at_1_max": 0.5124360594787434,
        "nauc_ndcg_at_1_std": 0.4674195024703885,
        "nauc_ndcg_at_20_diff1": 0.5597432726987634,
        "nauc_ndcg_at_20_max": 0.507910744621531,
        "nauc_ndcg_at_20_std": 0.6389627642893406,
        "nauc_ndcg_at_3_diff1": 0.4338081129884275,
        "nauc_ndcg_at_3_max": 0.49196312928122704,
        "nauc_ndcg_at_3_std": 0.6183876402694576,
        "nauc_ndcg_at_5_diff1": 0.5105830522761273,
        "nauc_ndcg_at_5_max": 0.5069638427392754,
        "nauc_ndcg_at_5_std": 0.6624138543139114,
        "nauc_precision_at_1000_diff1": 0.49538280707497667,
        "nauc_precision_at_1000_max": 0.3603576929286539,
        "nauc_precision_at_1000_std": 0.2682037756972379,
        "nauc_precision_at_100_diff1": 0.5885852685978988,
        "nauc_precision_at_100_max": 0.643140459038064,
        "nauc_precision_at_100_std": 0.5734024540800678,
        "nauc_precision_at_10_diff1": 0.4965835489983704,
        "nauc_precision_at_10_max": 0.452411653238342,
        "nauc_precision_at_10_std": 0.6484473107378419,
        "nauc_precision_at_1_diff1": 0.6647997908916362,
        "nauc_precision_at_1_max": 0.5124360594787434,
        "nauc_precision_at_1_std": 0.4674195024703885,
        "nauc_precision_at_20_diff1": 0.5298098472598324,
        "nauc_precision_at_20_max": 0.38128694502523114,
        "nauc_precision_at_20_std": 0.5329524681881054,
        "nauc_precision_at_3_diff1": 0.30610007695388913,
        "nauc_precision_at_3_max": 0.4113040260472417,
        "nauc_precision_at_3_std": 0.5387696815159173,
        "nauc_precision_at_5_diff1": 0.4965835489983704,
        "nauc_precision_at_5_max": 0.452411653238342,
        "nauc_precision_at_5_std": 0.6484473107378419,
        "nauc_recall_at_1000_diff1": 0.8314947090495282,
        "nauc_recall_at_1000_max": 0.830092617535129,
        "nauc_recall_at_1000_std": 0.49649588263949596,
        "nauc_recall_at_100_diff1": 0.5951445075828848,
        "nauc_recall_at_100_max": 0.7665684238615408,
        "nauc_recall_at_100_std": 0.6230184089797229,
        "nauc_recall_at_10_diff1": 0.4219142190840802,
        "nauc_recall_at_10_max": 0.4547380784880164,
        "nauc_recall_at_10_std": 0.668616887784139,
        "nauc_recall_at_1_diff1": 0.7765331939277569,
        "nauc_recall_at_1_max": 0.5733815520439001,
        "nauc_recall_at_1_std": 0.6449463349802588,
        "nauc_recall_at_20_diff1": 0.5417801421097065,
        "nauc_recall_at_20_max": 0.4608883889529751,
        "nauc_recall_at_20_std": 0.5967867868107268,
        "nauc_recall_at_3_diff1": 0.3054225068787564,
        "nauc_recall_at_3_max": 0.43042077854806055,
        "nauc_recall_at_3_std": 0.6043595582083232,
        "nauc_recall_at_5_diff1": 0.4219142190840802,
        "nauc_recall_at_5_max": 0.4547380784880164,
        "nauc_recall_at_5_std": 0.668616887784139,
        "ndcg_at_1": 0.07407,
        "ndcg_at_10": 0.12574,
        "ndcg_at_100": 0.18166,
        "ndcg_at_1000": 0.21235,
        "ndcg_at_20": 0.14748,
        "ndcg_at_3": 0.11596,
        "ndcg_at_5": 0.12574,
        "precision_at_1": 0.07407,
        "precision_at_10": 0.02222,
        "precision_at_100": 0.00556,
        "precision_at_1000": 0.00089,
        "precision_at_20": 0.01667,
        "precision_at_3": 0.06173,
        "precision_at_5": 0.04444,
        "recall_at_1": 0.05556,
        "recall_at_10": 0.16667,
        "recall_at_100": 0.44444,
        "recall_at_1000": 0.68519,
        "recall_at_20": 0.24074,
        "recall_at_3": 0.14815,
        "recall_at_5": 0.16667
      }
    ]
  },
  "task_name": "ChemNQRetrieval"
}