{
  "dataset_revision": "831d292c3959eae59e4f89b8758738feee97d6cf",
  "evaluation_time": 61.033610343933105,
  "kg_co2_emissions": null,
  "mteb_version": "1.14.15",
  "scores": {
    "test": [
      {
        "hf_subset": "default",
        "languages": [
          "eng-Latn"
        ],
        "main_score": 0.0014,
        "map_at_1": 0.00045,
        "map_at_10": 0.00103,
        "map_at_100": 0.00127,
        "map_at_1000": 0.00149,
        "map_at_20": 0.00111,
        "map_at_3": 0.00078,
        "map_at_5": 0.00092,
        "mrr_at_1": 0.0005887201224537854,
        "mrr_at_10": 0.0011470230385807918,
        "mrr_at_100": 0.0015043622110722382,
        "mrr_at_1000": 0.0017530709258554813,
        "mrr_at_20": 0.0012618792075394286,
        "mrr_at_3": 0.0009223281918442638,
        "mrr_at_5": 0.0010400722163350208,
        "nauc_map_at_1000_diff1": 0.29846957490093784,
        "nauc_map_at_1000_max": -0.08820066772869384,
        "nauc_map_at_1000_std": 0.42165141339793105,
        "nauc_map_at_100_diff1": 0.32394568906902593,
        "nauc_map_at_100_max": -0.10549201276018923,
        "nauc_map_at_100_std": 0.46733807231598984,
        "nauc_map_at_10_diff1": 0.3756252729331446,
        "nauc_map_at_10_max": -0.1441028971506502,
        "nauc_map_at_10_std": 0.528637408961136,
        "nauc_map_at_1_diff1": 0.4515259108944392,
        "nauc_map_at_1_max": 0.021491986952229605,
        "nauc_map_at_1_std": 0.3859781716507722,
        "nauc_map_at_20_diff1": 0.3583416947556646,
        "nauc_map_at_20_max": -0.1349770518813908,
        "nauc_map_at_20_std": 0.5222802808164817,
        "nauc_map_at_3_diff1": 0.37046030559174853,
        "nauc_map_at_3_max": -0.09274181576652711,
        "nauc_map_at_3_std": 0.5426049035654212,
        "nauc_map_at_5_diff1": 0.373783732338731,
        "nauc_map_at_5_max": -0.14730249567165116,
        "nauc_map_at_5_std": 0.5526534947193417,
        "nauc_mrr_at_1000_diff1": 0.33264395086057286,
        "nauc_mrr_at_1000_max": -0.11122153754073279,
        "nauc_mrr_at_1000_std": 0.35720819222445876,
        "nauc_mrr_at_100_diff1": 0.36284237801309127,
        "nauc_mrr_at_100_max": -0.12797498903388474,
        "nauc_mrr_at_100_std": 0.39388391786034166,
        "nauc_mrr_at_10_diff1": 0.43301685517150074,
        "nauc_mrr_at_10_max": -0.17382700969512893,
        "nauc_mrr_at_10_std": 0.4637567670499102,
        "nauc_mrr_at_1_diff1": 0.45892406643011485,
        "nauc_mrr_at_1_max": -0.11010978143968503,
        "nauc_mrr_at_1_std": 0.2729572772274402,
        "nauc_mrr_at_20_diff1": 0.4103024684619339,
        "nauc_mrr_at_20_max": -0.15931662270428326,
        "nauc_mrr_at_20_std": 0.45224242644825163,
        "nauc_mrr_at_3_diff1": 0.44526363301385485,
        "nauc_mrr_at_3_max": -0.16645508624888705,
        "nauc_mrr_at_3_std": 0.4759805744368617,
        "nauc_mrr_at_5_diff1": 0.456051529802487,
        "nauc_mrr_at_5_max": -0.19497966234995598,
        "nauc_mrr_at_5_std": 0.5050040627255871,
        "nauc_ndcg_at_1000_diff1": 0.15855091924597772,
        "nauc_ndcg_at_1000_max": -0.008621002578011695,
        "nauc_ndcg_at_1000_std": 0.18955733337287228,
        "nauc_ndcg_at_100_diff1": 0.2279988320825224,
        "nauc_ndcg_at_100_max": -0.04819790074086335,
        "nauc_ndcg_at_100_std": 0.33110586152938254,
        "nauc_ndcg_at_10_diff1": 0.3989678047601503,
        "nauc_ndcg_at_10_max": -0.17422986909257493,
        "nauc_ndcg_at_10_std": 0.5205093182379695,
        "nauc_ndcg_at_1_diff1": 0.45892406643011485,
        "nauc_ndcg_at_1_max": -0.11010978143968503,
        "nauc_ndcg_at_1_std": 0.2729572772274402,
        "nauc_ndcg_at_20_diff1": 0.3502575381302452,
        "nauc_ndcg_at_20_max": -0.13696286864798252,
        "nauc_ndcg_at_20_std": 0.506481513150942,
        "nauc_ndcg_at_3_diff1": 0.40016814890018326,
        "nauc_ndcg_at_3_max": -0.13363798448151223,
        "nauc_ndcg_at_3_std": 0.5635873966629372,
        "nauc_ndcg_at_5_diff1": 0.40858906118926336,
        "nauc_ndcg_at_5_max": -0.19406611865167026,
        "nauc_ndcg_at_5_std": 0.5808659629164046,
        "nauc_precision_at_1000_diff1": 0.14132789086541508,
        "nauc_precision_at_1000_max": -0.03553783125333674,
        "nauc_precision_at_1000_std": 0.11692693629229874,
        "nauc_precision_at_100_diff1": 0.14996623096829692,
        "nauc_precision_at_100_max": -0.014766706819896157,
        "nauc_precision_at_100_std": 0.19560398264335951,
        "nauc_precision_at_10_diff1": 0.3778211567094526,
        "nauc_precision_at_10_max": -0.2447913904773013,
        "nauc_precision_at_10_std": 0.44827009876849067,
        "nauc_precision_at_1_diff1": 0.45892406643011485,
        "nauc_precision_at_1_max": -0.11010978143968503,
        "nauc_precision_at_1_std": 0.2729572772274402,
        "nauc_precision_at_20_diff1": 0.3100917807540285,
        "nauc_precision_at_20_max": -0.14603425015257998,
        "nauc_precision_at_20_std": 0.4225887248116776,
        "nauc_precision_at_3_diff1": 0.4159067814950744,
        "nauc_precision_at_3_max": -0.25177195189336465,
        "nauc_precision_at_3_std": 0.5729917405473436,
        "nauc_precision_at_5_diff1": 0.4090679847481571,
        "nauc_precision_at_5_max": -0.3025729124337183,
        "nauc_precision_at_5_std": 0.5820429445054862,
        "nauc_recall_at_1000_diff1": 0.13193910076681142,
        "nauc_recall_at_1000_max": 0.019356826748101373,
        "nauc_recall_at_1000_std": 0.1683572560740206,
        "nauc_recall_at_100_diff1": 0.15719501600723873,
        "nauc_recall_at_100_max": -0.002314572290244302,
        "nauc_recall_at_100_std": 0.27283417663140974,
        "nauc_recall_at_10_diff1": 0.41501615320567686,
        "nauc_recall_at_10_max": -0.1985819159335824,
        "nauc_recall_at_10_std": 0.5392559765454349,
        "nauc_recall_at_1_diff1": 0.4515259108944392,
        "nauc_recall_at_1_max": 0.021491986952229605,
        "nauc_recall_at_1_std": 0.3859781716507722,
        "nauc_recall_at_20_diff1": 0.31712165583075236,
        "nauc_recall_at_20_max": -0.117758150099549,
        "nauc_recall_at_20_std": 0.5236067057818633,
        "nauc_recall_at_3_diff1": 0.41174323440036964,
        "nauc_recall_at_3_max": -0.1630538117634339,
        "nauc_recall_at_3_std": 0.6460213961448042,
        "nauc_recall_at_5_diff1": 0.4261492812032046,
        "nauc_recall_at_5_max": -0.2460589784107223,
        "nauc_recall_at_5_std": 0.6510134900737267,
        "ndcg_at_1": 0.00059,
        "ndcg_at_10": 0.0014,
        "ndcg_at_100": 0.00318,
        "ndcg_at_1000": 0.01243,
        "ndcg_at_20": 0.00172,
        "ndcg_at_3": 0.00091,
        "ndcg_at_5": 0.00114,
        "precision_at_1": 0.00059,
        "precision_at_10": 0.00032,
        "precision_at_100": 0.00019,
        "precision_at_1000": 0.00015,
        "precision_at_20": 0.00025,
        "precision_at_3": 0.00051,
        "precision_at_5": 0.00042,
        "recall_at_1": 0.00045,
        "recall_at_10": 0.00241,
        "recall_at_100": 0.01047,
        "recall_at_1000": 0.0794,
        "recall_at_20": 0.0036,
        "recall_at_3": 0.00116,
        "recall_at_5": 0.00169
      }
    ]
  },
  "task_name": "CoconutRetrieval"
}