{
  "dataset_revision": "023e7a813e3b73d8d33551ed2aea511314d612e2",
  "evaluation_time": 1394.1567096710205,
  "kg_co2_emissions": null,
  "mteb_version": "1.14.2",
  "scores": {
    "test": [
      {
        "hf_subset": "default",
        "languages": [
          "eng-Latn"
        ],
        "main_score": 0.6276,
        "map_at_1": 0.38889,
        "map_at_10": 0.55952,
        "map_at_100": 0.57518,
        "map_at_1000": 0.5753,
        "map_at_20": 0.57374,
        "map_at_3": 0.52469,
        "map_at_5": 0.55062,
        "mrr_at_1": 0.48148148148148145,
        "mrr_at_10": 0.6019400352733686,
        "mrr_at_100": 0.608572187972937,
        "mrr_at_1000": 0.6086940203316116,
        "mrr_at_20": 0.6081560414893749,
        "mrr_at_3": 0.5802469135802469,
        "mrr_at_5": 0.5876543209876544,
        "nauc_map_at_1000_diff1": -0.12549645171963877,
        "nauc_map_at_1000_max": -0.07482643124609124,
        "nauc_map_at_1000_std": 0.011130932513595983,
        "nauc_map_at_100_diff1": -0.12551735594805907,
        "nauc_map_at_100_max": -0.07456301506487782,
        "nauc_map_at_100_std": 0.011173550986791127,
        "nauc_map_at_10_diff1": -0.15628830224329116,
        "nauc_map_at_10_max": -0.09454529528624267,
        "nauc_map_at_10_std": -0.021476376604060692,
        "nauc_map_at_1_diff1": -0.12110609755836899,
        "nauc_map_at_1_max": -0.1483321541628283,
        "nauc_map_at_1_std": 0.09443595394181359,
        "nauc_map_at_20_diff1": -0.12191061723440236,
        "nauc_map_at_20_max": -0.07027166643808629,
        "nauc_map_at_20_std": 0.014307349128800665,
        "nauc_map_at_3_diff1": -0.13773893214453584,
        "nauc_map_at_3_max": -0.17383449458499475,
        "nauc_map_at_3_std": -0.01910816170031647,
        "nauc_map_at_5_diff1": -0.13511811908739485,
        "nauc_map_at_5_max": -0.0785117345689025,
        "nauc_map_at_5_std": -0.011143585687050291,
        "nauc_mrr_at_1000_diff1": -0.07736117916818716,
        "nauc_mrr_at_1000_max": 0.08150443425493795,
        "nauc_mrr_at_1000_std": 0.08667742388155242,
        "nauc_mrr_at_100_diff1": -0.07740229989270918,
        "nauc_mrr_at_100_max": 0.08170315428739873,
        "nauc_mrr_at_100_std": 0.08668853229100786,
        "nauc_mrr_at_10_diff1": -0.10563487811771714,
        "nauc_mrr_at_10_max": 0.08284141536032667,
        "nauc_mrr_at_10_std": 0.08494194598337676,
        "nauc_mrr_at_1_diff1": -0.02750564556697075,
        "nauc_mrr_at_1_max": 0.035377932447344,
        "nauc_mrr_at_1_std": 0.11756341565990099,
        "nauc_mrr_at_20_diff1": -0.0767810857983099,
        "nauc_mrr_at_20_max": 0.08301469810245737,
        "nauc_mrr_at_20_std": 0.08780392469388147,
        "nauc_mrr_at_3_diff1": -0.060740610507650936,
        "nauc_mrr_at_3_max": 0.0648191163964024,
        "nauc_mrr_at_3_std": 0.0727481448433551,
        "nauc_mrr_at_5_diff1": -0.07919111663708883,
        "nauc_mrr_at_5_max": 0.0949962013125266,
        "nauc_mrr_at_5_std": 0.08778473383333008,
        "nauc_ndcg_at_1000_diff1": -0.11927382468213907,
        "nauc_ndcg_at_1000_max": 0.005407599106274734,
        "nauc_ndcg_at_1000_std": 0.048789354233860376,
        "nauc_ndcg_at_100_diff1": -0.12034933428157082,
        "nauc_ndcg_at_100_max": 0.015929025050746615,
        "nauc_ndcg_at_100_std": 0.05002013398834853,
        "nauc_ndcg_at_10_diff1": -0.21116621973994398,
        "nauc_ndcg_at_10_max": -0.006706098158700299,
        "nauc_ndcg_at_10_std": -0.004626131706679955,
        "nauc_ndcg_at_1_diff1": -0.02750564556697075,
        "nauc_ndcg_at_1_max": 0.035377932447344,
        "nauc_ndcg_at_1_std": 0.11756341565990099,
        "nauc_ndcg_at_20_diff1": -0.09787055384585501,
        "nauc_ndcg_at_20_max": 0.0487378185586652,
        "nauc_ndcg_at_20_std": 0.07624977074682078,
        "nauc_ndcg_at_3_diff1": -0.1377134981619362,
        "nauc_ndcg_at_3_max": -0.11031936026402259,
        "nauc_ndcg_at_3_std": -0.01171551495729207,
        "nauc_ndcg_at_5_diff1": -0.15346242436902355,
        "nauc_ndcg_at_5_max": 0.02341809311786346,
        "nauc_ndcg_at_5_std": 0.010033314610019049,
        "nauc_precision_at_1000_diff1": 0.08519823072578261,
        "nauc_precision_at_1000_max": 0.31026191199111075,
        "nauc_precision_at_1000_std": 0.10462982264824253,
        "nauc_precision_at_100_diff1": 0.06254373148230237,
        "nauc_precision_at_100_max": 0.3316180403932177,
        "nauc_precision_at_100_std": 0.10537490952755621,
        "nauc_precision_at_10_diff1": -0.15227281551835123,
        "nauc_precision_at_10_max": 0.3402480451011753,
        "nauc_precision_at_10_std": -0.02901451507050228,
        "nauc_precision_at_1_diff1": -0.02750564556697075,
        "nauc_precision_at_1_max": 0.035377932447344,
        "nauc_precision_at_1_std": 0.11756341565990099,
        "nauc_precision_at_20_diff1": 0.16714972981405338,
        "nauc_precision_at_20_max": 0.5142748262462328,
        "nauc_precision_at_20_std": 0.24474307402801002,
        "nauc_precision_at_3_diff1": -0.04142124486655713,
        "nauc_precision_at_3_max": 0.04795838680832661,
        "nauc_precision_at_3_std": -0.08385322185922163,
        "nauc_precision_at_5_diff1": -0.033001443663369635,
        "nauc_precision_at_5_max": 0.31865995465422925,
        "nauc_precision_at_5_std": -0.03806921234530633,
        "nauc_recall_at_1000_diff1": NaN,
        "nauc_recall_at_1000_max": NaN,
        "nauc_recall_at_1000_std": NaN,
        "nauc_recall_at_100_diff1": -0.1755639870964916,
        "nauc_recall_at_100_max": 0.5560793695468637,
        "nauc_recall_at_100_std": 0.11320606637944189,
        "nauc_recall_at_10_diff1": -0.5520448485271533,
        "nauc_recall_at_10_max": 0.14462526176183166,
        "nauc_recall_at_10_std": -0.07782413095071825,
        "nauc_recall_at_1_diff1": -0.12110609755836899,
        "nauc_recall_at_1_max": -0.1483321541628283,
        "nauc_recall_at_1_std": 0.09443595394181359,
        "nauc_recall_at_20_diff1": 0.1813171348775056,
        "nauc_recall_at_20_max": 0.7702143058180206,
        "nauc_recall_at_20_std": 0.4998055350222525,
        "nauc_recall_at_3_diff1": -0.1995470196980343,
        "nauc_recall_at_3_max": -0.12638860282817188,
        "nauc_recall_at_3_std": -0.07329360459932072,
        "nauc_recall_at_5_diff1": -0.2902034961989476,
        "nauc_recall_at_5_max": 0.21162326713079163,
        "nauc_recall_at_5_std": -0.01308239480570448,
        "ndcg_at_1": 0.48148,
        "ndcg_at_10": 0.6276,
        "ndcg_at_100": 0.67342,
        "ndcg_at_1000": 0.67791,
        "ndcg_at_20": 0.66438,
        "ndcg_at_3": 0.56901,
        "ndcg_at_5": 0.60289,
        "precision_at_1": 0.48148,
        "precision_at_10": 0.1,
        "precision_at_100": 0.01259,
        "precision_at_1000": 0.0013,
        "precision_at_20": 0.05926,
        "precision_at_3": 0.25926,
        "precision_at_5": 0.17778,
        "recall_at_1": 0.38889,
        "recall_at_10": 0.79012,
        "recall_at_100": 0.96296,
        "recall_at_1000": 1.0,
        "recall_at_20": 0.91358,
        "recall_at_3": 0.64815,
        "recall_at_5": 0.72222
      }
    ]
  },
  "task_name": "ChemNQRetrieval"
}