{
  "dataset_revision": "f39c1d16edd269f233be381216bc8146f0857124",
  "evaluation_time": 1796.3286254405975,
  "kg_co2_emissions": null,
  "mteb_version": "1.14.2",
  "scores": {
    "dev": [
      {
        "hf_subset": "default",
        "languages": [
          "eng-Latn"
        ],
        "main_score": 0.82887,
        "map_at_1": 0.75,
        "map_at_10": 0.8125,
        "map_at_100": 0.81437,
        "map_at_1000": 0.81437,
        "map_at_20": 0.8125,
        "map_at_3": 0.8125,
        "map_at_5": 0.8125,
        "mrr_at_1": 0.75,
        "mrr_at_10": 0.8125,
        "mrr_at_100": 0.8143656716417911,
        "mrr_at_1000": 0.8143656716417911,
        "mrr_at_20": 0.8125,
        "mrr_at_3": 0.8125,
        "mrr_at_5": 0.8125,
        "nauc_map_at_1000_diff1": 1.0,
        "nauc_map_at_1000_max": 1.0,
        "nauc_map_at_1000_std": 0.954000619222433,
        "nauc_map_at_100_diff1": 1.0,
        "nauc_map_at_100_max": 1.0,
        "nauc_map_at_100_std": 0.954000619222433,
        "nauc_map_at_10_diff1": 1.0,
        "nauc_map_at_10_max": 1.0,
        "nauc_map_at_10_std": 0.9530791788856307,
        "nauc_map_at_1_diff1": 1.0,
        "nauc_map_at_1_max": 1.0,
        "nauc_map_at_1_std": 1.0,
        "nauc_map_at_20_diff1": 1.0,
        "nauc_map_at_20_max": 1.0,
        "nauc_map_at_20_std": 0.9530791788856307,
        "nauc_map_at_3_diff1": 1.0,
        "nauc_map_at_3_max": 1.0,
        "nauc_map_at_3_std": 0.9530791788856307,
        "nauc_map_at_5_diff1": 1.0,
        "nauc_map_at_5_max": 1.0,
        "nauc_map_at_5_std": 0.9530791788856307,
        "nauc_mrr_at_1000_diff1": 1.0,
        "nauc_mrr_at_1000_max": 1.0,
        "nauc_mrr_at_1000_std": 0.954000619222433,
        "nauc_mrr_at_100_diff1": 1.0,
        "nauc_mrr_at_100_max": 1.0,
        "nauc_mrr_at_100_std": 0.954000619222433,
        "nauc_mrr_at_10_diff1": 1.0,
        "nauc_mrr_at_10_max": 1.0,
        "nauc_mrr_at_10_std": 0.9530791788856307,
        "nauc_mrr_at_1_diff1": 1.0,
        "nauc_mrr_at_1_max": 1.0,
        "nauc_mrr_at_1_std": 1.0,
        "nauc_mrr_at_20_diff1": 1.0,
        "nauc_mrr_at_20_max": 1.0,
        "nauc_mrr_at_20_std": 0.9530791788856307,
        "nauc_mrr_at_3_diff1": 1.0,
        "nauc_mrr_at_3_max": 1.0,
        "nauc_mrr_at_3_std": 0.9530791788856307,
        "nauc_mrr_at_5_diff1": 1.0,
        "nauc_mrr_at_5_max": 1.0,
        "nauc_mrr_at_5_std": 0.9530791788856307,
        "nauc_ndcg_at_1000_diff1": 1.0,
        "nauc_ndcg_at_1000_max": 1.0,
        "nauc_ndcg_at_1000_std": 0.9456845272002967,
        "nauc_ndcg_at_100_diff1": 1.0,
        "nauc_ndcg_at_100_max": 1.0,
        "nauc_ndcg_at_100_std": 0.9456845272002967,
        "nauc_ndcg_at_10_diff1": 1.0,
        "nauc_ndcg_at_10_max": 1.0,
        "nauc_ndcg_at_10_std": 0.9357072558894134,
        "nauc_ndcg_at_1_diff1": 1.0,
        "nauc_ndcg_at_1_max": 1.0,
        "nauc_ndcg_at_1_std": 1.0,
        "nauc_ndcg_at_20_diff1": 1.0,
        "nauc_ndcg_at_20_max": 1.0,
        "nauc_ndcg_at_20_std": 0.9357072558894134,
        "nauc_ndcg_at_3_diff1": 1.0,
        "nauc_ndcg_at_3_max": 1.0,
        "nauc_ndcg_at_3_std": 0.9357072558894134,
        "nauc_ndcg_at_5_diff1": 1.0,
        "nauc_ndcg_at_5_max": 1.0,
        "nauc_ndcg_at_5_std": 0.9357072558894134,
        "nauc_precision_at_1000_diff1": 1.0,
        "nauc_precision_at_1000_max": 1.0,
        "nauc_precision_at_1000_std": 1.0,
        "nauc_precision_at_100_diff1": 1.0,
        "nauc_precision_at_100_max": 1.0,
        "nauc_precision_at_100_std": 1.0,
        "nauc_precision_at_10_diff1": 1.0,
        "nauc_precision_at_10_max": 1.0,
        "nauc_precision_at_10_std": 0.8655462184873945,
        "nauc_precision_at_1_diff1": 1.0,
        "nauc_precision_at_1_max": 1.0,
        "nauc_precision_at_1_std": 1.0,
        "nauc_precision_at_20_diff1": 1.0,
        "nauc_precision_at_20_max": 1.0,
        "nauc_precision_at_20_std": 0.8655462184873945,
        "nauc_precision_at_3_diff1": 1.0,
        "nauc_precision_at_3_max": 1.0,
        "nauc_precision_at_3_std": 0.8655462184873953,
        "nauc_precision_at_5_diff1": 1.0,
        "nauc_precision_at_5_max": 1.0,
        "nauc_precision_at_5_std": 0.8655462184873945,
        "nauc_recall_at_1000_diff1": NaN,
        "nauc_recall_at_1000_max": NaN,
        "nauc_recall_at_1000_std": NaN,
        "nauc_recall_at_100_diff1": NaN,
        "nauc_recall_at_100_max": NaN,
        "nauc_recall_at_100_std": NaN,
        "nauc_recall_at_10_diff1": 1.0,
        "nauc_recall_at_10_max": 1.0,
        "nauc_recall_at_10_std": 0.8655462184873944,
        "nauc_recall_at_1_diff1": 1.0,
        "nauc_recall_at_1_max": 1.0,
        "nauc_recall_at_1_std": 1.0,
        "nauc_recall_at_20_diff1": 1.0,
        "nauc_recall_at_20_max": 1.0,
        "nauc_recall_at_20_std": 0.8655462184873944,
        "nauc_recall_at_3_diff1": 1.0,
        "nauc_recall_at_3_max": 1.0,
        "nauc_recall_at_3_std": 0.8655462184873944,
        "nauc_recall_at_5_diff1": 1.0,
        "nauc_recall_at_5_max": 1.0,
        "nauc_recall_at_5_std": 0.8655462184873944,
        "ndcg_at_1": 0.75,
        "ndcg_at_10": 0.82887,
        "ndcg_at_100": 0.8494,
        "ndcg_at_1000": 0.8494,
        "ndcg_at_20": 0.82887,
        "ndcg_at_3": 0.82887,
        "ndcg_at_5": 0.82887,
        "precision_at_1": 0.75,
        "precision_at_10": 0.0875,
        "precision_at_100": 0.01,
        "precision_at_1000": 0.001,
        "precision_at_20": 0.04375,
        "precision_at_3": 0.29167,
        "precision_at_5": 0.175,
        "recall_at_1": 0.75,
        "recall_at_10": 0.875,
        "recall_at_100": 1.0,
        "recall_at_1000": 1.0,
        "recall_at_20": 0.875,
        "recall_at_3": 0.875,
        "recall_at_5": 0.875
      }
    ],
    "test": [
      {
        "hf_subset": "default",
        "languages": [
          "eng-Latn"
        ],
        "main_score": 0.61796,
        "map_at_1": 0.5,
        "map_at_10": 0.58333,
        "map_at_100": 0.5911,
        "map_at_1000": 0.59124,
        "map_at_20": 0.58611,
        "map_at_3": 0.55556,
        "map_at_5": 0.58333,
        "mrr_at_1": 0.5,
        "mrr_at_10": 0.5833333333333334,
        "mrr_at_100": 0.5910974920341248,
        "mrr_at_1000": 0.5912384959822353,
        "mrr_at_20": 0.5861111111111111,
        "mrr_at_3": 0.5555555555555556,
        "mrr_at_5": 0.5833333333333334,
        "nauc_map_at_1000_diff1": 0.9027573852263483,
        "nauc_map_at_1000_max": 0.7711215056505241,
        "nauc_map_at_1000_std": -0.32189470274292237,
        "nauc_map_at_100_diff1": 0.9028020452992339,
        "nauc_map_at_100_max": 0.7711658364025312,
        "nauc_map_at_100_std": -0.32158108394923673,
        "nauc_map_at_10_diff1": 0.8994898470582569,
        "nauc_map_at_10_max": 0.7661061362846441,
        "nauc_map_at_10_std": -0.3315662176956292,
        "nauc_map_at_1_diff1": 0.9625364612206992,
        "nauc_map_at_1_max": 0.8462535291654677,
        "nauc_map_at_1_std": -0.243855450996353,
        "nauc_map_at_20_diff1": 0.9003003571088422,
        "nauc_map_at_20_max": 0.7660645594201262,
        "nauc_map_at_20_std": -0.3369032863734139,
        "nauc_map_at_3_diff1": 0.9174562835969802,
        "nauc_map_at_3_max": 0.8027773503615944,
        "nauc_map_at_3_std": -0.2685251825342854,
        "nauc_map_at_5_diff1": 0.8994898470582569,
        "nauc_map_at_5_max": 0.7661061362846441,
        "nauc_map_at_5_std": -0.3315662176956292,
        "nauc_mrr_at_1000_diff1": 0.9027573852263483,
        "nauc_mrr_at_1000_max": 0.7711215056505241,
        "nauc_mrr_at_1000_std": -0.32189470274292237,
        "nauc_mrr_at_100_diff1": 0.9028020452992339,
        "nauc_mrr_at_100_max": 0.7711658364025312,
        "nauc_mrr_at_100_std": -0.32158108394923673,
        "nauc_mrr_at_10_diff1": 0.8994898470582569,
        "nauc_mrr_at_10_max": 0.7661061362846441,
        "nauc_mrr_at_10_std": -0.3315662176956292,
        "nauc_mrr_at_1_diff1": 0.9625364612206992,