{
  "dataset_revision": "831d292c3959eae59e4f89b8758738feee97d6cf",
  "evaluation_time": 1462.3052110671997,
  "kg_co2_emissions": null,
  "mteb_version": "1.14.2",
  "scores": {
    "test": [
      {
        "hf_subset": "default",
        "languages": [
          "eng-Latn"
        ],
        "main_score": 0.01085,
        "map_at_1": 0.00515,
        "map_at_10": 0.00849,
        "map_at_100": 0.01005,
        "map_at_1000": 0.0108,
        "map_at_20": 0.0091,
        "map_at_3": 0.00695,
        "map_at_5": 0.00766,
        "mrr_at_1": 0.00647592134699164,
        "mrr_at_10": 0.00976710045060452,
        "mrr_at_100": 0.011333657660805251,
        "mrr_at_1000": 0.01200906890358968,
        "mrr_at_20": 0.010389072084963338,
        "mrr_at_3": 0.008143961693944032,
        "mrr_at_5": 0.008985831469052949,
        "nauc_map_at_1000_diff1": 0.21810401397850418,
        "nauc_map_at_1000_max": 0.3946774772537802,
        "nauc_map_at_1000_std": 0.40022326733590774,
        "nauc_map_at_100_diff1": 0.2349347349167445,
        "nauc_map_at_100_max": 0.4157093878832897,
        "nauc_map_at_100_std": 0.39564676301473495,
        "nauc_map_at_10_diff1": 0.28435464405307836,
        "nauc_map_at_10_max": 0.4685621678871386,
        "nauc_map_at_10_std": 0.3966310957901413,
        "nauc_map_at_1_diff1": 0.5141926210077585,
        "nauc_map_at_1_max": 0.5720857826104209,
        "nauc_map_at_1_std": 0.38718982703071014,
        "nauc_map_at_20_diff1": 0.26322027952838656,
        "nauc_map_at_20_max": 0.4542477061265048,
        "nauc_map_at_20_std": 0.39218122736669764,
        "nauc_map_at_3_diff1": 0.35300316316043967,
        "nauc_map_at_3_max": 0.4879901952384811,
        "nauc_map_at_3_std": 0.3751886807886773,
        "nauc_map_at_5_diff1": 0.3251168050297837,
        "nauc_map_at_5_max": 0.4846754636420568,
        "nauc_map_at_5_std": 0.3781023092072869,
        "nauc_mrr_at_1000_diff1": 0.18733715027859105,
        "nauc_mrr_at_1000_max": 0.36661492405959106,
        "nauc_mrr_at_1000_std": 0.38463855400160885,
        "nauc_mrr_at_100_diff1": 0.1989551535449531,
        "nauc_mrr_at_100_max": 0.38190684431943983,
        "nauc_mrr_at_100_std": 0.3832714797771199,
        "nauc_mrr_at_10_diff1": 0.23403891645521452,
        "nauc_mrr_at_10_max": 0.4258144812246252,
        "nauc_mrr_at_10_std": 0.3894206119554588,
        "nauc_mrr_at_1_diff1": 0.38383693392626494,
        "nauc_mrr_at_1_max": 0.5235376003710676,
        "nauc_mrr_at_1_std": 0.4079815247537484,
        "nauc_mrr_at_20_diff1": 0.21830270378978214,
        "nauc_mrr_at_20_max": 0.41199971960952064,
        "nauc_mrr_at_20_std": 0.38644530439012714,
        "nauc_mrr_at_3_diff1": 0.2825606435617686,
        "nauc_mrr_at_3_max": 0.43980690680786866,
        "nauc_mrr_at_3_std": 0.3740868535941086,
        "nauc_mrr_at_5_diff1": 0.2596325719895905,
        "nauc_mrr_at_5_max": 0.4354160563051181,
        "nauc_mrr_at_5_std": 0.37676042105261515,
        "nauc_ndcg_at_1000_diff1": 0.0131883713311409,
        "nauc_ndcg_at_1000_max": 0.1572119660267027,
        "nauc_ndcg_at_1000_std": 0.42965457406165625,
        "nauc_ndcg_at_100_diff1": 0.09944353738119864,
        "nauc_ndcg_at_100_max": 0.2748853209346074,
        "nauc_ndcg_at_100_std": 0.399276157291597,
        "nauc_ndcg_at_10_diff1": 0.21254168006504695,
        "nauc_ndcg_at_10_max": 0.43005174871426244,
        "nauc_ndcg_at_10_std": 0.40225536956189273,
        "nauc_ndcg_at_1_diff1": 0.38383693392626494,
        "nauc_ndcg_at_1_max": 0.5235376003710676,
        "nauc_ndcg_at_1_std": 0.4079815247537484,
        "nauc_ndcg_at_20_diff1": 0.17230574314715008,
        "nauc_ndcg_at_20_max": 0.4006411263259541,
        "nauc_ndcg_at_20_std": 0.39398331614374227,
        "nauc_ndcg_at_3_diff1": 0.29809923158335366,
        "nauc_ndcg_at_3_max": 0.45592832466364636,
        "nauc_ndcg_at_3_std": 0.3727891714525086,
        "nauc_ndcg_at_5_diff1": 0.27311798581030633,
        "nauc_ndcg_at_5_max": 0.45651161716320565,
        "nauc_ndcg_at_5_std": 0.37283094283662305,
        "nauc_precision_at_1000_diff1": -0.0547199129199779,
        "nauc_precision_at_1000_max": 0.04123674255884449,
        "nauc_precision_at_1000_std": 0.4037843883949907,
        "nauc_precision_at_100_diff1": -0.016772769214792555,
        "nauc_precision_at_100_max": 0.1429884304852176,
        "nauc_precision_at_100_std": 0.42084851643644366,
        "nauc_precision_at_10_diff1": 0.046482300618501456,
        "nauc_precision_at_10_max": 0.33678881941023514,
        "nauc_precision_at_10_std": 0.44713053648726575,
        "nauc_precision_at_1_diff1": 0.38383693392626494,
        "nauc_precision_at_1_max": 0.5235376003710676,
        "nauc_precision_at_1_std": 0.4079815247537484,
        "nauc_precision_at_20_diff1": 0.006738212707251991,
        "nauc_precision_at_20_max": 0.2838687436989005,
        "nauc_precision_at_20_std": 0.4171760069497599,
        "nauc_precision_at_3_diff1": 0.1455730475134842,
        "nauc_precision_at_3_max": 0.35648926080548343,
        "nauc_precision_at_3_std": 0.3678881761315243,
        "nauc_precision_at_5_diff1": 0.11391837327396839,
        "nauc_precision_at_5_max": 0.36473771557435,
        "nauc_precision_at_5_std": 0.38732557229560116,
        "nauc_recall_at_1000_diff1": -0.06169049963722748,
        "nauc_recall_at_1000_max": 0.06939922066114183,
        "nauc_recall_at_1000_std": 0.4455385874199008,
        "nauc_recall_at_100_diff1": 0.01309701835091138,
        "nauc_recall_at_100_max": 0.1735618750584617,
        "nauc_recall_at_100_std": 0.4035717556828577,
        "nauc_recall_at_10_diff1": 0.12634785257474807,
        "nauc_recall_at_10_max": 0.39676954428633493,
        "nauc_recall_at_10_std": 0.41467432682913663,
        "nauc_recall_at_1_diff1": 0.5141926210077585,
        "nauc_recall_at_1_max": 0.5720857826104209,
        "nauc_recall_at_1_std": 0.38718982703071014,
        "nauc_recall_at_20_diff1": 0.08098015380775303,
        "nauc_recall_at_20_max": 0.36184964078728316,
        "nauc_recall_at_20_std": 0.39767914944742216,
        "nauc_recall_at_3_diff1": 0.25891329215313175,
        "nauc_recall_at_3_max": 0.43392039014720324,
        "nauc_recall_at_3_std": 0.3561118647066507,
        "nauc_recall_at_5_diff1": 0.21889227442893197,
        "nauc_recall_at_5_max": 0.4432302417670225,
        "nauc_recall_at_5_std": 0.3628048593142445,
        "ndcg_at_1": 0.00648,
        "ndcg_at_10": 0.01085,
        "ndcg_at_100": 0.02023,
        "ndcg_at_1000": 0.04528,
        "ndcg_at_20": 0.01299,
        "ndcg_at_3": 0.00783,
        "ndcg_at_5": 0.009,
        "precision_at_1": 0.00648,
        "precision_at_10": 0.00239,
        "precision_at_100": 0.00099,
        "precision_at_1000": 0.00044,
        "precision_at_20": 0.00181,
        "precision_at_3": 0.00392,
        "precision_at_5": 0.00323,
        "recall_at_1": 0.00515,
        "recall_at_10": 0.01682,
        "recall_at_100": 0.0596,
        "recall_at_1000": 0.24185,
        "recall_at_20": 0.0244,
        "recall_at_3": 0.00869,
        "recall_at_5": 0.01163
      }
    ]
  },
  "task_name": "CoconutRetrieval"
}