{
  "dataset_revision": "d8865a1b3a269aa2f4b4059a13c1037a9adfbc5d",
  "evaluation_time": 248.16218614578247,
  "kg_co2_emissions": null,
  "mteb_version": "1.14.2",
  "scores": {
    "test": [
      {
        "cosine_accuracy": 0.89990234375,
        "cosine_accuracy_threshold": 0.3413111942126023,
        "cosine_ap": 0.09602577129404934,
        "cosine_f1": 0.1819004524886878,
        "cosine_f1_threshold": 0.016911275206125675,
        "cosine_precision": 0.10019940179461616,
        "cosine_recall": 0.9852941176470589,
        "dot_accuracy": 0.89990234375,
        "dot_accuracy_threshold": 0.34131119564186524,
        "dot_ap": 0.09602577129404934,
        "dot_f1": 0.1819004524886878,
        "dot_f1_threshold": 0.016911274534718107,
        "dot_precision": 0.10019940179461616,
        "dot_recall": 0.9852941176470589,
        "euclidean_accuracy": 0.89990234375,
        "euclidean_accuracy_threshold": 1.147738269090424,
        "euclidean_ap": 0.09602577129404934,
        "euclidean_f1": 0.1819004524886878,
        "euclidean_f1_threshold": 1.4022044625898267,
        "euclidean_precision": 0.10019940179461616,
        "euclidean_recall": 0.9852941176470589,
        "hf_subset": "default",
        "languages": [
          "eng-Latn"
        ],
        "main_score": 0.18247843849296413,
        "manhattan_accuracy": 0.89990234375,
        "manhattan_accuracy_threshold": 29.0091509346232,
        "manhattan_ap": 0.0963417248476894,
        "manhattan_f1": 0.18247843849296413,
        "manhattan_f1_threshold": 35.684796465176504,
        "manhattan_precision": 0.10055027513756878,
        "manhattan_recall": 0.9852941176470589,
        "max_accuracy": 0.89990234375,
        "max_ap": 0.0963417248476894,
        "max_f1": 0.18247843849296413,
        "max_precision": 0.10055027513756878,
        "max_recall": 0.9852941176470589,
        "similarity_accuracy": 0.89990234375,
        "similarity_accuracy_threshold": 0.3413111942126023,
        "similarity_ap": 0.09602577129404934,
        "similarity_f1": 0.1819004524886878,
        "similarity_f1_threshold": 0.016911275206125675,
        "similarity_precision": 0.10019940179461616,
        "similarity_recall": 0.9852941176470589
      }
    ]
  },
  "task_name": "PubChemSMILESIsoTitlePC"
}