{
  "dataset_revision": "023e7a813e3b73d8d33551ed2aea511314d612e2",
  "evaluation_time": 58.182934522628784,
  "kg_co2_emissions": null,
  "mteb_version": "1.14.15",
  "scores": {
    "test": [
      {
        "hf_subset": "default",
        "languages": [
          "eng-Latn"
        ],
        "main_score": 0.52805,
        "map_at_1": 0.25309,
        "map_at_10": 0.4305,
        "map_at_100": 0.44081,
        "map_at_1000": 0.4411,
        "map_at_20": 0.43668,
        "map_at_3": 0.35185,
        "map_at_5": 0.41667,
        "mrr_at_1": 0.3333333333333333,
        "mrr_at_10": 0.4877572016460905,
        "mrr_at_100": 0.4925787175787176,
        "mrr_at_1000": 0.49286806943056943,
        "mrr_at_20": 0.4898148148148148,
        "mrr_at_3": 0.43827160493827155,
        "mrr_at_5": 0.4753086419753086,
        "nauc_map_at_1000_diff1": 0.3432194106156028,
        "nauc_map_at_1000_max": 0.2671365084544151,
        "nauc_map_at_1000_std": 0.25418141170622743,
        "nauc_map_at_100_diff1": 0.3432334043232792,
        "nauc_map_at_100_max": 0.2672247967357482,
        "nauc_map_at_100_std": 0.25376176747239504,
        "nauc_map_at_10_diff1": 0.3545843679893633,
        "nauc_map_at_10_max": 0.2806128809364659,
        "nauc_map_at_10_std": 0.2579044397948832,
        "nauc_map_at_1_diff1": 0.22808765420753674,
        "nauc_map_at_1_max": 0.09803895818799305,
        "nauc_map_at_1_std": 0.24150735391339287,
        "nauc_map_at_20_diff1": 0.34719984875086346,
        "nauc_map_at_20_max": 0.27613131962343623,
        "nauc_map_at_20_std": 0.26098072438444353,
        "nauc_map_at_3_diff1": 0.24168211260929445,
        "nauc_map_at_3_max": 0.23689100162141483,
        "nauc_map_at_3_std": 0.2605516362833719,
        "nauc_map_at_5_diff1": 0.3273116347524503,
        "nauc_map_at_5_max": 0.2518617108489046,
        "nauc_map_at_5_std": 0.2479384515673554,
        "nauc_mrr_at_1000_diff1": 0.40099416172174845,
        "nauc_mrr_at_1000_max": 0.24447285105982017,
        "nauc_mrr_at_1000_std": 0.1968992145470295,
        "nauc_mrr_at_100_diff1": 0.40095384863396366,
        "nauc_mrr_at_100_max": 0.24457777845901996,
        "nauc_mrr_at_100_std": 0.1965535955603151,
        "nauc_mrr_at_10_diff1": 0.4094158274793092,
        "nauc_mrr_at_10_max": 0.25025766747164174,
        "nauc_mrr_at_10_std": 0.20204115835749423,
        "nauc_mrr_at_1_diff1": 0.401737982620174,
        "nauc_mrr_at_1_max": 0.13092529539820894,
        "nauc_mrr_at_1_std": 0.1273674705113414,
        "nauc_mrr_at_20_diff1": 0.4051956296410344,
        "nauc_mrr_at_20_max": 0.2509379115708154,
        "nauc_mrr_at_20_std": 0.20244758205717914,
        "nauc_mrr_at_3_diff1": 0.351011404841288,
        "nauc_mrr_at_3_max": 0.26512490747176415,
        "nauc_mrr_at_3_std": 0.19219962501504004,
        "nauc_mrr_at_5_diff1": 0.3902634895642265,
        "nauc_mrr_at_5_max": 0.23181802710468005,
        "nauc_mrr_at_5_std": 0.1972748383121886,
        "nauc_ndcg_at_1000_diff1": 0.3908517017189185,
        "nauc_ndcg_at_1000_max": 0.2983743656041149,
        "nauc_ndcg_at_1000_std": 0.25053901759772756,
        "nauc_ndcg_at_100_diff1": 0.39014336168064984,
        "nauc_ndcg_at_100_max": 0.29963305167495613,
        "nauc_ndcg_at_100_std": 0.24147565385243716,
        "nauc_ndcg_at_10_diff1": 0.44576589294741614,
        "nauc_ndcg_at_10_max": 0.36199320966967574,
        "nauc_ndcg_at_10_std": 0.2760742291958194,
        "nauc_ndcg_at_1_diff1": 0.401737982620174,
        "nauc_ndcg_at_1_max": 0.13092529539820894,
        "nauc_ndcg_at_1_std": 0.1273674705113414,
        "nauc_ndcg_at_20_diff1": 0.4194535630536568,
        "nauc_ndcg_at_20_max": 0.3557436039092735,
        "nauc_ndcg_at_20_std": 0.28851010624689916,
        "nauc_ndcg_at_3_diff1": 0.26250999707721206,
        "nauc_ndcg_at_3_max": 0.29617895828728596,
        "nauc_ndcg_at_3_std": 0.2598056679190977,
        "nauc_ndcg_at_5_diff1": 0.3804348401108736,
        "nauc_ndcg_at_5_max": 0.29191506029627823,
        "nauc_ndcg_at_5_std": 0.252449527370549,
        "nauc_precision_at_1000_diff1": 0.4812975549607532,
        "nauc_precision_at_1000_max": 0.22827761282697018,
        "nauc_precision_at_1000_std": -0.058956410003942056,
        "nauc_precision_at_100_diff1": 0.4705466115530854,
        "nauc_precision_at_100_max": 0.23950853525679094,
        "nauc_precision_at_100_std": -0.06908704276619294,
        "nauc_precision_at_10_diff1": 0.7334440523965161,
        "nauc_precision_at_10_max": 0.5722705879339859,
        "nauc_precision_at_10_std": 0.14072550537736062,
        "nauc_precision_at_1_diff1": 0.401737982620174,
        "nauc_precision_at_1_max": 0.13092529539820894,
        "nauc_precision_at_1_std": 0.1273674705113414,
        "nauc_precision_at_20_diff1": 0.5948995642162794,
        "nauc_precision_at_20_max": 0.47847074275914975,
        "nauc_precision_at_20_std": 0.1456937053819446,
        "nauc_precision_at_3_diff1": 0.41181130478362055,
        "nauc_precision_at_3_max": 0.4154231523743065,
        "nauc_precision_at_3_std": 0.18667584908352208,
        "nauc_precision_at_5_diff1": 0.5265838911273404,
        "nauc_precision_at_5_max": 0.35131009728943524,
        "nauc_precision_at_5_std": 0.0965586899652646,
        "nauc_recall_at_1000_diff1": NaN,
        "nauc_recall_at_1000_max": NaN,
        "nauc_recall_at_1000_std": NaN,
        "nauc_recall_at_100_diff1": 0.35754995778215537,
        "nauc_recall_at_100_max": 0.35754995778215537,
        "nauc_recall_at_100_std": -0.1755639870964916,
        "nauc_recall_at_10_diff1": 0.6957179189128925,
        "nauc_recall_at_10_max": 0.6731452779817335,
        "nauc_recall_at_10_std": 0.38877933419816474,
        "nauc_recall_at_1_diff1": 0.22808765420753674,
        "nauc_recall_at_1_max": 0.09803895818799305,
        "nauc_recall_at_1_std": 0.24150735391339287,
        "nauc_recall_at_20_diff1": 0.6202682620259583,
        "nauc_recall_at_20_max": 0.7886245147603141,
        "nauc_recall_at_20_std": 0.534768855771835,
        "nauc_recall_at_3_diff1": 0.20510006506724354,
        "nauc_recall_at_3_max": 0.408355650374577,
        "nauc_recall_at_3_std": 0.29300788419435697,
        "nauc_recall_at_5_diff1": 0.47232635310805704,
        "nauc_recall_at_5_max": 0.4102586513995065,
        "nauc_recall_at_5_std": 0.30295838053964863,
        "ndcg_at_1": 0.33333,
        "ndcg_at_10": 0.52805,
        "ndcg_at_100": 0.57067,
        "ndcg_at_1000": 0.57596,
        "ndcg_at_20": 0.54682,
        "ndcg_at_3": 0.39933,
        "ndcg_at_5": 0.49247,
        "precision_at_1": 0.33333,
        "precision_at_10": 0.1,
        "precision_at_100": 0.01259,
        "precision_at_1000": 0.0013,
        "precision_at_20": 0.05556,
        "precision_at_3": 0.19753,
        "precision_at_5": 0.17037,
        "recall_at_1": 0.25309,
        "recall_at_10": 0.7716,
        "recall_at_100": 0.96296,
        "recall_at_1000": 1.0,
        "recall_at_20": 0.83951,
        "recall_at_3": 0.45679,
        "recall_at_5": 0.66049
      }
    ]
  },
  "task_name": "ChemNQRetrieval"
}