{
  "dataset_revision": "831d292c3959eae59e4f89b8758738feee97d6cf",
  "evaluation_time": 65.14020442962646,
  "kg_co2_emissions": null,
  "mteb_version": "1.14.15",
  "scores": {
    "test": [
      {
        "hf_subset": "default",
        "languages": [
          "eng-Latn"
        ],
        "main_score": 0.00396,
        "map_at_1": 0.00197,
        "map_at_10": 0.00315,
        "map_at_100": 0.00358,
        "map_at_1000": 0.00387,
        "map_at_20": 0.0033,
        "map_at_3": 0.0027,
        "map_at_5": 0.00286,
        "mrr_at_1": 0.0023548804898151417,
        "mrr_at_10": 0.0035595607213410097,
        "mrr_at_100": 0.004108994249745466,
        "mrr_at_1000": 0.004427888674836802,
        "mrr_at_20": 0.0037137658009326496,
        "mrr_at_3": 0.0030613446367596846,
        "mrr_at_5": 0.0032909454845166603,
        "nauc_map_at_1000_diff1": 0.39127055614652484,
        "nauc_map_at_1000_max": 0.3508515624285686,
        "nauc_map_at_1000_std": 0.4764966096206596,
        "nauc_map_at_100_diff1": 0.4203350586013647,
        "nauc_map_at_100_max": 0.3735101230857157,
        "nauc_map_at_100_std": 0.5124446823177622,
        "nauc_map_at_10_diff1": 0.47592128368494174,
        "nauc_map_at_10_max": 0.4147545404573276,
        "nauc_map_at_10_std": 0.5630354794928208,
        "nauc_map_at_1_diff1": 0.7058214010510268,
        "nauc_map_at_1_max": 0.6362577604767109,
        "nauc_map_at_1_std": 0.7896254855659369,
        "nauc_map_at_20_diff1": 0.456114611894031,
        "nauc_map_at_20_max": 0.39970304128877876,
        "nauc_map_at_20_std": 0.5414334081999996,
        "nauc_map_at_3_diff1": 0.5832272332320015,
        "nauc_map_at_3_max": 0.48858748377789946,
        "nauc_map_at_3_std": 0.6156582902212813,
        "nauc_map_at_5_diff1": 0.547539066595073,
        "nauc_map_at_5_max": 0.44672792551853663,
        "nauc_map_at_5_std": 0.5952089278485582,
        "nauc_mrr_at_1000_diff1": 0.3395716165711023,
        "nauc_mrr_at_1000_max": 0.31228008882540154,
        "nauc_mrr_at_1000_std": 0.4624295894711999,
        "nauc_mrr_at_100_diff1": 0.3623297242427025,
        "nauc_mrr_at_100_max": 0.328954012627727,
        "nauc_mrr_at_100_std": 0.4938643439928014,
        "nauc_mrr_at_10_diff1": 0.4206106639113017,
        "nauc_mrr_at_10_max": 0.3756176178976693,
        "nauc_mrr_at_10_std": 0.5519824121984925,
        "nauc_mrr_at_1_diff1": 0.6091075549366256,
        "nauc_mrr_at_1_max": 0.5834161979930871,
        "nauc_mrr_at_1_std": 0.7747519983809632,
        "nauc_mrr_at_20_diff1": 0.4034713980797208,
        "nauc_mrr_at_20_max": 0.36071044291082127,
        "nauc_mrr_at_20_std": 0.5335192788198717,
        "nauc_mrr_at_3_diff1": 0.5067039374884091,
        "nauc_mrr_at_3_max": 0.44621456372082546,
        "nauc_mrr_at_3_std": 0.616467989868467,
        "nauc_mrr_at_5_diff1": 0.4652964645115358,
        "nauc_mrr_at_5_max": 0.4034227725673591,
        "nauc_mrr_at_5_std": 0.577742918992913,
        "nauc_ndcg_at_1000_diff1": 0.09035272851567899,
        "nauc_ndcg_at_1000_max": 0.11594607510373829,
        "nauc_ndcg_at_1000_std": 0.13413621336258802,
        "nauc_ndcg_at_100_diff1": 0.20304208601641388,
        "nauc_ndcg_at_100_max": 0.2142608561835533,
        "nauc_ndcg_at_100_std": 0.3397650023845709,
        "nauc_ndcg_at_10_diff1": 0.36921157035142027,
        "nauc_ndcg_at_10_max": 0.32799283911300864,
        "nauc_ndcg_at_10_std": 0.49264552267461736,
        "nauc_ndcg_at_1_diff1": 0.6091075549366256,
        "nauc_ndcg_at_1_max": 0.5834161979930871,
        "nauc_ndcg_at_1_std": 0.7747519983809632,
        "nauc_ndcg_at_20_diff1": 0.32927107280667955,
        "nauc_ndcg_at_20_max": 0.293220460950754,
        "nauc_ndcg_at_20_std": 0.4466595149452986,
        "nauc_ndcg_at_3_diff1": 0.5259549663792463,
        "nauc_ndcg_at_3_max": 0.44735625913145705,
        "nauc_ndcg_at_3_std": 0.575640948371733,
        "nauc_ndcg_at_5_diff1": 0.4786236505252412,
        "nauc_ndcg_at_5_max": 0.37919816118937566,
        "nauc_ndcg_at_5_std": 0.5431504889245495,
        "nauc_precision_at_1000_diff1": 0.021992906819719698,
        "nauc_precision_at_1000_max": 0.04628071526447799,
        "nauc_precision_at_1000_std": 0.04163035547595465,
        "nauc_precision_at_100_diff1": 0.025561932479750735,
        "nauc_precision_at_100_max": 0.07424842077490132,
        "nauc_precision_at_100_std": 0.1778014108430163,
        "nauc_precision_at_10_diff1": 0.15803471206257658,
        "nauc_precision_at_10_max": 0.2238320706263953,
        "nauc_precision_at_10_std": 0.34806315058300213,
        "nauc_precision_at_1_diff1": 0.6091075549366256,
        "nauc_precision_at_1_max": 0.5834161979930871,
        "nauc_precision_at_1_std": 0.7747519983809632,
        "nauc_precision_at_20_diff1": 0.10255204564964149,
        "nauc_precision_at_20_max": 0.15958161225004222,
        "nauc_precision_at_20_std": 0.25339663578686344,
        "nauc_precision_at_3_diff1": 0.40761323805894994,
        "nauc_precision_at_3_max": 0.3774990747075653,
        "nauc_precision_at_3_std": 0.5055811259794036,
        "nauc_precision_at_5_diff1": 0.3134653176974002,
        "nauc_precision_at_5_max": 0.2621935311918885,
        "nauc_precision_at_5_std": 0.41986305007887653,
        "nauc_recall_at_1000_diff1": 0.024986609259204415,
        "nauc_recall_at_1000_max": 0.06801318205081378,
        "nauc_recall_at_1000_std": 0.042999171408320117,
        "nauc_recall_at_100_diff1": 0.04967958881058238,
        "nauc_recall_at_100_max": 0.12130491878816733,
        "nauc_recall_at_100_std": 0.21921062951482437,
        "nauc_recall_at_10_diff1": 0.22113420052666677,
        "nauc_recall_at_10_max": 0.1990463289481892,
        "nauc_recall_at_10_std": 0.39042351286073257,
        "nauc_recall_at_1_diff1": 0.7058214010510268,
        "nauc_recall_at_1_max": 0.6362577604767109,
        "nauc_recall_at_1_std": 0.7896254855659369,
        "nauc_recall_at_20_diff1": 0.17582253568297998,
        "nauc_recall_at_20_max": 0.15591620715304794,
        "nauc_recall_at_20_std": 0.3277259169808269,
        "nauc_recall_at_3_diff1": 0.48436497588460664,
        "nauc_recall_at_3_max": 0.38046989224557776,
        "nauc_recall_at_3_std": 0.4903175833031131,
        "nauc_recall_at_5_diff1": 0.39833703553974636,
        "nauc_recall_at_5_max": 0.2668150392556511,
        "nauc_recall_at_5_std": 0.4555605223220505,
        "ndcg_at_1": 0.00235,
        "ndcg_at_10": 0.00396,
        "ndcg_at_100": 0.00698,
        "ndcg_at_1000": 0.01932,
        "ndcg_at_20": 0.00445,
        "ndcg_at_3": 0.00301,
        "ndcg_at_5": 0.00331,
        "precision_at_1": 0.00235,
        "precision_at_10": 0.00077,
        "precision_at_100": 0.00034,
        "precision_at_1000": 0.00019,
        "precision_at_20": 0.00056,
        "precision_at_3": 0.00137,
        "precision_at_5": 0.00104,
        "recall_at_1": 0.00197,
        "recall_at_10": 0.00608,
        "recall_at_100": 0.02012,
        "recall_at_1000": 0.11562,
        "recall_at_20": 0.00764,
        "recall_at_3": 0.00346,
        "recall_at_5": 0.0042
      }
    ]
  },
  "task_name": "CoconutRetrieval"
}