{
  "dataset_revision": "023e7a813e3b73d8d33551ed2aea511314d612e2",
  "evaluation_time": 50.81917357444763,
  "kg_co2_emissions": null,
  "mteb_version": "1.14.15",
  "scores": {
    "test": [
      {
        "hf_subset": "default",
        "languages": [
          "eng-Latn"
        ],
        "main_score": 0.0,
        "map_at_1": 0.0,
        "map_at_10": 0.0,
        "map_at_100": 0.00329,
        "map_at_1000": 0.00467,
        "map_at_20": 0.00309,
        "map_at_3": 0.0,
        "map_at_5": 0.0,
        "mrr_at_1": 0.0,
        "mrr_at_10": 0.0,
        "mrr_at_100": 0.0034846674631620867,
        "mrr_at_1000": 0.004757117271943708,
        "mrr_at_20": 0.0030864197530864196,
        "mrr_at_3": 0.0,
        "mrr_at_5": 0.0,
        "nauc_map_at_1000_diff1": -0.25927057536497944,
        "nauc_map_at_1000_max": 0.5941322784462367,
        "nauc_map_at_1000_std": -0.16913840190618146,
        "nauc_map_at_100_diff1": -0.47309606157628437,
        "nauc_map_at_100_max": 0.6731105398777939,
        "nauc_map_at_100_std": -0.20580443944035476,
        "nauc_map_at_10_diff1": NaN,
        "nauc_map_at_10_max": NaN,
        "nauc_map_at_10_std": NaN,
        "nauc_map_at_1_diff1": NaN,
        "nauc_map_at_1_max": NaN,
        "nauc_map_at_1_std": NaN,
        "nauc_map_at_20_diff1": -0.49941445296448184,
        "nauc_map_at_20_max": 0.6952725371742147,
        "nauc_map_at_20_std": -0.2058044394403548,
        "nauc_map_at_3_diff1": NaN,
        "nauc_map_at_3_max": NaN,
        "nauc_map_at_3_std": NaN,
        "nauc_map_at_5_diff1": NaN,
        "nauc_map_at_5_max": NaN,
        "nauc_map_at_5_std": NaN,
        "nauc_mrr_at_1000_diff1": -0.2584149236344272,
        "nauc_mrr_at_1000_max": 0.5904974611116167,
        "nauc_mrr_at_1000_std": -0.16925799450550846,
        "nauc_mrr_at_100_diff1": -0.44978548634673793,
        "nauc_mrr_at_100_max": 0.6534813422723926,
        "nauc_mrr_at_100_std": -0.20580443944035479,
        "nauc_mrr_at_10_diff1": NaN,
        "nauc_mrr_at_10_max": NaN,
        "nauc_mrr_at_10_std": NaN,
        "nauc_mrr_at_1_diff1": NaN,
        "nauc_mrr_at_1_max": NaN,
        "nauc_mrr_at_1_std": NaN,
        "nauc_mrr_at_20_diff1": -0.49941445296448184,
        "nauc_mrr_at_20_max": 0.6952725371742147,
        "nauc_mrr_at_20_std": -0.2058044394403548,
        "nauc_mrr_at_3_diff1": NaN,
        "nauc_mrr_at_3_max": NaN,
        "nauc_mrr_at_3_std": NaN,
        "nauc_mrr_at_5_diff1": NaN,
        "nauc_mrr_at_5_max": NaN,
        "nauc_mrr_at_5_std": NaN,
        "nauc_ndcg_at_1000_diff1": 0.16733271033873542,
        "nauc_ndcg_at_1000_max": 0.2690747106372504,
        "nauc_ndcg_at_1000_std": -0.053915889569196566,
        "nauc_ndcg_at_100_diff1": -0.3877486169137448,
        "nauc_ndcg_at_100_max": 0.601241791899684,
        "nauc_ndcg_at_100_std": -0.20580443944035484,
        "nauc_ndcg_at_10_diff1": NaN,
        "nauc_ndcg_at_10_max": NaN,
        "nauc_ndcg_at_10_std": NaN,
        "nauc_ndcg_at_1_diff1": NaN,
        "nauc_ndcg_at_1_max": NaN,
        "nauc_ndcg_at_1_std": NaN,
        "nauc_ndcg_at_20_diff1": -0.49941445296448195,
        "nauc_ndcg_at_20_max": 0.6952725371742144,
        "nauc_ndcg_at_20_std": -0.2058044394403548,
        "nauc_ndcg_at_3_diff1": NaN,
        "nauc_ndcg_at_3_max": NaN,
        "nauc_ndcg_at_3_std": NaN,
        "nauc_ndcg_at_5_diff1": NaN,
        "nauc_ndcg_at_5_max": NaN,
        "nauc_ndcg_at_5_std": NaN,
        "nauc_precision_at_1000_diff1": 0.23522995879706846,
        "nauc_precision_at_1000_max": 0.10157831186387058,
        "nauc_precision_at_1000_std": -0.023078198942688793,
        "nauc_precision_at_100_diff1": -0.2822877240118523,
        "nauc_precision_at_100_max": 0.5124360594787432,
        "nauc_precision_at_100_std": -0.20580443944035468,
        "nauc_precision_at_10_diff1": NaN,
        "nauc_precision_at_10_max": NaN,
        "nauc_precision_at_10_std": NaN,
        "nauc_precision_at_1_diff1": NaN,
        "nauc_precision_at_1_max": NaN,
        "nauc_precision_at_1_std": NaN,
        "nauc_precision_at_20_diff1": -0.49941445296448195,
        "nauc_precision_at_20_max": 0.6952725371742148,
        "nauc_precision_at_20_std": -0.20580443944035487,
        "nauc_precision_at_3_diff1": NaN,
        "nauc_precision_at_3_max": NaN,
        "nauc_precision_at_3_std": NaN,
        "nauc_precision_at_5_diff1": NaN,
        "nauc_precision_at_5_max": NaN,
        "nauc_precision_at_5_std": NaN,
        "nauc_recall_at_1000_diff1": 0.3303135813479643,
        "nauc_recall_at_1000_max": 0.130099712783215,
        "nauc_recall_at_1000_std": -0.004866196867869426,
        "nauc_recall_at_100_diff1": -0.3546633003293954,
        "nauc_recall_at_100_max": 0.5733815520439001,
        "nauc_recall_at_100_std": -0.2058044394403547,
        "nauc_recall_at_10_diff1": NaN,
        "nauc_recall_at_10_max": NaN,
        "nauc_recall_at_10_std": NaN,
        "nauc_recall_at_1_diff1": NaN,
        "nauc_recall_at_1_max": NaN,
        "nauc_recall_at_1_std": NaN,
        "nauc_recall_at_20_diff1": -0.4994144529644819,
        "nauc_recall_at_20_max": 0.6952725371742144,
        "nauc_recall_at_20_std": -0.20580443944035484,
        "nauc_recall_at_3_diff1": NaN,
        "nauc_recall_at_3_max": NaN,
        "nauc_recall_at_3_std": NaN,
        "nauc_recall_at_5_diff1": NaN,
        "nauc_recall_at_5_max": NaN,
        "nauc_recall_at_5_std": NaN,
        "ndcg_at_1": 0.0,
        "ndcg_at_10": 0.0,
        "ndcg_at_100": 0.01347,
        "ndcg_at_1000": 0.0541,
        "ndcg_at_20": 0.01001,
        "ndcg_at_3": 0.0,
        "ndcg_at_5": 0.0,
        "precision_at_1": 0.0,
        "precision_at_10": 0.0,
        "precision_at_100": 0.00074,
        "precision_at_1000": 0.00048,
        "precision_at_20": 0.00185,
        "precision_at_3": 0.0,
        "precision_at_5": 0.0,
        "recall_at_1": 0.0,
        "recall_at_10": 0.0,
        "recall_at_100": 0.05556,
        "recall_at_1000": 0.37037,
        "recall_at_20": 0.03704,
        "recall_at_3": 0.0,
        "recall_at_5": 0.0
      }
    ]
  },
  "task_name": "ChemNQRetrieval"
}