{
  "dataset_revision": "831d292c3959eae59e4f89b8758738feee97d6cf",
  "evaluation_time": 61.707088470458984,
  "kg_co2_emissions": null,
  "mteb_version": "1.14.15",
  "scores": {
    "test": [
      {
        "hf_subset": "default",
        "languages": [
          "eng-Latn"
        ],
        "main_score": 0.00131,
        "map_at_1": 0.00024,
        "map_at_10": 0.00077,
        "map_at_100": 0.00116,
        "map_at_1000": 0.00137,
        "map_at_20": 0.00091,
        "map_at_3": 0.00044,
        "map_at_5": 0.00054,
        "mrr_at_1": 0.0002354880489815142,
        "mrr_at_10": 0.0009060215789286789,
        "mrr_at_100": 0.0013707815867585516,
        "mrr_at_1000": 0.0016342032814694427,
        "mrr_at_20": 0.0010565049989385597,
        "mrr_at_3": 0.000510224106126614,
        "mrr_at_5": 0.0006456297342909848,
        "nauc_map_at_1000_diff1": 0.07588760040998803,
        "nauc_map_at_1000_max": 0.2750420689347346,
        "nauc_map_at_1000_std": 0.2854123207138345,
        "nauc_map_at_100_diff1": 0.10235092093657241,
        "nauc_map_at_100_max": 0.2885858351143712,
        "nauc_map_at_100_std": 0.33151322494545077,
        "nauc_map_at_10_diff1": 0.19286836510042685,
        "nauc_map_at_10_max": 0.2741162455947329,
        "nauc_map_at_10_std": 0.3726043530536031,
        "nauc_map_at_1_diff1": 0.4647094419745321,
        "nauc_map_at_1_max": 0.38013836195725315,
        "nauc_map_at_1_std": 0.34076233363117114,
        "nauc_map_at_20_diff1": 0.14058999791640675,
        "nauc_map_at_20_max": 0.3113467518269467,
        "nauc_map_at_20_std": 0.41023261963232827,
        "nauc_map_at_3_diff1": 0.23477595907511764,
        "nauc_map_at_3_max": 0.1694602550924203,
        "nauc_map_at_3_std": 0.46481521348163285,
        "nauc_map_at_5_diff1": 0.170253559059377,
        "nauc_map_at_5_max": 0.17553200124334734,
        "nauc_map_at_5_std": 0.3192406121501521,
        "nauc_mrr_at_1000_diff1": 0.08839790646396699,
        "nauc_mrr_at_1000_max": 0.2583161570903188,
        "nauc_mrr_at_1000_std": 0.25944345594763135,
        "nauc_mrr_at_100_diff1": 0.11730503081061147,
        "nauc_mrr_at_100_max": 0.26692244529999826,
        "nauc_mrr_at_100_std": 0.3052265006280075,
        "nauc_mrr_at_10_diff1": 0.21445347160727968,
        "nauc_mrr_at_10_max": 0.2832736966778545,
        "nauc_mrr_at_10_std": 0.38225152197057694,
        "nauc_mrr_at_1_diff1": 0.4647094419745321,
        "nauc_mrr_at_1_max": 0.38013836195725315,
        "nauc_mrr_at_1_std": 0.34076233363117114,
        "nauc_mrr_at_20_diff1": 0.1617241726353105,
        "nauc_mrr_at_20_max": 0.2940883505423612,
        "nauc_mrr_at_20_std": 0.3892286257349676,
        "nauc_mrr_at_3_diff1": 0.2392532729415268,
        "nauc_mrr_at_3_max": 0.12828493547107087,
        "nauc_mrr_at_3_std": 0.4510762541082748,
        "nauc_mrr_at_5_diff1": 0.20928411574507388,
        "nauc_mrr_at_5_max": 0.1874847347926016,
        "nauc_mrr_at_5_std": 0.3274946064835387,
        "nauc_ndcg_at_1000_diff1": -0.04246501177820859,
        "nauc_ndcg_at_1000_max": 0.21892730525752035,
        "nauc_ndcg_at_1000_std": 0.06504085516830267,
        "nauc_ndcg_at_100_diff1": 0.022628486335994884,
        "nauc_ndcg_at_100_max": 0.26407165004602984,
        "nauc_ndcg_at_100_std": 0.20985463634165838,
        "nauc_ndcg_at_10_diff1": 0.17220776310180708,
        "nauc_ndcg_at_10_max": 0.3147556972658417,
        "nauc_ndcg_at_10_std": 0.38694147493860626,
        "nauc_ndcg_at_1_diff1": 0.4647094419745321,
        "nauc_ndcg_at_1_max": 0.38013836195725315,
        "nauc_ndcg_at_1_std": 0.34076233363117114,
        "nauc_ndcg_at_20_diff1": 0.08649350107517302,
        "nauc_ndcg_at_20_max": 0.3537461525128537,
        "nauc_ndcg_at_20_std": 0.4304916558552044,
        "nauc_ndcg_at_3_diff1": 0.18940539493684008,
        "nauc_ndcg_at_3_max": 0.11311381040044832,
        "nauc_ndcg_at_3_std": 0.48026771346555885,
        "nauc_ndcg_at_5_diff1": 0.11986755393995717,
        "nauc_ndcg_at_5_max": 0.1486111969290212,
        "nauc_ndcg_at_5_std": 0.28688715711703144,
        "nauc_precision_at_1000_diff1": -0.05379425565042488,
        "nauc_precision_at_1000_max": 0.1949347817179627,
        "nauc_precision_at_1000_std": 0.03361936363090626,
        "nauc_precision_at_100_diff1": 0.0020168502395321135,
        "nauc_precision_at_100_max": 0.209645167677707,
        "nauc_precision_at_100_std": 0.14739173794852958,
        "nauc_precision_at_10_diff1": 0.16656432907989355,
        "nauc_precision_at_10_max": 0.372159407799512,
        "nauc_precision_at_10_std": 0.44411008995558865,
        "nauc_precision_at_1_diff1": 0.4647094419745321,
        "nauc_precision_at_1_max": 0.38013836195725315,
        "nauc_precision_at_1_std": 0.34076233363117114,
        "nauc_precision_at_20_diff1": 0.030411893832046673,
        "nauc_precision_at_20_max": 0.3542242394197961,
        "nauc_precision_at_20_std": 0.48517489031810684,
        "nauc_precision_at_3_diff1": 0.11947971517838075,
        "nauc_precision_at_3_max": 0.011016451796808865,
        "nauc_precision_at_3_std": 0.5045290658635442,
        "nauc_precision_at_5_diff1": 0.10029456581503318,
        "nauc_precision_at_5_max": 0.1625381679061107,
        "nauc_precision_at_5_std": 0.2681295092084558,
        "nauc_recall_at_1000_diff1": -0.06371596667623901,
        "nauc_recall_at_1000_max": 0.21007736934269017,
        "nauc_recall_at_1000_std": 0.018882536524914437,
        "nauc_recall_at_100_diff1": -0.011960353322752894,
        "nauc_recall_at_100_max": 0.26029881475987404,
        "nauc_recall_at_100_std": 0.1448054712581767,
        "nauc_recall_at_10_diff1": 0.1509169001811341,
        "nauc_recall_at_10_max": 0.3564559382642062,
        "nauc_recall_at_10_std": 0.3891956296990175,
        "nauc_recall_at_1_diff1": 0.4647094419745321,
        "nauc_recall_at_1_max": 0.38013836195725315,
        "nauc_recall_at_1_std": 0.34076233363117114,
        "nauc_recall_at_20_diff1": 0.04515278624040782,
        "nauc_recall_at_20_max": 0.4064955570936845,
        "nauc_recall_at_20_std": 0.4443186394028289,
        "nauc_recall_at_3_diff1": 0.10904166809979382,
        "nauc_recall_at_3_max": 0.040856985683552664,
        "nauc_recall_at_3_std": 0.5124929906413467,
        "nauc_recall_at_5_diff1": 0.021772219596453975,
        "nauc_recall_at_5_max": 0.09619721604134948,
        "nauc_recall_at_5_std": 0.22064004871863446,
        "ndcg_at_1": 0.00024,
        "ndcg_at_10": 0.00131,
        "ndcg_at_100": 0.00392,
        "ndcg_at_1000": 0.01302,
        "ndcg_at_20": 0.00179,
        "ndcg_at_3": 0.00055,
        "ndcg_at_5": 0.00074,
        "precision_at_1": 0.00024,
        "precision_at_10": 0.00038,
        "precision_at_100": 0.00024,
        "precision_at_1000": 0.00015,
        "precision_at_20": 0.00032,
        "precision_at_3": 0.00031,
        "precision_at_5": 0.00031,
        "recall_at_1": 0.00024,
        "recall_at_10": 0.0029,
        "recall_at_100": 0.01526,
        "recall_at_1000": 0.08355,
        "recall_at_20": 0.00457,
        "recall_at_3": 0.00078,
        "recall_at_5": 0.00122
      }
    ]
  },
  "task_name": "CoconutRetrieval"
}