{
  "dataset_revision": "a6c8bb2cb2ced89bf4576744c85b66b3319aa330",
  "evaluation_time": 5.805781841278076,
  "kg_co2_emissions": null,
  "mteb_version": "1.14.15",
  "scores": {
    "test": [
      {
        "cosine_accuracy": 0.89990234375,
        "cosine_accuracy_threshold": 0.7599285244941711,
        "cosine_ap": 0.096887059792891,
        "cosine_f1": 0.18338629142078985,
        "cosine_f1_threshold": 0.5483856201171875,
        "cosine_precision": 0.10105052526263132,
        "cosine_recall": 0.9901960784313726,
        "dot_accuracy": 0.89990234375,
        "dot_accuracy_threshold": 192.28546142578125,
        "dot_ap": 0.0950747758355448,
        "dot_f1": 0.18613669413475523,
        "dot_f1_threshold": 138.12103271484375,
        "dot_precision": 0.10328133405056482,
        "dot_recall": 0.9411764705882353,
        "euclidean_accuracy": 0.90087890625,
        "euclidean_accuracy_threshold": 10.180665016174316,
        "euclidean_ap": 0.10271804118195847,
        "euclidean_f1": 0.1826442526124489,
        "euclidean_f1_threshold": 15.519561767578125,
        "euclidean_precision": 0.10065097646469705,
        "euclidean_recall": 0.9852941176470589,
        "hf_subset": "default",
        "languages": [
          "eng-Latn"
        ],
        "main_score": 0.18613669413475523,
        "manhattan_accuracy": 0.90087890625,
        "manhattan_accuracy_threshold": 222.0020751953125,
        "manhattan_ap": 0.10195595080436753,
        "manhattan_f1": 0.1826442526124489,
        "manhattan_f1_threshold": 341.9593200683594,
        "manhattan_precision": 0.10065097646469705,
        "manhattan_recall": 0.9852941176470589,
        "max_accuracy": 0.90087890625,
        "max_ap": 0.10271804118195847,
        "max_f1": 0.18613669413475523,
        "max_precision": 0.10328133405056482,
        "max_recall": 0.9901960784313726,
        "similarity_accuracy": 0.89990234375,
        "similarity_accuracy_threshold": 0.7599284648895264,
        "similarity_ap": 0.096887059792891,
        "similarity_f1": 0.18338629142078985,
        "similarity_f1_threshold": 0.548385739326477,
        "similarity_precision": 0.10105052526263132,
        "similarity_recall": 0.9901960784313726
      }
    ]
  },
  "task_name": "PubChemSMILESIsoDescPC"
}