{
  "dataset_revision": "7fb14716e4106b72f51a16e682e5cd2d67e9bd70",
  "evaluation_time": 5.412914752960205,
  "kg_co2_emissions": null,
  "mteb_version": "1.15.7",
  "scores": {
    "test": [
      {
        "cosine_accuracy": 0.8994140625,
        "cosine_accuracy_threshold": 0.9628198146820068,
        "cosine_ap": 0.10433720527159644,
        "cosine_f1": 0.18985695708712613,
        "cosine_f1_threshold": 0.798835813999176,
        "cosine_precision": 0.10952738184546136,
        "cosine_recall": 0.7121951219512195,
        "dot_accuracy": 0.8994140625,
        "dot_accuracy_threshold": 249.29830932617188,
        "dot_ap": 0.09238396034087035,
        "dot_f1": 0.18295403837572513,
        "dot_f1_threshold": 130.79550170898438,
        "dot_precision": 0.1006876227897839,
        "dot_recall": 1.0,
        "euclidean_accuracy": 0.8994140625,
        "euclidean_accuracy_threshold": 3.834507465362549,
        "euclidean_ap": 0.1049373034990943,
        "euclidean_f1": 0.1912442396313364,
        "euclidean_f1_threshold": 7.9584550857543945,
        "euclidean_precision": 0.12518853695324283,
        "euclidean_recall": 0.40487804878048783,
        "hf_subset": "default",
        "languages": [
          "eng-Latn"
        ],
        "main_score": 0.1913875598086124,
        "manhattan_accuracy": 0.8994140625,
        "manhattan_accuracy_threshold": 82.62042999267578,
        "manhattan_ap": 0.10581765434358739,
        "manhattan_f1": 0.1913875598086124,
        "manhattan_f1_threshold": 172.70260620117188,
        "manhattan_precision": 0.12678288431061807,
        "manhattan_recall": 0.3902439024390244,
        "max_accuracy": 0.8994140625,
        "max_ap": 0.10581765434358739,
        "max_f1": 0.1913875598086124,
        "max_precision": 0.12678288431061807,
        "max_recall": 1.0,
        "similarity_accuracy": 0.8994140625,
        "similarity_accuracy_threshold": 0.9628198146820068,
        "similarity_ap": 0.10433720527159646,
        "similarity_f1": 0.18985695708712613,
        "similarity_f1_threshold": 0.7988357543945312,
        "similarity_precision": 0.10952738184546136,
        "similarity_recall": 0.7121951219512195
      }
    ]
  },
  "task_name": "PubChemWikiParagraphsPC"
}