{
  "dataset_revision": "main",
  "task_name": "FSUChemRxivQest",
  "mteb_version": "0.1",
  "scores": {
    "test": [
      {
        "ndcg_at_1": 0.43666,
        "ndcg_at_3": 0.44759,
        "ndcg_at_5": 0.47996,
        "ndcg_at_10": 0.51796,
        "ndcg_at_20": 0.54437,
        "ndcg_at_100": 0.57361,
        "ndcg_at_1000": 0.58401,
        "map_at_1": 0.30295,
        "map_at_3": 0.38946,
        "map_at_5": 0.40886,
        "map_at_10": 0.42694,
        "map_at_20": 0.436,
        "map_at_100": 0.44189,
        "map_at_1000": 0.44242,
        "recall_at_1": 0.30295,
        "recall_at_3": 0.47923,
        "recall_at_5": 0.5484,
        "recall_at_10": 0.6507,
        "recall_at_20": 0.74065,
        "recall_at_100": 0.8711,
        "recall_at_1000": 0.94095,
        "precision_at_1": 0.43666,
        "precision_at_3": 0.23344,
        "precision_at_5": 0.16231,
        "precision_at_10": 0.09763,
        "precision_at_20": 0.05659,
        "precision_at_100": 0.01367,
        "precision_at_1000": 0.0015,
        "mrr_at_1": 0.436663,
        "mrr_at_3": 0.534501,
        "mrr_at_5": 0.552575,
        "mrr_at_10": 0.566793,
        "mrr_at_20": 0.571694,
        "mrr_at_100": 0.573743,
        "mrr_at_1000": 0.573849,
        "nauc_ndcg_at_1_max": 0.175453,
        "nauc_ndcg_at_1_std": -0.186409,
        "nauc_ndcg_at_1_diff1": 0.452424,
        "nauc_ndcg_at_3_max": 0.172606,
        "nauc_ndcg_at_3_std": -0.184308,
        "nauc_ndcg_at_3_diff1": 0.374881,
        "nauc_ndcg_at_5_max": 0.170135,
        "nauc_ndcg_at_5_std": -0.182195,
        "nauc_ndcg_at_5_diff1": 0.364123,
        "nauc_ndcg_at_10_max": 0.176964,
        "nauc_ndcg_at_10_std": -0.170273,
        "nauc_ndcg_at_10_diff1": 0.353278,
        "nauc_ndcg_at_20_max": 0.185239,
        "nauc_ndcg_at_20_std": -0.158386,
        "nauc_ndcg_at_20_diff1": 0.34865,
        "nauc_ndcg_at_100_max": 0.187623,
        "nauc_ndcg_at_100_std": -0.142178,
        "nauc_ndcg_at_100_diff1": 0.356541,
        "nauc_ndcg_at_1000_max": 0.185736,
        "nauc_ndcg_at_1000_std": -0.145677,
        "nauc_ndcg_at_1000_diff1": 0.363525,
        "nauc_map_at_1_max": 0.173545,
        "nauc_map_at_1_std": -0.144534,
        "nauc_map_at_1_diff1": 0.403987,
        "nauc_map_at_3_max": 0.167142,
        "nauc_map_at_3_std": -0.171688,
        "nauc_map_at_3_diff1": 0.368339,
        "nauc_map_at_5_max": 0.166293,
        "nauc_map_at_5_std": -0.169686,
        "nauc_map_at_5_diff1": 0.362711,
        "nauc_map_at_10_max": 0.169234,
        "nauc_map_at_10_std": -0.164675,
        "nauc_map_at_10_diff1": 0.3593,
        "nauc_map_at_20_max": 0.172665,
        "nauc_map_at_20_std": -0.161078,
        "nauc_map_at_20_diff1": 0.357902,
        "nauc_map_at_100_max": 0.173455,
        "nauc_map_at_100_std": -0.158316,
        "nauc_map_at_100_diff1": 0.35924,
        "nauc_map_at_1000_max": 0.173357,
        "nauc_map_at_1000_std": -0.15832,
        "nauc_map_at_1000_diff1": 0.359488,
        "nauc_recall_at_1_max": 0.173545,
        "nauc_recall_at_1_std": -0.144534,
        "nauc_recall_at_1_diff1": 0.403987,
        "nauc_recall_at_3_max": 0.156268,
        "nauc_recall_at_3_std": -0.166498,
        "nauc_recall_at_3_diff1": 0.298443,
        "nauc_recall_at_5_max": 0.141322,
        "nauc_recall_at_5_std": -0.158139,
        "nauc_recall_at_5_diff1": 0.256106,
        "nauc_recall_at_10_max": 0.148836,
        "nauc_recall_at_10_std": -0.111886,
        "nauc_recall_at_10_diff1": 0.189793,
        "nauc_recall_at_20_max": 0.169362,
        "nauc_recall_at_20_std": -0.041727,
        "nauc_recall_at_20_diff1": 0.123422,
        "nauc_recall_at_100_max": 0.185507,
        "nauc_recall_at_100_std": 0.179489,
        "nauc_recall_at_100_diff1": 0.053947,
        "nauc_recall_at_1000_max": 0.198711,
        "nauc_recall_at_1000_std": 0.359534,
        "nauc_recall_at_1000_diff1": 0.044985,
        "nauc_precision_at_1_max": 0.175453,
        "nauc_precision_at_1_std": -0.186409,
        "nauc_precision_at_1_diff1": 0.452424,
        "nauc_precision_at_3_max": 0.163898,
        "nauc_precision_at_3_std": -0.227317,
        "nauc_precision_at_3_diff1": 0.352879,
        "nauc_precision_at_5_max": 0.134865,
        "nauc_precision_at_5_std": -0.189146,
        "nauc_precision_at_5_diff1": 0.269516,
        "nauc_precision_at_10_max": 0.11909,
        "nauc_precision_at_10_std": -0.101481,
        "nauc_precision_at_10_diff1": 0.159115,
        "nauc_precision_at_20_max": 0.108487,
        "nauc_precision_at_20_std": -0.014322,
        "nauc_precision_at_20_diff1": 0.054565,
        "nauc_precision_at_100_max": 0.060207,
        "nauc_precision_at_100_std": 0.107066,
        "nauc_precision_at_100_diff1": -0.021365,
        "nauc_precision_at_1000_max": 0.017562,
        "nauc_precision_at_1000_std": 0.10453,
        "nauc_precision_at_1000_diff1": -0.027595,
        "nauc_mrr_at_1_max": 0.175453,
        "nauc_mrr_at_1_std": -0.186409,
        "nauc_mrr_at_1_diff1": 0.452424,
        "nauc_mrr_at_3_max": 0.18131,
        "nauc_mrr_at_3_std": -0.206857,
        "nauc_mrr_at_3_diff1": 0.429604,
        "nauc_mrr_at_5_max": 0.180907,
        "nauc_mrr_at_5_std": -0.205882,
        "nauc_mrr_at_5_diff1": 0.426521,
        "nauc_mrr_at_10_max": 0.183151,
        "nauc_mrr_at_10_std": -0.202875,
        "nauc_mrr_at_10_diff1": 0.422788,
        "nauc_mrr_at_20_max": 0.182941,
        "nauc_mrr_at_20_std": -0.202344,
        "nauc_mrr_at_20_diff1": 0.424026,
        "nauc_mrr_at_100_max": 0.182953,
        "nauc_mrr_at_100_std": -0.201511,
        "nauc_mrr_at_100_diff1": 0.424996,
        "nauc_mrr_at_1000_max": 0.182852,
        "nauc_mrr_at_1000_std": -0.201568,
        "nauc_mrr_at_1000_diff1": 0.42502,
        "main_score": 0.51796,
        "hf_subset": "default",
        "languages": [
          "eng-Latn"
        ]
      }
    ]
  },
  "evaluation_time": 54.15726327896118,
  "kg_co2_emissions": null
}