{
  "dataset_revision": "831d292c3959eae59e4f89b8758738feee97d6cf",
  "task_name": "CoconutRetrieval",
  "mteb_version": "1.36.8",
  "scores": {
    "test": [
      {
        "ndcg_at_1": 0.00024,
        "ndcg_at_3": 0.00028,
        "ndcg_at_5": 0.00032,
        "ndcg_at_10": 0.00057,
        "ndcg_at_20": 0.00087,
        "ndcg_at_100": 0.00199,
        "ndcg_at_1000": 0.00926,
        "map_at_1": 0.00024,
        "map_at_3": 0.00026,
        "map_at_5": 0.00028,
        "map_at_10": 0.00037,
        "map_at_20": 0.00044,
        "map_at_100": 0.00056,
        "map_at_1000": 0.00072,
        "recall_at_1": 0.00024,
        "recall_at_3": 0.00029,
        "recall_at_5": 0.00035,
        "recall_at_10": 0.00108,
        "recall_at_20": 0.00214,
        "recall_at_100": 0.00775,
        "recall_at_1000": 0.06222,
        "precision_at_1": 0.00024,
        "precision_at_3": 0.00012,
        "precision_at_5": 0.00012,
        "precision_at_10": 0.00016,
        "precision_at_20": 0.00018,
        "precision_at_100": 0.00013,
        "precision_at_1000": 0.00012,
        "mrr_at_1": 0.000235,
        "mrr_at_3": 0.000294,
        "mrr_at_5": 0.000347,
        "mrr_at_10": 0.000486,
        "mrr_at_20": 0.000594,
        "mrr_at_100": 0.000779,
        "mrr_at_1000": 0.001009,
        "nauc_ndcg_at_1_max": -0.390251,
        "nauc_ndcg_at_1_std": 0.17167,
        "nauc_ndcg_at_1_diff1": -0.087879,
        "nauc_ndcg_at_3_max": -0.33844,
        "nauc_ndcg_at_3_std": 0.050699,
        "nauc_ndcg_at_3_diff1": -0.10699,
        "nauc_ndcg_at_5_max": -0.290079,
        "nauc_ndcg_at_5_std": 0.039356,
        "nauc_ndcg_at_5_diff1": -0.104115,
        "nauc_ndcg_at_10_max": -0.186268,
        "nauc_ndcg_at_10_std": 0.137008,
        "nauc_ndcg_at_10_diff1": 0.017602,
        "nauc_ndcg_at_20_max": -0.131961,
        "nauc_ndcg_at_20_std": 0.219143,
        "nauc_ndcg_at_20_diff1": 0.103068,
        "nauc_ndcg_at_100_max": -0.021634,
        "nauc_ndcg_at_100_std": 0.194845,
        "nauc_ndcg_at_100_diff1": 0.037406,
        "nauc_ndcg_at_1000_max": -0.021844,
        "nauc_ndcg_at_1000_std": 0.066065,
        "nauc_ndcg_at_1000_diff1": 0.018637,
        "nauc_map_at_1_max": -0.390251,
        "nauc_map_at_1_std": 0.17167,
        "nauc_map_at_1_diff1": -0.087879,
        "nauc_map_at_3_max": -0.354732,
        "nauc_map_at_3_std": 0.088739,
        "nauc_map_at_3_diff1": -0.100981,
        "nauc_map_at_5_max": -0.335447,
        "nauc_map_at_5_std": 0.083021,
        "nauc_map_at_5_diff1": -0.100423,
        "nauc_map_at_10_max": -0.262977,
        "nauc_map_at_10_std": 0.132443,
        "nauc_map_at_10_diff1": -0.017474,
        "nauc_map_at_20_max": -0.220623,
        "nauc_map_at_20_std": 0.182167,
        "nauc_map_at_20_diff1": 0.03254,
        "nauc_map_at_100_max": -0.156704,
        "nauc_map_at_100_std": 0.190733,
        "nauc_map_at_100_diff1": 0.028065,
        "nauc_map_at_1000_max": -0.127628,
        "nauc_map_at_1000_std": 0.154794,
        "nauc_map_at_1000_diff1": 0.025639,
        "nauc_recall_at_1_max": -0.390251,
        "nauc_recall_at_1_std": 0.17167,
        "nauc_recall_at_1_diff1": -0.087879,
        "nauc_recall_at_3_max": -0.326317,
        "nauc_recall_at_3_std": 0.022394,
        "nauc_recall_at_3_diff1": -0.111462,
        "nauc_recall_at_5_max": -0.26152,
        "nauc_recall_at_5_std": 0.005757,
        "nauc_recall_at_5_diff1": -0.100886,
        "nauc_recall_at_10_max": -0.123746,
        "nauc_recall_at_10_std": 0.167716,
        "nauc_recall_at_10_diff1": 0.072668,
        "nauc_recall_at_20_max": -0.059018,
        "nauc_recall_at_20_std": 0.301201,
        "nauc_recall_at_20_diff1": 0.200039,
        "nauc_recall_at_100_max": 0.044147,
        "nauc_recall_at_100_std": 0.218936,
        "nauc_recall_at_100_diff1": 0.033568,
        "nauc_recall_at_1000_max": -0.014532,
        "nauc_recall_at_1000_std": 0.063398,
        "nauc_recall_at_1000_diff1": 0.021041,
        "nauc_precision_at_1_max": -0.390251,
        "nauc_precision_at_1_std": 0.17167,
        "nauc_precision_at_1_diff1": -0.087879,
        "nauc_precision_at_3_max": -0.283694,
        "nauc_precision_at_3_std": -0.077124,
        "nauc_precision_at_3_diff1": -0.127183,
        "nauc_precision_at_5_max": -0.130832,
        "nauc_precision_at_5_std": -0.064522,
        "nauc_precision_at_5_diff1": -0.111462,
        "nauc_precision_at_10_max": -0.092406,
        "nauc_precision_at_10_std": 0.132566,
        "nauc_precision_at_10_diff1": 0.024743,
        "nauc_precision_at_20_max": -0.098888,
        "nauc_precision_at_20_std": 0.179935,
        "nauc_precision_at_20_diff1": 0.079596,
        "nauc_precision_at_100_max": -0.005075,
        "nauc_precision_at_100_std": 0.133192,
        "nauc_precision_at_100_diff1": 0.015063,
        "nauc_precision_at_1000_max": -0.020323,
        "nauc_precision_at_1000_std": 0.027375,
        "nauc_precision_at_1000_diff1": 0.005311,
        "nauc_mrr_at_1_max": -0.390251,
        "nauc_mrr_at_1_std": 0.17167,
        "nauc_mrr_at_1_diff1": -0.087879,
        "nauc_mrr_at_3_max": -0.326317,
        "nauc_mrr_at_3_std": 0.022394,
        "nauc_mrr_at_3_diff1": -0.111462,
        "nauc_mrr_at_5_max": -0.26152,
        "nauc_mrr_at_5_std": 0.018281,
        "nauc_mrr_at_5_diff1": -0.114843,
        "nauc_mrr_at_10_max": -0.206689,
        "nauc_mrr_at_10_std": 0.08927,
        "nauc_mrr_at_10_diff1": -0.037008,
        "nauc_mrr_at_20_max": -0.188536,
        "nauc_mrr_at_20_std": 0.115839,
        "nauc_mrr_at_20_diff1": 0.000787,
        "nauc_mrr_at_100_max": -0.143466,
        "nauc_mrr_at_100_std": 0.120267,
        "nauc_mrr_at_100_diff1": 0.00194,
        "nauc_mrr_at_1000_max": -0.113537,
        "nauc_mrr_at_1000_std": 0.090652,
        "nauc_mrr_at_1000_diff1": 0.002244,
        "main_score": 0.00057,
        "hf_subset": "default",
        "languages": [
          "eng-Latn"
        ]
      }
    ]
  },
  "evaluation_time": 32.30310344696045,
  "kg_co2_emissions": null
}