{
  "dataset_revision": "1840e8a5ac6ec752bbdd97d543ead0189bc7c25b",
  "task_name": "ChemHotpotQARetrieval",
  "mteb_version": "1.36.8",
  "scores": {
    "train": [
      {
        "ndcg_at_1": 0.02222,
        "ndcg_at_3": 0.03552,
        "ndcg_at_5": 0.04436,
        "ndcg_at_10": 0.04436,
        "ndcg_at_20": 0.05126,
        "ndcg_at_100": 0.06149,
        "ndcg_at_1000": 0.10256,
        "map_at_1": 0.02222,
        "map_at_3": 0.03241,
        "map_at_5": 0.03713,
        "map_at_10": 0.03713,
        "map_at_20": 0.03896,
        "map_at_100": 0.04016,
        "map_at_1000": 0.04148,
        "recall_at_1": 0.02222,
        "recall_at_3": 0.04444,
        "recall_at_5": 0.06667,
        "recall_at_10": 0.06667,
        "recall_at_20": 0.09444,
        "recall_at_100": 0.15,
        "recall_at_1000": 0.48611,
        "precision_at_1": 0.02222,
        "precision_at_3": 0.01481,
        "precision_at_5": 0.01333,
        "precision_at_10": 0.00667,
        "precision_at_20": 0.00472,
        "precision_at_100": 0.00161,
        "precision_at_1000": 0.00051,
        "mrr_at_1": 0.022222,
        "mrr_at_3": 0.032407,
        "mrr_at_5": 0.03713,
        "mrr_at_10": 0.03713,
        "mrr_at_20": 0.038964,
        "mrr_at_100": 0.040315,
        "mrr_at_1000": 0.041621,
        "nauc_ndcg_at_1_max": 0.420848,
        "nauc_ndcg_at_1_std": -0.383888,
        "nauc_ndcg_at_1_diff1": 0.10766,
        "nauc_ndcg_at_3_max": 0.424308,
        "nauc_ndcg_at_3_std": -0.326274,
        "nauc_ndcg_at_3_diff1": 0.029295,
        "nauc_ndcg_at_5_max": 0.412366,
        "nauc_ndcg_at_5_std": -0.337807,
        "nauc_ndcg_at_5_diff1": -0.00674,
        "nauc_ndcg_at_10_max": 0.412366,
        "nauc_ndcg_at_10_std": -0.337807,
        "nauc_ndcg_at_10_diff1": -0.00674,
        "nauc_ndcg_at_20_max": 0.392668,
        "nauc_ndcg_at_20_std": -0.329085,
        "nauc_ndcg_at_20_diff1": -0.020102,
        "nauc_ndcg_at_100_max": 0.351612,
        "nauc_ndcg_at_100_std": -0.317976,
        "nauc_ndcg_at_100_diff1": -0.066452,
        "nauc_ndcg_at_1000_max": 0.285922,
        "nauc_ndcg_at_1000_std": -0.267727,
        "nauc_ndcg_at_1000_diff1": -0.045625,
        "nauc_map_at_1_max": 0.420848,
        "nauc_map_at_1_std": -0.383888,
        "nauc_map_at_1_diff1": 0.10766,
        "nauc_map_at_3_max": 0.430611,
        "nauc_map_at_3_std": -0.33723,
        "nauc_map_at_3_diff1": 0.04615,
        "nauc_map_at_5_max": 0.424789,
        "nauc_map_at_5_std": -0.343669,
        "nauc_map_at_5_diff1": 0.01928,
        "nauc_map_at_10_max": 0.424789,
        "nauc_map_at_10_std": -0.343669,
        "nauc_map_at_10_diff1": 0.01928,
        "nauc_map_at_20_max": 0.420307,
        "nauc_map_at_20_std": -0.340818,
        "nauc_map_at_20_diff1": 0.013614,
        "nauc_map_at_100_max": 0.414985,
        "nauc_map_at_100_std": -0.338112,
        "nauc_map_at_100_diff1": 0.007147,
        "nauc_map_at_1000_max": 0.409183,
        "nauc_map_at_1000_std": -0.335329,
        "nauc_map_at_1000_diff1": 0.009321,
        "nauc_recall_at_1_max": 0.420848,
        "nauc_recall_at_1_std": -0.383888,
        "nauc_recall_at_1_diff1": 0.10766,
        "nauc_recall_at_3_max": 0.408975,
        "nauc_recall_at_3_std": -0.30279,
        "nauc_recall_at_3_diff1": -0.007345,
        "nauc_recall_at_5_max": 0.388114,
        "nauc_recall_at_5_std": -0.328817,
        "nauc_recall_at_5_diff1": -0.051404,
        "nauc_recall_at_10_max": 0.388114,
        "nauc_recall_at_10_std": -0.328817,
        "nauc_recall_at_10_diff1": -0.051404,
        "nauc_recall_at_20_max": 0.342651,
        "nauc_recall_at_20_std": -0.310958,
        "nauc_recall_at_20_diff1": -0.068357,
        "nauc_recall_at_100_max": 0.251487,
        "nauc_recall_at_100_std": -0.290473,
        "nauc_recall_at_100_diff1": -0.17337,
        "nauc_recall_at_1000_max": 0.117472,
        "nauc_recall_at_1000_std": -0.155542,
        "nauc_recall_at_1000_diff1": -0.100215,
        "nauc_precision_at_1_max": 0.420848,
        "nauc_precision_at_1_std": -0.383888,
        "nauc_precision_at_1_diff1": 0.10766,
        "nauc_precision_at_3_max": 0.408975,
        "nauc_precision_at_3_std": -0.30279,
        "nauc_precision_at_3_diff1": -0.007345,
        "nauc_precision_at_5_max": 0.388114,
        "nauc_precision_at_5_std": -0.328817,
        "nauc_precision_at_5_diff1": -0.051404,
        "nauc_precision_at_10_max": 0.388114,
        "nauc_precision_at_10_std": -0.328817,
        "nauc_precision_at_10_diff1": -0.051404,
        "nauc_precision_at_20_max": 0.342651,
        "nauc_precision_at_20_std": -0.310958,
        "nauc_precision_at_20_diff1": -0.068357,
        "nauc_precision_at_100_max": 0.232958,
        "nauc_precision_at_100_std": -0.290651,
        "nauc_precision_at_100_diff1": -0.189147,
        "nauc_precision_at_1000_max": 0.105513,
        "nauc_precision_at_1000_std": -0.169004,
        "nauc_precision_at_1000_diff1": -0.127263,
        "nauc_mrr_at_1_max": 0.420848,
        "nauc_mrr_at_1_std": -0.383888,
        "nauc_mrr_at_1_diff1": 0.10766,
        "nauc_mrr_at_3_max": 0.430611,
        "nauc_mrr_at_3_std": -0.33723,
        "nauc_mrr_at_3_diff1": 0.04615,
        "nauc_mrr_at_5_max": 0.424789,
        "nauc_mrr_at_5_std": -0.343669,
        "nauc_mrr_at_5_diff1": 0.01928,
        "nauc_mrr_at_10_max": 0.424789,
        "nauc_mrr_at_10_std": -0.343669,
        "nauc_mrr_at_10_diff1": 0.01928,
        "nauc_mrr_at_20_max": 0.420307,
        "nauc_mrr_at_20_std": -0.340818,
        "nauc_mrr_at_20_diff1": 0.013614,
        "nauc_mrr_at_100_max": 0.413668,
        "nauc_mrr_at_100_std": -0.338056,
        "nauc_mrr_at_100_diff1": 0.006101,
        "nauc_mrr_at_1000_max": 0.408285,
        "nauc_mrr_at_1000_std": -0.335327,
        "nauc_mrr_at_1000_diff1": 0.008382,
        "main_score": 0.04436,
        "hf_subset": "default",
        "languages": [
          "eng-Latn"
        ]
      }
    ],
    "dev": [
      {
        "ndcg_at_1": 0.0,
        "ndcg_at_3": 0.0,
        "ndcg_at_5": 0.0,
        "ndcg_at_10": 0.0,
        "ndcg_at_20": 0.0,
        "ndcg_at_100": 0.0,
        "ndcg_at_1000": 0.02647,
        "map_at_1": 0.0,
        "map_at_3": 0.0,
        "map_at_5": 0.0,
        "map_at_10": 0.0,
        "map_at_20": 0.0,
        "map_at_100": 0.0,
        "map_at_1000": 0.00036,
        "recall_at_1": 0.0,
        "recall_at_3": 0.0,
        "recall_at_5": 0.0,
        "recall_at_10": 0.0,
        "recall_at_20": 0.0,
        "recall_at_100": 0.0,
        "recall_at_1000": 0.25,
        "precision_at_1": 0.0,
        "precision_at_3": 0.0,
        "precision_at_5": 0.0,
        "precision_at_10": 0.0,
        "precision_at_20": 0.0,
        "precision_at_100": 0.0,
        "precision_at_1000": 0.00025,
        "mrr_at_1": 0.0,
        "mrr_at_3": 0.0,
        "mrr_at_5": 0.0,
        "mrr_at_10": 0.0,
        "mrr_at_20": 0.0,
        "mrr_at_100": 0.0,
        "mrr_at_1000": 0.000362,
        "nauc_ndcg_at_1_max": NaN,
        "nauc_ndcg_at_1_std": NaN,
        "nauc_ndcg_at_1_diff1": NaN,
        "nauc_ndcg_at_3_max": NaN,
        "nauc_ndcg_at_3_std": NaN,
        "nauc_ndcg_at_3_diff1": NaN,
        "nauc_ndcg_at_5_max": NaN,
        "nauc_ndcg_at_5_std": NaN,
        "nauc_ndcg_at_5_diff1": NaN,
        "nauc_ndcg_at_10_max": NaN,
        "nauc_ndcg_at_10_std": NaN,
        "nauc_ndcg_at_10_diff1": NaN,
        "nauc_ndcg_at_20_max": NaN,
        "nauc_ndcg_at_20_std": NaN,
        "nauc_ndcg_at_20_diff1": NaN,
        "nauc_ndcg_at_100_max": NaN,
        "nauc_ndcg_at_100_std": NaN,
        "nauc_ndcg_at_100_diff1": NaN,
        "nauc_ndcg_at_1000_max": -0.245146,
        "nauc_ndcg_at_1000_std": 0.023532,
        "nauc_ndcg_at_1000_diff1": -0.515669,
        "nauc_map_at_1_max": NaN,
        "nauc_map_at_1_std": NaN,
        "nauc_map_at_1_diff1": NaN,
        "nauc_map_at_3_max": NaN,
        "nauc_map_at_3_std": NaN,
        "nauc_map_at_3_diff1": NaN,
        "nauc_map_at_5_max": NaN,