{
  "dataset_revision": "5d958fb6b31055495347724d46431ba41309b03a",
  "task_name": "ChemNQRetrieval",
  "mteb_version": "1.36.8",
  "scores": {
    "test": [
      {
        "ndcg_at_1": 0.33333,
        "ndcg_at_3": 0.41741,
        "ndcg_at_5": 0.48283,
        "ndcg_at_10": 0.53181,
        "ndcg_at_20": 0.55844,
        "ndcg_at_100": 0.57447,
        "ndcg_at_1000": 0.57983,
        "map_at_1": 0.23457,
        "map_at_3": 0.36111,
        "map_at_5": 0.4037,
        "map_at_10": 0.42617,
        "map_at_20": 0.43575,
        "map_at_100": 0.43842,
        "map_at_1000": 0.43873,
        "recall_at_1": 0.23457,
        "recall_at_3": 0.49383,
        "recall_at_5": 0.64198,
        "recall_at_10": 0.78395,
        "recall_at_20": 0.87654,
        "recall_at_100": 0.96296,
        "recall_at_1000": 1.0,
        "precision_at_1": 0.33333,
        "precision_at_3": 0.20988,
        "precision_at_5": 0.16296,
        "precision_at_10": 0.1037,
        "precision_at_20": 0.05741,
        "precision_at_100": 0.01259,
        "precision_at_1000": 0.0013,
        "mrr_at_1": 0.333333,
        "mrr_at_3": 0.45679,
        "mrr_at_5": 0.484568,
        "mrr_at_10": 0.497678,
        "mrr_at_20": 0.504412,
        "mrr_at_100": 0.505592,
        "mrr_at_1000": 0.505903,
        "nauc_ndcg_at_1_max": 0.35385,
        "nauc_ndcg_at_1_std": 0.129406,
        "nauc_ndcg_at_1_diff1": 0.172628,
        "nauc_ndcg_at_3_max": 0.291351,
        "nauc_ndcg_at_3_std": 0.150425,
        "nauc_ndcg_at_3_diff1": 0.024991,
        "nauc_ndcg_at_5_max": 0.38237,
        "nauc_ndcg_at_5_std": 0.181811,
        "nauc_ndcg_at_5_diff1": 0.012752,
        "nauc_ndcg_at_10_max": 0.498371,
        "nauc_ndcg_at_10_std": 0.284276,
        "nauc_ndcg_at_10_diff1": 0.161187,
        "nauc_ndcg_at_20_max": 0.447191,
        "nauc_ndcg_at_20_std": 0.226927,
        "nauc_ndcg_at_20_diff1": 0.128534,
        "nauc_ndcg_at_100_max": 0.418601,
        "nauc_ndcg_at_100_std": 0.214044,
        "nauc_ndcg_at_100_diff1": 0.113948,
        "nauc_ndcg_at_1000_max": 0.415341,
        "nauc_ndcg_at_1000_std": 0.216436,
        "nauc_ndcg_at_1000_diff1": 0.10817,
        "nauc_map_at_1_max": 0.321493,
        "nauc_map_at_1_std": 0.06719,
        "nauc_map_at_1_diff1": 0.178101,
        "nauc_map_at_3_max": 0.270293,
        "nauc_map_at_3_std": 0.114927,
        "nauc_map_at_3_diff1": 0.034913,
        "nauc_map_at_5_max": 0.33527,
        "nauc_map_at_5_std": 0.131051,
        "nauc_map_at_5_diff1": 0.039462,
        "nauc_map_at_10_max": 0.39355,
        "nauc_map_at_10_std": 0.182965,
        "nauc_map_at_10_diff1": 0.106045,
        "nauc_map_at_20_max": 0.375404,
        "nauc_map_at_20_std": 0.164584,
        "nauc_map_at_20_diff1": 0.091973,
        "nauc_map_at_100_max": 0.371958,
        "nauc_map_at_100_std": 0.166033,
        "nauc_map_at_100_diff1": 0.091605,
        "nauc_map_at_1000_max": 0.371747,
        "nauc_map_at_1000_std": 0.166094,
        "nauc_map_at_1000_diff1": 0.091299,
        "nauc_recall_at_1_max": 0.321493,
        "nauc_recall_at_1_std": 0.06719,
        "nauc_recall_at_1_diff1": 0.178101,
        "nauc_recall_at_3_max": 0.216426,
        "nauc_recall_at_3_std": 0.130299,
        "nauc_recall_at_3_diff1": -0.038019,
        "nauc_recall_at_5_max": 0.393325,
        "nauc_recall_at_5_std": 0.195529,
        "nauc_recall_at_5_diff1": -0.086755,
        "nauc_recall_at_10_max": 0.80981,
        "nauc_recall_at_10_std": 0.558548,
        "nauc_recall_at_10_diff1": 0.400905,
        "nauc_recall_at_20_max": 0.729209,
        "nauc_recall_at_20_std": 0.365337,
        "nauc_recall_at_20_diff1": 0.368677,
        "nauc_recall_at_100_max": 0.556079,
        "nauc_recall_at_100_std": 0.113206,
        "nauc_recall_at_100_diff1": 0.35755,
        "nauc_recall_at_1000_max": NaN,
        "nauc_recall_at_1000_std": NaN,
        "nauc_recall_at_1000_diff1": NaN,
        "nauc_precision_at_1_max": 0.35385,
        "nauc_precision_at_1_std": 0.129406,
        "nauc_precision_at_1_diff1": 0.172628,
        "nauc_precision_at_3_max": 0.266682,
        "nauc_precision_at_3_std": 0.177748,
        "nauc_precision_at_3_diff1": -0.030444,
        "nauc_precision_at_5_max": 0.388828,
        "nauc_precision_at_5_std": 0.178495,
        "nauc_precision_at_5_diff1": 0.004234,
        "nauc_precision_at_10_max": 0.602359,
        "nauc_precision_at_10_std": 0.420235,
        "nauc_precision_at_10_diff1": 0.387413,
        "nauc_precision_at_20_max": 0.493594,
        "nauc_precision_at_20_std": 0.318011,
        "nauc_precision_at_20_diff1": 0.304432,
        "nauc_precision_at_100_max": 0.324081,
        "nauc_precision_at_100_std": 0.26387,
        "nauc_precision_at_100_diff1": 0.247257,
        "nauc_precision_at_1000_max": 0.302007,
        "nauc_precision_at_1000_std": 0.278205,
        "nauc_precision_at_1000_diff1": 0.236764,
        "nauc_mrr_at_1_max": 0.35385,
        "nauc_mrr_at_1_std": 0.129406,
        "nauc_mrr_at_1_diff1": 0.172628,
        "nauc_mrr_at_3_max": 0.372438,
        "nauc_mrr_at_3_std": 0.221215,
        "nauc_mrr_at_3_diff1": 0.081432,
        "nauc_mrr_at_5_max": 0.395527,
        "nauc_mrr_at_5_std": 0.240854,
        "nauc_mrr_at_5_diff1": 0.056045,
        "nauc_mrr_at_10_max": 0.419044,
        "nauc_mrr_at_10_std": 0.255938,
        "nauc_mrr_at_10_diff1": 0.094599,
        "nauc_mrr_at_20_max": 0.406516,
        "nauc_mrr_at_20_std": 0.240301,
        "nauc_mrr_at_20_diff1": 0.091708,
        "nauc_mrr_at_100_max": 0.404659,
        "nauc_mrr_at_100_std": 0.238818,
        "nauc_mrr_at_100_diff1": 0.090368,
        "nauc_mrr_at_1000_max": 0.404505,
        "nauc_mrr_at_1000_std": 0.238946,
        "nauc_mrr_at_1000_diff1": 0.090095,
        "main_score": 0.53181,
        "hf_subset": "default",
        "languages": [
          "eng-Latn"
        ]
      }
    ]
  },
  "evaluation_time": 40.28193211555481,
  "kg_co2_emissions": null
}