{
  "dataset_revision": "023e7a813e3b73d8d33551ed2aea511314d612e2",
  "evaluation_time": 445.4166913032532,
  "kg_co2_emissions": null,
  "mteb_version": "1.14.15",
  "scores": {
    "test": [
      {
        "hf_subset": "default",
        "languages": [
          "eng-Latn"
        ],
        "main_score": 0.5772,
        "map_at_1": 0.25926,
        "map_at_10": 0.47927,
        "map_at_100": 0.48732,
        "map_at_1000": 0.48748,
        "map_at_20": 0.48482,
        "map_at_3": 0.41358,
        "map_at_5": 0.45988,
        "mrr_at_1": 0.3333333333333333,
        "mrr_at_10": 0.5145061728395062,
        "mrr_at_100": 0.5159496676163343,
        "mrr_at_1000": 0.5161150115316783,
        "mrr_at_20": 0.5145061728395062,
        "mrr_at_3": 0.4691358024691358,
        "mrr_at_5": 0.49691358024691357,
        "nauc_map_at_1000_diff1": 0.4170605948913081,
        "nauc_map_at_1000_max": 0.3137448146525695,
        "nauc_map_at_1000_std": -0.07101262480781019,
        "nauc_map_at_100_diff1": 0.41739082184239074,
        "nauc_map_at_100_max": 0.3137696296483145,
        "nauc_map_at_100_std": -0.07090826751751571,
        "nauc_map_at_10_diff1": 0.42040682947023295,
        "nauc_map_at_10_max": 0.31961304042600747,
        "nauc_map_at_10_std": -0.08627506629356078,
        "nauc_map_at_1_diff1": 0.3223638221761561,
        "nauc_map_at_1_max": 0.20146266531245785,
        "nauc_map_at_1_std": -0.06240991492850941,
        "nauc_map_at_20_diff1": 0.41947049050540475,
        "nauc_map_at_20_max": 0.3188897929043331,
        "nauc_map_at_20_std": -0.06721822451752682,
        "nauc_map_at_3_diff1": 0.38532574458147967,
        "nauc_map_at_3_max": 0.22439307578744974,
        "nauc_map_at_3_std": -0.13748728757047518,
        "nauc_map_at_5_diff1": 0.4316029089163109,
        "nauc_map_at_5_max": 0.34259611418274305,
        "nauc_map_at_5_std": -0.07797385951010702,
        "nauc_mrr_at_1000_diff1": 0.41065593606663064,
        "nauc_mrr_at_1000_max": 0.3055615023514247,
        "nauc_mrr_at_1000_std": -0.04245062439140057,
        "nauc_mrr_at_100_diff1": 0.4109828637753811,
        "nauc_mrr_at_100_max": 0.30559034198459556,
        "nauc_mrr_at_100_std": -0.042364276723918015,
        "nauc_mrr_at_10_diff1": 0.4108090701555429,
        "nauc_mrr_at_10_max": 0.30820518156770266,
        "nauc_mrr_at_10_std": -0.03839977048109275,
        "nauc_mrr_at_1_diff1": 0.4074246699393472,
        "nauc_mrr_at_1_max": 0.29217140386735685,
        "nauc_mrr_at_1_std": -0.10045918145469708,
        "nauc_mrr_at_20_diff1": 0.4108090701555429,
        "nauc_mrr_at_20_max": 0.30820518156770266,
        "nauc_mrr_at_20_std": -0.03839977048109275,
        "nauc_mrr_at_3_diff1": 0.38687981574594393,
        "nauc_mrr_at_3_max": 0.2718128019075771,
        "nauc_mrr_at_3_std": -0.06393042625737605,
        "nauc_mrr_at_5_diff1": 0.4106857244976647,
        "nauc_mrr_at_5_max": 0.3216943139954195,
        "nauc_mrr_at_5_std": -0.04306346583481573,
        "nauc_ndcg_at_1000_diff1": 0.4168310110178729,
        "nauc_ndcg_at_1000_max": 0.3294364476912061,
        "nauc_ndcg_at_1000_std": -0.027624039345972087,
        "nauc_ndcg_at_100_diff1": 0.42840452975229076,
        "nauc_ndcg_at_100_max": 0.32999438585642965,
        "nauc_ndcg_at_100_std": -0.024829137871825325,
        "nauc_ndcg_at_10_diff1": 0.42481294688070015,
        "nauc_ndcg_at_10_max": 0.36307893544787045,
        "nauc_ndcg_at_10_std": -0.040969143394167906,
        "nauc_ndcg_at_1_diff1": 0.4074246699393472,
        "nauc_ndcg_at_1_max": 0.29217140386735685,
        "nauc_ndcg_at_1_std": -0.10045918145469708,
        "nauc_ndcg_at_20_diff1": 0.42607051499058923,
        "nauc_ndcg_at_20_max": 0.363304574611103,
        "nauc_ndcg_at_20_std": 0.010104623428014856,
        "nauc_ndcg_at_3_diff1": 0.37701668552443995,
        "nauc_ndcg_at_3_max": 0.2397572935026772,
        "nauc_ndcg_at_3_std": -0.11142381239019163,
        "nauc_ndcg_at_5_diff1": 0.44492424870070457,
        "nauc_ndcg_at_5_max": 0.4066796867001733,
        "nauc_ndcg_at_5_std": -0.030785003779421338,
        "nauc_precision_at_1000_diff1": 0.029767258003982697,
        "nauc_precision_at_1000_max": 0.13968974256825306,
        "nauc_precision_at_1000_std": 0.23344997760907818,
        "nauc_precision_at_100_diff1": 0.11405913549724747,
        "nauc_precision_at_100_max": 0.15861700174700175,
        "nauc_precision_at_100_std": 0.2230034274196577,
        "nauc_precision_at_10_diff1": 0.25005343628273924,
        "nauc_precision_at_10_max": 0.4211477813056781,
        "nauc_precision_at_10_std": 0.1353891808906654,
        "nauc_precision_at_1_diff1": 0.4074246699393472,
        "nauc_precision_at_1_max": 0.29217140386735685,
        "nauc_precision_at_1_std": -0.10045918145469708,
        "nauc_precision_at_20_diff1": 0.21027122565880113,
        "nauc_precision_at_20_max": 0.3609485254887663,
        "nauc_precision_at_20_std": 0.31842541955258574,
        "nauc_precision_at_3_diff1": 0.3438230502231353,
        "nauc_precision_at_3_max": 0.3083350540091244,
        "nauc_precision_at_3_std": -0.12271438992372254,
        "nauc_precision_at_5_diff1": 0.3886218349317053,
        "nauc_precision_at_5_max": 0.5672890929454288,
        "nauc_precision_at_5_std": 0.06324209373967565,
        "nauc_recall_at_1000_diff1": NaN,
        "nauc_recall_at_1000_max": NaN,
        "nauc_recall_at_1000_std": NaN,
        "nauc_recall_at_100_diff1": 1.0,
        "nauc_recall_at_100_max": 0.35754995778215537,
        "nauc_recall_at_100_std": 0.11320606637944189,
        "nauc_recall_at_10_diff1": 0.4077248017423838,
        "nauc_recall_at_10_max": 0.5636896554752474,
        "nauc_recall_at_10_std": 0.06261269726962246,
        "nauc_recall_at_1_diff1": 0.3223638221761561,
        "nauc_recall_at_1_max": 0.20146266531245785,
        "nauc_recall_at_1_std": -0.06240991492850941,
        "nauc_recall_at_20_diff1": 0.48164671629257066,
        "nauc_recall_at_20_max": 0.669717410991236,
        "nauc_recall_at_20_std": 0.4293530220661756,
        "nauc_recall_at_3_diff1": 0.3253396189252897,
        "nauc_recall_at_3_max": 0.21922267503341644,
        "nauc_recall_at_3_std": -0.10246273346124012,
        "nauc_recall_at_5_diff1": 0.493279832754055,
        "nauc_recall_at_5_max": 0.6271870431173153,
        "nauc_recall_at_5_std": 0.08657887155507789,
        "ndcg_at_1": 0.33333,
        "ndcg_at_10": 0.5772,
        "ndcg_at_100": 0.60523,
        "ndcg_at_1000": 0.60997,
        "ndcg_at_20": 0.58898,
        "ndcg_at_3": 0.46236,
        "ndcg_at_5": 0.52977,
        "precision_at_1": 0.33333,
        "precision_at_10": 0.10741,
        "precision_at_100": 0.01259,
        "precision_at_1000": 0.0013,
        "precision_at_20": 0.05741,
        "precision_at_3": 0.23457,
        "precision_at_5": 0.17778,
        "recall_at_1": 0.25926,
        "recall_at_10": 0.83951,
        "recall_at_100": 0.96296,
        "recall_at_1000": 1.0,
        "recall_at_20": 0.87654,
        "recall_at_3": 0.54938,
        "recall_at_5": 0.69753
      }
    ]
  },
  "task_name": "ChemNQRetrieval"
}