{
  "dataset_revision": "831d292c3959eae59e4f89b8758738feee97d6cf",
  "evaluation_time": 268.05762910842896,
  "kg_co2_emissions": null,
  "mteb_version": "1.14.2",
  "scores": {
    "test": [
      {
        "hf_subset": "default",
        "languages": [
          "eng-Latn"
        ],
        "main_score": 0.00937,
        "map_at_1": 0.00391,
        "map_at_10": 0.00716,
        "map_at_100": 0.00849,
        "map_at_1000": 0.00921,
        "map_at_20": 0.00762,
        "map_at_3": 0.00565,
        "map_at_5": 0.00633,
        "mrr_at_1": 0.0048275050041210405,
        "mrr_at_10": 0.007933003650064763,
        "mrr_at_100": 0.009331151147613024,
        "mrr_at_1000": 0.009978318887839236,
        "mrr_at_20": 0.00848573905526837,
        "mrr_at_3": 0.006417049334746261,
        "mrr_at_5": 0.007111739079241731,
        "nauc_map_at_1000_diff1": 0.35238613289095855,
        "nauc_map_at_1000_max": 0.4754981280808093,
        "nauc_map_at_1000_std": 0.4665836031370387,
        "nauc_map_at_100_diff1": 0.3702078441782843,
        "nauc_map_at_100_max": 0.47437368686807274,
        "nauc_map_at_100_std": 0.45697547776364184,
        "nauc_map_at_10_diff1": 0.41342469824488637,
        "nauc_map_at_10_max": 0.4621400666314977,
        "nauc_map_at_10_std": 0.43286250092743905,
        "nauc_map_at_1_diff1": 0.6105140676372531,
        "nauc_map_at_1_max": 0.4388227553723981,
        "nauc_map_at_1_std": 0.4558130433768431,
        "nauc_map_at_20_diff1": 0.39506588508374824,
        "nauc_map_at_20_max": 0.4648431848175003,
        "nauc_map_at_20_std": 0.43580816068861994,
        "nauc_map_at_3_diff1": 0.4743204704896507,
        "nauc_map_at_3_max": 0.4507653280323842,
        "nauc_map_at_3_std": 0.4446361609648193,
        "nauc_map_at_5_diff1": 0.4478860569289599,
        "nauc_map_at_5_max": 0.4499808955937625,
        "nauc_map_at_5_std": 0.429137855514155,
        "nauc_mrr_at_1000_diff1": 0.3324752461059305,
        "nauc_mrr_at_1000_max": 0.45625438308449545,
        "nauc_mrr_at_1000_std": 0.4515993884274124,
        "nauc_mrr_at_100_diff1": 0.3450568717885494,
        "nauc_mrr_at_100_max": 0.4567932879984109,
        "nauc_mrr_at_100_std": 0.44738328771433905,
        "nauc_mrr_at_10_diff1": 0.3853763274902589,
        "nauc_mrr_at_10_max": 0.4489812426895419,
        "nauc_mrr_at_10_std": 0.42781750830624443,
        "nauc_mrr_at_1_diff1": 0.5163047546369034,
        "nauc_mrr_at_1_max": 0.43602802544658237,
        "nauc_mrr_at_1_std": 0.4385505780457794,
        "nauc_mrr_at_20_diff1": 0.36662964781463603,
        "nauc_mrr_at_20_max": 0.4490582023897028,
        "nauc_mrr_at_20_std": 0.4300991033261144,
        "nauc_mrr_at_3_diff1": 0.4318453865995063,
        "nauc_mrr_at_3_max": 0.43135950034714926,
        "nauc_mrr_at_3_std": 0.4334935016044363,
        "nauc_mrr_at_5_diff1": 0.41557337188529153,
        "nauc_mrr_at_5_max": 0.44001006877460114,
        "nauc_mrr_at_5_std": 0.42386428866343767,
        "nauc_ndcg_at_1000_diff1": 0.17062416016090468,
        "nauc_ndcg_at_1000_max": 0.4799317345291138,
        "nauc_ndcg_at_1000_std": 0.5372786826106692,
        "nauc_ndcg_at_100_diff1": 0.25133565511647504,
        "nauc_ndcg_at_100_max": 0.5030419665092039,
        "nauc_ndcg_at_100_std": 0.5151310993651513,
        "nauc_ndcg_at_10_diff1": 0.3577641189200558,
        "nauc_ndcg_at_10_max": 0.4735103214282931,
        "nauc_ndcg_at_10_std": 0.43104034459224494,
        "nauc_ndcg_at_1_diff1": 0.5163047546369034,
        "nauc_ndcg_at_1_max": 0.43602802544658237,
        "nauc_ndcg_at_1_std": 0.4385505780457794,
        "nauc_ndcg_at_20_diff1": 0.3221347438457747,
        "nauc_ndcg_at_20_max": 0.47504786138764593,
        "nauc_ndcg_at_20_std": 0.4377150895111674,
        "nauc_ndcg_at_3_diff1": 0.43020944228489694,
        "nauc_ndcg_at_3_max": 0.4446471880199695,
        "nauc_ndcg_at_3_std": 0.440140344556154,
        "nauc_ndcg_at_5_diff1": 0.40889234262209045,
        "nauc_ndcg_at_5_max": 0.45421407256652085,
        "nauc_ndcg_at_5_std": 0.4236162992564812,
        "nauc_precision_at_1000_diff1": 0.1058909817731563,
        "nauc_precision_at_1000_max": 0.4142368618242044,
        "nauc_precision_at_1000_std": 0.5045634080997742,
        "nauc_precision_at_100_diff1": 0.16570538555312297,
        "nauc_precision_at_100_max": 0.4933486909128174,
        "nauc_precision_at_100_std": 0.5537655806869044,
        "nauc_precision_at_10_diff1": 0.23990566475712077,
        "nauc_precision_at_10_max": 0.47464567337100844,
        "nauc_precision_at_10_std": 0.4313623086253821,
        "nauc_precision_at_1_diff1": 0.5163047546369034,
        "nauc_precision_at_1_max": 0.43602802544658237,
        "nauc_precision_at_1_std": 0.4385505780457794,
        "nauc_precision_at_20_diff1": 0.20209689441508524,
        "nauc_precision_at_20_max": 0.4735199900218101,
        "nauc_precision_at_20_std": 0.4492129881014498,
        "nauc_precision_at_3_diff1": 0.3169667382706519,
        "nauc_precision_at_3_max": 0.4200217893258105,
        "nauc_precision_at_3_std": 0.4180905204487479,
        "nauc_precision_at_5_diff1": 0.2936835983310062,
        "nauc_precision_at_5_max": 0.4315856837077419,
        "nauc_precision_at_5_std": 0.3963807797725557,
        "nauc_recall_at_1000_diff1": 0.10741896648037227,
        "nauc_recall_at_1000_max": 0.47576138126955064,
        "nauc_recall_at_1000_std": 0.5556036901021852,
        "nauc_recall_at_100_diff1": 0.17621770992173044,
        "nauc_recall_at_100_max": 0.535954474579434,
        "nauc_recall_at_100_std": 0.5694173515708116,
        "nauc_recall_at_10_diff1": 0.29005434004961766,
        "nauc_recall_at_10_max": 0.4976438102986805,
        "nauc_recall_at_10_std": 0.42697579984222694,
        "nauc_recall_at_1_diff1": 0.6105140676372531,
        "nauc_recall_at_1_max": 0.4388227553723981,
        "nauc_recall_at_1_std": 0.4558130433768431,
        "nauc_recall_at_20_diff1": 0.24704948916270147,
        "nauc_recall_at_20_max": 0.4945766698200511,
        "nauc_recall_at_20_std": 0.4386552979514018,
        "nauc_recall_at_3_diff1": 0.3950360120726612,
        "nauc_recall_at_3_max": 0.46804509562038465,
        "nauc_recall_at_3_std": 0.4560860748215703,
        "nauc_recall_at_5_diff1": 0.3564324601732239,
        "nauc_recall_at_5_max": 0.4710891276914662,
        "nauc_recall_at_5_std": 0.4159176607127927,
        "ndcg_at_1": 0.00483,
        "ndcg_at_10": 0.00937,
        "ndcg_at_100": 0.018,
        "ndcg_at_1000": 0.04202,
        "ndcg_at_20": 0.01106,
        "ndcg_at_3": 0.00637,
        "ndcg_at_5": 0.00746,
        "precision_at_1": 0.00483,
        "precision_at_10": 0.00219,
        "precision_at_100": 0.00093,
        "precision_at_1000": 0.00042,
        "precision_at_20": 0.0016,
        "precision_at_3": 0.00326,
        "precision_at_5": 0.00273,
        "recall_at_1": 0.00391,
        "recall_at_10": 0.01534,
        "recall_at_100": 0.05567,
        "recall_at_1000": 0.23076,
        "recall_at_20": 0.02127,
        "recall_at_3": 0.00731,
        "recall_at_5": 0.00996
      }
    ]
  },
  "task_name": "CoconutRetrieval"
}