{
  "dataset_revision": "023e7a813e3b73d8d33551ed2aea511314d612e2",
  "evaluation_time": 55.201842069625854,
  "kg_co2_emissions": null,
  "mteb_version": "1.14.15",
  "scores": {
    "test": [
      {
        "hf_subset": "default",
        "languages": [
          "eng-Latn"
        ],
        "main_score": 0.62051,
        "map_at_1": 0.3642,
        "map_at_10": 0.52075,
        "map_at_100": 0.523,
        "map_at_1000": 0.52351,
        "map_at_20": 0.52075,
        "map_at_3": 0.44753,
        "map_at_5": 0.47901,
        "mrr_at_1": 0.4444444444444444,
        "mrr_at_10": 0.5684009406231628,
        "mrr_at_100": 0.5706456095344984,
        "mrr_at_1000": 0.570823672212561,
        "mrr_at_20": 0.5684009406231628,
        "mrr_at_3": 0.5308641975308642,
        "mrr_at_5": 0.5475308641975308,
        "nauc_map_at_1000_diff1": -0.04574305307000627,
        "nauc_map_at_1000_max": 0.5254732662500664,
        "nauc_map_at_1000_std": 0.03739100840748549,
        "nauc_map_at_100_diff1": -0.04541470081523295,
        "nauc_map_at_100_max": 0.5241055827165279,
        "nauc_map_at_100_std": 0.03681102759889896,
        "nauc_map_at_10_diff1": -0.046706755751511626,
        "nauc_map_at_10_max": 0.5271668178519878,
        "nauc_map_at_10_std": 0.04285188156147882,
        "nauc_map_at_1_diff1": 0.018203425321057672,
        "nauc_map_at_1_max": 0.40134630779011693,
        "nauc_map_at_1_std": -0.06655747227213363,
        "nauc_map_at_20_diff1": -0.046706755751511626,
        "nauc_map_at_20_max": 0.5271668178519878,
        "nauc_map_at_20_std": 0.04285188156147882,
        "nauc_map_at_3_diff1": -0.013143395231965529,
        "nauc_map_at_3_max": 0.4623077257909551,
        "nauc_map_at_3_std": -0.012123026977016681,
        "nauc_map_at_5_diff1": -0.00015574705176194572,
        "nauc_map_at_5_max": 0.5151278045522242,
        "nauc_map_at_5_std": 0.05095263957759019,
        "nauc_mrr_at_1000_diff1": -0.14917838498743644,
        "nauc_mrr_at_1000_max": 0.6808719229177167,
        "nauc_mrr_at_1000_std": 0.06253245219016476,
        "nauc_mrr_at_100_diff1": -0.14942890650782528,
        "nauc_mrr_at_100_max": 0.6809824242921234,
        "nauc_mrr_at_100_std": 0.0621566766397278,
        "nauc_mrr_at_10_diff1": -0.14992968042392826,
        "nauc_mrr_at_10_max": 0.6828319099440546,
        "nauc_mrr_at_10_std": 0.06791042716414167,
        "nauc_mrr_at_1_diff1": -0.10399802336686509,
        "nauc_mrr_at_1_max": 0.6238202594913332,
        "nauc_mrr_at_1_std": -0.025686913291027264,
        "nauc_mrr_at_20_diff1": -0.14992968042392826,
        "nauc_mrr_at_20_max": 0.6828319099440546,
        "nauc_mrr_at_20_std": 0.06791042716414167,
        "nauc_mrr_at_3_diff1": -0.13316222566924593,
        "nauc_mrr_at_3_max": 0.6975245988348637,
        "nauc_mrr_at_3_std": 0.11655654865776403,
        "nauc_mrr_at_5_diff1": -0.11918463294878767,
        "nauc_mrr_at_5_max": 0.6899880161785299,
        "nauc_mrr_at_5_std": 0.07466256589108143,
        "nauc_ndcg_at_1000_diff1": -0.09807480130853442,
        "nauc_ndcg_at_1000_max": 0.5954913736981917,
        "nauc_ndcg_at_1000_std": 0.06213040835404633,
        "nauc_ndcg_at_100_diff1": -0.10153485822482049,
        "nauc_ndcg_at_100_max": 0.5873910940730325,
        "nauc_ndcg_at_100_std": 0.04751092580976004,
        "nauc_ndcg_at_10_diff1": -0.1211439508941281,
        "nauc_ndcg_at_10_max": 0.6039037113973028,
        "nauc_ndcg_at_10_std": 0.08554299440020591,
        "nauc_ndcg_at_1_diff1": -0.10399802336686509,
        "nauc_ndcg_at_1_max": 0.6238202594913332,
        "nauc_ndcg_at_1_std": -0.025686913291027264,
        "nauc_ndcg_at_20_diff1": -0.1211439508941281,
        "nauc_ndcg_at_20_max": 0.6039037113973028,
        "nauc_ndcg_at_20_std": 0.08554299440020591,
        "nauc_ndcg_at_3_diff1": -0.046580185120975885,
        "nauc_ndcg_at_3_max": 0.5328163062506388,
        "nauc_ndcg_at_3_std": 0.05571085451518877,
        "nauc_ndcg_at_5_diff1": -0.0218782363965912,
        "nauc_ndcg_at_5_max": 0.5864850113037084,
        "nauc_ndcg_at_5_std": 0.09890968304110663,
        "nauc_precision_at_1000_diff1": -0.20114082468629027,
        "nauc_precision_at_1000_max": 0.5909674464420267,
        "nauc_precision_at_1000_std": 0.34643370494985654,
        "nauc_precision_at_100_diff1": -0.21800864793915778,
        "nauc_precision_at_100_max": 0.6007358640254873,
        "nauc_precision_at_100_std": 0.2960143883099129,
        "nauc_precision_at_10_diff1": -0.27395784509948684,
        "nauc_precision_at_10_max": 0.6450565468179237,
        "nauc_precision_at_10_std": 0.36103748509581784,
        "nauc_precision_at_1_diff1": -0.10399802336686509,
        "nauc_precision_at_1_max": 0.6238202594913332,
        "nauc_precision_at_1_std": -0.025686913291027264,
        "nauc_precision_at_20_diff1": -0.27395784509948684,
        "nauc_precision_at_20_max": 0.6450565468179237,
        "nauc_precision_at_20_std": 0.36103748509581784,
        "nauc_precision_at_3_diff1": -0.17976977490531054,
        "nauc_precision_at_3_max": 0.8818968247799223,
        "nauc_precision_at_3_std": 0.33380732259869045,
        "nauc_precision_at_5_diff1": -0.07399332384419598,
        "nauc_precision_at_5_max": 0.7607169763224916,
        "nauc_precision_at_5_std": 0.42320527780096223,
        "nauc_recall_at_1000_diff1": NaN,
        "nauc_recall_at_1000_max": NaN,
        "nauc_recall_at_1000_std": NaN,
        "nauc_recall_at_100_diff1": -0.2904472655827116,
        "nauc_recall_at_100_max": 0.34875606204940524,
        "nauc_recall_at_100_std": -0.47335810474355045,
        "nauc_recall_at_10_diff1": -0.45055539801010003,
        "nauc_recall_at_10_max": 0.6652862942218967,
        "nauc_recall_at_10_std": 0.22084468986186714,
        "nauc_recall_at_1_diff1": 0.018203425321057672,
        "nauc_recall_at_1_max": 0.40134630779011693,
        "nauc_recall_at_1_std": -0.06655747227213363,
        "nauc_recall_at_20_diff1": -0.45055539801010003,
        "nauc_recall_at_20_max": 0.6652862942218967,
        "nauc_recall_at_20_std": 0.22084468986186714,
        "nauc_recall_at_3_diff1": -0.03664584262007918,
        "nauc_recall_at_3_max": 0.47495980692089396,
        "nauc_recall_at_3_std": 0.11605486781108071,
        "nauc_recall_at_5_diff1": 0.023499977802981104,
        "nauc_recall_at_5_max": 0.5608764850798131,
        "nauc_recall_at_5_std": 0.18393115098339977,
        "ndcg_at_1": 0.44444,
        "ndcg_at_10": 0.62051,
        "ndcg_at_100": 0.63481,
        "ndcg_at_1000": 0.64217,
        "ndcg_at_20": 0.62051,
        "ndcg_at_3": 0.49776,
        "ndcg_at_5": 0.54206,
        "precision_at_1": 0.44444,
        "precision_at_10": 0.11481,
        "precision_at_100": 0.01222,
        "precision_at_1000": 0.0013,
        "precision_at_20": 0.05741,
        "precision_at_3": 0.23457,
        "precision_at_5": 0.17037,
        "recall_at_1": 0.3642,
        "recall_at_10": 0.87654,
        "recall_at_100": 0.95062,
        "recall_at_1000": 1.0,
        "recall_at_20": 0.87654,
        "recall_at_3": 0.5679,
        "recall_at_5": 0.66049
      }
    ]
  },
  "task_name": "ChemNQRetrieval"
}