{
  "dataset_revision": "831d292c3959eae59e4f89b8758738feee97d6cf",
  "evaluation_time": 63.29978799819946,
  "kg_co2_emissions": null,
  "mteb_version": "1.14.15",
  "scores": {
    "test": [
      {
        "hf_subset": "default",
        "languages": [
          "eng-Latn"
        ],
        "main_score": 0.0044,
        "map_at_1": 0.00235,
        "map_at_10": 0.00352,
        "map_at_100": 0.0041,
        "map_at_1000": 0.00453,
        "map_at_20": 0.00368,
        "map_at_3": 0.00306,
        "map_at_5": 0.00327,
        "mrr_at_1": 0.002590368538796656,
        "mrr_at_10": 0.003898074791751937,
        "mrr_at_100": 0.004555591816859504,
        "mrr_at_1000": 0.005000626409791229,
        "mrr_at_20": 0.004048799878980005,
        "mrr_at_3": 0.003414576710231955,
        "mrr_at_5": 0.0036029671494171665,
        "nauc_map_at_1000_diff1": 0.35638709182545325,
        "nauc_map_at_1000_max": 0.31216162074051873,
        "nauc_map_at_1000_std": 0.1148696557706093,
        "nauc_map_at_100_diff1": 0.3911438208640363,
        "nauc_map_at_100_max": 0.3396763378176657,
        "nauc_map_at_100_std": 0.12002786403201969,
        "nauc_map_at_10_diff1": 0.45017395260550336,
        "nauc_map_at_10_max": 0.38906794552078827,
        "nauc_map_at_10_std": 0.13667035047111892,
        "nauc_map_at_1_diff1": 0.6049243934788163,
        "nauc_map_at_1_max": 0.4818799849473842,
        "nauc_map_at_1_std": 0.2105866096866394,
        "nauc_map_at_20_diff1": 0.44053630349963285,
        "nauc_map_at_20_max": 0.3796881348953113,
        "nauc_map_at_20_std": 0.13013153359994084,
        "nauc_map_at_3_diff1": 0.5173860188738275,
        "nauc_map_at_3_max": 0.4065923751787362,
        "nauc_map_at_3_std": 0.14092154447287755,
        "nauc_map_at_5_diff1": 0.4770514010446925,
        "nauc_map_at_5_max": 0.3941729143571661,
        "nauc_map_at_5_std": 0.14325413518424165,
        "nauc_mrr_at_1000_diff1": 0.35431458938938465,
        "nauc_mrr_at_1000_max": 0.2905120139916943,
        "nauc_mrr_at_1000_std": 0.12023190582812658,
        "nauc_mrr_at_100_diff1": 0.3844053454420344,
        "nauc_mrr_at_100_max": 0.3120375274948576,
        "nauc_mrr_at_100_std": 0.12763396663207768,
        "nauc_mrr_at_10_diff1": 0.4495817330405671,
        "nauc_mrr_at_10_max": 0.3589561380263691,
        "nauc_mrr_at_10_std": 0.1461600867391346,
        "nauc_mrr_at_1_diff1": 0.6203508461178835,
        "nauc_mrr_at_1_max": 0.45740403066566493,
        "nauc_mrr_at_1_std": 0.2395796042115104,
        "nauc_mrr_at_20_diff1": 0.43635040217784343,
        "nauc_mrr_at_20_max": 0.349261654586981,
        "nauc_mrr_at_20_std": 0.13779799289640224,
        "nauc_mrr_at_3_diff1": 0.5119801424831824,
        "nauc_mrr_at_3_max": 0.3776802521170718,
        "nauc_mrr_at_3_std": 0.14766969079542439,
        "nauc_mrr_at_5_diff1": 0.47138969777885253,
        "nauc_mrr_at_5_max": 0.3753492828421027,
        "nauc_mrr_at_5_std": 0.1452205227679736,
        "nauc_ndcg_at_1000_diff1": 0.07292744974903882,
        "nauc_ndcg_at_1000_max": 0.0884032775860018,
        "nauc_ndcg_at_1000_std": 0.051090998975053176,
        "nauc_ndcg_at_100_diff1": 0.19583459800491027,
        "nauc_ndcg_at_100_max": 0.18581814336305044,
        "nauc_ndcg_at_100_std": 0.07304138689936765,
        "nauc_ndcg_at_10_diff1": 0.3878283665819624,
        "nauc_ndcg_at_10_max": 0.3590685421305222,
        "nauc_ndcg_at_10_std": 0.11576517944335293,
        "nauc_ndcg_at_1_diff1": 0.6203508461178835,
        "nauc_ndcg_at_1_max": 0.45740403066566493,
        "nauc_ndcg_at_1_std": 0.2395796042115104,
        "nauc_ndcg_at_20_diff1": 0.3626944181180786,
        "nauc_ndcg_at_20_max": 0.33698285925265403,
        "nauc_ndcg_at_20_std": 0.10240848431850605,
        "nauc_ndcg_at_3_diff1": 0.49527275221842326,
        "nauc_ndcg_at_3_max": 0.38346586036686164,
        "nauc_ndcg_at_3_std": 0.11921374495954269,
        "nauc_ndcg_at_5_diff1": 0.4328047628377554,
        "nauc_ndcg_at_5_max": 0.3713351489592782,
        "nauc_ndcg_at_5_std": 0.12251808603076193,
        "nauc_precision_at_1000_diff1": 0.0035214802868546845,
        "nauc_precision_at_1000_max": 0.010403063877440319,
        "nauc_precision_at_1000_std": 0.020282742639505098,
        "nauc_precision_at_100_diff1": 0.034459394447301825,
        "nauc_precision_at_100_max": 0.02075519758719285,
        "nauc_precision_at_100_std": 0.02796262794431541,
        "nauc_precision_at_10_diff1": 0.27217577699027956,
        "nauc_precision_at_10_max": 0.3240035396268365,
        "nauc_precision_at_10_std": 0.10791184506726262,
        "nauc_precision_at_1_diff1": 0.6203508461178835,
        "nauc_precision_at_1_max": 0.45740403066566493,
        "nauc_precision_at_1_std": 0.2395796042115104,
        "nauc_precision_at_20_diff1": 0.24004732469366466,
        "nauc_precision_at_20_max": 0.25145979116949035,
        "nauc_precision_at_20_std": 0.05691796913363098,
        "nauc_precision_at_3_diff1": 0.4545235243616938,
        "nauc_precision_at_3_max": 0.35504668283317325,
        "nauc_precision_at_3_std": 0.0953558446872358,
        "nauc_precision_at_5_diff1": 0.34521084562377413,
        "nauc_precision_at_5_max": 0.34385464154387113,
        "nauc_precision_at_5_std": 0.09238799607744973,
        "nauc_recall_at_1000_diff1": 0.014001598627229066,
        "nauc_recall_at_1000_max": 0.046571222988505516,
        "nauc_recall_at_1000_std": 0.04187999067705931,
        "nauc_recall_at_100_diff1": 0.06332610490032234,
        "nauc_recall_at_100_max": 0.08508900551385427,
        "nauc_recall_at_100_std": 0.0455631911862061,
        "nauc_recall_at_10_diff1": 0.2854177358877294,
        "nauc_recall_at_10_max": 0.325968654256443,
        "nauc_recall_at_10_std": 0.07354398062580951,
        "nauc_recall_at_1_diff1": 0.6049243934788163,
        "nauc_recall_at_1_max": 0.4818799849473842,
        "nauc_recall_at_1_std": 0.2105866096866394,
        "nauc_recall_at_20_diff1": 0.25266278180070445,
        "nauc_recall_at_20_max": 0.2971626350955385,
        "nauc_recall_at_20_std": 0.06452004217300164,
        "nauc_recall_at_3_diff1": 0.4527187912149285,
        "nauc_recall_at_3_max": 0.35493701075716977,
        "nauc_recall_at_3_std": 0.06217182528689013,
        "nauc_recall_at_5_diff1": 0.34620738447546695,
        "nauc_recall_at_5_max": 0.33650623746681796,
        "nauc_recall_at_5_std": 0.08240805713161355,
        "ndcg_at_1": 0.00259,
        "ndcg_at_10": 0.0044,
        "ndcg_at_100": 0.00849,
        "ndcg_at_1000": 0.02554,
        "ndcg_at_20": 0.00492,
        "ndcg_at_3": 0.00339,
        "ndcg_at_5": 0.00373,
        "precision_at_1": 0.00259,
        "precision_at_10": 0.00089,
        "precision_at_100": 0.00043,
        "precision_at_1000": 0.00027,
        "precision_at_20": 0.00061,
        "precision_at_3": 0.00157,
        "precision_at_5": 0.00115,
        "recall_at_1": 0.00235,
        "recall_at_10": 0.00664,
        "recall_at_100": 0.02635,
        "recall_at_1000": 0.15525,
        "recall_at_20": 0.00842,
        "recall_at_3": 0.00395,
        "recall_at_5": 0.00474
      }
    ]
  },
  "task_name": "CoconutRetrieval"
}