{
  "dataset_revision": "023e7a813e3b73d8d33551ed2aea511314d612e2",
  "evaluation_time": 844.6308491230011,
  "kg_co2_emissions": null,
  "mteb_version": "1.14.15",
  "scores": {
    "test": [
      {
        "hf_subset": "default",
        "languages": [
          "eng-Latn"
        ],
        "main_score": 0.64926,
        "map_at_1": 0.45679,
        "map_at_10": 0.58158,
        "map_at_100": 0.59098,
        "map_at_1000": 0.59098,
        "map_at_20": 0.5861,
        "map_at_3": 0.53704,
        "map_at_5": 0.56296,
        "mrr_at_1": 0.5555555555555556,
        "mrr_at_10": 0.6232510288065843,
        "mrr_at_100": 0.6313981104830778,
        "mrr_at_1000": 0.6313981104830778,
        "mrr_at_20": 0.6291864514086737,
        "mrr_at_3": 0.5925925925925926,
        "mrr_at_5": 0.6092592592592594,
        "nauc_map_at_1000_diff1": 0.0004997345821480429,
        "nauc_map_at_1000_max": 0.19766175635771252,
        "nauc_map_at_1000_std": -0.1554337241680537,
        "nauc_map_at_100_diff1": 0.0004997345821480429,
        "nauc_map_at_100_max": 0.19766175635771252,
        "nauc_map_at_100_std": -0.1554337241680537,
        "nauc_map_at_10_diff1": 0.017436071830324088,
        "nauc_map_at_10_max": 0.1916083019884253,
        "nauc_map_at_10_std": -0.16551673353320268,
        "nauc_map_at_1_diff1": -0.11779359584724482,
        "nauc_map_at_1_max": 0.14256633447180977,
        "nauc_map_at_1_std": -0.12167412888472653,
        "nauc_map_at_20_diff1": 0.004777830426815127,
        "nauc_map_at_20_max": 0.19502835028589324,
        "nauc_map_at_20_std": -0.15774404849226756,
        "nauc_map_at_3_diff1": 0.0002617974019390211,
        "nauc_map_at_3_max": 0.18662884176448472,
        "nauc_map_at_3_std": -0.15598382208517717,
        "nauc_map_at_5_diff1": 0.014177210893549725,
        "nauc_map_at_5_max": 0.18856289574773985,
        "nauc_map_at_5_std": -0.17033979307613578,
        "nauc_mrr_at_1000_diff1": 0.01629646848840595,
        "nauc_mrr_at_1000_max": 0.10467814943220796,
        "nauc_mrr_at_1000_std": -0.19374308328602868,
        "nauc_mrr_at_100_diff1": 0.01629646848840595,
        "nauc_mrr_at_100_max": 0.10467814943220796,
        "nauc_mrr_at_100_std": -0.19374308328602868,
        "nauc_mrr_at_10_diff1": 0.032926298454600524,
        "nauc_mrr_at_10_max": 0.09799512701689121,
        "nauc_mrr_at_10_std": -0.2042319414509015,
        "nauc_mrr_at_1_diff1": -0.012738665898196364,
        "nauc_mrr_at_1_max": 0.07859104508004836,
        "nauc_mrr_at_1_std": -0.23142085469277393,
        "nauc_mrr_at_20_diff1": 0.017228245191148173,
        "nauc_mrr_at_20_max": 0.10939251637880891,
        "nauc_mrr_at_20_std": -0.18897442203278664,
        "nauc_mrr_at_3_diff1": 0.005983319215732579,
        "nauc_mrr_at_3_max": 0.13331546457593652,
        "nauc_mrr_at_3_std": -0.15050416186016308,
        "nauc_mrr_at_5_diff1": 0.03174470775617861,
        "nauc_mrr_at_5_max": 0.09367020835953561,
        "nauc_mrr_at_5_std": -0.20006202604410417,
        "nauc_ndcg_at_1000_diff1": 0.010952578639060996,
        "nauc_ndcg_at_1000_max": 0.19416351645954905,
        "nauc_ndcg_at_1000_std": -0.14611517819212436,
        "nauc_ndcg_at_100_diff1": 0.010952578639060996,
        "nauc_ndcg_at_100_max": 0.19416351645954905,
        "nauc_ndcg_at_100_std": -0.14611517819212436,
        "nauc_ndcg_at_10_diff1": 0.08006527039805263,
        "nauc_ndcg_at_10_max": 0.18558730901499787,
        "nauc_ndcg_at_10_std": -0.17260018098720128,
        "nauc_ndcg_at_1_diff1": -0.012738665898196364,
        "nauc_ndcg_at_1_max": 0.07859104508004836,
        "nauc_ndcg_at_1_std": -0.23142085469277393,
        "nauc_ndcg_at_20_diff1": 0.031839434671982296,
        "nauc_ndcg_at_20_max": 0.20877014781701206,
        "nauc_ndcg_at_20_std": -0.13453927992270198,
        "nauc_ndcg_at_3_diff1": 0.017115443202336694,
        "nauc_ndcg_at_3_max": 0.19966269974369377,
        "nauc_ndcg_at_3_std": -0.12484879169429855,
        "nauc_ndcg_at_5_diff1": 0.060812154654524775,
        "nauc_ndcg_at_5_max": 0.17506850398993812,
        "nauc_ndcg_at_5_std": -0.17687219192822226,
        "nauc_precision_at_1000_diff1": 0.09434719853929639,
        "nauc_precision_at_1000_max": 0.09606483150367671,
        "nauc_precision_at_1000_std": 0.08128234272900674,
        "nauc_precision_at_100_diff1": 0.09434719853929618,
        "nauc_precision_at_100_max": 0.09606483150367665,
        "nauc_precision_at_100_std": 0.081282342729006,
        "nauc_precision_at_10_diff1": 0.3153609483503238,
        "nauc_precision_at_10_max": 0.14631944295671584,
        "nauc_precision_at_10_std": -0.10824648463773343,
        "nauc_precision_at_1_diff1": -0.012738665898196364,
        "nauc_precision_at_1_max": 0.07859104508004836,
        "nauc_precision_at_1_std": -0.23142085469277393,
        "nauc_precision_at_20_diff1": 0.21491282734543937,
        "nauc_precision_at_20_max": 0.28002985162729294,
        "nauc_precision_at_20_std": 0.06943927006868363,
        "nauc_precision_at_3_diff1": 0.1842599662079702,
        "nauc_precision_at_3_max": 0.18891479460265362,
        "nauc_precision_at_3_std": -0.12830926203224485,
        "nauc_precision_at_5_diff1": 0.2506683578986321,
        "nauc_precision_at_5_max": 0.1623573667291515,
        "nauc_precision_at_5_std": -0.15942854948683224,
        "nauc_recall_at_1000_diff1": NaN,
        "nauc_recall_at_1000_max": NaN,
        "nauc_recall_at_1000_std": NaN,
        "nauc_recall_at_100_diff1": NaN,
        "nauc_recall_at_100_max": NaN,
        "nauc_recall_at_100_std": NaN,
        "nauc_recall_at_10_diff1": 0.433319915157088,
        "nauc_recall_at_10_max": 0.24208444604777274,
        "nauc_recall_at_10_std": -0.18849373802661087,
        "nauc_recall_at_1_diff1": -0.11779359584724482,
        "nauc_recall_at_1_max": 0.14256633447180977,
        "nauc_recall_at_1_std": -0.12167412888472653,
        "nauc_recall_at_20_diff1": 0.20917164799003768,
        "nauc_recall_at_20_max": 0.39404373866200326,
        "nauc_recall_at_20_std": 0.06649606270575632,
        "nauc_recall_at_3_diff1": 0.06581415276826338,
        "nauc_recall_at_3_max": 0.2670679299159901,
        "nauc_recall_at_3_std": -0.03975610110471242,
        "nauc_recall_at_5_diff1": 0.2229876760332314,
        "nauc_recall_at_5_max": 0.18172248353679243,
        "nauc_recall_at_5_std": -0.18963851958542452,
        "ndcg_at_1": 0.55556,
        "ndcg_at_10": 0.64926,
        "ndcg_at_100": 0.69068,
        "ndcg_at_1000": 0.69068,
        "ndcg_at_20": 0.66523,
        "ndcg_at_3": 0.56699,
        "ndcg_at_5": 0.60705,
        "precision_at_1": 0.55556,
        "precision_at_10": 0.1037,
        "precision_at_100": 0.01296,
        "precision_at_1000": 0.0013,
        "precision_at_20": 0.05556,
        "precision_at_3": 0.25926,
        "precision_at_5": 0.17778,
        "recall_at_1": 0.45679,
        "recall_at_10": 0.82716,
        "recall_at_100": 1.0,
        "recall_at_1000": 1.0,
        "recall_at_20": 0.88272,
        "recall_at_3": 0.60494,
        "recall_at_5": 0.69753
      }
    ]
  },
  "task_name": "ChemNQRetrieval"
}