{
  "dataset_revision": "831d292c3959eae59e4f89b8758738feee97d6cf",
  "evaluation_time": 499.5434467792511,
  "kg_co2_emissions": null,
  "mteb_version": "1.14.2",
  "scores": {
    "test": [
      {
        "hf_subset": "default",
        "languages": [
          "eng-Latn"
        ],
        "main_score": 0.0194,
        "map_at_1": 0.00846,
        "map_at_10": 0.01486,
        "map_at_100": 0.01789,
        "map_at_1000": 0.01909,
        "map_at_20": 0.0161,
        "map_at_3": 0.01209,
        "map_at_5": 0.01333,
        "mrr_at_1": 0.01047921817967738,
        "mrr_at_10": 0.017293606873260692,
        "mrr_at_100": 0.020503353521649746,
        "mrr_at_1000": 0.021541243874872593,
        "mrr_at_20": 0.018712575706543427,
        "mrr_at_3": 0.014423643000117743,
        "mrr_at_5": 0.015689391263393384,
        "nauc_map_at_1000_diff1": 0.2843480366402737,
        "nauc_map_at_1000_max": 0.48923019471887425,
        "nauc_map_at_1000_std": 0.6712325357925725,
        "nauc_map_at_100_diff1": 0.29250627457554385,
        "nauc_map_at_100_max": 0.48885175030538286,
        "nauc_map_at_100_std": 0.671163764863638,
        "nauc_map_at_10_diff1": 0.33840601044337687,
        "nauc_map_at_10_max": 0.5022335512639688,
        "nauc_map_at_10_std": 0.6865978901392843,
        "nauc_map_at_1_diff1": 0.5271503608465106,
        "nauc_map_at_1_max": 0.5125406420886521,
        "nauc_map_at_1_std": 0.705583659497844,
        "nauc_map_at_20_diff1": 0.3172874118566144,
        "nauc_map_at_20_max": 0.4961910257194513,
        "nauc_map_at_20_std": 0.6821692644279129,
        "nauc_map_at_3_diff1": 0.40455545569746637,
        "nauc_map_at_3_max": 0.5096159736402377,
        "nauc_map_at_3_std": 0.6919830035938591,
        "nauc_map_at_5_diff1": 0.3710063861659246,
        "nauc_map_at_5_max": 0.5086090871386003,
        "nauc_map_at_5_std": 0.691968179510996,
        "nauc_mrr_at_1000_diff1": 0.2506816520404549,
        "nauc_mrr_at_1000_max": 0.4266963246453549,
        "nauc_mrr_at_1000_std": 0.6301370099334787,
        "nauc_mrr_at_100_diff1": 0.255645895799058,
        "nauc_mrr_at_100_max": 0.4267024218105315,
        "nauc_mrr_at_100_std": 0.6309247121772303,
        "nauc_mrr_at_10_diff1": 0.28931279535811555,
        "nauc_mrr_at_10_max": 0.4325345337735915,
        "nauc_mrr_at_10_std": 0.6473729205560649,
        "nauc_mrr_at_1_diff1": 0.41069003621948474,
        "nauc_mrr_at_1_max": 0.4264179334298914,
        "nauc_mrr_at_1_std": 0.654633901071194,
        "nauc_mrr_at_20_diff1": 0.2728986810650128,
        "nauc_mrr_at_20_max": 0.42977088984139883,
        "nauc_mrr_at_20_std": 0.6411288241810406,
        "nauc_mrr_at_3_diff1": 0.3365220643972822,
        "nauc_mrr_at_3_max": 0.4307305127123152,
        "nauc_mrr_at_3_std": 0.6533827662531501,
        "nauc_mrr_at_5_diff1": 0.31443388077192647,
        "nauc_mrr_at_5_max": 0.4367096940403934,
        "nauc_mrr_at_5_std": 0.6545218950426974,
        "nauc_ndcg_at_1000_diff1": 0.1293089634578797,
        "nauc_ndcg_at_1000_max": 0.46366351904457104,
        "nauc_ndcg_at_1000_std": 0.6338976376702751,
        "nauc_ndcg_at_100_diff1": 0.17144114021029477,
        "nauc_ndcg_at_100_max": 0.45378571413478497,
        "nauc_ndcg_at_100_std": 0.6254576800870381,
        "nauc_ndcg_at_10_diff1": 0.2728899466754361,
        "nauc_ndcg_at_10_max": 0.48312324269644147,
        "nauc_ndcg_at_10_std": 0.6703548416956208,
        "nauc_ndcg_at_1_diff1": 0.41069003621948474,
        "nauc_ndcg_at_1_max": 0.4264179334298914,
        "nauc_ndcg_at_1_std": 0.654633901071194,
        "nauc_ndcg_at_20_diff1": 0.2341926695015426,
        "nauc_ndcg_at_20_max": 0.47016516002648967,
        "nauc_ndcg_at_20_std": 0.6580804517007314,
        "nauc_ndcg_at_3_diff1": 0.35653174391672193,
        "nauc_ndcg_at_3_max": 0.4780992842172132,
        "nauc_ndcg_at_3_std": 0.6721488821983995,
        "nauc_ndcg_at_5_diff1": 0.32411406351439487,
        "nauc_ndcg_at_5_max": 0.4918717539913208,
        "nauc_ndcg_at_5_std": 0.6798984352156168,
        "nauc_precision_at_1000_diff1": 0.02602521344170221,
        "nauc_precision_at_1000_max": 0.3484667052134701,
        "nauc_precision_at_1000_std": 0.48975004274200457,
        "nauc_precision_at_100_diff1": 0.07362919719316187,
        "nauc_precision_at_100_max": 0.4044570434928232,
        "nauc_precision_at_100_std": 0.5685732066827912,
        "nauc_precision_at_10_diff1": 0.1421532259584882,
        "nauc_precision_at_10_max": 0.40402402339761734,
        "nauc_precision_at_10_std": 0.6234844646164894,
        "nauc_precision_at_1_diff1": 0.41069003621948474,
        "nauc_precision_at_1_max": 0.4264179334298914,
        "nauc_precision_at_1_std": 0.654633901071194,
        "nauc_precision_at_20_diff1": 0.11290058729144385,
        "nauc_precision_at_20_max": 0.4045576852266289,
        "nauc_precision_at_20_std": 0.6094997429317448,
        "nauc_precision_at_3_diff1": 0.24155918676883192,
        "nauc_precision_at_3_max": 0.41280985031964185,
        "nauc_precision_at_3_std": 0.6318038368118604,
        "nauc_precision_at_5_diff1": 0.18976881403271928,
        "nauc_precision_at_5_max": 0.41932684472298465,
        "nauc_precision_at_5_std": 0.639981621607597,
        "nauc_recall_at_1000_diff1": 0.06159050504379836,
        "nauc_recall_at_1000_max": 0.4712043094354415,
        "nauc_recall_at_1000_std": 0.6279325761051734,
        "nauc_recall_at_100_diff1": 0.09185716460170677,
        "nauc_recall_at_100_max": 0.44150422493358066,
        "nauc_recall_at_100_std": 0.5965156539157498,
        "nauc_recall_at_10_diff1": 0.19771446684771027,
        "nauc_recall_at_10_max": 0.49826331065337853,
        "nauc_recall_at_10_std": 0.6685645402781271,
        "nauc_recall_at_1_diff1": 0.5271503608465106,
        "nauc_recall_at_1_max": 0.5125406420886521,
        "nauc_recall_at_1_std": 0.705583659497844,
        "nauc_recall_at_20_diff1": 0.15316863683581422,
        "nauc_recall_at_20_max": 0.4703813233432317,
        "nauc_recall_at_20_std": 0.6484731554559977,
        "nauc_recall_at_3_diff1": 0.33337201214228146,
        "nauc_recall_at_3_max": 0.5023554667016045,
        "nauc_recall_at_3_std": 0.6787365523892147,
        "nauc_recall_at_5_diff1": 0.27331932803248776,
        "nauc_recall_at_5_max": 0.5093874092910492,
        "nauc_recall_at_5_std": 0.6803424809466546,
        "ndcg_at_1": 0.01048,
        "ndcg_at_10": 0.0194,
        "ndcg_at_100": 0.03749,
        "ndcg_at_1000": 0.07617,
        "ndcg_at_20": 0.02387,
        "ndcg_at_3": 0.01395,
        "ndcg_at_5": 0.01585,
        "precision_at_1": 0.01048,
        "precision_at_10": 0.0045,
        "precision_at_100": 0.00186,
        "precision_at_1000": 0.00071,
        "precision_at_20": 0.00354,
        "precision_at_3": 0.00722,
        "precision_at_5": 0.00579,
        "recall_at_1": 0.00846,
        "recall_at_10": 0.03062,
        "recall_at_100": 0.11291,
        "recall_at_1000": 0.39205,
        "recall_at_20": 0.04627,
        "recall_at_3": 0.01627,
        "recall_at_5": 0.02085
      }
    ]
  },
  "task_name": "CoconutRetrieval"
}