{
  "dataset_revision": "f39c1d16edd269f233be381216bc8146f0857124",
  "evaluation_time": 63.23349976539612,
  "kg_co2_emissions": null,
  "mteb_version": "1.14.15",
  "scores": {
    "dev": [
      {
        "hf_subset": "default",
        "languages": [
          "eng-Latn"
        ],
        "main_score": 0.75,
        "map_at_1": 0.75,
        "map_at_10": 0.75,
        "map_at_100": 0.75521,
        "map_at_1000": 0.75568,
        "map_at_20": 0.75,
        "map_at_3": 0.75,
        "map_at_5": 0.75,
        "mrr_at_1": 0.75,
        "mrr_at_10": 0.75,
        "mrr_at_100": 0.7552083333333334,
        "mrr_at_1000": 0.7556764981273408,
        "mrr_at_20": 0.75,
        "mrr_at_3": 0.75,
        "mrr_at_5": 0.75,
        "nauc_map_at_1000_diff1": 0.9972073359148231,
        "nauc_map_at_1000_max": 0.9972073359148231,
        "nauc_map_at_1000_std": -0.16043352374877823,
        "nauc_map_at_100_diff1": 0.9969377990430622,
        "nauc_map_at_100_max": 0.9969377990430622,
        "nauc_map_at_100_std": -0.16241148325358834,
        "nauc_map_at_10_diff1": 1.0,
        "nauc_map_at_10_max": 1.0,
        "nauc_map_at_10_std": -0.13993993993993992,
        "nauc_map_at_1_diff1": 1.0,
        "nauc_map_at_1_max": 1.0,
        "nauc_map_at_1_std": -0.13993993993993992,
        "nauc_map_at_20_diff1": 1.0,
        "nauc_map_at_20_max": 1.0,
        "nauc_map_at_20_std": -0.13993993993993992,
        "nauc_map_at_3_diff1": 1.0,
        "nauc_map_at_3_max": 1.0,
        "nauc_map_at_3_std": -0.13993993993993992,
        "nauc_map_at_5_diff1": 1.0,
        "nauc_map_at_5_max": 1.0,
        "nauc_map_at_5_std": -0.13993993993993992,
        "nauc_mrr_at_1000_diff1": 0.9972073359148231,
        "nauc_mrr_at_1000_max": 0.9972073359148231,
        "nauc_mrr_at_1000_std": -0.16043352374877823,
        "nauc_mrr_at_100_diff1": 0.9969377990430622,
        "nauc_mrr_at_100_max": 0.9969377990430622,
        "nauc_mrr_at_100_std": -0.16241148325358834,
        "nauc_mrr_at_10_diff1": 1.0,
        "nauc_mrr_at_10_max": 1.0,
        "nauc_mrr_at_10_std": -0.13993993993993992,
        "nauc_mrr_at_1_diff1": 1.0,
        "nauc_mrr_at_1_max": 1.0,
        "nauc_mrr_at_1_std": -0.13993993993993992,
        "nauc_mrr_at_20_diff1": 1.0,
        "nauc_mrr_at_20_max": 1.0,
        "nauc_mrr_at_20_std": -0.13993993993993992,
        "nauc_mrr_at_3_diff1": 1.0,
        "nauc_mrr_at_3_max": 1.0,
        "nauc_mrr_at_3_std": -0.13993993993993992,
        "nauc_mrr_at_5_diff1": 1.0,
        "nauc_mrr_at_5_max": 1.0,
        "nauc_mrr_at_5_std": -0.13993993993993992,
        "nauc_ndcg_at_1000_diff1": 0.9921012438146384,
        "nauc_ndcg_at_1000_max": 0.9921012438146384,
        "nauc_ndcg_at_1000_std": -0.19790388294673708,
        "nauc_ndcg_at_100_diff1": 0.982757432924459,
        "nauc_ndcg_at_100_max": 0.982757432924459,
        "nauc_ndcg_at_100_std": -0.26647216245742167,
        "nauc_ndcg_at_10_diff1": 1.0,
        "nauc_ndcg_at_10_max": 1.0,
        "nauc_ndcg_at_10_std": -0.13993993993993992,
        "nauc_ndcg_at_1_diff1": 1.0,
        "nauc_ndcg_at_1_max": 1.0,
        "nauc_ndcg_at_1_std": -0.13993993993993992,
        "nauc_ndcg_at_20_diff1": 1.0,
        "nauc_ndcg_at_20_max": 1.0,
        "nauc_ndcg_at_20_std": -0.13993993993993992,
        "nauc_ndcg_at_3_diff1": 1.0,
        "nauc_ndcg_at_3_max": 1.0,
        "nauc_ndcg_at_3_std": -0.13993993993993992,
        "nauc_ndcg_at_5_diff1": 1.0,
        "nauc_ndcg_at_5_max": 1.0,
        "nauc_ndcg_at_5_std": -0.13993993993993992,
        "nauc_precision_at_1000_diff1": 1.0,
        "nauc_precision_at_1000_max": 1.0,
        "nauc_precision_at_1000_std": 1.0,
        "nauc_precision_at_100_diff1": 0.865546218487395,
        "nauc_precision_at_100_max": 0.865546218487395,
        "nauc_precision_at_100_std": -1.126610644257707,
        "nauc_precision_at_10_diff1": 1.0,
        "nauc_precision_at_10_max": 1.0,
        "nauc_precision_at_10_std": -0.1399399399399401,
        "nauc_precision_at_1_diff1": 1.0,
        "nauc_precision_at_1_max": 1.0,
        "nauc_precision_at_1_std": -0.13993993993993992,
        "nauc_precision_at_20_diff1": 1.0,
        "nauc_precision_at_20_max": 1.0,
        "nauc_precision_at_20_std": -0.1399399399399401,
        "nauc_precision_at_3_diff1": 1.0,
        "nauc_precision_at_3_max": 1.0,
        "nauc_precision_at_3_std": -0.13993993993994053,
        "nauc_precision_at_5_diff1": 1.0,
        "nauc_precision_at_5_max": 1.0,
        "nauc_precision_at_5_std": -0.1399399399399401,
        "nauc_recall_at_1000_diff1": NaN,
        "nauc_recall_at_1000_max": NaN,
        "nauc_recall_at_1000_std": NaN,
        "nauc_recall_at_100_diff1": 0.8655462184873944,
        "nauc_recall_at_100_max": 0.8655462184873944,
        "nauc_recall_at_100_std": -1.1266106442577013,
        "nauc_recall_at_10_diff1": 1.0,
        "nauc_recall_at_10_max": 1.0,
        "nauc_recall_at_10_std": -0.13993993993993992,
        "nauc_recall_at_1_diff1": 1.0,
        "nauc_recall_at_1_max": 1.0,
        "nauc_recall_at_1_std": -0.13993993993993992,
        "nauc_recall_at_20_diff1": 1.0,
        "nauc_recall_at_20_max": 1.0,
        "nauc_recall_at_20_std": -0.13993993993993992,
        "nauc_recall_at_3_diff1": 1.0,
        "nauc_recall_at_3_max": 1.0,
        "nauc_recall_at_3_std": -0.13993993993993992,
        "nauc_recall_at_5_diff1": 1.0,
        "nauc_recall_at_5_max": 1.0,
        "nauc_recall_at_5_std": -0.13993993993993992,
        "ndcg_at_1": 0.75,
        "ndcg_at_10": 0.75,
        "ndcg_at_100": 0.77692,
        "ndcg_at_1000": 0.79241,
        "ndcg_at_20": 0.75,
        "ndcg_at_3": 0.75,
        "ndcg_at_5": 0.75,
        "precision_at_1": 0.75,
        "precision_at_10": 0.075,
        "precision_at_100": 0.00875,
        "precision_at_1000": 0.001,
        "precision_at_20": 0.0375,
        "precision_at_3": 0.25,
        "precision_at_5": 0.15,
        "recall_at_1": 0.75,
        "recall_at_10": 0.75,
        "recall_at_100": 0.875,
        "recall_at_1000": 1.0,
        "recall_at_20": 0.75,
        "recall_at_3": 0.75,
        "recall_at_5": 0.75
      }
    ],
    "test": [
      {
        "hf_subset": "default",
        "languages": [
          "eng-Latn"
        ],
        "main_score": 0.72179,
        "map_at_1": 0.61111,
        "map_at_10": 0.68519,
        "map_at_100": 0.68796,
        "map_at_1000": 0.6887,
        "map_at_20": 0.68796,
        "map_at_3": 0.65741,
        "map_at_5": 0.68519,
        "mrr_at_1": 0.6111111111111112,
        "mrr_at_10": 0.6851851851851852,
        "mrr_at_100": 0.687962962962963,
        "mrr_at_1000": 0.6886982074498347,
        "mrr_at_20": 0.687962962962963,
        "mrr_at_3": 0.6574074074074074,
        "mrr_at_5": 0.6851851851851852,
        "nauc_map_at_1000_diff1": 0.9611445605215166,
        "nauc_map_at_1000_max": 0.47996883541385754,
        "nauc_map_at_1000_std": -0.012236944850973907,
        "nauc_map_at_100_diff1": 0.960813746470664,
        "nauc_map_at_100_max": 0.479933491602056,
        "nauc_map_at_100_std": -0.012779438011291302,
        "nauc_map_at_10_diff1": 0.9611753382907294,
        "nauc_map_at_10_max": 0.4793439279535272,
        "nauc_map_at_10_std": -0.01454220470456115,
        "nauc_map_at_1_diff1": 1.0,
        "nauc_map_at_1_max": 0.5405814989150747,
        "nauc_map_at_1_std": 0.09682768317532985,
        "nauc_map_at_20_diff1": 0.960813746470664,
        "nauc_map_at_20_max": 0.479933491602056,
        "nauc_map_at_20_std": -0.012779438011291302,
        "nauc_map_at_3_diff1": 0.9562024125924012,
        "nauc_map_at_3_max": 0.4552132333762607,
        "nauc_map_at_3_std": -0.015711488034307754,
        "nauc_map_at_5_diff1": 0.9611753382907294,
        "nauc_map_at_5_max": 0.4793439279535272,
        "nauc_map_at_5_std": -0.01454220470456115,
        "nauc_mrr_at_1000_diff1": 0.9611445605215166,
        "nauc_mrr_at_1000_max": 0.47996883541385754,
        "nauc_mrr_at_1000_std": -0.012236944850973907,