{
  "dataset_revision": "023e7a813e3b73d8d33551ed2aea511314d612e2",
  "evaluation_time": 54.45098805427551,
  "kg_co2_emissions": null,
  "mteb_version": "1.14.15",
  "scores": {
    "test": [
      {
        "hf_subset": "default",
        "languages": [
          "eng-Latn"
        ],
        "main_score": 0.63068,
        "map_at_1": 0.33333,
        "map_at_10": 0.54788,
        "map_at_100": 0.55676,
        "map_at_1000": 0.55702,
        "map_at_20": 0.55634,
        "map_at_3": 0.51235,
        "map_at_5": 0.53179,
        "mrr_at_1": 0.37037037037037035,
        "mrr_at_10": 0.5713403880070547,
        "mrr_at_100": 0.5746009134898024,
        "mrr_at_1000": 0.5747277526577375,
        "mrr_at_20": 0.5741893908560576,
        "mrr_at_3": 0.54320987654321,
        "mrr_at_5": 0.5598765432098766,
        "nauc_map_at_1000_diff1": 0.4077337190841592,
        "nauc_map_at_1000_max": 0.010193884239653143,
        "nauc_map_at_1000_std": -0.10614440811768103,
        "nauc_map_at_100_diff1": 0.4081539523561067,
        "nauc_map_at_100_max": 0.010486113068749432,
        "nauc_map_at_100_std": -0.10586613030862659,
        "nauc_map_at_10_diff1": 0.41390066039255546,
        "nauc_map_at_10_max": -0.0035897331539146687,
        "nauc_map_at_10_std": -0.09716674227952081,
        "nauc_map_at_1_diff1": 0.419812080948958,
        "nauc_map_at_1_max": -0.12535116509300037,
        "nauc_map_at_1_std": -0.20636765725366005,
        "nauc_map_at_20_diff1": 0.4083672349196346,
        "nauc_map_at_20_max": 0.010986518394043212,
        "nauc_map_at_20_std": -0.10519796541090067,
        "nauc_map_at_3_diff1": 0.3420754021261661,
        "nauc_map_at_3_max": -0.03479517754191079,
        "nauc_map_at_3_std": -0.1587041625753814,
        "nauc_map_at_5_diff1": 0.3574243076035711,
        "nauc_map_at_5_max": -0.03689731751117641,
        "nauc_map_at_5_std": -0.11836157746883398,
        "nauc_mrr_at_1000_diff1": 0.4059281187290463,
        "nauc_mrr_at_1000_max": 0.08025943963910334,
        "nauc_mrr_at_1000_std": -0.1278001519350653,
        "nauc_mrr_at_100_diff1": 0.40607359261930104,
        "nauc_mrr_at_100_max": 0.08062039803428192,
        "nauc_mrr_at_100_std": -0.12782204808490022,
        "nauc_mrr_at_10_diff1": 0.4123384971010562,
        "nauc_mrr_at_10_max": 0.08756765732341432,
        "nauc_mrr_at_10_std": -0.12216891017962195,
        "nauc_mrr_at_1_diff1": 0.5108463365419231,
        "nauc_mrr_at_1_max": -0.03127110957302194,
        "nauc_mrr_at_1_std": -0.17894225375304532,
        "nauc_mrr_at_20_diff1": 0.406296370172855,
        "nauc_mrr_at_20_max": 0.08103167346041078,
        "nauc_mrr_at_20_std": -0.12710120925958432,
        "nauc_mrr_at_3_diff1": 0.33371099051329595,
        "nauc_mrr_at_3_max": 0.03438226876469255,
        "nauc_mrr_at_3_std": -0.1438375260100129,
        "nauc_mrr_at_5_diff1": 0.3770326082287537,
        "nauc_mrr_at_5_max": 0.07709384540504054,
        "nauc_mrr_at_5_std": -0.12544637773164427,
        "nauc_ndcg_at_1000_diff1": 0.4168098857192587,
        "nauc_ndcg_at_1000_max": 0.0669013704763638,
        "nauc_ndcg_at_1000_std": -0.0902534271556763,
        "nauc_ndcg_at_100_diff1": 0.42823150070091437,
        "nauc_ndcg_at_100_max": 0.08064730528368277,
        "nauc_ndcg_at_100_std": -0.08607105826282502,
        "nauc_ndcg_at_10_diff1": 0.4522966771116826,
        "nauc_ndcg_at_10_max": 0.06211858405098436,
        "nauc_ndcg_at_10_std": -0.049890269144920084,
        "nauc_ndcg_at_1_diff1": 0.5108463365419231,
        "nauc_ndcg_at_1_max": -0.03127110957302194,
        "nauc_ndcg_at_1_std": -0.17894225375304532,
        "nauc_ndcg_at_20_diff1": 0.4313430111958636,
        "nauc_ndcg_at_20_max": 0.08738645171690525,
        "nauc_ndcg_at_20_std": -0.07527438672137635,
        "nauc_ndcg_at_3_diff1": 0.2973306447571794,
        "nauc_ndcg_at_3_max": -0.015190775115429116,
        "nauc_ndcg_at_3_std": -0.14618244317673726,
        "nauc_ndcg_at_5_diff1": 0.3339813323049354,
        "nauc_ndcg_at_5_max": -0.0015192526486851158,
        "nauc_ndcg_at_5_std": -0.08917041436130942,
        "nauc_precision_at_1000_diff1": 0.04569452643920888,
        "nauc_precision_at_1000_max": 0.38535621340876364,
        "nauc_precision_at_1000_std": 0.16600762444882733,
        "nauc_precision_at_100_diff1": 0.2119270117258083,
        "nauc_precision_at_100_max": 0.48524475495428787,
        "nauc_precision_at_100_std": 0.21746717562959242,
        "nauc_precision_at_10_diff1": 0.4064181597292863,
        "nauc_precision_at_10_max": 0.36792570204987984,
        "nauc_precision_at_10_std": 0.3030665067185582,
        "nauc_precision_at_1_diff1": 0.5108463365419231,
        "nauc_precision_at_1_max": -0.03127110957302194,
        "nauc_precision_at_1_std": -0.17894225375304532,
        "nauc_precision_at_20_diff1": 0.24387264094421754,
        "nauc_precision_at_20_max": 0.4733916016898208,
        "nauc_precision_at_20_std": 0.23047023231896666,
        "nauc_precision_at_3_diff1": 0.1534977611472701,
        "nauc_precision_at_3_max": 0.11759307999525152,
        "nauc_precision_at_3_std": -0.051261530653297,
        "nauc_precision_at_5_diff1": 0.20095928674264044,
        "nauc_precision_at_5_max": 0.17615130129720163,
        "nauc_precision_at_5_std": 0.16181716783044395,
        "nauc_recall_at_1000_diff1": NaN,
        "nauc_recall_at_1000_max": NaN,
        "nauc_recall_at_1000_std": NaN,
        "nauc_recall_at_100_diff1": 0.7593582887700525,
        "nauc_recall_at_100_max": 0.6068442973435203,
        "nauc_recall_at_100_std": 0.007346852064345439,
        "nauc_recall_at_10_diff1": 0.6903825525341136,
        "nauc_recall_at_10_max": 0.2399528613366514,
        "nauc_recall_at_10_std": 0.2049903445106476,
        "nauc_recall_at_1_diff1": 0.419812080948958,
        "nauc_recall_at_1_max": -0.12535116509300037,
        "nauc_recall_at_1_std": -0.20636765725366005,
        "nauc_recall_at_20_diff1": 0.672238751960114,
        "nauc_recall_at_20_max": 0.5000038661029376,
        "nauc_recall_at_20_std": 0.157433897371977,
        "nauc_recall_at_3_diff1": 0.17018072868707132,
        "nauc_recall_at_3_max": -0.020550282306579588,
        "nauc_recall_at_3_std": -0.12547593553489514,
        "nauc_recall_at_5_diff1": 0.21821400728933302,
        "nauc_recall_at_5_max": -0.01916081265638408,
        "nauc_recall_at_5_std": 0.0017839761634410283,
        "ndcg_at_1": 0.37037,
        "ndcg_at_10": 0.63068,
        "ndcg_at_100": 0.65728,
        "ndcg_at_1000": 0.66396,
        "ndcg_at_20": 0.65159,
        "ndcg_at_3": 0.56509,
        "ndcg_at_5": 0.59798,
        "precision_at_1": 0.37037,
        "precision_at_10": 0.10741,
        "precision_at_100": 0.01222,
        "precision_at_1000": 0.0013,
        "precision_at_20": 0.05926,
        "precision_at_3": 0.28395,
        "precision_at_5": 0.19259,
        "recall_at_1": 0.33333,
        "recall_at_10": 0.84568,
        "recall_at_100": 0.95062,
        "recall_at_1000": 1.0,
        "recall_at_20": 0.91358,
        "recall_at_3": 0.67901,
        "recall_at_5": 0.75309
      }
    ]
  },
  "task_name": "ChemNQRetrieval"
}