{
  "dataset_revision": "831d292c3959eae59e4f89b8758738feee97d6cf",
  "evaluation_time": 62.139140129089355,
  "kg_co2_emissions": null,
  "mteb_version": "1.14.15",
  "scores": {
    "test": [
      {
        "hf_subset": "default",
        "languages": [
          "eng-Latn"
        ],
        "main_score": 0.00676,
        "map_at_1": 0.0031,
        "map_at_10": 0.00516,
        "map_at_100": 0.00628,
        "map_at_1000": 0.0069,
        "map_at_20": 0.00557,
        "map_at_3": 0.00418,
        "map_at_5": 0.00461,
        "mrr_at_1": 0.0034145767102319556,
        "mrr_at_10": 0.0058124898375693165,
        "mrr_at_100": 0.0070312932900337645,
        "mrr_at_1000": 0.007613877786176366,
        "mrr_at_20": 0.0062612791528773755,
        "mrr_at_3": 0.004866753012284626,
        "mrr_at_5": 0.005302405902900429,
        "nauc_map_at_1000_diff1": 0.2802935776404456,
        "nauc_map_at_1000_max": 0.26061604353111173,
        "nauc_map_at_1000_std": 0.40267773635897547,
        "nauc_map_at_100_diff1": 0.3097617976854354,
        "nauc_map_at_100_max": 0.28238735764044365,
        "nauc_map_at_100_std": 0.4159450340593867,
        "nauc_map_at_10_diff1": 0.38066569632711833,
        "nauc_map_at_10_max": 0.32687323597478546,
        "nauc_map_at_10_std": 0.44326684870547045,
        "nauc_map_at_1_diff1": 0.5222995524795352,
        "nauc_map_at_1_max": 0.36473142620619614,
        "nauc_map_at_1_std": 0.5190774819668124,
        "nauc_map_at_20_diff1": 0.361083493369155,
        "nauc_map_at_20_max": 0.317582826156765,
        "nauc_map_at_20_std": 0.4343267143943917,
        "nauc_map_at_3_diff1": 0.4500002690411727,
        "nauc_map_at_3_max": 0.35614153465803505,
        "nauc_map_at_3_std": 0.48356861626315667,
        "nauc_map_at_5_diff1": 0.424164685730863,
        "nauc_map_at_5_max": 0.3364322838824284,
        "nauc_map_at_5_std": 0.46328744023362645,
        "nauc_mrr_at_1000_diff1": 0.2547865666146627,
        "nauc_mrr_at_1000_max": 0.25014263108394935,
        "nauc_mrr_at_1000_std": 0.37745348003021845,
        "nauc_mrr_at_100_diff1": 0.275936332493667,
        "nauc_mrr_at_100_max": 0.26745645056044953,
        "nauc_mrr_at_100_std": 0.38955463748477476,
        "nauc_mrr_at_10_diff1": 0.33860159392184325,
        "nauc_mrr_at_10_max": 0.31427309065912734,
        "nauc_mrr_at_10_std": 0.4216567723601598,
        "nauc_mrr_at_1_diff1": 0.4782704151397009,
        "nauc_mrr_at_1_max": 0.4224167334817255,
        "nauc_mrr_at_1_std": 0.5256988821430092,
        "nauc_mrr_at_20_diff1": 0.322593635266549,
        "nauc_mrr_at_20_max": 0.30347566576854096,
        "nauc_mrr_at_20_std": 0.4117017230624569,
        "nauc_mrr_at_3_diff1": 0.3993104045896732,
        "nauc_mrr_at_3_max": 0.3518793030925715,
        "nauc_mrr_at_3_std": 0.4722699799920893,
        "nauc_mrr_at_5_diff1": 0.37335971927043415,
        "nauc_mrr_at_5_max": 0.3245102810594992,
        "nauc_mrr_at_5_std": 0.4477442831395231,
        "nauc_ndcg_at_1000_diff1": 0.01687296962031756,
        "nauc_ndcg_at_1000_max": 0.0789917404021636,
        "nauc_ndcg_at_1000_std": 0.2601994300212408,
        "nauc_ndcg_at_100_diff1": 0.11899481571206368,
        "nauc_ndcg_at_100_max": 0.16430080389027485,
        "nauc_ndcg_at_100_std": 0.3217194261703926,
        "nauc_ndcg_at_10_diff1": 0.3073018095727556,
        "nauc_ndcg_at_10_max": 0.2935075276110454,
        "nauc_ndcg_at_10_std": 0.3963678018432063,
        "nauc_ndcg_at_1_diff1": 0.4782704151397009,
        "nauc_ndcg_at_1_max": 0.4224167334817255,
        "nauc_ndcg_at_1_std": 0.5256988821430092,
        "nauc_ndcg_at_20_diff1": 0.2686514891264607,
        "nauc_ndcg_at_20_max": 0.27328413348165054,
        "nauc_ndcg_at_20_std": 0.3768953553663936,
        "nauc_ndcg_at_3_diff1": 0.4104993244458271,
        "nauc_ndcg_at_3_max": 0.3474952981287936,
        "nauc_ndcg_at_3_std": 0.4677573082109209,
        "nauc_ndcg_at_5_diff1": 0.3774948655082775,
        "nauc_ndcg_at_5_max": 0.3110854780096277,
        "nauc_ndcg_at_5_std": 0.4346706906055355,
        "nauc_precision_at_1000_diff1": -0.054946701642295,
        "nauc_precision_at_1000_max": 0.004024575794240115,
        "nauc_precision_at_1000_std": 0.20177538591226246,
        "nauc_precision_at_100_diff1": -0.01274261805580213,
        "nauc_precision_at_100_max": 0.07298960476496252,
        "nauc_precision_at_100_std": 0.2666656577029471,
        "nauc_precision_at_10_diff1": 0.18201604264726567,
        "nauc_precision_at_10_max": 0.23652756418876023,
        "nauc_precision_at_10_std": 0.3314104261523851,
        "nauc_precision_at_1_diff1": 0.4782704151397009,
        "nauc_precision_at_1_max": 0.4224167334817255,
        "nauc_precision_at_1_std": 0.5256988821430092,
        "nauc_precision_at_20_diff1": 0.15454185729114928,
        "nauc_precision_at_20_max": 0.21237816486240854,
        "nauc_precision_at_20_std": 0.3218230995662516,
        "nauc_precision_at_3_diff1": 0.32789185765136075,
        "nauc_precision_at_3_max": 0.33591074051872577,
        "nauc_precision_at_3_std": 0.42493883693280754,
        "nauc_precision_at_5_diff1": 0.28242821732328527,
        "nauc_precision_at_5_max": 0.2639439018727571,
        "nauc_precision_at_5_std": 0.3834991259523792,
        "nauc_recall_at_1000_diff1": -0.04867257883557152,
        "nauc_recall_at_1000_max": 0.0388582962408182,
        "nauc_recall_at_1000_std": 0.22201861082029903,
        "nauc_recall_at_100_diff1": -0.001045448514695415,
        "nauc_recall_at_100_max": 0.09029587862630763,
        "nauc_recall_at_100_std": 0.26604488715712993,
        "nauc_recall_at_10_diff1": 0.21754765785091748,
        "nauc_recall_at_10_max": 0.2524720502656601,
        "nauc_recall_at_10_std": 0.33446350862026153,
        "nauc_recall_at_1_diff1": 0.5222995524795352,
        "nauc_recall_at_1_max": 0.36473142620619614,
        "nauc_recall_at_1_std": 0.5190774819668124,
        "nauc_recall_at_20_diff1": 0.1723378698838295,
        "nauc_recall_at_20_max": 0.22882543411784836,
        "nauc_recall_at_20_std": 0.31452831786495394,
        "nauc_recall_at_3_diff1": 0.37616212256205733,
        "nauc_recall_at_3_max": 0.3247545172418994,
        "nauc_recall_at_3_std": 0.4402151941998313,
        "nauc_recall_at_5_diff1": 0.32286434085545174,
        "nauc_recall_at_5_max": 0.2731995754383823,
        "nauc_recall_at_5_std": 0.39023125208369663,
        "ndcg_at_1": 0.00341,
        "ndcg_at_10": 0.00676,
        "ndcg_at_100": 0.01391,
        "ndcg_at_1000": 0.03585,
        "ndcg_at_20": 0.00824,
        "ndcg_at_3": 0.00477,
        "ndcg_at_5": 0.00547,
        "precision_at_1": 0.00341,
        "precision_at_10": 0.0015,
        "precision_at_100": 0.00071,
        "precision_at_1000": 0.00036,
        "precision_at_20": 0.00116,
        "precision_at_3": 0.00243,
        "precision_at_5": 0.00193,
        "recall_at_1": 0.0031,
        "recall_at_10": 0.01096,
        "recall_at_100": 0.04427,
        "recall_at_1000": 0.20802,
        "recall_at_20": 0.01628,
        "recall_at_3": 0.00565,
        "recall_at_5": 0.00723
      }
    ]
  },
  "task_name": "CoconutRetrieval"
}