{
  "dataset_revision": "831d292c3959eae59e4f89b8758738feee97d6cf",
  "task_name": "CoconutRetrieval",
  "mteb_version": "1.36.8",
  "scores": {
    "test": [
      {
        "ndcg_at_1": 0.00212,
        "ndcg_at_3": 0.00283,
        "ndcg_at_5": 0.0031,
        "ndcg_at_10": 0.00373,
        "ndcg_at_20": 0.00462,
        "ndcg_at_100": 0.00754,
        "ndcg_at_1000": 0.02026,
        "map_at_1": 0.002,
        "map_at_3": 0.0026,
        "map_at_5": 0.00273,
        "map_at_10": 0.00297,
        "map_at_20": 0.0032,
        "map_at_100": 0.00354,
        "map_at_1000": 0.00387,
        "recall_at_1": 0.002,
        "recall_at_3": 0.00331,
        "recall_at_5": 0.0039,
        "recall_at_10": 0.00568,
        "recall_at_20": 0.00892,
        "recall_at_100": 0.02353,
        "recall_at_1000": 0.11838,
        "precision_at_1": 0.00212,
        "precision_at_3": 0.00126,
        "precision_at_5": 0.00097,
        "precision_at_10": 0.00077,
        "precision_at_20": 0.00064,
        "precision_at_100": 0.00038,
        "precision_at_1000": 0.00021,
        "mrr_at_1": 0.002119,
        "mrr_at_3": 0.002767,
        "mrr_at_5": 0.002991,
        "mrr_at_10": 0.003295,
        "mrr_at_20": 0.003566,
        "mrr_at_100": 0.003977,
        "mrr_at_1000": 0.004322,
        "nauc_ndcg_at_1_max": 0.319919,
        "nauc_ndcg_at_1_std": 0.679612,
        "nauc_ndcg_at_1_diff1": 0.390931,
        "nauc_ndcg_at_3_max": 0.205141,
        "nauc_ndcg_at_3_std": 0.623891,
        "nauc_ndcg_at_3_diff1": 0.250495,
        "nauc_ndcg_at_5_max": 0.195653,
        "nauc_ndcg_at_5_std": 0.593855,
        "nauc_ndcg_at_5_diff1": 0.222053,
        "nauc_ndcg_at_10_max": 0.158129,
        "nauc_ndcg_at_10_std": 0.589127,
        "nauc_ndcg_at_10_diff1": 0.147965,
        "nauc_ndcg_at_20_max": 0.171385,
        "nauc_ndcg_at_20_std": 0.550515,
        "nauc_ndcg_at_20_diff1": 0.080364,
        "nauc_ndcg_at_100_max": 0.209692,
        "nauc_ndcg_at_100_std": 0.489873,
        "nauc_ndcg_at_100_diff1": -0.051509,
        "nauc_ndcg_at_1000_max": 0.22847,
        "nauc_ndcg_at_1000_std": 0.355515,
        "nauc_ndcg_at_1000_diff1": -0.125324,
        "nauc_map_at_1_max": 0.326229,
        "nauc_map_at_1_std": 0.660766,
        "nauc_map_at_1_diff1": 0.396723,
        "nauc_map_at_3_max": 0.228026,
        "nauc_map_at_3_std": 0.626855,
        "nauc_map_at_3_diff1": 0.29106,
        "nauc_map_at_5_max": 0.222737,
        "nauc_map_at_5_std": 0.610542,
        "nauc_map_at_5_diff1": 0.274401,
        "nauc_map_at_10_max": 0.200437,
        "nauc_map_at_10_std": 0.60952,
        "nauc_map_at_10_diff1": 0.233211,
        "nauc_map_at_20_max": 0.202284,
        "nauc_map_at_20_std": 0.591535,
        "nauc_map_at_20_diff1": 0.20335,
        "nauc_map_at_100_max": 0.208817,
        "nauc_map_at_100_std": 0.577174,
        "nauc_map_at_100_diff1": 0.159224,
        "nauc_map_at_1000_max": 0.212744,
        "nauc_map_at_1000_std": 0.551965,
        "nauc_map_at_1000_diff1": 0.132046,
        "nauc_recall_at_1_max": 0.326229,
        "nauc_recall_at_1_std": 0.660766,
        "nauc_recall_at_1_diff1": 0.396723,
        "nauc_recall_at_3_max": 0.157683,
        "nauc_recall_at_3_std": 0.611539,
        "nauc_recall_at_3_diff1": 0.195494,
        "nauc_recall_at_5_max": 0.151431,
        "nauc_recall_at_5_std": 0.55706,
        "nauc_recall_at_5_diff1": 0.154778,
        "nauc_recall_at_10_max": 0.085866,
        "nauc_recall_at_10_std": 0.559601,
        "nauc_recall_at_10_diff1": 0.037697,
        "nauc_recall_at_20_max": 0.128522,
        "nauc_recall_at_20_std": 0.493732,
        "nauc_recall_at_20_diff1": -0.048324,
        "nauc_recall_at_100_max": 0.209536,
        "nauc_recall_at_100_std": 0.419702,
        "nauc_recall_at_100_diff1": -0.180277,
        "nauc_recall_at_1000_max": 0.229215,
        "nauc_recall_at_1000_std": 0.295054,
        "nauc_recall_at_1000_diff1": -0.165709,
        "nauc_precision_at_1_max": 0.319919,
        "nauc_precision_at_1_std": 0.679612,
        "nauc_precision_at_1_diff1": 0.390931,
        "nauc_precision_at_3_max": 0.184331,
        "nauc_precision_at_3_std": 0.626278,
        "nauc_precision_at_3_diff1": 0.167793,
        "nauc_precision_at_5_max": 0.164828,
        "nauc_precision_at_5_std": 0.5649,
        "nauc_precision_at_5_diff1": 0.107351,
        "nauc_precision_at_10_max": 0.111198,
        "nauc_precision_at_10_std": 0.548013,
        "nauc_precision_at_10_diff1": -0.009429,
        "nauc_precision_at_20_max": 0.188843,
        "nauc_precision_at_20_std": 0.493937,
        "nauc_precision_at_20_diff1": -0.089687,
        "nauc_precision_at_100_max": 0.255262,
        "nauc_precision_at_100_std": 0.43503,
        "nauc_precision_at_100_diff1": -0.201931,
        "nauc_precision_at_1000_max": 0.243142,
        "nauc_precision_at_1000_std": 0.305027,
        "nauc_precision_at_1000_diff1": -0.196127,
        "nauc_mrr_at_1_max": 0.319919,
        "nauc_mrr_at_1_std": 0.679612,
        "nauc_mrr_at_1_diff1": 0.390931,
        "nauc_mrr_at_3_max": 0.216615,
        "nauc_mrr_at_3_std": 0.634018,
        "nauc_mrr_at_3_diff1": 0.250302,
        "nauc_mrr_at_5_max": 0.206241,
        "nauc_mrr_at_5_std": 0.613764,
        "nauc_mrr_at_5_diff1": 0.222156,
        "nauc_mrr_at_10_max": 0.195295,
        "nauc_mrr_at_10_std": 0.607045,
        "nauc_mrr_at_10_diff1": 0.183753,
        "nauc_mrr_at_20_max": 0.199984,
        "nauc_mrr_at_20_std": 0.595443,
        "nauc_mrr_at_20_diff1": 0.149904,
        "nauc_mrr_at_100_max": 0.210012,
        "nauc_mrr_at_100_std": 0.57742,
        "nauc_mrr_at_100_diff1": 0.107356,
        "nauc_mrr_at_1000_max": 0.210948,
        "nauc_mrr_at_1000_std": 0.553158,
        "nauc_mrr_at_1000_diff1": 0.0874,
        "main_score": 0.00373,
        "hf_subset": "default",
        "languages": [
          "eng-Latn"
        ]
      }
    ]
  },
  "evaluation_time": 15.687172174453735,
  "kg_co2_emissions": null
}