{
  "dataset_revision": "main",
  "task_name": "FSUChemRxivQest",
  "mteb_version": "0.1",
  "scores": {
    "test": [
      {
        "ndcg_at_1": 0.38929,
        "ndcg_at_3": 0.39831,
        "ndcg_at_5": 0.43156,
        "ndcg_at_10": 0.46682,
        "ndcg_at_20": 0.49262,
        "ndcg_at_100": 0.52201,
        "ndcg_at_1000": 0.53703,
        "map_at_1": 0.27257,
        "map_at_3": 0.34546,
        "map_at_5": 0.36544,
        "map_at_10": 0.382,
        "map_at_20": 0.39061,
        "map_at_100": 0.39618,
        "map_at_1000": 0.39689,
        "recall_at_1": 0.27257,
        "recall_at_3": 0.42688,
        "recall_at_5": 0.49811,
        "recall_at_10": 0.59389,
        "recall_at_20": 0.68074,
        "recall_at_100": 0.81256,
        "recall_at_1000": 0.91555,
        "precision_at_1": 0.38929,
        "precision_at_3": 0.20666,
        "precision_at_5": 0.14665,
        "precision_at_10": 0.08836,
        "precision_at_20": 0.0517,
        "precision_at_100": 0.01267,
        "precision_at_1000": 0.00145,
        "mrr_at_1": 0.389289,
        "mrr_at_3": 0.477686,
        "mrr_at_5": 0.496172,
        "mrr_at_10": 0.509587,
        "mrr_at_20": 0.515376,
        "mrr_at_100": 0.518102,
        "mrr_at_1000": 0.518333,
        "nauc_ndcg_at_1_max": 0.173369,
        "nauc_ndcg_at_1_std": -0.140085,
        "nauc_ndcg_at_1_diff1": 0.417854,
        "nauc_ndcg_at_3_max": 0.168253,
        "nauc_ndcg_at_3_std": -0.128412,
        "nauc_ndcg_at_3_diff1": 0.340972,
        "nauc_ndcg_at_5_max": 0.190918,
        "nauc_ndcg_at_5_std": -0.111166,
        "nauc_ndcg_at_5_diff1": 0.339701,
        "nauc_ndcg_at_10_max": 0.197307,
        "nauc_ndcg_at_10_std": -0.104738,
        "nauc_ndcg_at_10_diff1": 0.331619,
        "nauc_ndcg_at_20_max": 0.204471,
        "nauc_ndcg_at_20_std": -0.099161,
        "nauc_ndcg_at_20_diff1": 0.334331,
        "nauc_ndcg_at_100_max": 0.214774,
        "nauc_ndcg_at_100_std": -0.073082,
        "nauc_ndcg_at_100_diff1": 0.336562,
        "nauc_ndcg_at_1000_max": 0.210357,
        "nauc_ndcg_at_1000_std": -0.07658,
        "nauc_ndcg_at_1000_diff1": 0.338324,
        "nauc_map_at_1_max": 0.170291,
        "nauc_map_at_1_std": -0.110904,
        "nauc_map_at_1_diff1": 0.38451,
        "nauc_map_at_3_max": 0.162616,
        "nauc_map_at_3_std": -0.122474,
        "nauc_map_at_3_diff1": 0.344637,
        "nauc_map_at_5_max": 0.177202,
        "nauc_map_at_5_std": -0.114406,
        "nauc_map_at_5_diff1": 0.346598,
        "nauc_map_at_10_max": 0.180981,
        "nauc_map_at_10_std": -0.110715,
        "nauc_map_at_10_diff1": 0.341738,
        "nauc_map_at_20_max": 0.183475,
        "nauc_map_at_20_std": -0.10863,
        "nauc_map_at_20_diff1": 0.343213,
        "nauc_map_at_100_max": 0.18599,
        "nauc_map_at_100_std": -0.103386,
        "nauc_map_at_100_diff1": 0.343946,
        "nauc_map_at_1000_max": 0.185903,
        "nauc_map_at_1000_std": -0.103381,
        "nauc_map_at_1000_diff1": 0.344065,
        "nauc_recall_at_1_max": 0.170291,
        "nauc_recall_at_1_std": -0.110904,
        "nauc_recall_at_1_diff1": 0.38451,
        "nauc_recall_at_3_max": 0.149406,
        "nauc_recall_at_3_std": -0.11248,
        "nauc_recall_at_3_diff1": 0.271551,
        "nauc_recall_at_5_max": 0.186208,
        "nauc_recall_at_5_std": -0.072955,
        "nauc_recall_at_5_diff1": 0.250709,
        "nauc_recall_at_10_max": 0.189948,
        "nauc_recall_at_10_std": -0.047011,
        "nauc_recall_at_10_diff1": 0.205699,
        "nauc_recall_at_20_max": 0.209725,
        "nauc_recall_at_20_std": -0.016508,
        "nauc_recall_at_20_diff1": 0.184314,
        "nauc_recall_at_100_max": 0.274893,
        "nauc_recall_at_100_std": 0.192668,
        "nauc_recall_at_100_diff1": 0.12348,
        "nauc_recall_at_1000_max": 0.269875,
        "nauc_recall_at_1000_std": 0.346672,
        "nauc_recall_at_1000_diff1": -0.002134,
        "nauc_precision_at_1_max": 0.173369,
        "nauc_precision_at_1_std": -0.140085,
        "nauc_precision_at_1_diff1": 0.417854,
        "nauc_precision_at_3_max": 0.17428,
        "nauc_precision_at_3_std": -0.138419,
        "nauc_precision_at_3_diff1": 0.308636,
        "nauc_precision_at_5_max": 0.221525,
        "nauc_precision_at_5_std": -0.077634,
        "nauc_precision_at_5_diff1": 0.278104,
        "nauc_precision_at_10_max": 0.216727,
        "nauc_precision_at_10_std": -0.020145,
        "nauc_precision_at_10_diff1": 0.182623,
        "nauc_precision_at_20_max": 0.199824,
        "nauc_precision_at_20_std": 0.028067,
        "nauc_precision_at_20_diff1": 0.122751,
        "nauc_precision_at_100_max": 0.18626,
        "nauc_precision_at_100_std": 0.187134,
        "nauc_precision_at_100_diff1": 0.029588,
        "nauc_precision_at_1000_max": 0.121714,
        "nauc_precision_at_1000_std": 0.196821,
        "nauc_precision_at_1000_diff1": -0.035945,
        "nauc_mrr_at_1_max": 0.173369,
        "nauc_mrr_at_1_std": -0.140085,
        "nauc_mrr_at_1_diff1": 0.417854,
        "nauc_mrr_at_3_max": 0.180082,
        "nauc_mrr_at_3_std": -0.145073,
        "nauc_mrr_at_3_diff1": 0.376823,
        "nauc_mrr_at_5_max": 0.191376,
        "nauc_mrr_at_5_std": -0.132396,
        "nauc_mrr_at_5_diff1": 0.374121,
        "nauc_mrr_at_10_max": 0.191035,
        "nauc_mrr_at_10_std": -0.133915,
        "nauc_mrr_at_10_diff1": 0.374022,
        "nauc_mrr_at_20_max": 0.191512,
        "nauc_mrr_at_20_std": -0.134299,
        "nauc_mrr_at_20_diff1": 0.375198,
        "nauc_mrr_at_100_max": 0.191917,
        "nauc_mrr_at_100_std": -0.133584,
        "nauc_mrr_at_100_diff1": 0.376405,
        "nauc_mrr_at_1000_max": 0.191676,
        "nauc_mrr_at_1000_std": -0.13363,
        "nauc_mrr_at_1000_diff1": 0.376338,
        "main_score": 0.46682,
        "hf_subset": "default",
        "languages": [
          "eng-Latn"
        ]
      }
    ]
  },
  "evaluation_time": 55.34825897216797,
  "kg_co2_emissions": null
}