{
  "dataset_revision": "main",
  "task_name": "FSUChemRxivQest",
  "mteb_version": "0.1",
  "scores": {
    "test": [
      {
        "ndcg_at_1": 0.42225,
        "ndcg_at_3": 0.43188,
        "ndcg_at_5": 0.46894,
        "ndcg_at_10": 0.50006,
        "ndcg_at_20": 0.52481,
        "ndcg_at_100": 0.55496,
        "ndcg_at_1000": 0.56747,
        "map_at_1": 0.29454,
        "map_at_3": 0.3761,
        "map_at_5": 0.39831,
        "map_at_10": 0.41282,
        "map_at_20": 0.42113,
        "map_at_100": 0.42697,
        "map_at_1000": 0.42763,
        "recall_at_1": 0.29454,
        "recall_at_3": 0.46275,
        "recall_at_5": 0.54188,
        "recall_at_10": 0.6253,
        "recall_at_20": 0.70889,
        "recall_at_100": 0.84518,
        "recall_at_1000": 0.92842,
        "precision_at_1": 0.42225,
        "precision_at_3": 0.22211,
        "precision_at_5": 0.15922,
        "precision_at_10": 0.09351,
        "precision_at_20": 0.05407,
        "precision_at_100": 0.01318,
        "precision_at_1000": 0.00147,
        "mrr_at_1": 0.422245,
        "mrr_at_3": 0.51562,
        "mrr_at_5": 0.536268,
        "mrr_at_10": 0.548309,
        "mrr_at_20": 0.553418,
        "mrr_at_100": 0.555914,
        "mrr_at_1000": 0.55605,
        "nauc_ndcg_at_1_max": 0.186207,
        "nauc_ndcg_at_1_std": -0.157,
        "nauc_ndcg_at_1_diff1": 0.447436,
        "nauc_ndcg_at_3_max": 0.173865,
        "nauc_ndcg_at_3_std": -0.165629,
        "nauc_ndcg_at_3_diff1": 0.363886,
        "nauc_ndcg_at_5_max": 0.174398,
        "nauc_ndcg_at_5_std": -0.165717,
        "nauc_ndcg_at_5_diff1": 0.349318,
        "nauc_ndcg_at_10_max": 0.184944,
        "nauc_ndcg_at_10_std": -0.15096,
        "nauc_ndcg_at_10_diff1": 0.352205,
        "nauc_ndcg_at_20_max": 0.19686,
        "nauc_ndcg_at_20_std": -0.140763,
        "nauc_ndcg_at_20_diff1": 0.349983,
        "nauc_ndcg_at_100_max": 0.197276,
        "nauc_ndcg_at_100_std": -0.126537,
        "nauc_ndcg_at_100_diff1": 0.352261,
        "nauc_ndcg_at_1000_max": 0.194109,
        "nauc_ndcg_at_1000_std": -0.127084,
        "nauc_ndcg_at_1000_diff1": 0.359576,
        "nauc_map_at_1_max": 0.176012,
        "nauc_map_at_1_std": -0.131231,
        "nauc_map_at_1_diff1": 0.411185,
        "nauc_map_at_3_max": 0.172696,
        "nauc_map_at_3_std": -0.153071,
        "nauc_map_at_3_diff1": 0.366039,
        "nauc_map_at_5_max": 0.17013,
        "nauc_map_at_5_std": -0.154787,
        "nauc_map_at_5_diff1": 0.357575,
        "nauc_map_at_10_max": 0.17596,
        "nauc_map_at_10_std": -0.14718,
        "nauc_map_at_10_diff1": 0.35912,
        "nauc_map_at_20_max": 0.179621,
        "nauc_map_at_20_std": -0.143932,
        "nauc_map_at_20_diff1": 0.358585,
        "nauc_map_at_100_max": 0.180223,
        "nauc_map_at_100_std": -0.141372,
        "nauc_map_at_100_diff1": 0.358949,
        "nauc_map_at_1000_max": 0.180117,
        "nauc_map_at_1000_std": -0.141283,
        "nauc_map_at_1000_diff1": 0.359268,
        "nauc_recall_at_1_max": 0.176012,
        "nauc_recall_at_1_std": -0.131231,
        "nauc_recall_at_1_diff1": 0.411185,
        "nauc_recall_at_3_max": 0.149897,
        "nauc_recall_at_3_std": -0.157881,
        "nauc_recall_at_3_diff1": 0.278155,
        "nauc_recall_at_5_max": 0.144734,
        "nauc_recall_at_5_std": -0.154349,
        "nauc_recall_at_5_diff1": 0.232232,
        "nauc_recall_at_10_max": 0.161376,
        "nauc_recall_at_10_std": -0.107199,
        "nauc_recall_at_10_diff1": 0.210438,
        "nauc_recall_at_20_max": 0.199524,
        "nauc_recall_at_20_std": -0.055146,
        "nauc_recall_at_20_diff1": 0.164918,
        "nauc_recall_at_100_max": 0.19824,
        "nauc_recall_at_100_std": 0.105937,
        "nauc_recall_at_100_diff1": 0.072246,
        "nauc_recall_at_1000_max": 0.182782,
        "nauc_recall_at_1000_std": 0.279293,
        "nauc_recall_at_1000_diff1": 0.06494,
        "nauc_precision_at_1_max": 0.186207,
        "nauc_precision_at_1_std": -0.157,
        "nauc_precision_at_1_diff1": 0.447436,
        "nauc_precision_at_3_max": 0.148766,
        "nauc_precision_at_3_std": -0.194738,
        "nauc_precision_at_3_diff1": 0.325868,
        "nauc_precision_at_5_max": 0.124169,
        "nauc_precision_at_5_std": -0.16096,
        "nauc_precision_at_5_diff1": 0.231149,
        "nauc_precision_at_10_max": 0.125693,
        "nauc_precision_at_10_std": -0.080636,
        "nauc_precision_at_10_diff1": 0.169658,
        "nauc_precision_at_20_max": 0.136185,
        "nauc_precision_at_20_std": -0.009766,
        "nauc_precision_at_20_diff1": 0.096092,
        "nauc_precision_at_100_max": 0.085968,
        "nauc_precision_at_100_std": 0.108413,
        "nauc_precision_at_100_diff1": 0.00721,
        "nauc_precision_at_1000_max": 0.026712,
        "nauc_precision_at_1000_std": 0.123327,
        "nauc_precision_at_1000_diff1": -0.00716,
        "nauc_mrr_at_1_max": 0.186207,
        "nauc_mrr_at_1_std": -0.157,
        "nauc_mrr_at_1_diff1": 0.447436,
        "nauc_mrr_at_3_max": 0.184,
        "nauc_mrr_at_3_std": -0.178775,
        "nauc_mrr_at_3_diff1": 0.411331,
        "nauc_mrr_at_5_max": 0.18978,
        "nauc_mrr_at_5_std": -0.175077,
        "nauc_mrr_at_5_diff1": 0.404768,
        "nauc_mrr_at_10_max": 0.192046,
        "nauc_mrr_at_10_std": -0.171487,
        "nauc_mrr_at_10_diff1": 0.40863,
        "nauc_mrr_at_20_max": 0.193313,
        "nauc_mrr_at_20_std": -0.170654,
        "nauc_mrr_at_20_diff1": 0.409156,
        "nauc_mrr_at_100_max": 0.192637,
        "nauc_mrr_at_100_std": -0.170214,
        "nauc_mrr_at_100_diff1": 0.409632,
        "nauc_mrr_at_1000_max": 0.192479,
        "nauc_mrr_at_1000_std": -0.170273,
        "nauc_mrr_at_1000_diff1": 0.409724,
        "main_score": 0.50006,
        "hf_subset": "default",
        "languages": [
          "eng-Latn"
        ]
      }
    ]
  },
  "evaluation_time": 20.816377878189087,
  "kg_co2_emissions": null
}