{
  "dataset_revision": "831d292c3959eae59e4f89b8758738feee97d6cf",
  "task_name": "CoconutRetrieval",
  "mteb_version": "1.36.8",
  "scores": {
    "test": [
      {
        "ndcg_at_1": 0.00318,
        "ndcg_at_3": 0.00351,
        "ndcg_at_5": 0.00399,
        "ndcg_at_10": 0.00507,
        "ndcg_at_20": 0.00583,
        "ndcg_at_100": 0.0093,
        "ndcg_at_1000": 0.02278,
        "map_at_1": 0.00253,
        "map_at_3": 0.00305,
        "map_at_5": 0.00333,
        "map_at_10": 0.00377,
        "map_at_20": 0.00399,
        "map_at_100": 0.00441,
        "map_at_1000": 0.00476,
        "recall_at_1": 0.00253,
        "recall_at_3": 0.00384,
        "recall_at_5": 0.00502,
        "recall_at_10": 0.0079,
        "recall_at_20": 0.01056,
        "recall_at_100": 0.02764,
        "recall_at_1000": 0.1267,
        "precision_at_1": 0.00318,
        "precision_at_3": 0.00169,
        "precision_at_5": 0.00141,
        "precision_at_10": 0.00122,
        "precision_at_20": 0.00085,
        "precision_at_100": 0.00048,
        "precision_at_1000": 0.00024,
        "mrr_at_1": 0.003179,
        "mrr_at_3": 0.003866,
        "mrr_at_5": 0.00429,
        "mrr_at_10": 0.00481,
        "mrr_at_20": 0.005032,
        "mrr_at_100": 0.0055,
        "mrr_at_1000": 0.005859,
        "nauc_ndcg_at_1_max": -0.10426,
        "nauc_ndcg_at_1_std": 0.11016,
        "nauc_ndcg_at_1_diff1": 0.488973,
        "nauc_ndcg_at_3_max": -0.071149,
        "nauc_ndcg_at_3_std": 0.234158,
        "nauc_ndcg_at_3_diff1": 0.512749,
        "nauc_ndcg_at_5_max": -0.099449,
        "nauc_ndcg_at_5_std": 0.247861,
        "nauc_ndcg_at_5_diff1": 0.448173,
        "nauc_ndcg_at_10_max": -0.073453,
        "nauc_ndcg_at_10_std": 0.217639,
        "nauc_ndcg_at_10_diff1": 0.40459,
        "nauc_ndcg_at_20_max": -0.065908,
        "nauc_ndcg_at_20_std": 0.211404,
        "nauc_ndcg_at_20_diff1": 0.357352,
        "nauc_ndcg_at_100_max": -0.039923,
        "nauc_ndcg_at_100_std": 0.184222,
        "nauc_ndcg_at_100_diff1": 0.270832,
        "nauc_ndcg_at_1000_max": 0.016024,
        "nauc_ndcg_at_1000_std": 0.12345,
        "nauc_ndcg_at_1000_diff1": 0.14077,
        "nauc_map_at_1_max": -0.058894,
        "nauc_map_at_1_std": 0.171448,
        "nauc_map_at_1_diff1": 0.585964,
        "nauc_map_at_3_max": -0.05975,
        "nauc_map_at_3_std": 0.238651,
        "nauc_map_at_3_diff1": 0.550841,
        "nauc_map_at_5_max": -0.079033,
        "nauc_map_at_5_std": 0.242628,
        "nauc_map_at_5_diff1": 0.504811,
        "nauc_map_at_10_max": -0.06921,
        "nauc_map_at_10_std": 0.231511,
        "nauc_map_at_10_diff1": 0.474717,
        "nauc_map_at_20_max": -0.066418,
        "nauc_map_at_20_std": 0.227194,
        "nauc_map_at_20_diff1": 0.450951,
        "nauc_map_at_100_max": -0.063685,
        "nauc_map_at_100_std": 0.21602,
        "nauc_map_at_100_diff1": 0.418079,
        "nauc_map_at_1000_max": -0.056226,
        "nauc_map_at_1000_std": 0.207563,
        "nauc_map_at_1000_diff1": 0.391994,
        "nauc_recall_at_1_max": -0.058894,
        "nauc_recall_at_1_std": 0.171448,
        "nauc_recall_at_1_diff1": 0.585964,
        "nauc_recall_at_3_max": -0.065612,
        "nauc_recall_at_3_std": 0.296958,
        "nauc_recall_at_3_diff1": 0.516073,
        "nauc_recall_at_5_max": -0.123542,
        "nauc_recall_at_5_std": 0.290677,
        "nauc_recall_at_5_diff1": 0.39834,
        "nauc_recall_at_10_max": -0.067474,
        "nauc_recall_at_10_std": 0.229562,
        "nauc_recall_at_10_diff1": 0.357716,
        "nauc_recall_at_20_max": -0.051838,
        "nauc_recall_at_20_std": 0.219601,
        "nauc_recall_at_20_diff1": 0.28478,
        "nauc_recall_at_100_max": -0.013354,
        "nauc_recall_at_100_std": 0.169167,
        "nauc_recall_at_100_diff1": 0.17734,
        "nauc_recall_at_1000_max": 0.038803,
        "nauc_recall_at_1000_std": 0.093067,
        "nauc_recall_at_1000_diff1": 0.068813,
        "nauc_precision_at_1_max": -0.10426,
        "nauc_precision_at_1_std": 0.11016,
        "nauc_precision_at_1_diff1": 0.488973,
        "nauc_precision_at_3_max": -0.093228,
        "nauc_precision_at_3_std": 0.219617,
        "nauc_precision_at_3_diff1": 0.447063,
        "nauc_precision_at_5_max": -0.127062,
        "nauc_precision_at_5_std": 0.250694,
        "nauc_precision_at_5_diff1": 0.3088,
        "nauc_precision_at_10_max": -0.066516,
        "nauc_precision_at_10_std": 0.174341,
        "nauc_precision_at_10_diff1": 0.24204,
        "nauc_precision_at_20_max": -0.054972,
        "nauc_precision_at_20_std": 0.164198,
        "nauc_precision_at_20_diff1": 0.171041,
        "nauc_precision_at_100_max": -0.014088,
        "nauc_precision_at_100_std": 0.164232,
        "nauc_precision_at_100_diff1": 0.163151,
        "nauc_precision_at_1000_max": 0.054269,
        "nauc_precision_at_1000_std": 0.098549,
        "nauc_precision_at_1000_diff1": 0.068265,
        "nauc_mrr_at_1_max": -0.10426,
        "nauc_mrr_at_1_std": 0.11016,
        "nauc_mrr_at_1_diff1": 0.488973,
        "nauc_mrr_at_3_max": -0.097566,
        "nauc_mrr_at_3_std": 0.179731,
        "nauc_mrr_at_3_diff1": 0.467076,
        "nauc_mrr_at_5_max": -0.111102,
        "nauc_mrr_at_5_std": 0.191742,
        "nauc_mrr_at_5_diff1": 0.417682,
        "nauc_mrr_at_10_max": -0.09474,
        "nauc_mrr_at_10_std": 0.168493,
        "nauc_mrr_at_10_diff1": 0.39301,
        "nauc_mrr_at_20_max": -0.092546,
        "nauc_mrr_at_20_std": 0.170098,
        "nauc_mrr_at_20_diff1": 0.37663,
        "nauc_mrr_at_100_max": -0.083346,
        "nauc_mrr_at_100_std": 0.166334,
        "nauc_mrr_at_100_diff1": 0.359749,
        "nauc_mrr_at_1000_max": -0.075053,
        "nauc_mrr_at_1000_std": 0.161356,
        "nauc_mrr_at_1000_diff1": 0.341876,
        "main_score": 0.00507,
        "hf_subset": "default",
        "languages": [
          "eng-Latn"
        ]
      }
    ]
  },
  "evaluation_time": 72.0483615398407,
  "kg_co2_emissions": null
}