{
  "dataset_revision": "main",
  "task_name": "FSUChemRxivQest",
  "mteb_version": "0.1",
  "scores": {
    "test": [
      {
        "ndcg_at_1": 0.38929,
        "ndcg_at_3": 0.41477,
        "ndcg_at_5": 0.44371,
        "ndcg_at_10": 0.4773,
        "ndcg_at_20": 0.50026,
        "ndcg_at_100": 0.53235,
        "ndcg_at_1000": 0.54596,
        "map_at_1": 0.27309,
        "map_at_3": 0.35708,
        "map_at_5": 0.37443,
        "map_at_10": 0.39016,
        "map_at_20": 0.39757,
        "map_at_100": 0.40366,
        "map_at_1000": 0.40435,
        "recall_at_1": 0.27309,
        "recall_at_3": 0.45057,
        "recall_at_5": 0.51339,
        "recall_at_10": 0.60539,
        "recall_at_20": 0.68366,
        "recall_at_100": 0.83024,
        "recall_at_1000": 0.92122,
        "precision_at_1": 0.38929,
        "precision_at_3": 0.21936,
        "precision_at_5": 0.15098,
        "precision_at_10": 0.09042,
        "precision_at_20": 0.05191,
        "precision_at_100": 0.01291,
        "precision_at_1000": 0.00146,
        "mrr_at_1": 0.389289,
        "mrr_at_3": 0.495022,
        "mrr_at_5": 0.510779,
        "mrr_at_10": 0.522576,
        "mrr_at_20": 0.527869,
        "mrr_at_100": 0.530473,
        "mrr_at_1000": 0.530659,
        "nauc_ndcg_at_1_max": 0.182592,
        "nauc_ndcg_at_1_std": -0.146686,
        "nauc_ndcg_at_1_diff1": 0.436049,
        "nauc_ndcg_at_3_max": 0.151492,
        "nauc_ndcg_at_3_std": -0.159491,
        "nauc_ndcg_at_3_diff1": 0.327139,
        "nauc_ndcg_at_5_max": 0.16287,
        "nauc_ndcg_at_5_std": -0.157228,
        "nauc_ndcg_at_5_diff1": 0.329823,
        "nauc_ndcg_at_10_max": 0.182756,
        "nauc_ndcg_at_10_std": -0.128035,
        "nauc_ndcg_at_10_diff1": 0.332072,
        "nauc_ndcg_at_20_max": 0.181069,
        "nauc_ndcg_at_20_std": -0.130896,
        "nauc_ndcg_at_20_diff1": 0.332109,
        "nauc_ndcg_at_100_max": 0.193824,
        "nauc_ndcg_at_100_std": -0.097393,
        "nauc_ndcg_at_100_diff1": 0.330076,
        "nauc_ndcg_at_1000_max": 0.186029,
        "nauc_ndcg_at_1000_std": -0.104435,
        "nauc_ndcg_at_1000_diff1": 0.336306,
        "nauc_map_at_1_max": 0.154643,
        "nauc_map_at_1_std": -0.133536,
        "nauc_map_at_1_diff1": 0.389932,
        "nauc_map_at_3_max": 0.147326,
        "nauc_map_at_3_std": -0.149201,
        "nauc_map_at_3_diff1": 0.333691,
        "nauc_map_at_5_max": 0.15198,
        "nauc_map_at_5_std": -0.149129,
        "nauc_map_at_5_diff1": 0.334884,
        "nauc_map_at_10_max": 0.163251,
        "nauc_map_at_10_std": -0.133329,
        "nauc_map_at_10_diff1": 0.335724,
        "nauc_map_at_20_max": 0.162647,
        "nauc_map_at_20_std": -0.133824,
        "nauc_map_at_20_diff1": 0.335505,
        "nauc_map_at_100_max": 0.165845,
        "nauc_map_at_100_std": -0.127799,
        "nauc_map_at_100_diff1": 0.334808,
        "nauc_map_at_1000_max": 0.165437,
        "nauc_map_at_1000_std": -0.128198,
        "nauc_map_at_1000_diff1": 0.335146,
        "nauc_recall_at_1_max": 0.154643,
        "nauc_recall_at_1_std": -0.133536,
        "nauc_recall_at_1_diff1": 0.389932,
        "nauc_recall_at_3_max": 0.115433,
        "nauc_recall_at_3_std": -0.156558,
        "nauc_recall_at_3_diff1": 0.236915,
        "nauc_recall_at_5_max": 0.136614,
        "nauc_recall_at_5_std": -0.147406,
        "nauc_recall_at_5_diff1": 0.233047,
        "nauc_recall_at_10_max": 0.175384,
        "nauc_recall_at_10_std": -0.060812,
        "nauc_recall_at_10_diff1": 0.209802,
        "nauc_recall_at_20_max": 0.156925,
        "nauc_recall_at_20_std": -0.061871,
        "nauc_recall_at_20_diff1": 0.185085,
        "nauc_recall_at_100_max": 0.222935,
        "nauc_recall_at_100_std": 0.219121,
        "nauc_recall_at_100_diff1": 0.099489,
        "nauc_recall_at_1000_max": 0.139821,
        "nauc_recall_at_1000_std": 0.354315,
        "nauc_recall_at_1000_diff1": 0.088368,
        "nauc_precision_at_1_max": 0.182592,
        "nauc_precision_at_1_std": -0.146686,
        "nauc_precision_at_1_diff1": 0.436049,
        "nauc_precision_at_3_max": 0.156697,
        "nauc_precision_at_3_std": -0.171306,
        "nauc_precision_at_3_diff1": 0.270021,
        "nauc_precision_at_5_max": 0.171352,
        "nauc_precision_at_5_std": -0.155522,
        "nauc_precision_at_5_diff1": 0.257735,
        "nauc_precision_at_10_max": 0.19925,
        "nauc_precision_at_10_std": -0.019687,
        "nauc_precision_at_10_diff1": 0.189228,
        "nauc_precision_at_20_max": 0.165225,
        "nauc_precision_at_20_std": 0.003666,
        "nauc_precision_at_20_diff1": 0.116243,
        "nauc_precision_at_100_max": 0.176019,
        "nauc_precision_at_100_std": 0.211143,
        "nauc_precision_at_100_diff1": -0.005883,
        "nauc_precision_at_1000_max": 0.086263,
        "nauc_precision_at_1000_std": 0.196956,
        "nauc_precision_at_1000_diff1": -0.03917,
        "nauc_mrr_at_1_max": 0.182592,
        "nauc_mrr_at_1_std": -0.146686,
        "nauc_mrr_at_1_diff1": 0.436049,
        "nauc_mrr_at_3_max": 0.182591,
        "nauc_mrr_at_3_std": -0.165437,
        "nauc_mrr_at_3_diff1": 0.381067,
        "nauc_mrr_at_5_max": 0.192441,
        "nauc_mrr_at_5_std": -0.162565,
        "nauc_mrr_at_5_diff1": 0.384535,
        "nauc_mrr_at_10_max": 0.19583,
        "nauc_mrr_at_10_std": -0.157253,
        "nauc_mrr_at_10_diff1": 0.387684,
        "nauc_mrr_at_20_max": 0.196337,
        "nauc_mrr_at_20_std": -0.158528,
        "nauc_mrr_at_20_diff1": 0.388714,
        "nauc_mrr_at_100_max": 0.196109,
        "nauc_mrr_at_100_std": -0.156873,
        "nauc_mrr_at_100_diff1": 0.388963,
        "nauc_mrr_at_1000_max": 0.195896,
        "nauc_mrr_at_1000_std": -0.157023,
        "nauc_mrr_at_1000_diff1": 0.38896,
        "main_score": 0.4773,
        "hf_subset": "default",
        "languages": [
          "eng-Latn"
        ]
      }
    ]
  },
  "evaluation_time": 155.3965141773224,
  "kg_co2_emissions": null
}