{
  "dataset_revision": "831d292c3959eae59e4f89b8758738feee97d6cf",
  "task_name": "CoconutRetrieval",
  "mteb_version": "1.36.8",
  "scores": {
    "test": [
      {
        "ndcg_at_1": 0.00294,
        "ndcg_at_3": 0.00385,
        "ndcg_at_5": 0.00418,
        "ndcg_at_10": 0.00512,
        "ndcg_at_20": 0.00625,
        "ndcg_at_100": 0.01006,
        "ndcg_at_1000": 0.02447,
        "map_at_1": 0.00247,
        "map_at_3": 0.00349,
        "map_at_5": 0.00369,
        "map_at_10": 0.00408,
        "map_at_20": 0.00437,
        "map_at_100": 0.00482,
        "map_at_1000": 0.00518,
        "recall_at_1": 0.00247,
        "recall_at_3": 0.00447,
        "recall_at_5": 0.00522,
        "recall_at_10": 0.00783,
        "recall_at_20": 0.01181,
        "recall_at_100": 0.0312,
        "recall_at_1000": 0.14025,
        "precision_at_1": 0.00294,
        "precision_at_3": 0.00184,
        "precision_at_5": 0.00132,
        "precision_at_10": 0.00107,
        "precision_at_20": 0.00085,
        "precision_at_100": 0.00048,
        "precision_at_1000": 0.00024,
        "mrr_at_1": 0.002944,
        "mrr_at_3": 0.003905,
        "mrr_at_5": 0.004094,
        "mrr_at_10": 0.004546,
        "mrr_at_20": 0.004918,
        "mrr_at_100": 0.005448,
        "mrr_at_1000": 0.005829,
        "nauc_ndcg_at_1_max": 0.739868,
        "nauc_ndcg_at_1_std": 0.774721,
        "nauc_ndcg_at_1_diff1": 0.464962,
        "nauc_ndcg_at_3_max": 0.658995,
        "nauc_ndcg_at_3_std": 0.683779,
        "nauc_ndcg_at_3_diff1": 0.368257,
        "nauc_ndcg_at_5_max": 0.638134,
        "nauc_ndcg_at_5_std": 0.662157,
        "nauc_ndcg_at_5_diff1": 0.321502,
        "nauc_ndcg_at_10_max": 0.582244,
        "nauc_ndcg_at_10_std": 0.646829,
        "nauc_ndcg_at_10_diff1": 0.242165,
        "nauc_ndcg_at_20_max": 0.52933,
        "nauc_ndcg_at_20_std": 0.669077,
        "nauc_ndcg_at_20_diff1": 0.167328,
        "nauc_ndcg_at_100_max": 0.400519,
        "nauc_ndcg_at_100_std": 0.620566,
        "nauc_ndcg_at_100_diff1": 0.053938,
        "nauc_ndcg_at_1000_max": 0.225474,
        "nauc_ndcg_at_1000_std": 0.514236,
        "nauc_ndcg_at_1000_diff1": -0.054412,
        "nauc_map_at_1_max": 0.800346,
        "nauc_map_at_1_std": 0.794794,
        "nauc_map_at_1_diff1": 0.524461,
        "nauc_map_at_3_max": 0.677996,
        "nauc_map_at_3_std": 0.695103,
        "nauc_map_at_3_diff1": 0.396377,
        "nauc_map_at_5_max": 0.666405,
        "nauc_map_at_5_std": 0.683312,
        "nauc_map_at_5_diff1": 0.362868,
        "nauc_map_at_10_max": 0.63468,
        "nauc_map_at_10_std": 0.673595,
        "nauc_map_at_10_diff1": 0.315334,
        "nauc_map_at_20_max": 0.613154,
        "nauc_map_at_20_std": 0.680932,
        "nauc_map_at_20_diff1": 0.281589,
        "nauc_map_at_100_max": 0.57466,
        "nauc_map_at_100_std": 0.670649,
        "nauc_map_at_100_diff1": 0.242755,
        "nauc_map_at_1000_max": 0.542477,
        "nauc_map_at_1000_std": 0.657878,
        "nauc_map_at_1000_diff1": 0.21674,
        "nauc_recall_at_1_max": 0.800346,
        "nauc_recall_at_1_std": 0.794794,
        "nauc_recall_at_1_diff1": 0.524461,
        "nauc_recall_at_3_max": 0.63139,
        "nauc_recall_at_3_std": 0.649207,
        "nauc_recall_at_3_diff1": 0.334561,
        "nauc_recall_at_5_max": 0.593357,
        "nauc_recall_at_5_std": 0.611171,
        "nauc_recall_at_5_diff1": 0.258322,
        "nauc_recall_at_10_max": 0.513123,
        "nauc_recall_at_10_std": 0.602264,
        "nauc_recall_at_10_diff1": 0.139703,
        "nauc_recall_at_20_max": 0.438357,
        "nauc_recall_at_20_std": 0.661836,
        "nauc_recall_at_20_diff1": 0.032548,
        "nauc_recall_at_100_max": 0.286405,
        "nauc_recall_at_100_std": 0.584134,
        "nauc_recall_at_100_diff1": -0.067854,
        "nauc_recall_at_1000_max": 0.139635,
        "nauc_recall_at_1000_std": 0.454849,
        "nauc_recall_at_1000_diff1": -0.121438,
        "nauc_precision_at_1_max": 0.739868,
        "nauc_precision_at_1_std": 0.774721,
        "nauc_precision_at_1_diff1": 0.464962,
        "nauc_precision_at_3_max": 0.561245,
        "nauc_precision_at_3_std": 0.631682,
        "nauc_precision_at_3_diff1": 0.266491,
        "nauc_precision_at_5_max": 0.547327,
        "nauc_precision_at_5_std": 0.608457,
        "nauc_precision_at_5_diff1": 0.185853,
        "nauc_precision_at_10_max": 0.457427,
        "nauc_precision_at_10_std": 0.594703,
        "nauc_precision_at_10_diff1": 0.055838,
        "nauc_precision_at_20_max": 0.38873,
        "nauc_precision_at_20_std": 0.646064,
        "nauc_precision_at_20_diff1": -0.019154,
        "nauc_precision_at_100_max": 0.250095,
        "nauc_precision_at_100_std": 0.570974,
        "nauc_precision_at_100_diff1": -0.097483,
        "nauc_precision_at_1000_max": 0.106163,
        "nauc_precision_at_1000_std": 0.451235,
        "nauc_precision_at_1000_diff1": -0.12689,
        "nauc_mrr_at_1_max": 0.739868,
        "nauc_mrr_at_1_std": 0.774721,
        "nauc_mrr_at_1_diff1": 0.464962,
        "nauc_mrr_at_3_max": 0.661542,
        "nauc_mrr_at_3_std": 0.707144,
        "nauc_mrr_at_3_diff1": 0.362088,
        "nauc_mrr_at_5_max": 0.645988,
        "nauc_mrr_at_5_std": 0.690139,
        "nauc_mrr_at_5_diff1": 0.335203,
        "nauc_mrr_at_10_max": 0.61011,
        "nauc_mrr_at_10_std": 0.67651,
        "nauc_mrr_at_10_diff1": 0.294214,
        "nauc_mrr_at_20_max": 0.582587,
        "nauc_mrr_at_20_std": 0.682834,
        "nauc_mrr_at_20_diff1": 0.259636,
        "nauc_mrr_at_100_max": 0.542305,
        "nauc_mrr_at_100_std": 0.667684,
        "nauc_mrr_at_100_diff1": 0.221485,
        "nauc_mrr_at_1000_max": 0.513493,
        "nauc_mrr_at_1000_std": 0.653295,
        "nauc_mrr_at_1000_diff1": 0.200689,
        "main_score": 0.00512,
        "hf_subset": "default",
        "languages": [
          "eng-Latn"
        ]
      }
    ]
  },
  "evaluation_time": 28.71086025238037,
  "kg_co2_emissions": null
}