{
  "dataset_revision": "831d292c3959eae59e4f89b8758738feee97d6cf",
  "task_name": "CoconutRetrieval",
  "mteb_version": "1.36.8",
  "scores": {
    "test": [
      {
        "ndcg_at_1": 0.00165,
        "ndcg_at_3": 0.00186,
        "ndcg_at_5": 0.0022,
        "ndcg_at_10": 0.00259,
        "ndcg_at_20": 0.00299,
        "ndcg_at_100": 0.00472,
        "ndcg_at_1000": 0.01431,
        "map_at_1": 0.00153,
        "map_at_3": 0.00176,
        "map_at_5": 0.00193,
        "map_at_10": 0.00209,
        "map_at_20": 0.00221,
        "map_at_100": 0.00241,
        "map_at_1000": 0.00264,
        "recall_at_1": 0.00153,
        "recall_at_3": 0.002,
        "recall_at_5": 0.00277,
        "recall_at_10": 0.00395,
        "recall_at_20": 0.00535,
        "recall_at_100": 0.01391,
        "recall_at_1000": 0.08596,
        "precision_at_1": 0.00165,
        "precision_at_3": 0.00075,
        "precision_at_5": 0.00066,
        "precision_at_10": 0.00048,
        "precision_at_20": 0.00035,
        "precision_at_100": 0.00022,
        "precision_at_1000": 0.00015,
        "mrr_at_1": 0.001648,
        "mrr_at_3": 0.001923,
        "mrr_at_5": 0.002165,
        "mrr_at_10": 0.002322,
        "mrr_at_20": 0.002424,
        "mrr_at_100": 0.002684,
        "mrr_at_1000": 0.002932,
        "nauc_ndcg_at_1_max": 0.664331,
        "nauc_ndcg_at_1_std": 0.710158,
        "nauc_ndcg_at_1_diff1": 0.622697,
        "nauc_ndcg_at_3_max": 0.629425,
        "nauc_ndcg_at_3_std": 0.637645,
        "nauc_ndcg_at_3_diff1": 0.599423,
        "nauc_ndcg_at_5_max": 0.566163,
        "nauc_ndcg_at_5_std": 0.642195,
        "nauc_ndcg_at_5_diff1": 0.46736,
        "nauc_ndcg_at_10_max": 0.548534,
        "nauc_ndcg_at_10_std": 0.591183,
        "nauc_ndcg_at_10_diff1": 0.396566,
        "nauc_ndcg_at_20_max": 0.523227,
        "nauc_ndcg_at_20_std": 0.545856,
        "nauc_ndcg_at_20_diff1": 0.36648,
        "nauc_ndcg_at_100_max": 0.476477,
        "nauc_ndcg_at_100_std": 0.357669,
        "nauc_ndcg_at_100_diff1": 0.265449,
        "nauc_ndcg_at_1000_max": 0.414719,
        "nauc_ndcg_at_1000_std": 0.089202,
        "nauc_ndcg_at_1000_diff1": 0.098525,
        "nauc_map_at_1_max": 0.651518,
        "nauc_map_at_1_std": 0.687863,
        "nauc_map_at_1_diff1": 0.644384,
        "nauc_map_at_3_max": 0.629427,
        "nauc_map_at_3_std": 0.640873,
        "nauc_map_at_3_diff1": 0.614766,
        "nauc_map_at_5_max": 0.592043,
        "nauc_map_at_5_std": 0.642517,
        "nauc_map_at_5_diff1": 0.533694,
        "nauc_map_at_10_max": 0.582081,
        "nauc_map_at_10_std": 0.61892,
        "nauc_map_at_10_diff1": 0.489784,
        "nauc_map_at_20_max": 0.574269,
        "nauc_map_at_20_std": 0.604509,
        "nauc_map_at_20_diff1": 0.474617,
        "nauc_map_at_100_max": 0.560822,
        "nauc_map_at_100_std": 0.558909,
        "nauc_map_at_100_diff1": 0.443272,
        "nauc_map_at_1000_max": 0.545921,
        "nauc_map_at_1000_std": 0.506586,
        "nauc_map_at_1000_diff1": 0.405654,
        "nauc_recall_at_1_max": 0.651518,
        "nauc_recall_at_1_std": 0.687863,
        "nauc_recall_at_1_diff1": 0.644384,
        "nauc_recall_at_3_max": 0.612852,
        "nauc_recall_at_3_std": 0.605145,
        "nauc_recall_at_3_diff1": 0.581191,
        "nauc_recall_at_5_max": 0.506438,
        "nauc_recall_at_5_std": 0.625422,
        "nauc_recall_at_5_diff1": 0.34831,
        "nauc_recall_at_10_max": 0.487096,
        "nauc_recall_at_10_std": 0.5223,
        "nauc_recall_at_10_diff1": 0.246084,
        "nauc_recall_at_20_max": 0.451333,
        "nauc_recall_at_20_std": 0.453912,
        "nauc_recall_at_20_diff1": 0.233138,
        "nauc_recall_at_100_max": 0.421221,
        "nauc_recall_at_100_std": 0.188829,
        "nauc_recall_at_100_diff1": 0.155789,
        "nauc_recall_at_1000_max": 0.385415,
        "nauc_recall_at_1000_std": -0.00885,
        "nauc_recall_at_1000_diff1": 0.037197,
        "nauc_precision_at_1_max": 0.664331,
        "nauc_precision_at_1_std": 0.710158,
        "nauc_precision_at_1_diff1": 0.622697,
        "nauc_precision_at_3_max": 0.635805,
        "nauc_precision_at_3_std": 0.637809,
        "nauc_precision_at_3_diff1": 0.551117,
        "nauc_precision_at_5_max": 0.499709,
        "nauc_precision_at_5_std": 0.652359,
        "nauc_precision_at_5_diff1": 0.305028,
        "nauc_precision_at_10_max": 0.490936,
        "nauc_precision_at_10_std": 0.561379,
        "nauc_precision_at_10_diff1": 0.217813,
        "nauc_precision_at_20_max": 0.450789,
        "nauc_precision_at_20_std": 0.452473,
        "nauc_precision_at_20_diff1": 0.188368,
        "nauc_precision_at_100_max": 0.379914,
        "nauc_precision_at_100_std": 0.173001,
        "nauc_precision_at_100_diff1": 0.079301,
        "nauc_precision_at_1000_max": 0.38382,
        "nauc_precision_at_1000_std": -0.007744,
        "nauc_precision_at_1000_diff1": 0.02509,
        "nauc_mrr_at_1_max": 0.664331,
        "nauc_mrr_at_1_std": 0.710158,
        "nauc_mrr_at_1_diff1": 0.622697,
        "nauc_mrr_at_3_max": 0.647765,
        "nauc_mrr_at_3_std": 0.668571,
        "nauc_mrr_at_3_diff1": 0.592515,
        "nauc_mrr_at_5_max": 0.598064,
        "nauc_mrr_at_5_std": 0.66766,
        "nauc_mrr_at_5_diff1": 0.500149,
        "nauc_mrr_at_10_max": 0.587402,
        "nauc_mrr_at_10_std": 0.6424,
        "nauc_mrr_at_10_diff1": 0.468628,
        "nauc_mrr_at_20_max": 0.570899,
        "nauc_mrr_at_20_std": 0.615504,
        "nauc_mrr_at_20_diff1": 0.450725,
        "nauc_mrr_at_100_max": 0.555326,
        "nauc_mrr_at_100_std": 0.556619,
        "nauc_mrr_at_100_diff1": 0.416435,
        "nauc_mrr_at_1000_max": 0.543743,
        "nauc_mrr_at_1000_std": 0.506376,
        "nauc_mrr_at_1000_diff1": 0.382557,
        "main_score": 0.00259,
        "hf_subset": "default",
        "languages": [
          "eng-Latn"
        ]
      }
    ]
  },
  "evaluation_time": 24.762720584869385,
  "kg_co2_emissions": null
}