{
  "dataset_revision": "main",
  "task_name": "FSUChemRxivQest",
  "mteb_version": "0.1",
  "scores": {
    "test": [
      {
        "ndcg_at_1": 0.05458,
        "ndcg_at_3": 0.0593,
        "ndcg_at_5": 0.06893,
        "ndcg_at_10": 0.07509,
        "ndcg_at_20": 0.08457,
        "ndcg_at_100": 0.10376,
        "ndcg_at_1000": 0.13425,
        "map_at_1": 0.04119,
        "map_at_3": 0.05155,
        "map_at_5": 0.05652,
        "map_at_10": 0.05909,
        "map_at_20": 0.06149,
        "map_at_100": 0.06401,
        "map_at_1000": 0.06497,
        "recall_at_1": 0.04119,
        "recall_at_3": 0.06471,
        "recall_at_5": 0.08582,
        "recall_at_10": 0.10247,
        "recall_at_20": 0.13663,
        "recall_at_100": 0.22932,
        "recall_at_1000": 0.45194,
        "precision_at_1": 0.05458,
        "precision_at_3": 0.02987,
        "precision_at_5": 0.02389,
        "precision_at_10": 0.01452,
        "precision_at_20": 0.00973,
        "precision_at_100": 0.0034,
        "precision_at_1000": 0.0007,
        "mrr_at_1": 0.054583,
        "mrr_at_3": 0.069344,
        "mrr_at_5": 0.076296,
        "mrr_at_10": 0.079401,
        "mrr_at_20": 0.082752,
        "mrr_at_100": 0.085908,
        "mrr_at_1000": 0.086963,
        "nauc_ndcg_at_1_max": 0.225678,
        "nauc_ndcg_at_1_std": 0.073782,
        "nauc_ndcg_at_1_diff1": 0.371488,
        "nauc_ndcg_at_3_max": 0.211739,
        "nauc_ndcg_at_3_std": 0.120562,
        "nauc_ndcg_at_3_diff1": 0.244881,
        "nauc_ndcg_at_5_max": 0.168981,
        "nauc_ndcg_at_5_std": 0.130513,
        "nauc_ndcg_at_5_diff1": 0.210197,
        "nauc_ndcg_at_10_max": 0.166574,
        "nauc_ndcg_at_10_std": 0.147596,
        "nauc_ndcg_at_10_diff1": 0.196718,
        "nauc_ndcg_at_20_max": 0.165296,
        "nauc_ndcg_at_20_std": 0.168032,
        "nauc_ndcg_at_20_diff1": 0.202165,
        "nauc_ndcg_at_100_max": 0.156788,
        "nauc_ndcg_at_100_std": 0.178957,
        "nauc_ndcg_at_100_diff1": 0.211002,
        "nauc_ndcg_at_1000_max": 0.143692,
        "nauc_ndcg_at_1000_std": 0.193475,
        "nauc_ndcg_at_1000_diff1": 0.20407,
        "nauc_map_at_1_max": 0.201617,
        "nauc_map_at_1_std": 0.100701,
        "nauc_map_at_1_diff1": 0.331813,
        "nauc_map_at_3_max": 0.2042,
        "nauc_map_at_3_std": 0.117978,
        "nauc_map_at_3_diff1": 0.258425,
        "nauc_map_at_5_max": 0.17768,
        "nauc_map_at_5_std": 0.125546,
        "nauc_map_at_5_diff1": 0.235534,
        "nauc_map_at_10_max": 0.178379,
        "nauc_map_at_10_std": 0.136789,
        "nauc_map_at_10_diff1": 0.23068,
        "nauc_map_at_20_max": 0.179057,
        "nauc_map_at_20_std": 0.144754,
        "nauc_map_at_20_diff1": 0.233165,
        "nauc_map_at_100_max": 0.176056,
        "nauc_map_at_100_std": 0.146997,
        "nauc_map_at_100_diff1": 0.234523,
        "nauc_map_at_1000_max": 0.175565,
        "nauc_map_at_1000_std": 0.148323,
        "nauc_map_at_1000_diff1": 0.234134,
        "nauc_recall_at_1_max": 0.201617,
        "nauc_recall_at_1_std": 0.100701,
        "nauc_recall_at_1_diff1": 0.331813,
        "nauc_recall_at_3_max": 0.204145,
        "nauc_recall_at_3_std": 0.136521,
        "nauc_recall_at_3_diff1": 0.193383,
        "nauc_recall_at_5_max": 0.130352,
        "nauc_recall_at_5_std": 0.152382,
        "nauc_recall_at_5_diff1": 0.142,
        "nauc_recall_at_10_max": 0.127134,
        "nauc_recall_at_10_std": 0.182585,
        "nauc_recall_at_10_diff1": 0.120648,
        "nauc_recall_at_20_max": 0.129945,
        "nauc_recall_at_20_std": 0.216019,
        "nauc_recall_at_20_diff1": 0.141289,
        "nauc_recall_at_100_max": 0.114777,
        "nauc_recall_at_100_std": 0.22977,
        "nauc_recall_at_100_diff1": 0.178176,
        "nauc_recall_at_1000_max": 0.056662,
        "nauc_recall_at_1000_std": 0.254607,
        "nauc_recall_at_1000_diff1": 0.136916,
        "nauc_precision_at_1_max": 0.225678,
        "nauc_precision_at_1_std": 0.073782,
        "nauc_precision_at_1_diff1": 0.371488,
        "nauc_precision_at_3_max": 0.236065,
        "nauc_precision_at_3_std": 0.13885,
        "nauc_precision_at_3_diff1": 0.220296,
        "nauc_precision_at_5_max": 0.153601,
        "nauc_precision_at_5_std": 0.14526,
        "nauc_precision_at_5_diff1": 0.163256,
        "nauc_precision_at_10_max": 0.156459,
        "nauc_precision_at_10_std": 0.177464,
        "nauc_precision_at_10_diff1": 0.134471,
        "nauc_precision_at_20_max": 0.144606,
        "nauc_precision_at_20_std": 0.220129,
        "nauc_precision_at_20_diff1": 0.155786,
        "nauc_precision_at_100_max": 0.132582,
        "nauc_precision_at_100_std": 0.229293,
        "nauc_precision_at_100_diff1": 0.183028,
        "nauc_precision_at_1000_max": 0.084786,
        "nauc_precision_at_1000_std": 0.231581,
        "nauc_precision_at_1000_diff1": 0.138822,
        "nauc_mrr_at_1_max": 0.225678,
        "nauc_mrr_at_1_std": 0.073782,
        "nauc_mrr_at_1_diff1": 0.371488,
        "nauc_mrr_at_3_max": 0.228741,
        "nauc_mrr_at_3_std": 0.10279,
        "nauc_mrr_at_3_diff1": 0.281629,
        "nauc_mrr_at_5_max": 0.199293,
        "nauc_mrr_at_5_std": 0.108806,
        "nauc_mrr_at_5_diff1": 0.256673,
        "nauc_mrr_at_10_max": 0.194114,
        "nauc_mrr_at_10_std": 0.114649,
        "nauc_mrr_at_10_diff1": 0.245836,
        "nauc_mrr_at_20_max": 0.191539,
        "nauc_mrr_at_20_std": 0.123172,
        "nauc_mrr_at_20_diff1": 0.246679,
        "nauc_mrr_at_100_max": 0.189585,
        "nauc_mrr_at_100_std": 0.125191,
        "nauc_mrr_at_100_diff1": 0.246234,
        "nauc_mrr_at_1000_max": 0.189206,
        "nauc_mrr_at_1000_std": 0.125576,
        "nauc_mrr_at_1000_diff1": 0.2463,
        "main_score": 0.07509,
        "hf_subset": "default",
        "languages": [
          "eng-Latn"
        ]
      }
    ]
  },
  "evaluation_time": 40.049986362457275,
  "kg_co2_emissions": null
}