{
  "dataset_revision": "831d292c3959eae59e4f89b8758738feee97d6cf",
  "task_name": "CoconutRetrieval",
  "mteb_version": "1.36.8",
  "scores": {
    "test": [
      {
        "ndcg_at_1": 0.00165,
        "ndcg_at_3": 0.002,
        "ndcg_at_5": 0.00216,
        "ndcg_at_10": 0.00264,
        "ndcg_at_20": 0.00335,
        "ndcg_at_100": 0.00634,
        "ndcg_at_1000": 0.01911,
        "map_at_1": 0.00147,
        "map_at_3": 0.00183,
        "map_at_5": 0.00191,
        "map_at_10": 0.0021,
        "map_at_20": 0.00229,
        "map_at_100": 0.00265,
        "map_at_1000": 0.00299,
        "recall_at_1": 0.00147,
        "recall_at_3": 0.00222,
        "recall_at_5": 0.00255,
        "recall_at_10": 0.00387,
        "recall_at_20": 0.00632,
        "recall_at_100": 0.02112,
        "recall_at_1000": 0.1162,
        "precision_at_1": 0.00165,
        "precision_at_3": 0.00098,
        "precision_at_5": 0.00073,
        "precision_at_10": 0.00059,
        "precision_at_20": 0.00052,
        "precision_at_100": 0.00036,
        "precision_at_1000": 0.00021,
        "mrr_at_1": 0.001648,
        "mrr_at_3": 0.002061,
        "mrr_at_5": 0.00219,
        "mrr_at_10": 0.002443,
        "mrr_at_20": 0.002668,
        "mrr_at_100": 0.003092,
        "mrr_at_1000": 0.003438,
        "nauc_ndcg_at_1_max": 0.975844,
        "nauc_ndcg_at_1_std": 0.804747,
        "nauc_ndcg_at_1_diff1": 0.92353,
        "nauc_ndcg_at_3_max": 0.807827,
        "nauc_ndcg_at_3_std": 0.729064,
        "nauc_ndcg_at_3_diff1": 0.855452,
        "nauc_ndcg_at_5_max": 0.788222,
        "nauc_ndcg_at_5_std": 0.700766,
        "nauc_ndcg_at_5_diff1": 0.762592,
        "nauc_ndcg_at_10_max": 0.749864,
        "nauc_ndcg_at_10_std": 0.594117,
        "nauc_ndcg_at_10_diff1": 0.589744,
        "nauc_ndcg_at_20_max": 0.63131,
        "nauc_ndcg_at_20_std": 0.542495,
        "nauc_ndcg_at_20_diff1": 0.459145,
        "nauc_ndcg_at_100_max": 0.433432,
        "nauc_ndcg_at_100_std": 0.415726,
        "nauc_ndcg_at_100_diff1": 0.227776,
        "nauc_ndcg_at_1000_max": 0.163831,
        "nauc_ndcg_at_1000_std": 0.226774,
        "nauc_ndcg_at_1000_diff1": 0.062773,
        "nauc_map_at_1_max": 0.972945,
        "nauc_map_at_1_std": 0.837919,
        "nauc_map_at_1_diff1": 0.957177,
        "nauc_map_at_3_max": 0.84781,
        "nauc_map_at_3_std": 0.744628,
        "nauc_map_at_3_diff1": 0.898466,
        "nauc_map_at_5_max": 0.836032,
        "nauc_map_at_5_std": 0.729469,
        "nauc_map_at_5_diff1": 0.842501,
        "nauc_map_at_10_max": 0.813604,
        "nauc_map_at_10_std": 0.675722,
        "nauc_map_at_10_diff1": 0.752181,
        "nauc_map_at_20_max": 0.766812,
        "nauc_map_at_20_std": 0.650855,
        "nauc_map_at_20_diff1": 0.689104,
        "nauc_map_at_100_max": 0.694741,
        "nauc_map_at_100_std": 0.594769,
        "nauc_map_at_100_diff1": 0.586728,
        "nauc_map_at_1000_max": 0.625253,
        "nauc_map_at_1000_std": 0.543937,
        "nauc_map_at_1000_diff1": 0.520197,
        "nauc_recall_at_1_max": 0.972945,
        "nauc_recall_at_1_std": 0.837919,
        "nauc_recall_at_1_diff1": 0.957177,
        "nauc_recall_at_3_max": 0.726495,
        "nauc_recall_at_3_std": 0.69065,
        "nauc_recall_at_3_diff1": 0.834129,
        "nauc_recall_at_5_max": 0.706123,
        "nauc_recall_at_5_std": 0.645198,
        "nauc_recall_at_5_diff1": 0.671102,
        "nauc_recall_at_10_max": 0.672288,
        "nauc_recall_at_10_std": 0.475182,
        "nauc_recall_at_10_diff1": 0.381472,
        "nauc_recall_at_20_max": 0.485446,
        "nauc_recall_at_20_std": 0.431067,
        "nauc_recall_at_20_diff1": 0.219385,
        "nauc_recall_at_100_max": 0.283305,
        "nauc_recall_at_100_std": 0.325931,
        "nauc_recall_at_100_diff1": 0.049187,
        "nauc_recall_at_1000_max": 0.067422,
        "nauc_recall_at_1000_std": 0.16475,
        "nauc_recall_at_1000_diff1": -0.013335,
        "nauc_precision_at_1_max": 0.975844,
        "nauc_precision_at_1_std": 0.804747,
        "nauc_precision_at_1_diff1": 0.92353,
        "nauc_precision_at_3_max": 0.734223,
        "nauc_precision_at_3_std": 0.672619,
        "nauc_precision_at_3_diff1": 0.698068,
        "nauc_precision_at_5_max": 0.683867,
        "nauc_precision_at_5_std": 0.635288,
        "nauc_precision_at_5_diff1": 0.475525,
        "nauc_precision_at_10_max": 0.626915,
        "nauc_precision_at_10_std": 0.433242,
        "nauc_precision_at_10_diff1": 0.225943,
        "nauc_precision_at_20_max": 0.430806,
        "nauc_precision_at_20_std": 0.382309,
        "nauc_precision_at_20_diff1": 0.128171,
        "nauc_precision_at_100_max": 0.267871,
        "nauc_precision_at_100_std": 0.28928,
        "nauc_precision_at_100_diff1": 0.015922,
        "nauc_precision_at_1000_max": 0.050082,
        "nauc_precision_at_1000_std": 0.141665,
        "nauc_precision_at_1000_diff1": -0.013175,
        "nauc_mrr_at_1_max": 0.975844,
        "nauc_mrr_at_1_std": 0.804747,
        "nauc_mrr_at_1_diff1": 0.92353,
        "nauc_mrr_at_3_max": 0.836516,
        "nauc_mrr_at_3_std": 0.741962,
        "nauc_mrr_at_3_diff1": 0.835831,
        "nauc_mrr_at_5_max": 0.812101,
        "nauc_mrr_at_5_std": 0.71769,
        "nauc_mrr_at_5_diff1": 0.75974,
        "nauc_mrr_at_10_max": 0.780424,
        "nauc_mrr_at_10_std": 0.645598,
        "nauc_mrr_at_10_diff1": 0.658258,
        "nauc_mrr_at_20_max": 0.721998,
        "nauc_mrr_at_20_std": 0.617193,
        "nauc_mrr_at_20_diff1": 0.600777,
        "nauc_mrr_at_100_max": 0.658129,
        "nauc_mrr_at_100_std": 0.574599,
        "nauc_mrr_at_100_diff1": 0.511632,
        "nauc_mrr_at_1000_max": 0.598536,
        "nauc_mrr_at_1000_std": 0.532315,
        "nauc_mrr_at_1000_diff1": 0.460144,
        "main_score": 0.00264,
        "hf_subset": "default",
        "languages": [
          "eng-Latn"
        ]
      }
    ]
  },
  "evaluation_time": 16.810635089874268,
  "kg_co2_emissions": null
}