{
  "dataset_revision": "1840e8a5ac6ec752bbdd97d543ead0189bc7c25b",
  "task_name": "ChemHotpotQARetrieval",
  "mteb_version": "1.36.8",
  "scores": {
    "train": [
      {
        "ndcg_at_1": 0.7,
        "ndcg_at_3": 0.74268,
        "ndcg_at_5": 0.74937,
        "ndcg_at_10": 0.7654,
        "ndcg_at_20": 0.77813,
        "ndcg_at_100": 0.78814,
        "ndcg_at_1000": 0.79388,
        "map_at_1": 0.68056,
        "map_at_3": 0.72685,
        "map_at_5": 0.73046,
        "map_at_10": 0.73701,
        "map_at_20": 0.74056,
        "map_at_100": 0.74185,
        "map_at_1000": 0.74209,
        "recall_at_1": 0.68056,
        "recall_at_3": 0.77778,
        "recall_at_5": 0.79444,
        "recall_at_10": 0.84444,
        "recall_at_20": 0.89444,
        "recall_at_100": 0.95,
        "recall_at_1000": 0.99444,
        "precision_at_1": 0.7,
        "precision_at_3": 0.26852,
        "precision_at_5": 0.16444,
        "precision_at_10": 0.08722,
        "precision_at_20": 0.04611,
        "precision_at_100": 0.00983,
        "precision_at_1000": 0.00103,
        "mrr_at_1": 0.7,
        "mrr_at_3": 0.738889,
        "mrr_at_5": 0.7425,
        "mrr_at_10": 0.74905,
        "mrr_at_20": 0.752597,
        "mrr_at_100": 0.753631,
        "mrr_at_1000": 0.753807,
        "nauc_ndcg_at_1_max": 0.72003,
        "nauc_ndcg_at_1_std": -0.112172,
        "nauc_ndcg_at_1_diff1": 0.892132,
        "nauc_ndcg_at_3_max": 0.631154,
        "nauc_ndcg_at_3_std": -0.20236,
        "nauc_ndcg_at_3_diff1": 0.797004,
        "nauc_ndcg_at_5_max": 0.627545,
        "nauc_ndcg_at_5_std": -0.221881,
        "nauc_ndcg_at_5_diff1": 0.792347,
        "nauc_ndcg_at_10_max": 0.614963,
        "nauc_ndcg_at_10_std": -0.229508,
        "nauc_ndcg_at_10_diff1": 0.784882,
        "nauc_ndcg_at_20_max": 0.620364,
        "nauc_ndcg_at_20_std": -0.203612,
        "nauc_ndcg_at_20_diff1": 0.787789,
        "nauc_ndcg_at_100_max": 0.62158,
        "nauc_ndcg_at_100_std": -0.203216,
        "nauc_ndcg_at_100_diff1": 0.794207,
        "nauc_ndcg_at_1000_max": 0.634998,
        "nauc_ndcg_at_1000_std": -0.191996,
        "nauc_ndcg_at_1000_diff1": 0.805057,
        "nauc_map_at_1_max": 0.623455,
        "nauc_map_at_1_std": -0.179615,
        "nauc_map_at_1_diff1": 0.825814,
        "nauc_map_at_3_max": 0.626527,
        "nauc_map_at_3_std": -0.196518,
        "nauc_map_at_3_diff1": 0.797322,
        "nauc_map_at_5_max": 0.624539,
        "nauc_map_at_5_std": -0.206425,
        "nauc_map_at_5_diff1": 0.794779,
        "nauc_map_at_10_max": 0.619882,
        "nauc_map_at_10_std": -0.209593,
        "nauc_map_at_10_diff1": 0.792362,
        "nauc_map_at_20_max": 0.621093,
        "nauc_map_at_20_std": -0.20328,
        "nauc_map_at_20_diff1": 0.793301,
        "nauc_map_at_100_max": 0.621673,
        "nauc_map_at_100_std": -0.202804,
        "nauc_map_at_100_diff1": 0.794106,
        "nauc_map_at_1000_max": 0.622167,
        "nauc_map_at_1000_std": -0.202187,
        "nauc_map_at_1000_diff1": 0.794666,
        "nauc_recall_at_1_max": 0.623455,
        "nauc_recall_at_1_std": -0.179615,
        "nauc_recall_at_1_diff1": 0.825814,
        "nauc_recall_at_3_max": 0.56748,
        "nauc_recall_at_3_std": -0.26709,
        "nauc_recall_at_3_diff1": 0.72507,
        "nauc_recall_at_5_max": 0.55199,
        "nauc_recall_at_5_std": -0.327294,
        "nauc_recall_at_5_diff1": 0.706057,
        "nauc_recall_at_10_max": 0.469708,
        "nauc_recall_at_10_std": -0.383054,
        "nauc_recall_at_10_diff1": 0.639954,
        "nauc_recall_at_20_max": 0.449278,
        "nauc_recall_at_20_std": -0.25067,
        "nauc_recall_at_20_diff1": 0.595759,
        "nauc_recall_at_100_max": 0.275703,
        "nauc_recall_at_100_std": -0.324826,
        "nauc_recall_at_100_diff1": 0.53657,
        "nauc_recall_at_1000_max": 1.0,
        "nauc_recall_at_1000_std": 1.0,
        "nauc_recall_at_1000_diff1": 1.0,
        "nauc_precision_at_1_max": 0.72003,
        "nauc_precision_at_1_std": -0.112172,
        "nauc_precision_at_1_diff1": 0.892132,
        "nauc_precision_at_3_max": 0.621921,
        "nauc_precision_at_3_std": -0.11375,
        "nauc_precision_at_3_diff1": 0.687412,
        "nauc_precision_at_5_max": 0.612353,
        "nauc_precision_at_5_std": -0.159268,
        "nauc_precision_at_5_diff1": 0.669361,
        "nauc_precision_at_10_max": 0.55925,
        "nauc_precision_at_10_std": -0.167422,
        "nauc_precision_at_10_diff1": 0.606532,
        "nauc_precision_at_20_max": 0.575397,
        "nauc_precision_at_20_std": 0.020674,
        "nauc_precision_at_20_diff1": 0.55905,
        "nauc_precision_at_100_max": 0.439099,
        "nauc_precision_at_100_std": 0.139247,
        "nauc_precision_at_100_diff1": 0.363647,
        "nauc_precision_at_1000_max": 0.575998,
        "nauc_precision_at_1000_std": 0.606142,
        "nauc_precision_at_1000_diff1": 0.302256,
        "nauc_mrr_at_1_max": 0.72003,
        "nauc_mrr_at_1_std": -0.112172,
        "nauc_mrr_at_1_diff1": 0.892132,
        "nauc_mrr_at_3_max": 0.699505,
        "nauc_mrr_at_3_std": -0.15156,
        "nauc_mrr_at_3_diff1": 0.861322,
        "nauc_mrr_at_5_max": 0.698345,
        "nauc_mrr_at_5_std": -0.161211,
        "nauc_mrr_at_5_diff1": 0.859482,
        "nauc_mrr_at_10_max": 0.695435,
        "nauc_mrr_at_10_std": -0.163318,
        "nauc_mrr_at_10_diff1": 0.858648,
        "nauc_mrr_at_20_max": 0.697758,
        "nauc_mrr_at_20_std": -0.156154,
        "nauc_mrr_at_20_diff1": 0.860558,
        "nauc_mrr_at_100_max": 0.697699,
        "nauc_mrr_at_100_std": -0.155382,
        "nauc_mrr_at_100_diff1": 0.861152,
        "nauc_mrr_at_1000_max": 0.697691,
        "nauc_mrr_at_1000_std": -0.155159,
        "nauc_mrr_at_1000_diff1": 0.861178,
        "main_score": 0.7654,
        "hf_subset": "default",
        "languages": [
          "eng-Latn"
        ]
      }
    ],
    "dev": [
      {
        "ndcg_at_1": 0.875,
        "ndcg_at_3": 0.875,
        "ndcg_at_5": 0.875,
        "ndcg_at_10": 0.875,
        "ndcg_at_20": 0.875,
        "ndcg_at_100": 0.89386,
        "ndcg_at_1000": 0.89386,
        "map_at_1": 0.875,
        "map_at_3": 0.875,
        "map_at_5": 0.875,
        "map_at_10": 0.875,
        "map_at_20": 0.875,
        "map_at_100": 0.87628,
        "map_at_1000": 0.87628,
        "recall_at_1": 0.875,
        "recall_at_3": 0.875,
        "recall_at_5": 0.875,
        "recall_at_10": 0.875,
        "recall_at_20": 0.875,
        "recall_at_100": 1.0,
        "recall_at_1000": 1.0,
        "precision_at_1": 0.875,
        "precision_at_3": 0.29167,
        "precision_at_5": 0.175,
        "precision_at_10": 0.0875,
        "precision_at_20": 0.04375,
        "precision_at_100": 0.01,
        "precision_at_1000": 0.001,
        "mrr_at_1": 0.875,
        "mrr_at_3": 0.875,
        "mrr_at_5": 0.875,
        "mrr_at_10": 0.875,
        "mrr_at_20": 0.875,
        "mrr_at_100": 0.876276,
        "mrr_at_1000": 0.876276,
        "nauc_ndcg_at_1_max": 1.0,
        "nauc_ndcg_at_1_std": 0.128291,
        "nauc_ndcg_at_1_diff1": 1.0,
        "nauc_ndcg_at_3_max": 1.0,
        "nauc_ndcg_at_3_std": 0.128291,
        "nauc_ndcg_at_3_diff1": 1.0,
        "nauc_ndcg_at_5_max": 1.0,
        "nauc_ndcg_at_5_std": 0.128291,
        "nauc_ndcg_at_5_diff1": 1.0,
        "nauc_ndcg_at_10_max": 1.0,
        "nauc_ndcg_at_10_std": 0.128291,
        "nauc_ndcg_at_10_diff1": 1.0,
        "nauc_ndcg_at_20_max": 1.0,
        "nauc_ndcg_at_20_std": 0.128291,
        "nauc_ndcg_at_20_diff1": 1.0,
        "nauc_ndcg_at_100_max": 1.0,
        "nauc_ndcg_at_100_std": 0.128291,
        "nauc_ndcg_at_100_diff1": 1.0,
        "nauc_ndcg_at_1000_max": 1.0,
        "nauc_ndcg_at_1000_std": 0.128291,
        "nauc_ndcg_at_1000_diff1": 1.0,
        "nauc_map_at_1_max": 1.0,
        "nauc_map_at_1_std": 0.128291,
        "nauc_map_at_1_diff1": 1.0,
        "nauc_map_at_3_max": 1.0,
        "nauc_map_at_3_std": 0.128291,
        "nauc_map_at_3_diff1": 1.0,