{
  "dataset_revision": "831d292c3959eae59e4f89b8758738feee97d6cf",
  "task_name": "CoconutRetrieval",
  "mteb_version": "1.36.8",
  "scores": {
    "test": [
      {
        "ndcg_at_1": 0.00424,
        "ndcg_at_3": 0.00462,
        "ndcg_at_5": 0.00515,
        "ndcg_at_10": 0.00584,
        "ndcg_at_20": 0.00684,
        "ndcg_at_100": 0.01132,
        "ndcg_at_1000": 0.03274,
        "map_at_1": 0.00342,
        "map_at_3": 0.00413,
        "map_at_5": 0.00453,
        "map_at_10": 0.00484,
        "map_at_20": 0.00511,
        "map_at_100": 0.00568,
        "map_at_1000": 0.00629,
        "recall_at_1": 0.00342,
        "recall_at_3": 0.00487,
        "recall_at_5": 0.00624,
        "recall_at_10": 0.00809,
        "recall_at_20": 0.01139,
        "recall_at_100": 0.0328,
        "recall_at_1000": 0.18933,
        "precision_at_1": 0.00424,
        "precision_at_3": 0.0022,
        "precision_at_5": 0.00174,
        "precision_at_10": 0.00122,
        "precision_at_20": 0.00098,
        "precision_at_100": 0.00063,
        "precision_at_1000": 0.00036,
        "mrr_at_1": 0.004239,
        "mrr_at_3": 0.005043,
        "mrr_at_5": 0.005308,
        "mrr_at_10": 0.005594,
        "mrr_at_20": 0.00591,
        "mrr_at_100": 0.006462,
        "mrr_at_1000": 0.007019,
        "nauc_ndcg_at_1_max": 0.203606,
        "nauc_ndcg_at_1_std": 0.414638,
        "nauc_ndcg_at_1_diff1": 0.64899,
        "nauc_ndcg_at_3_max": 0.164152,
        "nauc_ndcg_at_3_std": 0.338031,
        "nauc_ndcg_at_3_diff1": 0.574121,
        "nauc_ndcg_at_5_max": 0.179362,
        "nauc_ndcg_at_5_std": 0.362489,
        "nauc_ndcg_at_5_diff1": 0.523753,
        "nauc_ndcg_at_10_max": 0.149262,
        "nauc_ndcg_at_10_std": 0.335668,
        "nauc_ndcg_at_10_diff1": 0.450139,
        "nauc_ndcg_at_20_max": 0.15621,
        "nauc_ndcg_at_20_std": 0.344792,
        "nauc_ndcg_at_20_diff1": 0.38458,
        "nauc_ndcg_at_100_max": 0.154053,
        "nauc_ndcg_at_100_std": 0.364865,
        "nauc_ndcg_at_100_diff1": 0.204662,
        "nauc_ndcg_at_1000_max": 0.165384,
        "nauc_ndcg_at_1000_std": 0.371848,
        "nauc_ndcg_at_1000_diff1": 0.069211,
        "nauc_map_at_1_max": 0.272461,
        "nauc_map_at_1_std": 0.362131,
        "nauc_map_at_1_diff1": 0.759389,
        "nauc_map_at_3_max": 0.19531,
        "nauc_map_at_3_std": 0.327647,
        "nauc_map_at_3_diff1": 0.638582,
        "nauc_map_at_5_max": 0.200091,
        "nauc_map_at_5_std": 0.356871,
        "nauc_map_at_5_diff1": 0.582998,
        "nauc_map_at_10_max": 0.180675,
        "nauc_map_at_10_std": 0.345907,
        "nauc_map_at_10_diff1": 0.535023,
        "nauc_map_at_20_max": 0.182625,
        "nauc_map_at_20_std": 0.351201,
        "nauc_map_at_20_diff1": 0.506452,
        "nauc_map_at_100_max": 0.181276,
        "nauc_map_at_100_std": 0.359238,
        "nauc_map_at_100_diff1": 0.451456,
        "nauc_map_at_1000_max": 0.180515,
        "nauc_map_at_1000_std": 0.36424,
        "nauc_map_at_1000_diff1": 0.408809,
        "nauc_recall_at_1_max": 0.272461,
        "nauc_recall_at_1_std": 0.362131,
        "nauc_recall_at_1_diff1": 0.759389,
        "nauc_recall_at_3_max": 0.138071,
        "nauc_recall_at_3_std": 0.298757,
        "nauc_recall_at_3_diff1": 0.556138,
        "nauc_recall_at_5_max": 0.171093,
        "nauc_recall_at_5_std": 0.364822,
        "nauc_recall_at_5_diff1": 0.445638,
        "nauc_recall_at_10_max": 0.11657,
        "nauc_recall_at_10_std": 0.302905,
        "nauc_recall_at_10_diff1": 0.32655,
        "nauc_recall_at_20_max": 0.141628,
        "nauc_recall_at_20_std": 0.324447,
        "nauc_recall_at_20_diff1": 0.233121,
        "nauc_recall_at_100_max": 0.141036,
        "nauc_recall_at_100_std": 0.363677,
        "nauc_recall_at_100_diff1": 0.033638,
        "nauc_recall_at_1000_max": 0.166161,
        "nauc_recall_at_1000_std": 0.367731,
        "nauc_recall_at_1000_diff1": -0.001397,
        "nauc_precision_at_1_max": 0.203606,
        "nauc_precision_at_1_std": 0.414638,
        "nauc_precision_at_1_diff1": 0.64899,
        "nauc_precision_at_3_max": 0.112039,
        "nauc_precision_at_3_std": 0.385639,
        "nauc_precision_at_3_diff1": 0.413405,
        "nauc_precision_at_5_max": 0.141809,
        "nauc_precision_at_5_std": 0.458209,
        "nauc_precision_at_5_diff1": 0.307181,
        "nauc_precision_at_10_max": 0.066824,
        "nauc_precision_at_10_std": 0.378846,
        "nauc_precision_at_10_diff1": 0.172179,
        "nauc_precision_at_20_max": 0.101644,
        "nauc_precision_at_20_std": 0.393375,
        "nauc_precision_at_20_diff1": 0.113784,
        "nauc_precision_at_100_max": 0.13984,
        "nauc_precision_at_100_std": 0.410017,
        "nauc_precision_at_100_diff1": -0.017519,
        "nauc_precision_at_1000_max": 0.15871,
        "nauc_precision_at_1000_std": 0.36632,
        "nauc_precision_at_1000_diff1": -0.032424,
        "nauc_mrr_at_1_max": 0.203606,
        "nauc_mrr_at_1_std": 0.414638,
        "nauc_mrr_at_1_diff1": 0.64899,
        "nauc_mrr_at_3_max": 0.139903,
        "nauc_mrr_at_3_std": 0.363677,
        "nauc_mrr_at_3_diff1": 0.541872,
        "nauc_mrr_at_5_max": 0.151181,
        "nauc_mrr_at_5_std": 0.369204,
        "nauc_mrr_at_5_diff1": 0.519672,
        "nauc_mrr_at_10_max": 0.141926,
        "nauc_mrr_at_10_std": 0.35844,
        "nauc_mrr_at_10_diff1": 0.491222,
        "nauc_mrr_at_20_max": 0.143345,
        "nauc_mrr_at_20_std": 0.357481,
        "nauc_mrr_at_20_diff1": 0.464909,
        "nauc_mrr_at_100_max": 0.144574,
        "nauc_mrr_at_100_std": 0.356172,
        "nauc_mrr_at_100_diff1": 0.418835,
        "nauc_mrr_at_1000_max": 0.145259,
        "nauc_mrr_at_1000_std": 0.356076,
        "nauc_mrr_at_1000_diff1": 0.388927,
        "main_score": 0.00584,
        "hf_subset": "default",
        "languages": [
          "eng-Latn"
        ]
      }
    ]
  },
  "evaluation_time": 76.48361587524414,
  "kg_co2_emissions": null
}