{
  "dataset_revision": "831d292c3959eae59e4f89b8758738feee97d6cf",
  "task_name": "CoconutRetrieval",
  "mteb_version": "1.36.8",
  "scores": {
    "test": [
      {
        "ndcg_at_1": 0.00024,
        "ndcg_at_3": 0.00057,
        "ndcg_at_5": 0.00064,
        "ndcg_at_10": 0.00073,
        "ndcg_at_20": 0.00134,
        "ndcg_at_100": 0.00273,
        "ndcg_at_1000": 0.01124,
        "map_at_1": 0.00018,
        "map_at_3": 0.00045,
        "map_at_5": 0.00049,
        "map_at_10": 0.00053,
        "map_at_20": 0.00069,
        "map_at_100": 0.00087,
        "map_at_1000": 0.00109,
        "recall_at_1": 0.00018,
        "recall_at_3": 0.00079,
        "recall_at_5": 0.00097,
        "recall_at_10": 0.0012,
        "recall_at_20": 0.00337,
        "recall_at_100": 0.01041,
        "recall_at_1000": 0.07527,
        "precision_at_1": 0.00024,
        "precision_at_3": 0.00031,
        "precision_at_5": 0.00024,
        "precision_at_10": 0.00016,
        "precision_at_20": 0.00024,
        "precision_at_100": 0.00016,
        "precision_at_1000": 0.00013,
        "mrr_at_1": 0.000235,
        "mrr_at_3": 0.000549,
        "mrr_at_5": 0.000602,
        "mrr_at_10": 0.000634,
        "mrr_at_20": 0.000846,
        "mrr_at_100": 0.001023,
        "mrr_at_1000": 0.001229,
        "nauc_ndcg_at_1_max": 1.0,
        "nauc_ndcg_at_1_std": 1.0,
        "nauc_ndcg_at_1_diff1": 0.01394,
        "nauc_ndcg_at_3_max": 0.723325,
        "nauc_ndcg_at_3_std": 0.669047,
        "nauc_ndcg_at_3_diff1": 0.078186,
        "nauc_ndcg_at_5_max": 0.740076,
        "nauc_ndcg_at_5_std": 0.667335,
        "nauc_ndcg_at_5_diff1": 0.114779,
        "nauc_ndcg_at_10_max": 0.717346,
        "nauc_ndcg_at_10_std": 0.646637,
        "nauc_ndcg_at_10_diff1": 0.188991,
        "nauc_ndcg_at_20_max": 0.800456,
        "nauc_ndcg_at_20_std": 0.761064,
        "nauc_ndcg_at_20_diff1": 0.095436,
        "nauc_ndcg_at_100_max": 0.752443,
        "nauc_ndcg_at_100_std": 0.697323,
        "nauc_ndcg_at_100_diff1": 0.215236,
        "nauc_ndcg_at_1000_max": 0.450319,
        "nauc_ndcg_at_1000_std": 0.357379,
        "nauc_ndcg_at_1000_diff1": 0.076045,
        "nauc_map_at_1_max": 1.0,
        "nauc_map_at_1_std": 1.0,
        "nauc_map_at_1_diff1": -0.014234,
        "nauc_map_at_3_max": 0.727926,
        "nauc_map_at_3_std": 0.67345,
        "nauc_map_at_3_diff1": 0.044613,
        "nauc_map_at_5_max": 0.742753,
        "nauc_map_at_5_std": 0.679278,
        "nauc_map_at_5_diff1": 0.07637,
        "nauc_map_at_10_max": 0.732366,
        "nauc_map_at_10_std": 0.669926,
        "nauc_map_at_10_diff1": 0.127442,
        "nauc_map_at_20_max": 0.770495,
        "nauc_map_at_20_std": 0.722994,
        "nauc_map_at_20_diff1": 0.087187,
        "nauc_map_at_100_max": 0.759123,
        "nauc_map_at_100_std": 0.709688,
        "nauc_map_at_100_diff1": 0.134713,
        "nauc_map_at_1000_max": 0.696218,
        "nauc_map_at_1000_std": 0.631329,
        "nauc_map_at_1000_diff1": 0.128806,
        "nauc_recall_at_1_max": 1.0,
        "nauc_recall_at_1_std": 1.0,
        "nauc_recall_at_1_diff1": -0.014234,
        "nauc_recall_at_3_max": 0.677636,
        "nauc_recall_at_3_std": 0.616435,
        "nauc_recall_at_3_diff1": 0.057585,
        "nauc_recall_at_5_max": 0.715751,
        "nauc_recall_at_5_std": 0.631535,
        "nauc_recall_at_5_diff1": 0.126477,
        "nauc_recall_at_10_max": 0.664036,
        "nauc_recall_at_10_std": 0.582397,
        "nauc_recall_at_10_diff1": 0.224649,
        "nauc_recall_at_20_max": 0.82275,
        "nauc_recall_at_20_std": 0.793877,
        "nauc_recall_at_20_diff1": 0.042327,
        "nauc_recall_at_100_max": 0.745476,
        "nauc_recall_at_100_std": 0.68174,
        "nauc_recall_at_100_diff1": 0.247164,
        "nauc_recall_at_1000_max": 0.39569,
        "nauc_recall_at_1000_std": 0.292879,
        "nauc_recall_at_1000_diff1": 0.049691,
        "nauc_precision_at_1_max": 1.0,
        "nauc_precision_at_1_std": 1.0,
        "nauc_precision_at_1_diff1": 0.01394,
        "nauc_precision_at_3_max": 0.728005,
        "nauc_precision_at_3_std": 0.676367,
        "nauc_precision_at_3_diff1": 0.148492,
        "nauc_precision_at_5_max": 0.748586,
        "nauc_precision_at_5_std": 0.65094,
        "nauc_precision_at_5_diff1": 0.217358,
        "nauc_precision_at_10_max": 0.743948,
        "nauc_precision_at_10_std": 0.664543,
        "nauc_precision_at_10_diff1": 0.392672,
        "nauc_precision_at_20_max": 0.823507,
        "nauc_precision_at_20_std": 0.794745,
        "nauc_precision_at_20_diff1": 0.189779,
        "nauc_precision_at_100_max": 0.755653,
        "nauc_precision_at_100_std": 0.705438,
        "nauc_precision_at_100_diff1": 0.292754,
        "nauc_precision_at_1000_max": 0.392328,
        "nauc_precision_at_1000_std": 0.316789,
        "nauc_precision_at_1000_diff1": 0.062225,
        "nauc_mrr_at_1_max": 1.0,
        "nauc_mrr_at_1_std": 1.0,
        "nauc_mrr_at_1_diff1": 0.01394,
        "nauc_mrr_at_3_max": 0.77894,
        "nauc_mrr_at_3_std": 0.734678,
        "nauc_mrr_at_3_diff1": 0.127155,
        "nauc_mrr_at_5_max": 0.785163,
        "nauc_mrr_at_5_std": 0.722773,
        "nauc_mrr_at_5_diff1": 0.157663,
        "nauc_mrr_at_10_max": 0.770997,
        "nauc_mrr_at_10_std": 0.708572,
        "nauc_mrr_at_10_diff1": 0.183869,
        "nauc_mrr_at_20_max": 0.805214,
        "nauc_mrr_at_20_std": 0.754467,
        "nauc_mrr_at_20_diff1": 0.1627,
        "nauc_mrr_at_100_max": 0.778201,
        "nauc_mrr_at_100_std": 0.724216,
        "nauc_mrr_at_100_diff1": 0.17915,
        "nauc_mrr_at_1000_max": 0.711329,
        "nauc_mrr_at_1000_std": 0.6441,
        "nauc_mrr_at_1000_diff1": 0.158082,
        "main_score": 0.00073,
        "hf_subset": "default",
        "languages": [
          "eng-Latn"
        ]
      }
    ]
  },
  "evaluation_time": 16.66682529449463,
  "kg_co2_emissions": null
}