{
  "dataset_revision": "main",
  "task_name": "FSUChemRxivQest",
  "mteb_version": "0.1",
  "scores": {
    "test": [
      {
        "ndcg_at_1": 0.00824,
        "ndcg_at_3": 0.0073,
        "ndcg_at_5": 0.00826,
        "ndcg_at_10": 0.00906,
        "ndcg_at_20": 0.01082,
        "ndcg_at_100": 0.01652,
        "ndcg_at_1000": 0.0365,
        "map_at_1": 0.00395,
        "map_at_3": 0.00549,
        "map_at_5": 0.00598,
        "map_at_10": 0.00624,
        "map_at_20": 0.00666,
        "map_at_100": 0.00728,
        "map_at_1000": 0.00776,
        "recall_at_1": 0.00395,
        "recall_at_3": 0.00755,
        "recall_at_5": 0.00961,
        "recall_at_10": 0.01167,
        "recall_at_20": 0.01768,
        "recall_at_100": 0.046,
        "recall_at_1000": 0.19791,
        "precision_at_1": 0.00824,
        "precision_at_3": 0.00481,
        "precision_at_5": 0.0035,
        "precision_at_10": 0.00216,
        "precision_at_20": 0.0016,
        "precision_at_100": 0.00078,
        "precision_at_1000": 0.00032,
        "mrr_at_1": 0.008239,
        "mrr_at_3": 0.010814,
        "mrr_at_5": 0.011535,
        "mrr_at_10": 0.012059,
        "mrr_at_20": 0.012778,
        "mrr_at_100": 0.013739,
        "mrr_at_1000": 0.014395,
        "nauc_ndcg_at_1_max": 0.208066,
        "nauc_ndcg_at_1_std": -0.106108,
        "nauc_ndcg_at_1_diff1": 0.523864,
        "nauc_ndcg_at_3_max": 0.153381,
        "nauc_ndcg_at_3_std": -0.084604,
        "nauc_ndcg_at_3_diff1": 0.357422,
        "nauc_ndcg_at_5_max": 0.103061,
        "nauc_ndcg_at_5_std": -0.05578,
        "nauc_ndcg_at_5_diff1": 0.298421,
        "nauc_ndcg_at_10_max": 0.13229,
        "nauc_ndcg_at_10_std": -0.094669,
        "nauc_ndcg_at_10_diff1": 0.254114,
        "nauc_ndcg_at_20_max": 0.117277,
        "nauc_ndcg_at_20_std": -0.106026,
        "nauc_ndcg_at_20_diff1": 0.20916,
        "nauc_ndcg_at_100_max": 0.132383,
        "nauc_ndcg_at_100_std": -0.134901,
        "nauc_ndcg_at_100_diff1": 0.157378,
        "nauc_ndcg_at_1000_max": 0.121751,
        "nauc_ndcg_at_1000_std": -0.163412,
        "nauc_ndcg_at_1000_diff1": 0.068395,
        "nauc_map_at_1_max": 0.242073,
        "nauc_map_at_1_std": -0.154199,
        "nauc_map_at_1_diff1": 0.542357,
        "nauc_map_at_3_max": 0.187765,
        "nauc_map_at_3_std": -0.114201,
        "nauc_map_at_3_diff1": 0.392403,
        "nauc_map_at_5_max": 0.151496,
        "nauc_map_at_5_std": -0.086761,
        "nauc_map_at_5_diff1": 0.350566,
        "nauc_map_at_10_max": 0.162723,
        "nauc_map_at_10_std": -0.104045,
        "nauc_map_at_10_diff1": 0.326941,
        "nauc_map_at_20_max": 0.152369,
        "nauc_map_at_20_std": -0.106056,
        "nauc_map_at_20_diff1": 0.306228,
        "nauc_map_at_100_max": 0.152542,
        "nauc_map_at_100_std": -0.107606,
        "nauc_map_at_100_diff1": 0.290671,
        "nauc_map_at_1000_max": 0.15115,
        "nauc_map_at_1000_std": -0.111758,
        "nauc_map_at_1000_diff1": 0.27433,
        "nauc_recall_at_1_max": 0.242073,
        "nauc_recall_at_1_std": -0.154199,
        "nauc_recall_at_1_diff1": 0.542357,
        "nauc_recall_at_3_max": 0.107432,
        "nauc_recall_at_3_std": -0.080503,
        "nauc_recall_at_3_diff1": 0.288208,
        "nauc_recall_at_5_max": 0.027908,
        "nauc_recall_at_5_std": -0.020397,
        "nauc_recall_at_5_diff1": 0.197745,
        "nauc_recall_at_10_max": 0.101518,
        "nauc_recall_at_10_std": -0.104041,
        "nauc_recall_at_10_diff1": 0.12819,
        "nauc_recall_at_20_max": 0.081545,
        "nauc_recall_at_20_std": -0.131712,
        "nauc_recall_at_20_diff1": 0.080447,
        "nauc_recall_at_100_max": 0.137413,
        "nauc_recall_at_100_std": -0.190258,
        "nauc_recall_at_100_diff1": 0.05212,
        "nauc_recall_at_1000_max": 0.107949,
        "nauc_recall_at_1000_std": -0.18598,
        "nauc_recall_at_1000_diff1": -0.006121,
        "nauc_precision_at_1_max": 0.208066,
        "nauc_precision_at_1_std": -0.106108,
        "nauc_precision_at_1_diff1": 0.523864,
        "nauc_precision_at_3_max": 0.075743,
        "nauc_precision_at_3_std": -0.01952,
        "nauc_precision_at_3_diff1": 0.281143,
        "nauc_precision_at_5_max": 0.004482,
        "nauc_precision_at_5_std": -0.007957,
        "nauc_precision_at_5_diff1": 0.194215,
        "nauc_precision_at_10_max": 0.088396,
        "nauc_precision_at_10_std": -0.100608,
        "nauc_precision_at_10_diff1": 0.119812,
        "nauc_precision_at_20_max": 0.087223,
        "nauc_precision_at_20_std": -0.122767,
        "nauc_precision_at_20_diff1": 0.066274,
        "nauc_precision_at_100_max": 0.131396,
        "nauc_precision_at_100_std": -0.152737,
        "nauc_precision_at_100_diff1": 0.073749,
        "nauc_precision_at_1000_max": 0.120351,
        "nauc_precision_at_1000_std": -0.189829,
        "nauc_precision_at_1000_diff1": -0.011968,
        "nauc_mrr_at_1_max": 0.208066,
        "nauc_mrr_at_1_std": -0.106108,
        "nauc_mrr_at_1_diff1": 0.523864,
        "nauc_mrr_at_3_max": 0.157097,
        "nauc_mrr_at_3_std": -0.05693,
        "nauc_mrr_at_3_diff1": 0.386336,
        "nauc_mrr_at_5_max": 0.12716,
        "nauc_mrr_at_5_std": -0.049373,
        "nauc_mrr_at_5_diff1": 0.349882,
        "nauc_mrr_at_10_max": 0.139845,
        "nauc_mrr_at_10_std": -0.068899,
        "nauc_mrr_at_10_diff1": 0.325445,
        "nauc_mrr_at_20_max": 0.133845,
        "nauc_mrr_at_20_std": -0.071351,
        "nauc_mrr_at_20_diff1": 0.304601,
        "nauc_mrr_at_100_max": 0.131369,
        "nauc_mrr_at_100_std": -0.074328,
        "nauc_mrr_at_100_diff1": 0.285855,
        "nauc_mrr_at_1000_max": 0.130634,
        "nauc_mrr_at_1000_std": -0.078335,
        "nauc_mrr_at_1000_diff1": 0.27467,
        "main_score": 0.00906,
        "hf_subset": "default",
        "languages": [
          "eng-Latn"
        ]
      }
    ]
  },
  "evaluation_time": 21.202282667160034,
  "kg_co2_emissions": null
}