{
  "dataset_revision": "023e7a813e3b73d8d33551ed2aea511314d612e2",
  "evaluation_time": 52.57820534706116,
  "kg_co2_emissions": null,
  "mteb_version": "1.14.15",
  "scores": {
    "test": [
      {
        "hf_subset": "default",
        "languages": [
          "eng-Latn"
        ],
        "main_score": 0.14133,
        "map_at_1": 0.07407,
        "map_at_10": 0.1072,
        "map_at_100": 0.12278,
        "map_at_1000": 0.12452,
        "map_at_20": 0.1148,
        "map_at_3": 0.08642,
        "map_at_5": 0.10309,
        "mrr_at_1": 0.1111111111111111,
        "mrr_at_10": 0.1475308641975309,
        "mrr_at_100": 0.15929230725781973,
        "mrr_at_1000": 0.16106515438442112,
        "mrr_at_20": 0.15307651680200698,
        "mrr_at_3": 0.1234567901234568,
        "mrr_at_5": 0.1475308641975309,
        "nauc_map_at_1000_diff1": 0.7183161871248815,
        "nauc_map_at_1000_max": 0.46492883594312884,
        "nauc_map_at_1000_std": 0.4739867938030901,
        "nauc_map_at_100_diff1": 0.7179392972461457,
        "nauc_map_at_100_max": 0.4669588383109868,
        "nauc_map_at_100_std": 0.47860913921168996,
        "nauc_map_at_10_diff1": 0.7244049232595368,
        "nauc_map_at_10_max": 0.5124703531439629,
        "nauc_map_at_10_std": 0.46678030992537023,
        "nauc_map_at_1_diff1": 0.9238181342935536,
        "nauc_map_at_1_max": 0.4738123863058946,
        "nauc_map_at_1_std": 0.5089732474011774,
        "nauc_map_at_20_diff1": 0.7251884616890302,
        "nauc_map_at_20_max": 0.475535764416009,
        "nauc_map_at_20_std": 0.46791520217690286,
        "nauc_map_at_3_diff1": 0.765704728850685,
        "nauc_map_at_3_max": 0.5739683181675646,
        "nauc_map_at_3_std": 0.559964064310311,
        "nauc_map_at_5_diff1": 0.7120149859069083,
        "nauc_map_at_5_max": 0.5447618577214297,
        "nauc_map_at_5_std": 0.49069481348611876,
        "nauc_mrr_at_1000_diff1": 0.7269920727294359,
        "nauc_mrr_at_1000_max": 0.3409335612632856,
        "nauc_mrr_at_1000_std": 0.36938716539150257,
        "nauc_mrr_at_100_diff1": 0.7255643459589728,
        "nauc_mrr_at_100_max": 0.3434511263818822,
        "nauc_mrr_at_100_std": 0.37330120089414653,
        "nauc_mrr_at_10_diff1": 0.7281736805396228,
        "nauc_mrr_at_10_max": 0.3610036217695624,
        "nauc_mrr_at_10_std": 0.3600826403355433,
        "nauc_mrr_at_1_diff1": 0.8984241790580711,
        "nauc_mrr_at_1_max": 0.29841651507452605,
        "nauc_mrr_at_1_std": 0.34529766320156996,
        "nauc_mrr_at_20_diff1": 0.7291750940315144,
        "nauc_mrr_at_20_max": 0.3412823849641809,
        "nauc_mrr_at_20_std": 0.3676901815694772,
        "nauc_mrr_at_3_diff1": 0.7910567360548997,
        "nauc_mrr_at_3_max": 0.3801593633947483,
        "nauc_mrr_at_3_std": 0.39224802514904394,
        "nauc_mrr_at_5_diff1": 0.7281736805396228,
        "nauc_mrr_at_5_max": 0.3610036217695624,
        "nauc_mrr_at_5_std": 0.3600826403355433,
        "nauc_ndcg_at_1000_diff1": 0.6643086991986086,
        "nauc_ndcg_at_1000_max": 0.3975367605780051,
        "nauc_ndcg_at_1000_std": 0.45575655784134816,
        "nauc_ndcg_at_100_diff1": 0.6757601471589043,
        "nauc_ndcg_at_100_max": 0.4135172106416078,
        "nauc_ndcg_at_100_std": 0.508838037727809,
        "nauc_ndcg_at_10_diff1": 0.6480553914881827,
        "nauc_ndcg_at_10_max": 0.4664950642425821,
        "nauc_ndcg_at_10_std": 0.41126069707466434,
        "nauc_ndcg_at_1_diff1": 0.8984241790580711,
        "nauc_ndcg_at_1_max": 0.29841651507452605,
        "nauc_ndcg_at_1_std": 0.34529766320156996,
        "nauc_ndcg_at_20_diff1": 0.6715548505188768,
        "nauc_ndcg_at_20_max": 0.38135888742825086,
        "nauc_ndcg_at_20_std": 0.4370435345867042,
        "nauc_ndcg_at_3_diff1": 0.7114791972578615,
        "nauc_ndcg_at_3_max": 0.55781322251858,
        "nauc_ndcg_at_3_std": 0.5321215442272719,
        "nauc_ndcg_at_5_diff1": 0.6266143892568286,
        "nauc_ndcg_at_5_max": 0.5074525751973776,
        "nauc_ndcg_at_5_std": 0.4402850330555496,
        "nauc_precision_at_1000_diff1": 0.265588007596335,
        "nauc_precision_at_1000_max": -0.043587925881079,
        "nauc_precision_at_1000_std": 0.11531428801868565,
        "nauc_precision_at_100_diff1": 0.608713151587113,
        "nauc_precision_at_100_max": 0.23207801335708692,
        "nauc_precision_at_100_std": 0.5134881665002372,
        "nauc_precision_at_10_diff1": 0.5443721334161133,
        "nauc_precision_at_10_max": 0.3056707430366704,
        "nauc_precision_at_10_std": 0.293662143439501,
        "nauc_precision_at_1_diff1": 0.8984241790580711,
        "nauc_precision_at_1_max": 0.29841651507452605,
        "nauc_precision_at_1_std": 0.34529766320156996,
        "nauc_precision_at_20_diff1": 0.6240988245126979,
        "nauc_precision_at_20_max": 0.16644367601925172,
        "nauc_precision_at_20_std": 0.35717758269919647,
        "nauc_precision_at_3_diff1": 0.6167246261662861,
        "nauc_precision_at_3_max": 0.5128849161076712,
        "nauc_precision_at_3_std": 0.4684811497294195,
        "nauc_precision_at_5_diff1": 0.4541442238196433,
        "nauc_precision_at_5_max": 0.4069580871830766,
        "nauc_precision_at_5_std": 0.3647198290554525,
        "nauc_recall_at_1000_diff1": 0.41555788445300795,
        "nauc_recall_at_1000_max": 0.5982677829136805,
        "nauc_recall_at_1000_std": 0.7852431044188002,
        "nauc_recall_at_100_diff1": 0.6435166195707579,
        "nauc_recall_at_100_max": 0.45275884828201346,
        "nauc_recall_at_100_std": 0.7262066042909355,
        "nauc_recall_at_10_diff1": 0.4810287852252951,
        "nauc_recall_at_10_max": 0.47785264518557075,
        "nauc_recall_at_10_std": 0.3604082462504974,
        "nauc_recall_at_1_diff1": 0.9238181342935536,
        "nauc_recall_at_1_max": 0.4738123863058946,
        "nauc_recall_at_1_std": 0.5089732474011774,
        "nauc_recall_at_20_diff1": 0.5946475206250916,
        "nauc_recall_at_20_max": 0.2724982803178123,
        "nauc_recall_at_20_std": 0.45974890421111336,
        "nauc_recall_at_3_diff1": 0.5026376863061855,
        "nauc_recall_at_3_max": 0.6839443625916904,
        "nauc_recall_at_3_std": 0.6016284631838201,
        "nauc_recall_at_5_diff1": 0.39834865572406664,
        "nauc_recall_at_5_max": 0.5446923166772082,
        "nauc_recall_at_5_std": 0.3996322192757692,
        "ndcg_at_1": 0.11111,
        "ndcg_at_10": 0.14133,
        "ndcg_at_100": 0.21818,
        "ndcg_at_1000": 0.26271,
        "ndcg_at_20": 0.16589,
        "ndcg_at_3": 0.10097,
        "ndcg_at_5": 0.1345,
        "precision_at_1": 0.11111,
        "precision_at_10": 0.02963,
        "precision_at_100": 0.00704,
        "precision_at_1000": 0.00115,
        "precision_at_20": 0.02037,
        "precision_at_3": 0.04938,
        "precision_at_5": 0.05185,
        "recall_at_1": 0.07407,
        "recall_at_10": 0.2037,
        "recall_at_100": 0.57407,
        "recall_at_1000": 0.90123,
        "recall_at_20": 0.2963,
        "recall_at_3": 0.11111,
        "recall_at_5": 0.18519
      }
    ]
  },
  "task_name": "ChemNQRetrieval"
}