{
  "dataset_revision": "831d292c3959eae59e4f89b8758738feee97d6cf",
  "evaluation_time": 75.20645785331726,
  "kg_co2_emissions": null,
  "mteb_version": "1.14.15",
  "scores": {
    "test": [
      {
        "hf_subset": "default",
        "languages": [
          "eng-Latn"
        ],
        "main_score": 0.00103,
        "map_at_1": 0.00035,
        "map_at_10": 0.00068,
        "map_at_100": 0.001,
        "map_at_1000": 0.00123,
        "map_at_20": 0.00082,
        "map_at_3": 0.00049,
        "map_at_5": 0.00054,
        "mrr_at_1": 0.0004709760979630284,
        "mrr_at_10": 0.0008954152719606622,
        "mrr_at_100": 0.0012836702328266711,
        "mrr_at_1000": 0.0015306193013655785,
        "mrr_at_20": 0.0010656946164206015,
        "mrr_at_3": 0.0006868401428627497,
        "mrr_at_5": 0.0007398249538835903,
        "nauc_map_at_1000_diff1": 0.16316308083037082,
        "nauc_map_at_1000_max": 0.18388016628701306,
        "nauc_map_at_1000_std": 0.46756652956616473,
        "nauc_map_at_100_diff1": 0.18680855840221153,
        "nauc_map_at_100_max": 0.15524083612642178,
        "nauc_map_at_100_std": 0.5183415015288683,
        "nauc_map_at_10_diff1": 0.20762653565689382,
        "nauc_map_at_10_max": 0.08264866240900207,
        "nauc_map_at_10_std": 0.5246092884753334,
        "nauc_map_at_1_diff1": 0.3632752465639295,
        "nauc_map_at_1_max": 0.18536130454756566,
        "nauc_map_at_1_std": 0.3623680698590776,
        "nauc_map_at_20_diff1": 0.21934296997764124,
        "nauc_map_at_20_max": 0.13742660612727933,
        "nauc_map_at_20_std": 0.5643754731068733,
        "nauc_map_at_3_diff1": 0.3158364504287976,
        "nauc_map_at_3_max": 0.18514457382494534,
        "nauc_map_at_3_std": 0.5051936916186883,
        "nauc_map_at_5_diff1": 0.2744586774938264,
        "nauc_map_at_5_max": 0.1282757541184825,
        "nauc_map_at_5_std": 0.5433022459316744,
        "nauc_mrr_at_1000_diff1": 0.17962802240305722,
        "nauc_mrr_at_1000_max": 0.16856313592549635,
        "nauc_mrr_at_1000_std": 0.48873263881362694,
        "nauc_mrr_at_100_diff1": 0.20494431890976061,
        "nauc_mrr_at_100_max": 0.1402649146527839,
        "nauc_mrr_at_100_std": 0.5415719937434806,
        "nauc_mrr_at_10_diff1": 0.24818866519220897,
        "nauc_mrr_at_10_max": 0.056882374545396755,
        "nauc_mrr_at_10_std": 0.5733635111836872,
        "nauc_mrr_at_1_diff1": 0.34636069965161587,
        "nauc_mrr_at_1_max": 0.10766079000576288,
        "nauc_mrr_at_1_std": 0.521776052394308,
        "nauc_mrr_at_20_diff1": 0.23533824605636638,
        "nauc_mrr_at_20_max": 0.12028406520067544,
        "nauc_mrr_at_20_std": 0.593061386708196,
        "nauc_mrr_at_3_diff1": 0.31981485198547277,
        "nauc_mrr_at_3_max": 0.12242819268706359,
        "nauc_mrr_at_3_std": 0.5670594007991684,
        "nauc_mrr_at_5_diff1": 0.295109590548894,
        "nauc_mrr_at_5_max": 0.07489162305678496,
        "nauc_mrr_at_5_std": 0.5980657567101032,
        "nauc_ndcg_at_1000_diff1": 0.07357207011132995,
        "nauc_ndcg_at_1000_max": 0.2890156680127101,
        "nauc_ndcg_at_1000_std": 0.2787824385673355,
        "nauc_ndcg_at_100_diff1": 0.12140464842709141,
        "nauc_ndcg_at_100_max": 0.205025588946825,
        "nauc_ndcg_at_100_std": 0.45089393260705124,
        "nauc_ndcg_at_10_diff1": 0.16367525767744823,
        "nauc_ndcg_at_10_max": 0.038676771077321426,
        "nauc_ndcg_at_10_std": 0.5481892548986547,
        "nauc_ndcg_at_1_diff1": 0.34636069965161587,
        "nauc_ndcg_at_1_max": 0.10766079000576288,
        "nauc_ndcg_at_1_std": 0.521776052394308,
        "nauc_ndcg_at_20_diff1": 0.1806706107608396,
        "nauc_ndcg_at_20_max": 0.15310404981818046,
        "nauc_ndcg_at_20_std": 0.6088929452491597,
        "nauc_ndcg_at_3_diff1": 0.3107610524208362,
        "nauc_ndcg_at_3_max": 0.169177170642276,
        "nauc_ndcg_at_3_std": 0.5433324009481687,
        "nauc_ndcg_at_5_diff1": 0.26508692824650476,
        "nauc_ndcg_at_5_max": 0.09061735247362825,
        "nauc_ndcg_at_5_std": 0.6034103301573367,
        "nauc_precision_at_1000_diff1": 0.04632134341303024,
        "nauc_precision_at_1000_max": 0.3003404804889127,
        "nauc_precision_at_1000_std": 0.2331348693822727,
        "nauc_precision_at_100_diff1": 0.10907155857137327,
        "nauc_precision_at_100_max": 0.2279666048799648,
        "nauc_precision_at_100_std": 0.36713702748373145,
        "nauc_precision_at_10_diff1": 0.11395054480716137,
        "nauc_precision_at_10_max": -0.019810899781697876,
        "nauc_precision_at_10_std": 0.49520524043810005,
        "nauc_precision_at_1_diff1": 0.34636069965161587,
        "nauc_precision_at_1_max": 0.10766079000576288,
        "nauc_precision_at_1_std": 0.521776052394308,
        "nauc_precision_at_20_diff1": 0.1619010002514316,
        "nauc_precision_at_20_max": 0.18519848250192814,
        "nauc_precision_at_20_std": 0.5844104976088422,
        "nauc_precision_at_3_diff1": 0.3254188857938097,
        "nauc_precision_at_3_max": 0.14627751222255295,
        "nauc_precision_at_3_std": 0.5832590105367755,
        "nauc_precision_at_5_diff1": 0.27417038015650175,
        "nauc_precision_at_5_max": 0.02201802155212595,
        "nauc_precision_at_5_std": 0.659030099530089,
        "nauc_recall_at_1000_diff1": 0.06962332444907117,
        "nauc_recall_at_1000_max": 0.30897896633486344,
        "nauc_recall_at_1000_std": 0.24808165942933108,
        "nauc_recall_at_100_diff1": 0.08404194367664025,
        "nauc_recall_at_100_max": 0.2367385946962076,
        "nauc_recall_at_100_std": 0.40835543949840064,
        "nauc_recall_at_10_diff1": 0.08185946141492095,
        "nauc_recall_at_10_max": -0.0025412420739127804,
        "nauc_recall_at_10_std": 0.565276496087585,
        "nauc_recall_at_1_diff1": 0.3632752465639295,
        "nauc_recall_at_1_max": 0.18536130454756566,
        "nauc_recall_at_1_std": 0.3623680698590776,
        "nauc_recall_at_20_diff1": 0.1396811419363111,
        "nauc_recall_at_20_max": 0.17316765879241464,
        "nauc_recall_at_20_std": 0.6528322113313925,
        "nauc_recall_at_3_diff1": 0.3119210161299016,
        "nauc_recall_at_3_max": 0.20594936186914561,
        "nauc_recall_at_3_std": 0.6053937863639498,
        "nauc_recall_at_5_diff1": 0.2180724537266802,
        "nauc_recall_at_5_max": 0.05648616519837106,
        "nauc_recall_at_5_std": 0.6834477626875639,
        "ndcg_at_1": 0.00047,
        "ndcg_at_10": 0.00103,
        "ndcg_at_100": 0.0031,
        "ndcg_at_1000": 0.01237,
        "ndcg_at_20": 0.00154,
        "ndcg_at_3": 0.0006,
        "ndcg_at_5": 0.00068,
        "precision_at_1": 0.00047,
        "precision_at_10": 0.00026,
        "precision_at_100": 0.00018,
        "precision_at_1000": 0.00015,
        "precision_at_20": 0.00026,
        "precision_at_3": 0.00035,
        "precision_at_5": 0.00026,
        "recall_at_1": 0.00035,
        "recall_at_10": 0.0019,
        "recall_at_100": 0.01151,
        "recall_at_1000": 0.081,
        "recall_at_20": 0.00375,
        "recall_at_3": 0.00072,
        "recall_at_5": 0.00089
      }
    ]
  },
  "task_name": "CoconutRetrieval"
}