{
  "dataset_revision": "7fb14716e4106b72f51a16e682e5cd2d67e9bd70",
  "evaluation_time": 6.200466156005859,
  "kg_co2_emissions": null,
  "mteb_version": "1.15.7",
  "scores": {
    "test": [
      {
        "cosine_accuracy": 0.8994140625,
        "cosine_accuracy_threshold": 0.96507728099823,
        "cosine_ap": 0.0983336779470621,
        "cosine_f1": 0.18262806236080179,
        "cosine_f1_threshold": 0.4457554221153259,
        "cosine_precision": 0.10049019607843138,
        "cosine_recall": 1.0,
        "dot_accuracy": 0.8994140625,
        "dot_accuracy_threshold": 117.85638427734375,
        "dot_ap": 0.09093201622345937,
        "dot_f1": 0.18246550956831328,
        "dot_f1_threshold": 39.41193389892578,
        "dot_precision": 0.10039177277179236,
        "dot_recall": 1.0,
        "euclidean_accuracy": 0.8994140625,
        "euclidean_accuracy_threshold": 2.4483742713928223,
        "euclidean_ap": 0.10033923667336411,
        "euclidean_f1": 0.18749999999999997,
        "euclidean_f1_threshold": 7.972744464874268,
        "euclidean_precision": 0.10610932475884244,
        "euclidean_recall": 0.8048780487804879,
        "hf_subset": "default",
        "languages": [
          "eng-Latn"
        ],
        "main_score": 0.1888980944490472,
        "manhattan_accuracy": 0.8994140625,
        "manhattan_accuracy_threshold": 53.73194122314453,
        "manhattan_ap": 0.10063582735648349,
        "manhattan_f1": 0.1888980944490472,
        "manhattan_f1_threshold": 142.6663818359375,
        "manhattan_precision": 0.11377245508982035,
        "manhattan_recall": 0.5560975609756098,
        "max_accuracy": 0.8994140625,
        "max_ap": 0.10063582735648349,
        "max_f1": 0.1888980944490472,
        "max_precision": 0.11377245508982035,
        "max_recall": 1.0,
        "similarity_accuracy": 0.8994140625,
        "similarity_accuracy_threshold": 0.96507728099823,
        "similarity_ap": 0.0983336779470621,
        "similarity_f1": 0.18262806236080179,
        "similarity_f1_threshold": 0.4457554221153259,
        "similarity_precision": 0.10049019607843138,
        "similarity_recall": 1.0
      }
    ]
  },
  "task_name": "PubChemWikiParagraphsPC"
}