{
  "dataset_revision": "023e7a813e3b73d8d33551ed2aea511314d612e2",
  "evaluation_time": 179.4196343421936,
  "kg_co2_emissions": null,
  "mteb_version": "1.14.15",
  "scores": {
    "test": [
      {
        "hf_subset": "default",
        "languages": [
          "eng-Latn"
        ],
        "main_score": 0.61953,
        "map_at_1": 0.29012,
        "map_at_10": 0.51583,
        "map_at_100": 0.51706,
        "map_at_1000": 0.51772,
        "map_at_20": 0.51583,
        "map_at_3": 0.45062,
        "map_at_5": 0.49753,
        "mrr_at_1": 0.37037037037037035,
        "mrr_at_10": 0.5626543209876543,
        "mrr_at_100": 0.5638882201088774,
        "mrr_at_1000": 0.5642311556369981,
        "mrr_at_20": 0.5626543209876543,
        "mrr_at_3": 0.5370370370370371,
        "mrr_at_5": 0.5518518518518518,
        "nauc_map_at_1000_diff1": 0.29075229261852853,
        "nauc_map_at_1000_max": 0.1883074666776047,
        "nauc_map_at_1000_std": -0.1769483336303644,
        "nauc_map_at_100_diff1": 0.2919007972458047,
        "nauc_map_at_100_max": 0.19002451007361004,
        "nauc_map_at_100_std": -0.176568687526549,
        "nauc_map_at_10_diff1": 0.29226262560699473,
        "nauc_map_at_10_max": 0.19177473221246594,
        "nauc_map_at_10_std": -0.17619815467789804,
        "nauc_map_at_1_diff1": 0.1600903631136527,
        "nauc_map_at_1_max": 0.0037308337045534826,
        "nauc_map_at_1_std": -0.2223673434629171,
        "nauc_map_at_20_diff1": 0.29226262560699473,
        "nauc_map_at_20_max": 0.19177473221246594,
        "nauc_map_at_20_std": -0.17619815467789804,
        "nauc_map_at_3_diff1": 0.31276653554716166,
        "nauc_map_at_3_max": 0.1548839574354358,
        "nauc_map_at_3_std": -0.18938614799347958,
        "nauc_map_at_5_diff1": 0.2950159597932256,
        "nauc_map_at_5_max": 0.17152431909628305,
        "nauc_map_at_5_std": -0.2061720793931156,
        "nauc_mrr_at_1000_diff1": 0.2671097074317682,
        "nauc_mrr_at_1000_max": 0.1283064137501884,
        "nauc_mrr_at_1000_std": -0.24068602834119326,
        "nauc_mrr_at_100_diff1": 0.2672188939100919,
        "nauc_mrr_at_100_max": 0.1293587897939493,
        "nauc_mrr_at_100_std": -0.24060740796677804,
        "nauc_mrr_at_10_diff1": 0.2676682544278783,
        "nauc_mrr_at_10_max": 0.13127843172149464,
        "nauc_mrr_at_10_std": -0.23997958481472015,
        "nauc_mrr_at_1_diff1": 0.20087483150018576,
        "nauc_mrr_at_1_max": -0.013040476236990704,
        "nauc_mrr_at_1_std": -0.28603529355946944,
        "nauc_mrr_at_20_diff1": 0.2676682544278783,
        "nauc_mrr_at_20_max": 0.13127843172149464,
        "nauc_mrr_at_20_std": -0.23997958481472015,
        "nauc_mrr_at_3_diff1": 0.268828847398569,
        "nauc_mrr_at_3_max": 0.13365924794893383,
        "nauc_mrr_at_3_std": -0.23759753149957305,
        "nauc_mrr_at_5_diff1": 0.2711879258443688,
        "nauc_mrr_at_5_max": 0.11053520395084515,
        "nauc_mrr_at_5_std": -0.2669625115449779,
        "nauc_ndcg_at_1000_diff1": 0.295424748640881,
        "nauc_ndcg_at_1000_max": 0.21348756430109286,
        "nauc_ndcg_at_1000_std": -0.1757255406869241,
        "nauc_ndcg_at_100_diff1": 0.30738875330194204,
        "nauc_ndcg_at_100_max": 0.23962422484283538,
        "nauc_ndcg_at_100_std": -0.17201532734345037,
        "nauc_ndcg_at_10_diff1": 0.31268488397588035,
        "nauc_ndcg_at_10_max": 0.2589697321384791,
        "nauc_ndcg_at_10_std": -0.16441665250512197,
        "nauc_ndcg_at_1_diff1": 0.20087483150018576,
        "nauc_ndcg_at_1_max": -0.013040476236990704,
        "nauc_ndcg_at_1_std": -0.28603529355946944,
        "nauc_ndcg_at_20_diff1": 0.31268488397588035,
        "nauc_ndcg_at_20_max": 0.2589697321384791,
        "nauc_ndcg_at_20_std": -0.16441665250512197,
        "nauc_ndcg_at_3_diff1": 0.34062224050135104,
        "nauc_ndcg_at_3_max": 0.20972319115892932,
        "nauc_ndcg_at_3_std": -0.18714058807271844,
        "nauc_ndcg_at_5_diff1": 0.3232498294767343,
        "nauc_ndcg_at_5_max": 0.20913332926257996,
        "nauc_ndcg_at_5_std": -0.22936089324047898,
        "nauc_precision_at_1000_diff1": -0.0263181393658776,
        "nauc_precision_at_1000_max": 0.13016721507603266,
        "nauc_precision_at_1000_std": 0.14676652015409566,
        "nauc_precision_at_100_diff1": 0.09706094678734396,
        "nauc_precision_at_100_max": 0.29920889217490265,
        "nauc_precision_at_100_std": 0.17646049237593928,
        "nauc_precision_at_10_diff1": 0.15162160490946686,
        "nauc_precision_at_10_max": 0.3524472971795667,
        "nauc_precision_at_10_std": 0.14507831548662634,
        "nauc_precision_at_1_diff1": 0.20087483150018576,
        "nauc_precision_at_1_max": -0.013040476236990704,
        "nauc_precision_at_1_std": -0.28603529355946944,
        "nauc_precision_at_20_diff1": 0.15162160490946686,
        "nauc_precision_at_20_max": 0.3524472971795667,
        "nauc_precision_at_20_std": 0.14507831548662634,
        "nauc_precision_at_3_diff1": 0.5115206314987001,
        "nauc_precision_at_3_max": 0.41155801078237514,
        "nauc_precision_at_3_std": -0.1030704528757546,
        "nauc_precision_at_5_diff1": 0.20602650559210037,
        "nauc_precision_at_5_max": 0.24370014440760346,
        "nauc_precision_at_5_std": -0.0752377406218789,
        "nauc_recall_at_1000_diff1": NaN,
        "nauc_recall_at_1000_max": NaN,
        "nauc_recall_at_1000_std": NaN,
        "nauc_recall_at_100_diff1": 0.4850742330424991,
        "nauc_recall_at_100_max": 0.8890198423867142,
        "nauc_recall_at_100_std": -0.04228550087683339,
        "nauc_recall_at_10_diff1": 0.45093842544623064,
        "nauc_recall_at_10_max": 0.7328667489072227,
        "nauc_recall_at_10_std": -0.0221706679860265,
        "nauc_recall_at_1_diff1": 0.1600903631136527,
        "nauc_recall_at_1_max": 0.0037308337045534826,
        "nauc_recall_at_1_std": -0.2223673434629171,
        "nauc_recall_at_20_diff1": 0.45093842544623064,
        "nauc_recall_at_20_max": 0.7328667489072227,
        "nauc_recall_at_20_std": -0.0221706679860265,
        "nauc_recall_at_3_diff1": 0.40628656131231256,
        "nauc_recall_at_3_max": 0.35267176182480947,
        "nauc_recall_at_3_std": -0.12059810539364073,
        "nauc_recall_at_5_diff1": 0.44291256314662286,
        "nauc_recall_at_5_max": 0.39721718010626006,
        "nauc_recall_at_5_std": -0.25017096251566706,
        "ndcg_at_1": 0.37037,
        "ndcg_at_10": 0.61953,
        "ndcg_at_100": 0.632,
        "ndcg_at_1000": 0.63999,
        "ndcg_at_20": 0.61953,
        "ndcg_at_3": 0.52014,
        "ndcg_at_5": 0.58462,
        "precision_at_1": 0.37037,
        "precision_at_10": 0.11481,
        "precision_at_100": 0.01222,
        "precision_at_1000": 0.0013,
        "precision_at_20": 0.05741,
        "precision_at_3": 0.25926,
        "precision_at_5": 0.2,
        "recall_at_1": 0.29012,
        "recall_at_10": 0.87654,
        "recall_at_100": 0.95062,
        "recall_at_1000": 1.0,
        "recall_at_20": 0.87654,
        "recall_at_3": 0.64198,
        "recall_at_5": 0.78395
      }
    ]
  },
  "task_name": "ChemNQRetrieval"
}