{
  "dataset_revision": "f39c1d16edd269f233be381216bc8146f0857124",
  "evaluation_time": 203.39892315864563,
  "kg_co2_emissions": null,
  "mteb_version": "1.14.15",
  "scores": {
    "dev": [
      {
        "hf_subset": "default",
        "languages": [
          "eng-Latn"
        ],
        "main_score": 0.875,
        "map_at_1": 0.875,
        "map_at_10": 0.875,
        "map_at_100": 0.875,
        "map_at_1000": 0.87554,
        "map_at_20": 0.875,
        "map_at_3": 0.875,
        "map_at_5": 0.875,
        "mrr_at_1": 0.875,
        "mrr_at_10": 0.875,
        "mrr_at_100": 0.875,
        "mrr_at_1000": 0.8755411255411255,
        "mrr_at_20": 0.875,
        "mrr_at_3": 0.875,
        "mrr_at_5": 0.875,
        "nauc_map_at_1000_diff1": 1.0,
        "nauc_map_at_1000_max": 1.0,
        "nauc_map_at_1000_std": -1.1266106442577033,
        "nauc_map_at_100_diff1": 1.0,
        "nauc_map_at_100_max": 1.0,
        "nauc_map_at_100_std": -1.1266106442577013,
        "nauc_map_at_10_diff1": 1.0,
        "nauc_map_at_10_max": 1.0,
        "nauc_map_at_10_std": -1.1266106442577013,
        "nauc_map_at_1_diff1": 1.0,
        "nauc_map_at_1_max": 1.0,
        "nauc_map_at_1_std": -1.1266106442577013,
        "nauc_map_at_20_diff1": 1.0,
        "nauc_map_at_20_max": 1.0,
        "nauc_map_at_20_std": -1.1266106442577013,
        "nauc_map_at_3_diff1": 1.0,
        "nauc_map_at_3_max": 1.0,
        "nauc_map_at_3_std": -1.1266106442577013,
        "nauc_map_at_5_diff1": 1.0,
        "nauc_map_at_5_max": 1.0,
        "nauc_map_at_5_std": -1.1266106442577013,
        "nauc_mrr_at_1000_diff1": 1.0,
        "nauc_mrr_at_1000_max": 1.0,
        "nauc_mrr_at_1000_std": -1.1266106442577033,
        "nauc_mrr_at_100_diff1": 1.0,
        "nauc_mrr_at_100_max": 1.0,
        "nauc_mrr_at_100_std": -1.1266106442577013,
        "nauc_mrr_at_10_diff1": 1.0,
        "nauc_mrr_at_10_max": 1.0,
        "nauc_mrr_at_10_std": -1.1266106442577013,
        "nauc_mrr_at_1_diff1": 1.0,
        "nauc_mrr_at_1_max": 1.0,
        "nauc_mrr_at_1_std": -1.1266106442577013,
        "nauc_mrr_at_20_diff1": 1.0,
        "nauc_mrr_at_20_max": 1.0,
        "nauc_mrr_at_20_std": -1.1266106442577013,
        "nauc_mrr_at_3_diff1": 1.0,
        "nauc_mrr_at_3_max": 1.0,
        "nauc_mrr_at_3_std": -1.1266106442577013,
        "nauc_mrr_at_5_diff1": 1.0,
        "nauc_mrr_at_5_max": 1.0,
        "nauc_mrr_at_5_std": -1.1266106442577013,
        "nauc_ndcg_at_1000_diff1": 1.0,
        "nauc_ndcg_at_1000_max": 1.0,
        "nauc_ndcg_at_1000_std": -1.1266106442577017,
        "nauc_ndcg_at_100_diff1": 1.0,
        "nauc_ndcg_at_100_max": 1.0,
        "nauc_ndcg_at_100_std": -1.1266106442577013,
        "nauc_ndcg_at_10_diff1": 1.0,
        "nauc_ndcg_at_10_max": 1.0,
        "nauc_ndcg_at_10_std": -1.1266106442577013,
        "nauc_ndcg_at_1_diff1": 1.0,
        "nauc_ndcg_at_1_max": 1.0,
        "nauc_ndcg_at_1_std": -1.1266106442577013,
        "nauc_ndcg_at_20_diff1": 1.0,
        "nauc_ndcg_at_20_max": 1.0,
        "nauc_ndcg_at_20_std": -1.1266106442577013,
        "nauc_ndcg_at_3_diff1": 1.0,
        "nauc_ndcg_at_3_max": 1.0,
        "nauc_ndcg_at_3_std": -1.1266106442577013,
        "nauc_ndcg_at_5_diff1": 1.0,
        "nauc_ndcg_at_5_max": 1.0,
        "nauc_ndcg_at_5_std": -1.1266106442577013,
        "nauc_precision_at_1000_diff1": 1.0,
        "nauc_precision_at_1000_max": 1.0,
        "nauc_precision_at_1000_std": 1.0,
        "nauc_precision_at_100_diff1": 1.0,
        "nauc_precision_at_100_max": 1.0,
        "nauc_precision_at_100_std": -1.126610644257707,
        "nauc_precision_at_10_diff1": 1.0,
        "nauc_precision_at_10_max": 1.0,
        "nauc_precision_at_10_std": -1.1266106442577044,
        "nauc_precision_at_1_diff1": 1.0,
        "nauc_precision_at_1_max": 1.0,
        "nauc_precision_at_1_std": -1.1266106442577013,
        "nauc_precision_at_20_diff1": 1.0,
        "nauc_precision_at_20_max": 1.0,
        "nauc_precision_at_20_std": -1.1266106442577044,
        "nauc_precision_at_3_diff1": 1.0,
        "nauc_precision_at_3_max": 1.0,
        "nauc_precision_at_3_std": -1.126610644257703,
        "nauc_precision_at_5_diff1": 1.0,
        "nauc_precision_at_5_max": 1.0,
        "nauc_precision_at_5_std": -1.1266106442577044,
        "nauc_recall_at_1000_diff1": NaN,
        "nauc_recall_at_1000_max": NaN,
        "nauc_recall_at_1000_std": NaN,
        "nauc_recall_at_100_diff1": 1.0,
        "nauc_recall_at_100_max": 1.0,
        "nauc_recall_at_100_std": -1.1266106442577013,
        "nauc_recall_at_10_diff1": 1.0,
        "nauc_recall_at_10_max": 1.0,
        "nauc_recall_at_10_std": -1.1266106442577013,
        "nauc_recall_at_1_diff1": 1.0,
        "nauc_recall_at_1_max": 1.0,
        "nauc_recall_at_1_std": -1.1266106442577013,
        "nauc_recall_at_20_diff1": 1.0,
        "nauc_recall_at_20_max": 1.0,
        "nauc_recall_at_20_std": -1.1266106442577013,
        "nauc_recall_at_3_diff1": 1.0,
        "nauc_recall_at_3_max": 1.0,
        "nauc_recall_at_3_std": -1.1266106442577013,
        "nauc_recall_at_5_diff1": 1.0,
        "nauc_recall_at_5_max": 1.0,
        "nauc_recall_at_5_std": -1.1266106442577013,
        "ndcg_at_1": 0.875,
        "ndcg_at_10": 0.875,
        "ndcg_at_100": 0.875,
        "ndcg_at_1000": 0.89091,
        "ndcg_at_20": 0.875,
        "ndcg_at_3": 0.875,
        "ndcg_at_5": 0.875,
        "precision_at_1": 0.875,
        "precision_at_10": 0.0875,
        "precision_at_100": 0.00875,
        "precision_at_1000": 0.001,
        "precision_at_20": 0.04375,
        "precision_at_3": 0.29167,
        "precision_at_5": 0.175,
        "recall_at_1": 0.875,
        "recall_at_10": 0.875,
        "recall_at_100": 0.875,
        "recall_at_1000": 1.0,
        "recall_at_20": 0.875,
        "recall_at_3": 0.875,
        "recall_at_5": 0.875
      }
    ],
    "test": [
      {
        "hf_subset": "default",
        "languages": [
          "eng-Latn"
        ],
        "main_score": 0.78505,
        "map_at_1": 0.72222,
        "map_at_10": 0.76852,
        "map_at_100": 0.76852,
        "map_at_1000": 0.76917,
        "map_at_20": 0.76852,
        "map_at_3": 0.76852,
        "map_at_5": 0.76852,
        "mrr_at_1": 0.7222222222222222,
        "mrr_at_10": 0.7685185185185186,
        "mrr_at_100": 0.7685185185185186,
        "mrr_at_1000": 0.7691650205143351,
        "mrr_at_20": 0.7685185185185186,
        "mrr_at_3": 0.7685185185185186,
        "mrr_at_5": 0.7685185185185186,
        "nauc_map_at_1000_diff1": 0.8356123904202273,
        "nauc_map_at_1000_max": 0.5925626008746432,
        "nauc_map_at_1000_std": -0.11333113944886172,
        "nauc_map_at_100_diff1": 0.835338338605711,
        "nauc_map_at_100_max": 0.5927540476090866,
        "nauc_map_at_100_std": -0.11301458780519962,
        "nauc_map_at_10_diff1": 0.835338338605711,
        "nauc_map_at_10_max": 0.5927540476090866,
        "nauc_map_at_10_std": -0.11301458780519962,
        "nauc_map_at_1_diff1": 0.8861846035040938,
        "nauc_map_at_1_max": 0.5621103766455344,
        "nauc_map_at_1_std": -0.19644310385225947,
        "nauc_map_at_20_diff1": 0.835338338605711,
        "nauc_map_at_20_max": 0.5927540476090866,
        "nauc_map_at_20_std": -0.11301458780519962,
        "nauc_map_at_3_diff1": 0.835338338605711,
        "nauc_map_at_3_max": 0.5927540476090866,
        "nauc_map_at_3_std": -0.11301458780519962,
        "nauc_map_at_5_diff1": 0.835338338605711,
        "nauc_map_at_5_max": 0.5927540476090866,
        "nauc_map_at_5_std": -0.11301458780519962,
        "nauc_mrr_at_1000_diff1": 0.8356123904202273,
        "nauc_mrr_at_1000_max": 0.5925626008746432,
        "nauc_mrr_at_1000_std": -0.11333113944886172,
        "nauc_mrr_at_100_diff1": 0.835338338605711,
        "nauc_mrr_at_100_max": 0.5927540476090866,
        "nauc_mrr_at_100_std": -0.11301458780519962,
        "nauc_mrr_at_10_diff1": 0.835338338605711,