{
  "dataset_revision": "831d292c3959eae59e4f89b8758738feee97d6cf",
  "evaluation_time": 131.93621277809143,
  "kg_co2_emissions": null,
  "mteb_version": "1.14.15",
  "scores": {
    "test": [
      {
        "hf_subset": "default",
        "languages": [
          "eng-Latn"
        ],
        "main_score": 0.00864,
        "map_at_1": 0.00334,
        "map_at_10": 0.00639,
        "map_at_100": 0.00783,
        "map_at_1000": 0.00853,
        "map_at_20": 0.00695,
        "map_at_3": 0.00504,
        "map_at_5": 0.00563,
        "mrr_at_1": 0.0040032968326857415,
        "mrr_at_10": 0.00735325450090551,
        "mrr_at_100": 0.008808553268548503,
        "mrr_at_1000": 0.009454572863584941,
        "mrr_at_20": 0.007950031639136027,
        "mrr_at_3": 0.005828329212292477,
        "mrr_at_5": 0.006417049334746263,
        "nauc_map_at_1000_diff1": 0.2782553727363308,
        "nauc_map_at_1000_max": 0.31545977348304577,
        "nauc_map_at_1000_std": 0.5457055133969226,
        "nauc_map_at_100_diff1": 0.28955927133347736,
        "nauc_map_at_100_max": 0.33029865925198654,
        "nauc_map_at_100_std": 0.5481302294577953,
        "nauc_map_at_10_diff1": 0.34234865486523197,
        "nauc_map_at_10_max": 0.3666539792768939,
        "nauc_map_at_10_std": 0.5483247854170199,
        "nauc_map_at_1_diff1": 0.4652156792510086,
        "nauc_map_at_1_max": 0.4533507431154778,
        "nauc_map_at_1_std": 0.5462791364668598,
        "nauc_map_at_20_diff1": 0.3179680927818779,
        "nauc_map_at_20_max": 0.3495930846019186,
        "nauc_map_at_20_std": 0.5486408741814962,
        "nauc_map_at_3_diff1": 0.4035143973020228,
        "nauc_map_at_3_max": 0.422010013740289,
        "nauc_map_at_3_std": 0.5580526223376923,
        "nauc_map_at_5_diff1": 0.3822645515106175,
        "nauc_map_at_5_max": 0.40109655856548493,
        "nauc_map_at_5_std": 0.559050369999424,
        "nauc_mrr_at_1000_diff1": 0.27578034872832013,
        "nauc_mrr_at_1000_max": 0.30250337186469534,
        "nauc_mrr_at_1000_std": 0.5266556311788343,
        "nauc_mrr_at_100_diff1": 0.2845173954225608,
        "nauc_mrr_at_100_max": 0.31359291157833963,
        "nauc_mrr_at_100_std": 0.5308990548712689,
        "nauc_mrr_at_10_diff1": 0.3233351420935717,
        "nauc_mrr_at_10_max": 0.34007963448730855,
        "nauc_mrr_at_10_std": 0.5452042193380747,
        "nauc_mrr_at_1_diff1": 0.45929251871579774,
        "nauc_mrr_at_1_max": 0.43892989791190096,
        "nauc_mrr_at_1_std": 0.5330109330000038,
        "nauc_mrr_at_20_diff1": 0.307998964495959,
        "nauc_mrr_at_20_max": 0.3306796338157583,
        "nauc_mrr_at_20_std": 0.5411845247770828,
        "nauc_mrr_at_3_diff1": 0.3800453967355324,
        "nauc_mrr_at_3_max": 0.39616361197336,
        "nauc_mrr_at_3_std": 0.5643548604808658,
        "nauc_mrr_at_5_diff1": 0.3671027084614069,
        "nauc_mrr_at_5_max": 0.3742558601489975,
        "nauc_mrr_at_5_std": 0.5582724292888839,
        "nauc_ndcg_at_1000_diff1": 0.15481678298750284,
        "nauc_ndcg_at_1000_max": 0.17973403140512978,
        "nauc_ndcg_at_1000_std": 0.5130956798432005,
        "nauc_ndcg_at_100_diff1": 0.17556183474303955,
        "nauc_ndcg_at_100_max": 0.23744392476684395,
        "nauc_ndcg_at_100_std": 0.5228926573640361,
        "nauc_ndcg_at_10_diff1": 0.28749401579203604,
        "nauc_ndcg_at_10_max": 0.3155238722589967,
        "nauc_ndcg_at_10_std": 0.5340485796423746,
        "nauc_ndcg_at_1_diff1": 0.45929251871579774,
        "nauc_ndcg_at_1_max": 0.43892989791190096,
        "nauc_ndcg_at_1_std": 0.5330109330000038,
        "nauc_ndcg_at_20_diff1": 0.24537022526998198,
        "nauc_ndcg_at_20_max": 0.2896015556149741,
        "nauc_ndcg_at_20_std": 0.5371360501125265,
        "nauc_ndcg_at_3_diff1": 0.38117557460617446,
        "nauc_ndcg_at_3_max": 0.40199385376115754,
        "nauc_ndcg_at_3_std": 0.5589844489795307,
        "nauc_ndcg_at_5_diff1": 0.3577669966325675,
        "nauc_ndcg_at_5_max": 0.37416268324902874,
        "nauc_ndcg_at_5_std": 0.5558520473718986,
        "nauc_precision_at_1000_diff1": 0.11441247171006015,
        "nauc_precision_at_1000_max": 0.11891598060366551,
        "nauc_precision_at_1000_std": 0.47177885147125387,
        "nauc_precision_at_100_diff1": 0.08934055946190775,
        "nauc_precision_at_100_max": 0.16721975240935627,
        "nauc_precision_at_100_std": 0.5170697378549126,
        "nauc_precision_at_10_diff1": 0.16462795138374894,
        "nauc_precision_at_10_max": 0.22656920779649053,
        "nauc_precision_at_10_std": 0.5423301835919638,
        "nauc_precision_at_1_diff1": 0.45929251871579774,
        "nauc_precision_at_1_max": 0.43892989791190096,
        "nauc_precision_at_1_std": 0.5330109330000038,
        "nauc_precision_at_20_diff1": 0.13402140559501916,
        "nauc_precision_at_20_max": 0.21897397137736296,
        "nauc_precision_at_20_std": 0.5396699383332155,
        "nauc_precision_at_3_diff1": 0.33597591793604636,
        "nauc_precision_at_3_max": 0.3693711167520254,
        "nauc_precision_at_3_std": 0.5850216765889308,
        "nauc_precision_at_5_diff1": 0.28453242610274576,
        "nauc_precision_at_5_max": 0.32782159602000266,
        "nauc_precision_at_5_std": 0.5833879620441275,
        "nauc_recall_at_1000_diff1": 0.12409755957977253,
        "nauc_recall_at_1000_max": 0.1418134826602244,
        "nauc_recall_at_1000_std": 0.49595257601330284,
        "nauc_recall_at_100_diff1": 0.10708755623674479,
        "nauc_recall_at_100_max": 0.18195224484723468,
        "nauc_recall_at_100_std": 0.5079180306361254,
        "nauc_recall_at_10_diff1": 0.22838457471223694,
        "nauc_recall_at_10_max": 0.2582416124723054,
        "nauc_recall_at_10_std": 0.5075589409785428,
        "nauc_recall_at_1_diff1": 0.4652156792510086,
        "nauc_recall_at_1_max": 0.4533507431154778,
        "nauc_recall_at_1_std": 0.5462791364668598,
        "nauc_recall_at_20_diff1": 0.17169487187186547,
        "nauc_recall_at_20_max": 0.22861585227546544,
        "nauc_recall_at_20_std": 0.5263016309361406,
        "nauc_recall_at_3_diff1": 0.3541508152173446,
        "nauc_recall_at_3_max": 0.3806379772924411,
        "nauc_recall_at_3_std": 0.5491802480831485,
        "nauc_recall_at_5_diff1": 0.3294797791267032,
        "nauc_recall_at_5_max": 0.3418155147342061,
        "nauc_recall_at_5_std": 0.5449374141733987,
        "ndcg_at_1": 0.004,
        "ndcg_at_10": 0.00864,
        "ndcg_at_100": 0.01732,
        "ndcg_at_1000": 0.04157,
        "ndcg_at_20": 0.01058,
        "ndcg_at_3": 0.00575,
        "ndcg_at_5": 0.00675,
        "precision_at_1": 0.004,
        "precision_at_10": 0.00205,
        "precision_at_100": 0.00091,
        "precision_at_1000": 0.00042,
        "precision_at_20": 0.0016,
        "precision_at_3": 0.00294,
        "precision_at_5": 0.0024,
        "recall_at_1": 0.00334,
        "recall_at_10": 0.01442,
        "recall_at_100": 0.05406,
        "recall_at_1000": 0.23233,
        "recall_at_20": 0.02114,
        "recall_at_3": 0.00701,
        "recall_at_5": 0.00928
      }
    ]
  },
  "task_name": "CoconutRetrieval"
}