{
  "dataset_revision": "eeaad4bb9ec83058589faec127cdcb38fc7bfb2e",
  "evaluation_time": 10.699131965637207,
  "kg_co2_emissions": null,
  "mteb_version": "1.14.15",
  "scores": {
    "test": [
      {
        "cosine_accuracy": 0.984375,
        "cosine_accuracy_threshold": 0.9497550129890442,
        "cosine_ap": 0.9399523098797153,
        "cosine_f1": 0.92,
        "cosine_f1_threshold": 0.9497550129890442,
        "cosine_precision": 0.9435897435897436,
        "cosine_recall": 0.8975609756097561,
        "dot_accuracy": 0.984375,
        "dot_accuracy_threshold": 0.949755072593689,
        "dot_ap": 0.9399523098797153,
        "dot_f1": 0.92,
        "dot_f1_threshold": 0.949755072593689,
        "dot_precision": 0.9435897435897436,
        "dot_recall": 0.8975609756097561,
        "euclidean_accuracy": 0.984375,
        "euclidean_accuracy_threshold": 0.316990464925766,
        "euclidean_ap": 0.9399523098797151,
        "euclidean_f1": 0.92,
        "euclidean_f1_threshold": 0.316990464925766,
        "euclidean_precision": 0.9435897435897436,
        "euclidean_recall": 0.8975609756097561,
        "hf_subset": "default",
        "languages": [
          "eng-Latn"
        ],
        "main_score": 0.92,
        "manhattan_accuracy": 0.984375,
        "manhattan_accuracy_threshold": 8.034122467041016,
        "manhattan_ap": 0.9401536615223726,
        "manhattan_f1": 0.92,
        "manhattan_f1_threshold": 8.166891098022461,
        "manhattan_precision": 0.9435897435897436,
        "manhattan_recall": 0.8975609756097561,
        "max_accuracy": 0.984375,
        "max_ap": 0.9401536615223726,
        "max_f1": 0.92,
        "max_precision": 0.9435897435897436,
        "max_recall": 0.8975609756097561,
        "similarity_accuracy": 0.984375,
        "similarity_accuracy_threshold": 0.949755072593689,
        "similarity_ap": 0.9399523098797151,
        "similarity_f1": 0.92,
        "similarity_f1_threshold": 0.949755072593689,
        "similarity_precision": 0.9435897435897436,
        "similarity_recall": 0.8975609756097561
      }
    ]
  },
  "task_name": "PubChemAISentenceParaphrasePC"
}