{
  "dataset_revision": "5d958fb6b31055495347724d46431ba41309b03a",
  "task_name": "ChemNQRetrieval",
  "mteb_version": "1.36.8",
  "scores": {
    "test": [
      {
        "ndcg_at_1": 0.37037,
        "ndcg_at_3": 0.44474,
        "ndcg_at_5": 0.52811,
        "ndcg_at_10": 0.56626,
        "ndcg_at_20": 0.5884,
        "ndcg_at_100": 0.59482,
        "ndcg_at_1000": 0.60442,
        "map_at_1": 0.2716,
        "map_at_3": 0.39506,
        "map_at_5": 0.44599,
        "map_at_10": 0.46342,
        "map_at_20": 0.47234,
        "map_at_100": 0.47376,
        "map_at_1000": 0.47412,
        "recall_at_1": 0.2716,
        "recall_at_3": 0.53086,
        "recall_at_5": 0.71605,
        "recall_at_10": 0.82716,
        "recall_at_20": 0.90123,
        "recall_at_100": 0.92593,
        "recall_at_1000": 1.0,
        "precision_at_1": 0.37037,
        "precision_at_3": 0.22222,
        "precision_at_5": 0.17778,
        "precision_at_10": 0.1037,
        "precision_at_20": 0.05741,
        "precision_at_100": 0.01222,
        "precision_at_1000": 0.0013,
        "mrr_at_1": 0.37037,
        "mrr_at_3": 0.462963,
        "mrr_at_5": 0.509259,
        "mrr_at_10": 0.522369,
        "mrr_at_20": 0.525736,
        "mrr_at_100": 0.525736,
        "mrr_at_1000": 0.526095,
        "nauc_ndcg_at_1_max": -0.075833,
        "nauc_ndcg_at_1_std": -0.122625,
        "nauc_ndcg_at_1_diff1": 0.383649,
        "nauc_ndcg_at_3_max": 0.299671,
        "nauc_ndcg_at_3_std": 0.003476,
        "nauc_ndcg_at_3_diff1": 0.475264,
        "nauc_ndcg_at_5_max": 0.208368,
        "nauc_ndcg_at_5_std": -0.163368,
        "nauc_ndcg_at_5_diff1": 0.534221,
        "nauc_ndcg_at_10_max": 0.210492,
        "nauc_ndcg_at_10_std": -0.069915,
        "nauc_ndcg_at_10_diff1": 0.494961,
        "nauc_ndcg_at_20_max": 0.224665,
        "nauc_ndcg_at_20_std": -0.037162,
        "nauc_ndcg_at_20_diff1": 0.487155,
        "nauc_ndcg_at_100_max": 0.210695,
        "nauc_ndcg_at_100_std": -0.052088,
        "nauc_ndcg_at_100_diff1": 0.474145,
        "nauc_ndcg_at_1000_max": 0.189686,
        "nauc_ndcg_at_1000_std": -0.06422,
        "nauc_ndcg_at_1000_diff1": 0.470746,
        "nauc_map_at_1_max": -0.072455,
        "nauc_map_at_1_std": -0.254618,
        "nauc_map_at_1_diff1": 0.402676,
        "nauc_map_at_3_max": 0.228772,
        "nauc_map_at_3_std": -0.038788,
        "nauc_map_at_3_diff1": 0.478224,
        "nauc_map_at_5_max": 0.177149,
        "nauc_map_at_5_std": -0.134397,
        "nauc_map_at_5_diff1": 0.515489,
        "nauc_map_at_10_max": 0.169939,
        "nauc_map_at_10_std": -0.089746,
        "nauc_map_at_10_diff1": 0.48993,
        "nauc_map_at_20_max": 0.178074,
        "nauc_map_at_20_std": -0.076333,
        "nauc_map_at_20_diff1": 0.490257,
        "nauc_map_at_100_max": 0.175442,
        "nauc_map_at_100_std": -0.079105,
        "nauc_map_at_100_diff1": 0.487799,
        "nauc_map_at_1000_max": 0.174741,
        "nauc_map_at_1000_std": -0.079645,
        "nauc_map_at_1000_diff1": 0.487714,
        "nauc_recall_at_1_max": -0.072455,
        "nauc_recall_at_1_std": -0.254618,
        "nauc_recall_at_1_diff1": 0.402676,
        "nauc_recall_at_3_max": 0.510524,
        "nauc_recall_at_3_std": 0.091447,
        "nauc_recall_at_3_diff1": 0.494178,
        "nauc_recall_at_5_max": 0.363959,
        "nauc_recall_at_5_std": -0.310876,
        "nauc_recall_at_5_diff1": 0.673055,
        "nauc_recall_at_10_max": 0.453112,
        "nauc_recall_at_10_std": 0.007295,
        "nauc_recall_at_10_diff1": 0.601385,
        "nauc_recall_at_20_max": 0.672917,
        "nauc_recall_at_20_std": 0.299286,
        "nauc_recall_at_20_diff1": 0.556079,
        "nauc_recall_at_100_max": 0.711863,
        "nauc_recall_at_100_std": 0.213689,
        "nauc_recall_at_100_diff1": 0.556079,
        "nauc_recall_at_1000_max": NaN,
        "nauc_recall_at_1000_std": NaN,
        "nauc_recall_at_1000_diff1": NaN,
        "nauc_precision_at_1_max": -0.075833,
        "nauc_precision_at_1_std": -0.122625,
        "nauc_precision_at_1_diff1": 0.383649,
        "nauc_precision_at_3_max": 0.39849,
        "nauc_precision_at_3_std": 0.210612,
        "nauc_precision_at_3_diff1": 0.453601,
        "nauc_precision_at_5_max": 0.197052,
        "nauc_precision_at_5_std": -0.075306,
        "nauc_precision_at_5_diff1": 0.488747,
        "nauc_precision_at_10_max": 0.265563,
        "nauc_precision_at_10_std": 0.319682,
        "nauc_precision_at_10_diff1": 0.354706,
        "nauc_precision_at_20_max": 0.263011,
        "nauc_precision_at_20_std": 0.428235,
        "nauc_precision_at_20_diff1": 0.200606,
        "nauc_precision_at_100_max": 0.125549,
        "nauc_precision_at_100_std": 0.260266,
        "nauc_precision_at_100_diff1": 0.074667,
        "nauc_precision_at_1000_max": 0.013981,
        "nauc_precision_at_1000_std": 0.269129,
        "nauc_precision_at_1000_diff1": -0.01694,
        "nauc_mrr_at_1_max": -0.075833,
        "nauc_mrr_at_1_std": -0.122625,
        "nauc_mrr_at_1_diff1": 0.383649,
        "nauc_mrr_at_3_max": 0.177066,
        "nauc_mrr_at_3_std": -0.008676,
        "nauc_mrr_at_3_diff1": 0.396289,
        "nauc_mrr_at_5_max": 0.109041,
        "nauc_mrr_at_5_std": -0.096855,
        "nauc_mrr_at_5_diff1": 0.408355,
        "nauc_mrr_at_10_max": 0.114048,
        "nauc_mrr_at_10_std": -0.077912,
        "nauc_mrr_at_10_diff1": 0.402419,
        "nauc_mrr_at_20_max": 0.109122,
        "nauc_mrr_at_20_std": -0.076824,
        "nauc_mrr_at_20_diff1": 0.395759,
        "nauc_mrr_at_100_max": 0.109122,
        "nauc_mrr_at_100_std": -0.076824,
        "nauc_mrr_at_100_diff1": 0.395759,
        "nauc_mrr_at_1000_max": 0.108372,
        "nauc_mrr_at_1000_std": -0.077338,
        "nauc_mrr_at_1000_diff1": 0.395569,
        "main_score": 0.56626,
        "hf_subset": "default",
        "languages": [
          "eng-Latn"
        ]
      }
    ]
  },
  "evaluation_time": 43.836355209350586,
  "kg_co2_emissions": null
}