{
  "dataset_revision": "1840e8a5ac6ec752bbdd97d543ead0189bc7c25b",
  "task_name": "ChemHotpotQARetrieval",
  "mteb_version": "1.36.8",
  "scores": {
    "train": [
      {
        "ndcg_at_1": 0.64444,
        "ndcg_at_3": 0.69944,
        "ndcg_at_5": 0.70803,
        "ndcg_at_10": 0.71991,
        "ndcg_at_20": 0.73269,
        "ndcg_at_100": 0.74376,
        "ndcg_at_1000": 0.75301,
        "map_at_1": 0.625,
        "map_at_3": 0.68056,
        "map_at_5": 0.685,
        "map_at_10": 0.69025,
        "map_at_20": 0.69382,
        "map_at_100": 0.69543,
        "map_at_1000": 0.69577,
        "recall_at_1": 0.625,
        "recall_at_3": 0.74167,
        "recall_at_5": 0.76389,
        "recall_at_10": 0.8,
        "recall_at_20": 0.85,
        "recall_at_100": 0.90833,
        "recall_at_1000": 0.98056,
        "precision_at_1": 0.64444,
        "precision_at_3": 0.25556,
        "precision_at_5": 0.15778,
        "precision_at_10": 0.08278,
        "precision_at_20": 0.04389,
        "precision_at_100": 0.00939,
        "precision_at_1000": 0.00102,
        "mrr_at_1": 0.644444,
        "mrr_at_3": 0.694444,
        "mrr_at_5": 0.698889,
        "mrr_at_10": 0.703214,
        "mrr_at_20": 0.706783,
        "mrr_at_100": 0.708265,
        "mrr_at_1000": 0.708577,
        "nauc_ndcg_at_1_max": 0.789736,
        "nauc_ndcg_at_1_std": 0.038188,
        "nauc_ndcg_at_1_diff1": 0.886777,
        "nauc_ndcg_at_3_max": 0.719118,
        "nauc_ndcg_at_3_std": -0.049932,
        "nauc_ndcg_at_3_diff1": 0.77896,
        "nauc_ndcg_at_5_max": 0.715426,
        "nauc_ndcg_at_5_std": -0.033456,
        "nauc_ndcg_at_5_diff1": 0.767344,
        "nauc_ndcg_at_10_max": 0.710479,
        "nauc_ndcg_at_10_std": -0.050232,
        "nauc_ndcg_at_10_diff1": 0.765544,
        "nauc_ndcg_at_20_max": 0.703224,
        "nauc_ndcg_at_20_std": -0.040942,
        "nauc_ndcg_at_20_diff1": 0.771802,
        "nauc_ndcg_at_100_max": 0.703101,
        "nauc_ndcg_at_100_std": -0.045155,
        "nauc_ndcg_at_100_diff1": 0.775401,
        "nauc_ndcg_at_1000_max": 0.709436,
        "nauc_ndcg_at_1000_std": -0.039432,
        "nauc_ndcg_at_1000_diff1": 0.7814,
        "nauc_map_at_1_max": 0.699644,
        "nauc_map_at_1_std": -0.028945,
        "nauc_map_at_1_diff1": 0.81132,
        "nauc_map_at_3_max": 0.707627,
        "nauc_map_at_3_std": -0.053422,
        "nauc_map_at_3_diff1": 0.776257,
        "nauc_map_at_5_max": 0.705685,
        "nauc_map_at_5_std": -0.045427,
        "nauc_map_at_5_diff1": 0.770557,
        "nauc_map_at_10_max": 0.706065,
        "nauc_map_at_10_std": -0.049115,
        "nauc_map_at_10_diff1": 0.772313,
        "nauc_map_at_20_max": 0.704092,
        "nauc_map_at_20_std": -0.046705,
        "nauc_map_at_20_diff1": 0.774135,
        "nauc_map_at_100_max": 0.704236,
        "nauc_map_at_100_std": -0.047627,
        "nauc_map_at_100_diff1": 0.774608,
        "nauc_map_at_1000_max": 0.704321,
        "nauc_map_at_1000_std": -0.047636,
        "nauc_map_at_1000_diff1": 0.774715,
        "nauc_recall_at_1_max": 0.699644,
        "nauc_recall_at_1_std": -0.028945,
        "nauc_recall_at_1_diff1": 0.81132,
        "nauc_recall_at_3_max": 0.675674,
        "nauc_recall_at_3_std": -0.100775,
        "nauc_recall_at_3_diff1": 0.705114,
        "nauc_recall_at_5_max": 0.661283,
        "nauc_recall_at_5_std": -0.054988,
        "nauc_recall_at_5_diff1": 0.66457,
        "nauc_recall_at_10_max": 0.625458,
        "nauc_recall_at_10_std": -0.134001,
        "nauc_recall_at_10_diff1": 0.634447,
        "nauc_recall_at_20_max": 0.552446,
        "nauc_recall_at_20_std": -0.101774,
        "nauc_recall_at_20_diff1": 0.627725,
        "nauc_recall_at_100_max": 0.456993,
        "nauc_recall_at_100_std": -0.173868,
        "nauc_recall_at_100_diff1": 0.587372,
        "nauc_recall_at_1000_max": 0.194544,
        "nauc_recall_at_1000_std": -0.080899,
        "nauc_recall_at_1000_diff1": 0.491863,
        "nauc_precision_at_1_max": 0.789736,
        "nauc_precision_at_1_std": 0.038188,
        "nauc_precision_at_1_diff1": 0.886777,
        "nauc_precision_at_3_max": 0.74611,
        "nauc_precision_at_3_std": -0.001882,
        "nauc_precision_at_3_diff1": 0.729843,
        "nauc_precision_at_5_max": 0.737406,
        "nauc_precision_at_5_std": 0.049128,
        "nauc_precision_at_5_diff1": 0.692781,
        "nauc_precision_at_10_max": 0.69171,
        "nauc_precision_at_10_std": 0.01226,
        "nauc_precision_at_10_diff1": 0.64833,
        "nauc_precision_at_20_max": 0.648197,
        "nauc_precision_at_20_std": 0.079033,
        "nauc_precision_at_20_diff1": 0.649297,
        "nauc_precision_at_100_max": 0.571559,
        "nauc_precision_at_100_std": 0.134126,
        "nauc_precision_at_100_diff1": 0.573536,
        "nauc_precision_at_1000_max": 0.483674,
        "nauc_precision_at_1000_std": 0.443935,
        "nauc_precision_at_1000_diff1": 0.415208,
        "nauc_mrr_at_1_max": 0.789736,
        "nauc_mrr_at_1_std": 0.038188,
        "nauc_mrr_at_1_diff1": 0.886777,
        "nauc_mrr_at_3_max": 0.783204,
        "nauc_mrr_at_3_std": 0.010437,
        "nauc_mrr_at_3_diff1": 0.852824,
        "nauc_mrr_at_5_max": 0.782154,
        "nauc_mrr_at_5_std": 0.019476,
        "nauc_mrr_at_5_diff1": 0.847915,
        "nauc_mrr_at_10_max": 0.777879,
        "nauc_mrr_at_10_std": 0.010233,
        "nauc_mrr_at_10_diff1": 0.844936,
        "nauc_mrr_at_20_max": 0.776744,
        "nauc_mrr_at_20_std": 0.013452,
        "nauc_mrr_at_20_diff1": 0.847715,
        "nauc_mrr_at_100_max": 0.77677,
        "nauc_mrr_at_100_std": 0.011909,
        "nauc_mrr_at_100_diff1": 0.848273,
        "nauc_mrr_at_1000_max": 0.776872,
        "nauc_mrr_at_1000_std": 0.011994,
        "nauc_mrr_at_1000_diff1": 0.848373,
        "main_score": 0.71991,
        "hf_subset": "default",
        "languages": [
          "eng-Latn"
        ]
      }
    ],
    "dev": [
      {
        "ndcg_at_1": 0.875,
        "ndcg_at_3": 0.875,
        "ndcg_at_5": 0.875,
        "ndcg_at_10": 0.875,
        "ndcg_at_20": 0.875,
        "ndcg_at_100": 0.90263,
        "ndcg_at_1000": 0.90263,
        "map_at_1": 0.875,
        "map_at_3": 0.875,
        "map_at_5": 0.875,
        "map_at_10": 0.875,
        "map_at_20": 0.875,
        "map_at_100": 0.88068,
        "map_at_1000": 0.88068,
        "recall_at_1": 0.875,
        "recall_at_3": 0.875,
        "recall_at_5": 0.875,
        "recall_at_10": 0.875,
        "recall_at_20": 0.875,
        "recall_at_100": 1.0,
        "recall_at_1000": 1.0,
        "precision_at_1": 0.875,
        "precision_at_3": 0.29167,
        "precision_at_5": 0.175,
        "precision_at_10": 0.0875,
        "precision_at_20": 0.04375,
        "precision_at_100": 0.01,
        "precision_at_1000": 0.001,
        "mrr_at_1": 0.875,
        "mrr_at_3": 0.875,
        "mrr_at_5": 0.875,
        "mrr_at_10": 0.875,
        "mrr_at_20": 0.875,
        "mrr_at_100": 0.880682,
        "mrr_at_1000": 0.880682,
        "nauc_ndcg_at_1_max": 0.865546,
        "nauc_ndcg_at_1_std": -1.126611,
        "nauc_ndcg_at_1_diff1": 0.865546,
        "nauc_ndcg_at_3_max": 0.865546,
        "nauc_ndcg_at_3_std": -1.126611,
        "nauc_ndcg_at_3_diff1": 0.865546,
        "nauc_ndcg_at_5_max": 0.865546,
        "nauc_ndcg_at_5_std": -1.126611,
        "nauc_ndcg_at_5_diff1": 0.865546,
        "nauc_ndcg_at_10_max": 0.865546,
        "nauc_ndcg_at_10_std": -1.126611,
        "nauc_ndcg_at_10_diff1": 0.865546,
        "nauc_ndcg_at_20_max": 0.865546,
        "nauc_ndcg_at_20_std": -1.126611,
        "nauc_ndcg_at_20_diff1": 0.865546,
        "nauc_ndcg_at_100_max": 0.865546,
        "nauc_ndcg_at_100_std": -1.126611,
        "nauc_ndcg_at_100_diff1": 0.865546,
        "nauc_ndcg_at_1000_max": 0.865546,
        "nauc_ndcg_at_1000_std": -1.126611,
        "nauc_ndcg_at_1000_diff1": 0.865546,
        "nauc_map_at_1_max": 0.865546,
        "nauc_map_at_1_std": -1.126611,
        "nauc_map_at_1_diff1": 0.865546,