{
  "dataset_revision": "831d292c3959eae59e4f89b8758738feee97d6cf",
  "task_name": "CoconutRetrieval",
  "mteb_version": "1.36.8",
  "scores": {
    "test": [
      {
        "ndcg_at_1": 0.00247,
        "ndcg_at_3": 0.00307,
        "ndcg_at_5": 0.00352,
        "ndcg_at_10": 0.00432,
        "ndcg_at_20": 0.00529,
        "ndcg_at_100": 0.01008,
        "ndcg_at_1000": 0.02889,
        "map_at_1": 0.0022,
        "map_at_3": 0.00279,
        "map_at_5": 0.00304,
        "map_at_10": 0.0034,
        "map_at_20": 0.00366,
        "map_at_100": 0.00425,
        "map_at_1000": 0.00476,
        "recall_at_1": 0.0022,
        "recall_at_3": 0.00345,
        "recall_at_5": 0.00448,
        "recall_at_10": 0.00664,
        "recall_at_20": 0.01002,
        "recall_at_100": 0.0335,
        "recall_at_1000": 0.17286,
        "precision_at_1": 0.00247,
        "precision_at_3": 0.00145,
        "precision_at_5": 0.0012,
        "precision_at_10": 0.00098,
        "precision_at_20": 0.00078,
        "precision_at_100": 0.00057,
        "precision_at_1000": 0.00031,
        "mrr_at_1": 0.002473,
        "mrr_at_3": 0.003101,
        "mrr_at_5": 0.003419,
        "mrr_at_10": 0.003764,
        "mrr_at_20": 0.004081,
        "mrr_at_100": 0.004752,
        "mrr_at_1000": 0.005257,
        "nauc_ndcg_at_1_max": 0.329485,
        "nauc_ndcg_at_1_std": 0.446679,
        "nauc_ndcg_at_1_diff1": 0.496098,
        "nauc_ndcg_at_3_max": 0.238421,
        "nauc_ndcg_at_3_std": 0.459657,
        "nauc_ndcg_at_3_diff1": 0.480337,
        "nauc_ndcg_at_5_max": 0.235015,
        "nauc_ndcg_at_5_std": 0.412389,
        "nauc_ndcg_at_5_diff1": 0.421735,
        "nauc_ndcg_at_10_max": 0.189055,
        "nauc_ndcg_at_10_std": 0.39903,
        "nauc_ndcg_at_10_diff1": 0.344205,
        "nauc_ndcg_at_20_max": 0.176891,
        "nauc_ndcg_at_20_std": 0.379495,
        "nauc_ndcg_at_20_diff1": 0.258452,
        "nauc_ndcg_at_100_max": 0.121625,
        "nauc_ndcg_at_100_std": 0.363155,
        "nauc_ndcg_at_100_diff1": 0.106523,
        "nauc_ndcg_at_1000_max": 0.094526,
        "nauc_ndcg_at_1000_std": 0.286563,
        "nauc_ndcg_at_1000_diff1": 0.037438,
        "nauc_map_at_1_max": 0.346811,
        "nauc_map_at_1_std": 0.49441,
        "nauc_map_at_1_diff1": 0.579421,
        "nauc_map_at_3_max": 0.27544,
        "nauc_map_at_3_std": 0.474714,
        "nauc_map_at_3_diff1": 0.516193,
        "nauc_map_at_5_max": 0.26617,
        "nauc_map_at_5_std": 0.441099,
        "nauc_map_at_5_diff1": 0.466866,
        "nauc_map_at_10_max": 0.241552,
        "nauc_map_at_10_std": 0.429436,
        "nauc_map_at_10_diff1": 0.42264,
        "nauc_map_at_20_max": 0.232752,
        "nauc_map_at_20_std": 0.418636,
        "nauc_map_at_20_diff1": 0.383082,
        "nauc_map_at_100_max": 0.206559,
        "nauc_map_at_100_std": 0.412229,
        "nauc_map_at_100_diff1": 0.319105,
        "nauc_map_at_1000_max": 0.191045,
        "nauc_map_at_1000_std": 0.39911,
        "nauc_map_at_1000_diff1": 0.286006,
        "nauc_recall_at_1_max": 0.346811,
        "nauc_recall_at_1_std": 0.49441,
        "nauc_recall_at_1_diff1": 0.579421,
        "nauc_recall_at_3_max": 0.201004,
        "nauc_recall_at_3_std": 0.462887,
        "nauc_recall_at_3_diff1": 0.484052,
        "nauc_recall_at_5_max": 0.201926,
        "nauc_recall_at_5_std": 0.371001,
        "nauc_recall_at_5_diff1": 0.363445,
        "nauc_recall_at_10_max": 0.133043,
        "nauc_recall_at_10_std": 0.361139,
        "nauc_recall_at_10_diff1": 0.248959,
        "nauc_recall_at_20_max": 0.134775,
        "nauc_recall_at_20_std": 0.33343,
        "nauc_recall_at_20_diff1": 0.127188,
        "nauc_recall_at_100_max": 0.087705,
        "nauc_recall_at_100_std": 0.336701,
        "nauc_recall_at_100_diff1": -0.002809,
        "nauc_recall_at_1000_max": 0.087089,
        "nauc_recall_at_1000_std": 0.252737,
        "nauc_recall_at_1000_diff1": -0.008399,
        "nauc_precision_at_1_max": 0.329485,
        "nauc_precision_at_1_std": 0.446679,
        "nauc_precision_at_1_diff1": 0.496098,
        "nauc_precision_at_3_max": 0.152866,
        "nauc_precision_at_3_std": 0.409147,
        "nauc_precision_at_3_diff1": 0.376134,
        "nauc_precision_at_5_max": 0.146867,
        "nauc_precision_at_5_std": 0.328414,
        "nauc_precision_at_5_diff1": 0.285282,
        "nauc_precision_at_10_max": 0.086538,
        "nauc_precision_at_10_std": 0.338673,
        "nauc_precision_at_10_diff1": 0.15653,
        "nauc_precision_at_20_max": 0.093232,
        "nauc_precision_at_20_std": 0.337729,
        "nauc_precision_at_20_diff1": 0.048047,
        "nauc_precision_at_100_max": 0.051998,
        "nauc_precision_at_100_std": 0.336303,
        "nauc_precision_at_100_diff1": -0.033961,
        "nauc_precision_at_1000_max": 0.062658,
        "nauc_precision_at_1000_std": 0.248792,
        "nauc_precision_at_1000_diff1": -0.00516,
        "nauc_mrr_at_1_max": 0.329485,
        "nauc_mrr_at_1_std": 0.446679,
        "nauc_mrr_at_1_diff1": 0.496098,
        "nauc_mrr_at_3_max": 0.233574,
        "nauc_mrr_at_3_std": 0.44696,
        "nauc_mrr_at_3_diff1": 0.450869,
        "nauc_mrr_at_5_max": 0.231533,
        "nauc_mrr_at_5_std": 0.413884,
        "nauc_mrr_at_5_diff1": 0.418057,
        "nauc_mrr_at_10_max": 0.199721,
        "nauc_mrr_at_10_std": 0.406563,
        "nauc_mrr_at_10_diff1": 0.372242,
        "nauc_mrr_at_20_max": 0.190571,
        "nauc_mrr_at_20_std": 0.399179,
        "nauc_mrr_at_20_diff1": 0.334364,
        "nauc_mrr_at_100_max": 0.176361,
        "nauc_mrr_at_100_std": 0.391104,
        "nauc_mrr_at_100_diff1": 0.280242,
        "nauc_mrr_at_1000_max": 0.166111,
        "nauc_mrr_at_1000_std": 0.37745,
        "nauc_mrr_at_1000_diff1": 0.256306,
        "main_score": 0.00432,
        "hf_subset": "default",
        "languages": [
          "eng-Latn"
        ]
      }
    ]
  },
  "evaluation_time": 30.52113437652588,
  "kg_co2_emissions": null
}