{
  "dataset_revision": "1840e8a5ac6ec752bbdd97d543ead0189bc7c25b",
  "task_name": "ChemHotpotQARetrieval",
  "mteb_version": "1.36.8",
  "scores": {
    "train": [
      {
        "ndcg_at_1": 0.18333,
        "ndcg_at_3": 0.22725,
        "ndcg_at_5": 0.23921,
        "ndcg_at_10": 0.25818,
        "ndcg_at_20": 0.2746,
        "ndcg_at_100": 0.30567,
        "ndcg_at_1000": 0.33691,
        "map_at_1": 0.175,
        "map_at_3": 0.21389,
        "map_at_5": 0.22083,
        "map_at_10": 0.22851,
        "map_at_20": 0.23301,
        "map_at_100": 0.23691,
        "map_at_1000": 0.23786,
        "recall_at_1": 0.175,
        "recall_at_3": 0.26111,
        "recall_at_5": 0.28889,
        "recall_at_10": 0.34722,
        "recall_at_20": 0.41111,
        "recall_at_100": 0.58333,
        "recall_at_1000": 0.84167,
        "precision_at_1": 0.18333,
        "precision_at_3": 0.09074,
        "precision_at_5": 0.06,
        "precision_at_10": 0.03611,
        "precision_at_20": 0.02139,
        "precision_at_100": 0.00606,
        "precision_at_1000": 0.00087,
        "mrr_at_1": 0.183333,
        "mrr_at_3": 0.219444,
        "mrr_at_5": 0.226389,
        "mrr_at_10": 0.234526,
        "mrr_at_20": 0.239262,
        "mrr_at_100": 0.243167,
        "mrr_at_1000": 0.244094,
        "nauc_ndcg_at_1_max": 0.276383,
        "nauc_ndcg_at_1_std": 0.102506,
        "nauc_ndcg_at_1_diff1": 0.629574,
        "nauc_ndcg_at_3_max": 0.26552,
        "nauc_ndcg_at_3_std": 0.090751,
        "nauc_ndcg_at_3_diff1": 0.536641,
        "nauc_ndcg_at_5_max": 0.25851,
        "nauc_ndcg_at_5_std": 0.078584,
        "nauc_ndcg_at_5_diff1": 0.506137,
        "nauc_ndcg_at_10_max": 0.256756,
        "nauc_ndcg_at_10_std": 0.08996,
        "nauc_ndcg_at_10_diff1": 0.494483,
        "nauc_ndcg_at_20_max": 0.242398,
        "nauc_ndcg_at_20_std": 0.102479,
        "nauc_ndcg_at_20_diff1": 0.490588,
        "nauc_ndcg_at_100_max": 0.215358,
        "nauc_ndcg_at_100_std": 0.12776,
        "nauc_ndcg_at_100_diff1": 0.476401,
        "nauc_ndcg_at_1000_max": 0.229996,
        "nauc_ndcg_at_1000_std": 0.112068,
        "nauc_ndcg_at_1000_diff1": 0.480806,
        "nauc_map_at_1_max": 0.264995,
        "nauc_map_at_1_std": 0.086159,
        "nauc_map_at_1_diff1": 0.632027,
        "nauc_map_at_3_max": 0.257149,
        "nauc_map_at_3_std": 0.087819,
        "nauc_map_at_3_diff1": 0.553133,
        "nauc_map_at_5_max": 0.253018,
        "nauc_map_at_5_std": 0.080494,
        "nauc_map_at_5_diff1": 0.53445,
        "nauc_map_at_10_max": 0.25303,
        "nauc_map_at_10_std": 0.086924,
        "nauc_map_at_10_diff1": 0.529844,
        "nauc_map_at_20_max": 0.248838,
        "nauc_map_at_20_std": 0.091083,
        "nauc_map_at_20_diff1": 0.528792,
        "nauc_map_at_100_max": 0.246032,
        "nauc_map_at_100_std": 0.093988,
        "nauc_map_at_100_diff1": 0.527328,
        "nauc_map_at_1000_max": 0.246657,
        "nauc_map_at_1000_std": 0.093536,
        "nauc_map_at_1000_diff1": 0.527517,
        "nauc_recall_at_1_max": 0.264995,
        "nauc_recall_at_1_std": 0.086159,
        "nauc_recall_at_1_diff1": 0.632027,
        "nauc_recall_at_3_max": 0.26824,
        "nauc_recall_at_3_std": 0.086007,
        "nauc_recall_at_3_diff1": 0.481578,
        "nauc_recall_at_5_max": 0.253471,
        "nauc_recall_at_5_std": 0.060809,
        "nauc_recall_at_5_diff1": 0.420392,
        "nauc_recall_at_10_max": 0.240466,
        "nauc_recall_at_10_std": 0.087397,
        "nauc_recall_at_10_diff1": 0.390083,
        "nauc_recall_at_20_max": 0.187354,
        "nauc_recall_at_20_std": 0.127733,
        "nauc_recall_at_20_diff1": 0.375221,
        "nauc_recall_at_100_max": 0.030623,
        "nauc_recall_at_100_std": 0.264158,
        "nauc_recall_at_100_diff1": 0.280224,
        "nauc_recall_at_1000_max": 0.039754,
        "nauc_recall_at_1000_std": 0.161125,
        "nauc_recall_at_1000_diff1": 0.144277,
        "nauc_precision_at_1_max": 0.276383,
        "nauc_precision_at_1_std": 0.102506,
        "nauc_precision_at_1_diff1": 0.629574,
        "nauc_precision_at_3_max": 0.267557,
        "nauc_precision_at_3_std": 0.099728,
        "nauc_precision_at_3_diff1": 0.476365,
        "nauc_precision_at_5_max": 0.253356,
        "nauc_precision_at_5_std": 0.074835,
        "nauc_precision_at_5_diff1": 0.417635,
        "nauc_precision_at_10_max": 0.250706,
        "nauc_precision_at_10_std": 0.094912,
        "nauc_precision_at_10_diff1": 0.38269,
        "nauc_precision_at_20_max": 0.209124,
        "nauc_precision_at_20_std": 0.130738,
        "nauc_precision_at_20_diff1": 0.370283,
        "nauc_precision_at_100_max": 0.059063,
        "nauc_precision_at_100_std": 0.263488,
        "nauc_precision_at_100_diff1": 0.269225,
        "nauc_precision_at_1000_max": 0.134644,
        "nauc_precision_at_1000_std": 0.183133,
        "nauc_precision_at_1000_diff1": 0.142605,
        "nauc_mrr_at_1_max": 0.276383,
        "nauc_mrr_at_1_std": 0.102506,
        "nauc_mrr_at_1_diff1": 0.629574,
        "nauc_mrr_at_3_max": 0.278784,
        "nauc_mrr_at_3_std": 0.102054,
        "nauc_mrr_at_3_diff1": 0.562819,
        "nauc_mrr_at_5_max": 0.274459,
        "nauc_mrr_at_5_std": 0.0947,
        "nauc_mrr_at_5_diff1": 0.544408,
        "nauc_mrr_at_10_max": 0.27605,
        "nauc_mrr_at_10_std": 0.099776,
        "nauc_mrr_at_10_diff1": 0.538163,
        "nauc_mrr_at_20_max": 0.272795,
        "nauc_mrr_at_20_std": 0.1034,
        "nauc_mrr_at_20_diff1": 0.537018,
        "nauc_mrr_at_100_max": 0.269193,
        "nauc_mrr_at_100_std": 0.107016,
        "nauc_mrr_at_100_diff1": 0.535612,
        "nauc_mrr_at_1000_max": 0.26976,
        "nauc_mrr_at_1000_std": 0.106543,
        "nauc_mrr_at_1000_diff1": 0.535763,
        "main_score": 0.25818,
        "hf_subset": "default",
        "languages": [
          "eng-Latn"
        ]
      }
    ],
    "dev": [
      {
        "ndcg_at_1": 0.375,
        "ndcg_at_3": 0.45387,
        "ndcg_at_5": 0.45387,
        "ndcg_at_10": 0.45387,
        "ndcg_at_20": 0.48512,
        "ndcg_at_100": 0.5327,
        "ndcg_at_1000": 0.5327,
        "map_at_1": 0.375,
        "map_at_3": 0.4375,
        "map_at_5": 0.4375,
        "map_at_10": 0.4375,
        "map_at_20": 0.44583,
        "map_at_100": 0.45329,
        "map_at_1000": 0.45329,
        "recall_at_1": 0.375,
        "recall_at_3": 0.5,
        "recall_at_5": 0.5,
        "recall_at_10": 0.5,
        "recall_at_20": 0.625,
        "recall_at_100": 0.875,
        "recall_at_1000": 0.875,
        "precision_at_1": 0.375,
        "precision_at_3": 0.16667,
        "precision_at_5": 0.1,
        "precision_at_10": 0.05,
        "precision_at_20": 0.03125,
        "precision_at_100": 0.00875,
        "precision_at_1000": 0.00088,
        "mrr_at_1": 0.375,
        "mrr_at_3": 0.4375,
        "mrr_at_5": 0.4375,
        "mrr_at_10": 0.4375,
        "mrr_at_20": 0.445833,
        "mrr_at_100": 0.453292,
        "mrr_at_1000": 0.453292,
        "nauc_ndcg_at_1_max": -0.404968,
        "nauc_ndcg_at_1_std": -0.61217,
        "nauc_ndcg_at_1_diff1": 0.746582,
        "nauc_ndcg_at_3_max": -0.539657,
        "nauc_ndcg_at_3_std": -0.588324,
        "nauc_ndcg_at_3_diff1": 0.686841,
        "nauc_ndcg_at_5_max": -0.539657,
        "nauc_ndcg_at_5_std": -0.588324,
        "nauc_ndcg_at_5_diff1": 0.686841,
        "nauc_ndcg_at_10_max": -0.539657,
        "nauc_ndcg_at_10_std": -0.588324,
        "nauc_ndcg_at_10_diff1": 0.686841,
        "nauc_ndcg_at_20_max": -0.454686,
        "nauc_ndcg_at_20_std": -0.504969,
        "nauc_ndcg_at_20_diff1": 0.61832,
        "nauc_ndcg_at_100_max": -0.413018,
        "nauc_ndcg_at_100_std": -0.632505,
        "nauc_ndcg_at_100_diff1": 0.645119,
        "nauc_ndcg_at_1000_max": -0.413018,
        "nauc_ndcg_at_1000_std": -0.632505,
        "nauc_ndcg_at_1000_diff1": 0.645119,
        "nauc_map_at_1_max": -0.404968,
        "nauc_map_at_1_std": -0.61217,
        "nauc_map_at_1_diff1": 0.746582,