{
  "dataset_revision": "831d292c3959eae59e4f89b8758738feee97d6cf",
  "task_name": "CoconutRetrieval",
  "mteb_version": "1.36.8",
  "scores": {
    "test": [
      {
        "ndcg_at_1": 0.00165,
        "ndcg_at_3": 0.00207,
        "ndcg_at_5": 0.00239,
        "ndcg_at_10": 0.00256,
        "ndcg_at_20": 0.00302,
        "ndcg_at_100": 0.0053,
        "ndcg_at_1000": 0.0165,
        "map_at_1": 0.00147,
        "map_at_3": 0.0019,
        "map_at_5": 0.00209,
        "map_at_10": 0.00216,
        "map_at_20": 0.00229,
        "map_at_100": 0.00254,
        "map_at_1000": 0.00283,
        "recall_at_1": 0.00147,
        "recall_at_3": 0.00241,
        "recall_at_5": 0.00318,
        "recall_at_10": 0.00369,
        "recall_at_20": 0.0053,
        "recall_at_100": 0.017,
        "recall_at_1000": 0.1011,
        "precision_at_1": 0.00165,
        "precision_at_3": 0.0009,
        "precision_at_5": 0.00071,
        "precision_at_10": 0.00042,
        "precision_at_20": 0.00034,
        "precision_at_100": 0.00026,
        "precision_at_1000": 0.00018,
        "mrr_at_1": 0.001648,
        "mrr_at_3": 0.002061,
        "mrr_at_5": 0.002214,
        "mrr_at_10": 0.002288,
        "mrr_at_20": 0.002449,
        "mrr_at_100": 0.002732,
        "mrr_at_1000": 0.003028,
        "nauc_ndcg_at_1_max": 1.0,
        "nauc_ndcg_at_1_std": 0.951688,
        "nauc_ndcg_at_1_diff1": 0.19797,
        "nauc_ndcg_at_3_max": 0.864829,
        "nauc_ndcg_at_3_std": 0.803281,
        "nauc_ndcg_at_3_diff1": 0.014911,
        "nauc_ndcg_at_5_max": 0.828945,
        "nauc_ndcg_at_5_std": 0.721538,
        "nauc_ndcg_at_5_diff1": -0.027225,
        "nauc_ndcg_at_10_max": 0.811503,
        "nauc_ndcg_at_10_std": 0.737794,
        "nauc_ndcg_at_10_diff1": -0.052114,
        "nauc_ndcg_at_20_max": 0.72496,
        "nauc_ndcg_at_20_std": 0.639947,
        "nauc_ndcg_at_20_diff1": -0.104578,
        "nauc_ndcg_at_100_max": 0.520539,
        "nauc_ndcg_at_100_std": 0.45961,
        "nauc_ndcg_at_100_diff1": -0.161941,
        "nauc_ndcg_at_1000_max": 0.336835,
        "nauc_ndcg_at_1000_std": 0.228261,
        "nauc_ndcg_at_1000_diff1": -0.180938,
        "nauc_map_at_1_max": 1.0,
        "nauc_map_at_1_std": 0.94589,
        "nauc_map_at_1_diff1": 0.190532,
        "nauc_map_at_3_max": 0.889462,
        "nauc_map_at_3_std": 0.825696,
        "nauc_map_at_3_diff1": 0.048206,
        "nauc_map_at_5_max": 0.865169,
        "nauc_map_at_5_std": 0.774797,
        "nauc_map_at_5_diff1": 0.020632,
        "nauc_map_at_10_max": 0.857486,
        "nauc_map_at_10_std": 0.781394,
        "nauc_map_at_10_diff1": 0.006768,
        "nauc_map_at_20_max": 0.822145,
        "nauc_map_at_20_std": 0.743479,
        "nauc_map_at_20_diff1": -0.016164,
        "nauc_map_at_100_max": 0.760322,
        "nauc_map_at_100_std": 0.691499,
        "nauc_map_at_100_diff1": -0.042214,
        "nauc_map_at_1000_max": 0.707852,
        "nauc_map_at_1000_std": 0.637576,
        "nauc_map_at_1000_diff1": -0.059067,
        "nauc_recall_at_1_max": 1.0,
        "nauc_recall_at_1_std": 0.94589,
        "nauc_recall_at_1_diff1": 0.190532,
        "nauc_recall_at_3_max": 0.80005,
        "nauc_recall_at_3_std": 0.740668,
        "nauc_recall_at_3_diff1": -0.064362,
        "nauc_recall_at_5_max": 0.74986,
        "nauc_recall_at_5_std": 0.600654,
        "nauc_recall_at_5_diff1": -0.124546,
        "nauc_recall_at_10_max": 0.727449,
        "nauc_recall_at_10_std": 0.650486,
        "nauc_recall_at_10_diff1": -0.160957,
        "nauc_recall_at_20_max": 0.580076,
        "nauc_recall_at_20_std": 0.476297,
        "nauc_recall_at_20_diff1": -0.231956,
        "nauc_recall_at_100_max": 0.356588,
        "nauc_recall_at_100_std": 0.298125,
        "nauc_recall_at_100_diff1": -0.230451,
        "nauc_recall_at_1000_max": 0.257866,
        "nauc_recall_at_1000_std": 0.137834,
        "nauc_recall_at_1000_diff1": -0.203687,
        "nauc_precision_at_1_max": 1.0,
        "nauc_precision_at_1_std": 0.951688,
        "nauc_precision_at_1_diff1": 0.19797,
        "nauc_precision_at_3_max": 0.821784,
        "nauc_precision_at_3_std": 0.768856,
        "nauc_precision_at_3_diff1": -0.032949,
        "nauc_precision_at_5_max": 0.774874,
        "nauc_precision_at_5_std": 0.640589,
        "nauc_precision_at_5_diff1": -0.087974,
        "nauc_precision_at_10_max": 0.731946,
        "nauc_precision_at_10_std": 0.691097,
        "nauc_precision_at_10_diff1": -0.134963,
        "nauc_precision_at_20_max": 0.564584,
        "nauc_precision_at_20_std": 0.503036,
        "nauc_precision_at_20_diff1": -0.230144,
        "nauc_precision_at_100_max": 0.346612,
        "nauc_precision_at_100_std": 0.301198,
        "nauc_precision_at_100_diff1": -0.231629,
        "nauc_precision_at_1000_max": 0.283396,
        "nauc_precision_at_1000_std": 0.150377,
        "nauc_precision_at_1000_diff1": -0.173442,
        "nauc_mrr_at_1_max": 1.0,
        "nauc_mrr_at_1_std": 0.951688,
        "nauc_mrr_at_1_diff1": 0.19797,
        "nauc_mrr_at_3_max": 0.897884,
        "nauc_mrr_at_3_std": 0.838977,
        "nauc_mrr_at_3_diff1": 0.051176,
        "nauc_mrr_at_5_max": 0.872939,
        "nauc_mrr_at_5_std": 0.787774,
        "nauc_mrr_at_5_diff1": 0.02132,
        "nauc_mrr_at_10_max": 0.859423,
        "nauc_mrr_at_10_std": 0.79274,
        "nauc_mrr_at_10_diff1": 0.007077,
        "nauc_mrr_at_20_max": 0.819406,
        "nauc_mrr_at_20_std": 0.746051,
        "nauc_mrr_at_20_diff1": -0.019063,
        "nauc_mrr_at_100_max": 0.758429,
        "nauc_mrr_at_100_std": 0.68959,
        "nauc_mrr_at_100_diff1": -0.041052,
        "nauc_mrr_at_1000_max": 0.708306,
        "nauc_mrr_at_1000_std": 0.634354,
        "nauc_mrr_at_1000_diff1": -0.054611,
        "main_score": 0.00256,
        "hf_subset": "default",
        "languages": [
          "eng-Latn"
        ]
      }
    ]
  },
  "evaluation_time": 28.902141332626343,
  "kg_co2_emissions": null
}