{
  "dataset_revision": "main",
  "task_name": "FSUChemRxivQest",
  "mteb_version": "0.1",
  "scores": {
    "test": [
      {
        "ndcg_at_1": 0.15139,
        "ndcg_at_3": 0.16617,
        "ndcg_at_5": 0.18478,
        "ndcg_at_10": 0.21111,
        "ndcg_at_20": 0.23804,
        "ndcg_at_100": 0.26977,
        "ndcg_at_1000": 0.30128,
        "map_at_1": 0.09818,
        "map_at_3": 0.13843,
        "map_at_5": 0.14809,
        "map_at_10": 0.15919,
        "map_at_20": 0.16733,
        "map_at_100": 0.17205,
        "map_at_1000": 0.17332,
        "recall_at_1": 0.09818,
        "recall_at_3": 0.18349,
        "recall_at_5": 0.22314,
        "recall_at_10": 0.2954,
        "recall_at_20": 0.39101,
        "recall_at_100": 0.54222,
        "recall_at_1000": 0.76605,
        "precision_at_1": 0.15139,
        "precision_at_3": 0.09406,
        "precision_at_5": 0.06941,
        "precision_at_10": 0.04614,
        "precision_at_20": 0.03018,
        "precision_at_100": 0.00852,
        "precision_at_1000": 0.00121,
        "mrr_at_1": 0.15139,
        "mrr_at_3": 0.204085,
        "mrr_at_5": 0.217525,
        "mrr_at_10": 0.229585,
        "mrr_at_20": 0.236718,
        "mrr_at_100": 0.24071,
        "mrr_at_1000": 0.241548,
        "nauc_ndcg_at_1_max": 0.159575,
        "nauc_ndcg_at_1_std": 0.028262,
        "nauc_ndcg_at_1_diff1": 0.264611,
        "nauc_ndcg_at_3_max": 0.153204,
        "nauc_ndcg_at_3_std": 0.041283,
        "nauc_ndcg_at_3_diff1": 0.223491,
        "nauc_ndcg_at_5_max": 0.150776,
        "nauc_ndcg_at_5_std": 0.052739,
        "nauc_ndcg_at_5_diff1": 0.225204,
        "nauc_ndcg_at_10_max": 0.151826,
        "nauc_ndcg_at_10_std": 0.086906,
        "nauc_ndcg_at_10_diff1": 0.224344,
        "nauc_ndcg_at_20_max": 0.168558,
        "nauc_ndcg_at_20_std": 0.132834,
        "nauc_ndcg_at_20_diff1": 0.218518,
        "nauc_ndcg_at_100_max": 0.191099,
        "nauc_ndcg_at_100_std": 0.174522,
        "nauc_ndcg_at_100_diff1": 0.216756,
        "nauc_ndcg_at_1000_max": 0.190058,
        "nauc_ndcg_at_1000_std": 0.164589,
        "nauc_ndcg_at_1000_diff1": 0.209678,
        "nauc_map_at_1_max": 0.145238,
        "nauc_map_at_1_std": 0.034692,
        "nauc_map_at_1_diff1": 0.261003,
        "nauc_map_at_3_max": 0.148717,
        "nauc_map_at_3_std": 0.039934,
        "nauc_map_at_3_diff1": 0.230211,
        "nauc_map_at_5_max": 0.147327,
        "nauc_map_at_5_std": 0.047205,
        "nauc_map_at_5_diff1": 0.230448,
        "nauc_map_at_10_max": 0.14761,
        "nauc_map_at_10_std": 0.065161,
        "nauc_map_at_10_diff1": 0.23112,
        "nauc_map_at_20_max": 0.153361,
        "nauc_map_at_20_std": 0.081789,
        "nauc_map_at_20_diff1": 0.22889,
        "nauc_map_at_100_max": 0.156664,
        "nauc_map_at_100_std": 0.089536,
        "nauc_map_at_100_diff1": 0.227823,
        "nauc_map_at_1000_max": 0.156904,
        "nauc_map_at_1000_std": 0.089248,
        "nauc_map_at_1000_diff1": 0.227453,
        "nauc_recall_at_1_max": 0.145238,
        "nauc_recall_at_1_std": 0.034692,
        "nauc_recall_at_1_diff1": 0.261003,
        "nauc_recall_at_3_max": 0.138465,
        "nauc_recall_at_3_std": 0.046845,
        "nauc_recall_at_3_diff1": 0.190262,
        "nauc_recall_at_5_max": 0.136889,
        "nauc_recall_at_5_std": 0.066669,
        "nauc_recall_at_5_diff1": 0.193342,
        "nauc_recall_at_10_max": 0.129531,
        "nauc_recall_at_10_std": 0.139912,
        "nauc_recall_at_10_diff1": 0.184789,
        "nauc_recall_at_20_max": 0.161484,
        "nauc_recall_at_20_std": 0.244162,
        "nauc_recall_at_20_diff1": 0.157817,
        "nauc_recall_at_100_max": 0.24119,
        "nauc_recall_at_100_std": 0.393683,
        "nauc_recall_at_100_diff1": 0.143188,
        "nauc_recall_at_1000_max": 0.254712,
        "nauc_recall_at_1000_std": 0.443094,
        "nauc_recall_at_1000_diff1": 0.062483,
        "nauc_precision_at_1_max": 0.159575,
        "nauc_precision_at_1_std": 0.028262,
        "nauc_precision_at_1_diff1": 0.264611,
        "nauc_precision_at_3_max": 0.152493,
        "nauc_precision_at_3_std": 0.036593,
        "nauc_precision_at_3_diff1": 0.196241,
        "nauc_precision_at_5_max": 0.142166,
        "nauc_precision_at_5_std": 0.058598,
        "nauc_precision_at_5_diff1": 0.201336,
        "nauc_precision_at_10_max": 0.145802,
        "nauc_precision_at_10_std": 0.139706,
        "nauc_precision_at_10_diff1": 0.187878,
        "nauc_precision_at_20_max": 0.181062,
        "nauc_precision_at_20_std": 0.255396,
        "nauc_precision_at_20_diff1": 0.155157,
        "nauc_precision_at_100_max": 0.227217,
        "nauc_precision_at_100_std": 0.358893,
        "nauc_precision_at_100_diff1": 0.122139,
        "nauc_precision_at_1000_max": 0.193467,
        "nauc_precision_at_1000_std": 0.273401,
        "nauc_precision_at_1000_diff1": 0.033242,
        "nauc_mrr_at_1_max": 0.159575,
        "nauc_mrr_at_1_std": 0.028262,
        "nauc_mrr_at_1_diff1": 0.264611,
        "nauc_mrr_at_3_max": 0.166961,
        "nauc_mrr_at_3_std": 0.03548,
        "nauc_mrr_at_3_diff1": 0.238773,
        "nauc_mrr_at_5_max": 0.163694,
        "nauc_mrr_at_5_std": 0.042525,
        "nauc_mrr_at_5_diff1": 0.240146,
        "nauc_mrr_at_10_max": 0.166008,
        "nauc_mrr_at_10_std": 0.052611,
        "nauc_mrr_at_10_diff1": 0.238541,
        "nauc_mrr_at_20_max": 0.171256,
        "nauc_mrr_at_20_std": 0.064033,
        "nauc_mrr_at_20_diff1": 0.238199,
        "nauc_mrr_at_100_max": 0.173582,
        "nauc_mrr_at_100_std": 0.067846,
        "nauc_mrr_at_100_diff1": 0.238148,
        "nauc_mrr_at_1000_max": 0.173313,
        "nauc_mrr_at_1000_std": 0.067329,
        "nauc_mrr_at_1000_diff1": 0.238027,
        "main_score": 0.21111,
        "hf_subset": "default",
        "languages": [
          "eng-Latn"
        ]
      }
    ]
  },
  "evaluation_time": 54.72272086143494,
  "kg_co2_emissions": null
}