{
  "dataset_revision": "main",
  "task_name": "FSUChemRxivQest",
  "mteb_version": "0.1",
  "scores": {
    "test": [
      {
        "ndcg_at_1": 0.41401,
        "ndcg_at_3": 0.42406,
        "ndcg_at_5": 0.46067,
        "ndcg_at_10": 0.49299,
        "ndcg_at_20": 0.52,
        "ndcg_at_100": 0.55328,
        "ndcg_at_1000": 0.56368,
        "map_at_1": 0.28785,
        "map_at_3": 0.36952,
        "map_at_5": 0.39057,
        "map_at_10": 0.40612,
        "map_at_20": 0.41549,
        "map_at_100": 0.4219,
        "map_at_1000": 0.42246,
        "recall_at_1": 0.28785,
        "recall_at_3": 0.45348,
        "recall_at_5": 0.53158,
        "recall_at_10": 0.61843,
        "recall_at_20": 0.70975,
        "recall_at_100": 0.85994,
        "recall_at_1000": 0.92842,
        "precision_at_1": 0.41401,
        "precision_at_3": 0.22005,
        "precision_at_5": 0.15716,
        "precision_at_10": 0.09279,
        "precision_at_20": 0.05422,
        "precision_at_100": 0.01345,
        "precision_at_1000": 0.00147,
        "mrr_at_1": 0.414006,
        "mrr_at_3": 0.506351,
        "mrr_at_5": 0.528647,
        "mrr_at_10": 0.540241,
        "mrr_at_20": 0.5456,
        "mrr_at_100": 0.548372,
        "mrr_at_1000": 0.54849,
        "nauc_ndcg_at_1_max": 0.115963,
        "nauc_ndcg_at_1_std": -0.167115,
        "nauc_ndcg_at_1_diff1": 0.473554,
        "nauc_ndcg_at_3_max": 0.089249,
        "nauc_ndcg_at_3_std": -0.14197,
        "nauc_ndcg_at_3_diff1": 0.357124,
        "nauc_ndcg_at_5_max": 0.093111,
        "nauc_ndcg_at_5_std": -0.143469,
        "nauc_ndcg_at_5_diff1": 0.350061,
        "nauc_ndcg_at_10_max": 0.101232,
        "nauc_ndcg_at_10_std": -0.146382,
        "nauc_ndcg_at_10_diff1": 0.341777,
        "nauc_ndcg_at_20_max": 0.098223,
        "nauc_ndcg_at_20_std": -0.146409,
        "nauc_ndcg_at_20_diff1": 0.336681,
        "nauc_ndcg_at_100_max": 0.109681,
        "nauc_ndcg_at_100_std": -0.116751,
        "nauc_ndcg_at_100_diff1": 0.348464,
        "nauc_ndcg_at_1000_max": 0.111314,
        "nauc_ndcg_at_1000_std": -0.114763,
        "nauc_ndcg_at_1000_diff1": 0.354664,
        "nauc_map_at_1_max": 0.099354,
        "nauc_map_at_1_std": -0.138196,
        "nauc_map_at_1_diff1": 0.409192,
        "nauc_map_at_3_max": 0.090176,
        "nauc_map_at_3_std": -0.134902,
        "nauc_map_at_3_diff1": 0.354233,
        "nauc_map_at_5_max": 0.090705,
        "nauc_map_at_5_std": -0.135632,
        "nauc_map_at_5_diff1": 0.352336,
        "nauc_map_at_10_max": 0.0942,
        "nauc_map_at_10_std": -0.137059,
        "nauc_map_at_10_diff1": 0.348367,
        "nauc_map_at_20_max": 0.093199,
        "nauc_map_at_20_std": -0.137754,
        "nauc_map_at_20_diff1": 0.346427,
        "nauc_map_at_100_max": 0.095819,
        "nauc_map_at_100_std": -0.132387,
        "nauc_map_at_100_diff1": 0.3485,
        "nauc_map_at_1000_max": 0.095994,
        "nauc_map_at_1000_std": -0.132142,
        "nauc_map_at_1000_diff1": 0.348718,
        "nauc_recall_at_1_max": 0.099354,
        "nauc_recall_at_1_std": -0.138196,
        "nauc_recall_at_1_diff1": 0.409192,
        "nauc_recall_at_3_max": 0.065297,
        "nauc_recall_at_3_std": -0.123926,
        "nauc_recall_at_3_diff1": 0.269333,
        "nauc_recall_at_5_max": 0.066445,
        "nauc_recall_at_5_std": -0.122418,
        "nauc_recall_at_5_diff1": 0.232972,
        "nauc_recall_at_10_max": 0.080801,
        "nauc_recall_at_10_std": -0.12063,
        "nauc_recall_at_10_diff1": 0.183611,
        "nauc_recall_at_20_max": 0.061361,
        "nauc_recall_at_20_std": -0.114379,
        "nauc_recall_at_20_diff1": 0.129176,
        "nauc_recall_at_100_max": 0.121422,
        "nauc_recall_at_100_std": 0.153097,
        "nauc_recall_at_100_diff1": 0.081099,
        "nauc_recall_at_1000_max": 0.190084,
        "nauc_recall_at_1000_std": 0.381571,
        "nauc_recall_at_1000_diff1": 0.086858,
        "nauc_precision_at_1_max": 0.115963,
        "nauc_precision_at_1_std": -0.167115,
        "nauc_precision_at_1_diff1": 0.473554,
        "nauc_precision_at_3_max": 0.081537,
        "nauc_precision_at_3_std": -0.137738,
        "nauc_precision_at_3_diff1": 0.308173,
        "nauc_precision_at_5_max": 0.080759,
        "nauc_precision_at_5_std": -0.121573,
        "nauc_precision_at_5_diff1": 0.248818,
        "nauc_precision_at_10_max": 0.101392,
        "nauc_precision_at_10_std": -0.100602,
        "nauc_precision_at_10_diff1": 0.162056,
        "nauc_precision_at_20_max": 0.078875,
        "nauc_precision_at_20_std": -0.064604,
        "nauc_precision_at_20_diff1": 0.076649,
        "nauc_precision_at_100_max": 0.101467,
        "nauc_precision_at_100_std": 0.126556,
        "nauc_precision_at_100_diff1": 0.011278,
        "nauc_precision_at_1000_max": 0.096698,
        "nauc_precision_at_1000_std": 0.166297,
        "nauc_precision_at_1000_diff1": -0.007705,
        "nauc_mrr_at_1_max": 0.115963,
        "nauc_mrr_at_1_std": -0.167115,
        "nauc_mrr_at_1_diff1": 0.473554,
        "nauc_mrr_at_3_max": 0.105595,
        "nauc_mrr_at_3_std": -0.16375,
        "nauc_mrr_at_3_diff1": 0.427911,
        "nauc_mrr_at_5_max": 0.11269,
        "nauc_mrr_at_5_std": -0.164373,
        "nauc_mrr_at_5_diff1": 0.4239,
        "nauc_mrr_at_10_max": 0.115258,
        "nauc_mrr_at_10_std": -0.167075,
        "nauc_mrr_at_10_diff1": 0.423947,
        "nauc_mrr_at_20_max": 0.114005,
        "nauc_mrr_at_20_std": -0.166097,
        "nauc_mrr_at_20_diff1": 0.42422,
        "nauc_mrr_at_100_max": 0.114638,
        "nauc_mrr_at_100_std": -0.164348,
        "nauc_mrr_at_100_diff1": 0.426152,
        "nauc_mrr_at_1000_max": 0.114523,
        "nauc_mrr_at_1000_std": -0.164432,
        "nauc_mrr_at_1000_diff1": 0.426204,
        "main_score": 0.49299,
        "hf_subset": "default",
        "languages": [
          "eng-Latn"
        ]
      }
    ]
  },
  "evaluation_time": 171.48048520088196,
  "kg_co2_emissions": null
}