{
  "dataset_revision": "main",
  "task_name": "FSUChemRxivQest",
  "mteb_version": "0.1",
  "scores": {
    "test": [
      {
        "ndcg_at_1": 0.12564,
        "ndcg_at_3": 0.13752,
        "ndcg_at_5": 0.15178,
        "ndcg_at_10": 0.16985,
        "ndcg_at_20": 0.18456,
        "ndcg_at_100": 0.21967,
        "ndcg_at_1000": 0.25741,
        "map_at_1": 0.08565,
        "map_at_3": 0.11517,
        "map_at_5": 0.12262,
        "map_at_10": 0.1298,
        "map_at_20": 0.13381,
        "map_at_100": 0.13874,
        "map_at_1000": 0.1401,
        "recall_at_1": 0.08565,
        "recall_at_3": 0.15122,
        "recall_at_5": 0.1816,
        "recall_at_10": 0.23344,
        "recall_at_20": 0.28527,
        "recall_at_100": 0.45829,
        "recall_at_1000": 0.72829,
        "precision_at_1": 0.12564,
        "precision_at_3": 0.07587,
        "precision_at_5": 0.0552,
        "precision_at_10": 0.03512,
        "precision_at_20": 0.02152,
        "precision_at_100": 0.0069,
        "precision_at_1000": 0.00114,
        "mrr_at_1": 0.125644,
        "mrr_at_3": 0.168211,
        "mrr_at_5": 0.178459,
        "mrr_at_10": 0.186731,
        "mrr_at_20": 0.191437,
        "mrr_at_100": 0.196115,
        "mrr_at_1000": 0.197213,
        "nauc_ndcg_at_1_max": 0.255601,
        "nauc_ndcg_at_1_std": 0.055078,
        "nauc_ndcg_at_1_diff1": 0.376614,
        "nauc_ndcg_at_3_max": 0.229071,
        "nauc_ndcg_at_3_std": 0.091122,
        "nauc_ndcg_at_3_diff1": 0.282962,
        "nauc_ndcg_at_5_max": 0.228861,
        "nauc_ndcg_at_5_std": 0.087655,
        "nauc_ndcg_at_5_diff1": 0.262393,
        "nauc_ndcg_at_10_max": 0.237318,
        "nauc_ndcg_at_10_std": 0.101991,
        "nauc_ndcg_at_10_diff1": 0.250619,
        "nauc_ndcg_at_20_max": 0.22512,
        "nauc_ndcg_at_20_std": 0.111289,
        "nauc_ndcg_at_20_diff1": 0.244677,
        "nauc_ndcg_at_100_max": 0.221036,
        "nauc_ndcg_at_100_std": 0.130479,
        "nauc_ndcg_at_100_diff1": 0.23765,
        "nauc_ndcg_at_1000_max": 0.229926,
        "nauc_ndcg_at_1000_std": 0.131246,
        "nauc_ndcg_at_1000_diff1": 0.243615,
        "nauc_map_at_1_max": 0.237917,
        "nauc_map_at_1_std": 0.050279,
        "nauc_map_at_1_diff1": 0.360297,
        "nauc_map_at_3_max": 0.223298,
        "nauc_map_at_3_std": 0.083441,
        "nauc_map_at_3_diff1": 0.298005,
        "nauc_map_at_5_max": 0.222671,
        "nauc_map_at_5_std": 0.081282,
        "nauc_map_at_5_diff1": 0.283726,
        "nauc_map_at_10_max": 0.227314,
        "nauc_map_at_10_std": 0.089101,
        "nauc_map_at_10_diff1": 0.275798,
        "nauc_map_at_20_max": 0.223218,
        "nauc_map_at_20_std": 0.091982,
        "nauc_map_at_20_diff1": 0.273474,
        "nauc_map_at_100_max": 0.223449,
        "nauc_map_at_100_std": 0.097143,
        "nauc_map_at_100_diff1": 0.272466,
        "nauc_map_at_1000_max": 0.224146,
        "nauc_map_at_1000_std": 0.097057,
        "nauc_map_at_1000_diff1": 0.272971,
        "nauc_recall_at_1_max": 0.237917,
        "nauc_recall_at_1_std": 0.050279,
        "nauc_recall_at_1_diff1": 0.360297,
        "nauc_recall_at_3_max": 0.206221,
        "nauc_recall_at_3_std": 0.106768,
        "nauc_recall_at_3_diff1": 0.233021,
        "nauc_recall_at_5_max": 0.200026,
        "nauc_recall_at_5_std": 0.09467,
        "nauc_recall_at_5_diff1": 0.195863,
        "nauc_recall_at_10_max": 0.209801,
        "nauc_recall_at_10_std": 0.12378,
        "nauc_recall_at_10_diff1": 0.164553,
        "nauc_recall_at_20_max": 0.171537,
        "nauc_recall_at_20_std": 0.141235,
        "nauc_recall_at_20_diff1": 0.146699,
        "nauc_recall_at_100_max": 0.132241,
        "nauc_recall_at_100_std": 0.184026,
        "nauc_recall_at_100_diff1": 0.106561,
        "nauc_recall_at_1000_max": 0.146395,
        "nauc_recall_at_1000_std": 0.220128,
        "nauc_recall_at_1000_diff1": 0.081317,
        "nauc_precision_at_1_max": 0.255601,
        "nauc_precision_at_1_std": 0.055078,
        "nauc_precision_at_1_diff1": 0.376614,
        "nauc_precision_at_3_max": 0.244484,
        "nauc_precision_at_3_std": 0.101752,
        "nauc_precision_at_3_diff1": 0.256558,
        "nauc_precision_at_5_max": 0.247796,
        "nauc_precision_at_5_std": 0.09431,
        "nauc_precision_at_5_diff1": 0.207484,
        "nauc_precision_at_10_max": 0.273334,
        "nauc_precision_at_10_std": 0.1231,
        "nauc_precision_at_10_diff1": 0.192755,
        "nauc_precision_at_20_max": 0.232834,
        "nauc_precision_at_20_std": 0.142565,
        "nauc_precision_at_20_diff1": 0.178022,
        "nauc_precision_at_100_max": 0.199256,
        "nauc_precision_at_100_std": 0.180814,
        "nauc_precision_at_100_diff1": 0.130423,
        "nauc_precision_at_1000_max": 0.160263,
        "nauc_precision_at_1000_std": 0.145201,
        "nauc_precision_at_1000_diff1": 0.06519,
        "nauc_mrr_at_1_max": 0.255601,
        "nauc_mrr_at_1_std": 0.055078,
        "nauc_mrr_at_1_diff1": 0.376614,
        "nauc_mrr_at_3_max": 0.24941,
        "nauc_mrr_at_3_std": 0.083704,
        "nauc_mrr_at_3_diff1": 0.303259,
        "nauc_mrr_at_5_max": 0.2503,
        "nauc_mrr_at_5_std": 0.083214,
        "nauc_mrr_at_5_diff1": 0.29156,
        "nauc_mrr_at_10_max": 0.253905,
        "nauc_mrr_at_10_std": 0.087831,
        "nauc_mrr_at_10_diff1": 0.290191,
        "nauc_mrr_at_20_max": 0.250489,
        "nauc_mrr_at_20_std": 0.091517,
        "nauc_mrr_at_20_diff1": 0.288465,
        "nauc_mrr_at_100_max": 0.249635,
        "nauc_mrr_at_100_std": 0.093339,
        "nauc_mrr_at_100_diff1": 0.287879,
        "nauc_mrr_at_1000_max": 0.249961,
        "nauc_mrr_at_1000_std": 0.093192,
        "nauc_mrr_at_1000_diff1": 0.28848,
        "main_score": 0.16985,
        "hf_subset": "default",
        "languages": [
          "eng-Latn"
        ]
      }
    ]
  },
  "evaluation_time": 53.96214461326599,
  "kg_co2_emissions": null
}