{
  "dataset_revision": "5d958fb6b31055495347724d46431ba41309b03a",
  "task_name": "ChemNQRetrieval",
  "mteb_version": "1.36.8",
  "scores": {
    "test": [
      {
        "ndcg_at_1": 0.0,
        "ndcg_at_3": 0.06106,
        "ndcg_at_5": 0.06106,
        "ndcg_at_10": 0.11803,
        "ndcg_at_20": 0.13311,
        "ndcg_at_100": 0.16804,
        "ndcg_at_1000": 0.18197,
        "map_at_1": 0.0,
        "map_at_3": 0.0463,
        "map_at_5": 0.0463,
        "map_at_10": 0.07165,
        "map_at_20": 0.07676,
        "map_at_100": 0.0818,
        "map_at_1000": 0.08225,
        "recall_at_1": 0.0,
        "recall_at_3": 0.09259,
        "recall_at_5": 0.09259,
        "recall_at_10": 0.24074,
        "recall_at_20": 0.2963,
        "recall_at_100": 0.48148,
        "recall_at_1000": 0.59259,
        "precision_at_1": 0.0,
        "precision_at_3": 0.03704,
        "precision_at_5": 0.02222,
        "precision_at_10": 0.03333,
        "precision_at_20": 0.02037,
        "precision_at_100": 0.00593,
        "precision_at_1000": 0.00074,
        "mrr_at_1": 0.0,
        "mrr_at_3": 0.055556,
        "mrr_at_5": 0.055556,
        "mrr_at_10": 0.085538,
        "mrr_at_20": 0.088007,
        "mrr_at_100": 0.093041,
        "mrr_at_1000": 0.093184,
        "nauc_ndcg_at_1_max": NaN,
        "nauc_ndcg_at_1_std": NaN,
        "nauc_ndcg_at_1_diff1": NaN,
        "nauc_ndcg_at_3_max": 1.0,
        "nauc_ndcg_at_3_std": 0.600458,
        "nauc_ndcg_at_3_diff1": -0.074931,
        "nauc_ndcg_at_5_max": 1.0,
        "nauc_ndcg_at_5_std": 0.600458,
        "nauc_ndcg_at_5_diff1": -0.074931,
        "nauc_ndcg_at_10_max": 0.535619,
        "nauc_ndcg_at_10_std": 0.526626,
        "nauc_ndcg_at_10_diff1": 0.058603,
        "nauc_ndcg_at_20_max": 0.505191,
        "nauc_ndcg_at_20_std": 0.472086,
        "nauc_ndcg_at_20_diff1": -0.004295,
        "nauc_ndcg_at_100_max": 0.383382,
        "nauc_ndcg_at_100_std": 0.556826,
        "nauc_ndcg_at_100_diff1": -0.010338,
        "nauc_ndcg_at_1000_max": 0.438137,
        "nauc_ndcg_at_1000_std": 0.567018,
        "nauc_ndcg_at_1000_diff1": -0.009683,
        "nauc_map_at_1_max": NaN,
        "nauc_map_at_1_std": NaN,
        "nauc_map_at_1_diff1": NaN,
        "nauc_map_at_3_max": 1.0,
        "nauc_map_at_3_std": 0.636948,
        "nauc_map_at_3_diff1": -0.10979,
        "nauc_map_at_5_max": 1.0,
        "nauc_map_at_5_std": 0.636948,
        "nauc_map_at_5_diff1": -0.10979,
        "nauc_map_at_10_max": 0.664941,
        "nauc_map_at_10_std": 0.579731,
        "nauc_map_at_10_diff1": -0.014426,
        "nauc_map_at_20_max": 0.654028,
        "nauc_map_at_20_std": 0.553227,
        "nauc_map_at_20_diff1": -0.040348,
        "nauc_map_at_100_max": 0.631444,
        "nauc_map_at_100_std": 0.559827,
        "nauc_map_at_100_diff1": -0.0521,
        "nauc_map_at_1000_max": 0.633463,
        "nauc_map_at_1000_std": 0.558063,
        "nauc_map_at_1000_diff1": -0.05194,
        "nauc_recall_at_1_max": NaN,
        "nauc_recall_at_1_std": NaN,
        "nauc_recall_at_1_diff1": NaN,
        "nauc_recall_at_3_max": 1.0,
        "nauc_recall_at_3_std": 0.636948,
        "nauc_recall_at_3_diff1": -0.10979,
        "nauc_recall_at_5_max": 1.0,
        "nauc_recall_at_5_std": 0.636948,
        "nauc_recall_at_5_diff1": -0.10979,
        "nauc_recall_at_10_max": 0.317053,
        "nauc_recall_at_10_std": 0.516597,
        "nauc_recall_at_10_diff1": 0.13359,
        "nauc_recall_at_20_max": 0.26467,
        "nauc_recall_at_20_std": 0.412319,
        "nauc_recall_at_20_diff1": 0.008434,
        "nauc_recall_at_100_max": -0.071694,
        "nauc_recall_at_100_std": 0.641175,
        "nauc_recall_at_100_diff1": 0.040372,
        "nauc_recall_at_1000_max": 0.154263,
        "nauc_recall_at_1000_std": 0.820346,
        "nauc_recall_at_1000_diff1": 0.03848,
        "nauc_precision_at_1_max": NaN,
        "nauc_precision_at_1_std": NaN,
        "nauc_precision_at_1_diff1": NaN,
        "nauc_precision_at_3_max": 1.0,
        "nauc_precision_at_3_std": 0.496489,
        "nauc_precision_at_3_diff1": 0.024387,
        "nauc_precision_at_5_max": 1.0,
        "nauc_precision_at_5_std": 0.496489,
        "nauc_precision_at_5_diff1": 0.024387,
        "nauc_precision_at_10_max": 0.282598,
        "nauc_precision_at_10_std": 0.316995,
        "nauc_precision_at_10_diff1": 0.036368,
        "nauc_precision_at_20_max": 0.242275,
        "nauc_precision_at_20_std": 0.218836,
        "nauc_precision_at_20_diff1": -0.054643,
        "nauc_precision_at_100_max": 0.00351,
        "nauc_precision_at_100_std": 0.405768,
        "nauc_precision_at_100_diff1": -0.031559,
        "nauc_precision_at_1000_max": 0.213771,
        "nauc_precision_at_1000_std": 0.376751,
        "nauc_precision_at_1000_diff1": -0.008769,
        "nauc_mrr_at_1_max": NaN,
        "nauc_mrr_at_1_std": NaN,
        "nauc_mrr_at_1_diff1": NaN,
        "nauc_mrr_at_3_max": 1.0,
        "nauc_mrr_at_3_std": 0.496489,
        "nauc_mrr_at_3_diff1": 0.024387,
        "nauc_mrr_at_5_max": 1.0,
        "nauc_mrr_at_5_std": 0.496489,
        "nauc_mrr_at_5_diff1": 0.024387,
        "nauc_mrr_at_10_max": 0.741934,
        "nauc_mrr_at_10_std": 0.455326,
        "nauc_mrr_at_10_diff1": 0.075413,
        "nauc_mrr_at_20_max": 0.728039,
        "nauc_mrr_at_20_std": 0.44245,
        "nauc_mrr_at_20_diff1": 0.0549,
        "nauc_mrr_at_100_max": 0.708385,
        "nauc_mrr_at_100_std": 0.448283,
        "nauc_mrr_at_100_diff1": 0.044616,
        "nauc_mrr_at_1000_max": 0.709247,
        "nauc_mrr_at_1000_std": 0.449326,
        "nauc_mrr_at_1000_diff1": 0.044442,
        "main_score": 0.11803,
        "hf_subset": "default",
        "languages": [
          "eng-Latn"
        ]
      }
    ]
  },
  "evaluation_time": 35.20612120628357,
  "kg_co2_emissions": null
}