{
  "dataset_revision": "831d292c3959eae59e4f89b8758738feee97d6cf",
  "task_name": "CoconutRetrieval",
  "mteb_version": "1.36.8",
  "scores": {
    "test": [
      {
        "ndcg_at_1": 0.00483,
        "ndcg_at_3": 0.00633,
        "ndcg_at_5": 0.00715,
        "ndcg_at_10": 0.0083,
        "ndcg_at_20": 0.00957,
        "ndcg_at_100": 0.01545,
        "ndcg_at_1000": 0.03269,
        "map_at_1": 0.00409,
        "map_at_3": 0.00561,
        "map_at_5": 0.00615,
        "map_at_10": 0.00669,
        "map_at_20": 0.0071,
        "map_at_100": 0.00784,
        "map_at_1000": 0.00836,
        "recall_at_1": 0.00409,
        "recall_at_3": 0.00715,
        "recall_at_5": 0.0092,
        "recall_at_10": 0.01231,
        "recall_at_20": 0.01669,
        "recall_at_100": 0.04532,
        "recall_at_1000": 0.16908,
        "precision_at_1": 0.00483,
        "precision_at_3": 0.00322,
        "precision_at_5": 0.00261,
        "precision_at_10": 0.00188,
        "precision_at_20": 0.00132,
        "precision_at_100": 0.00081,
        "precision_at_1000": 0.00032,
        "mrr_at_1": 0.004828,
        "mrr_at_3": 0.006339,
        "mrr_at_5": 0.006927,
        "mrr_at_10": 0.007348,
        "mrr_at_20": 0.007664,
        "mrr_at_100": 0.008395,
        "mrr_at_1000": 0.008872,
        "nauc_ndcg_at_1_max": 0.456195,
        "nauc_ndcg_at_1_std": 0.536634,
        "nauc_ndcg_at_1_diff1": 0.636169,
        "nauc_ndcg_at_3_max": 0.456518,
        "nauc_ndcg_at_3_std": 0.404101,
        "nauc_ndcg_at_3_diff1": 0.526448,
        "nauc_ndcg_at_5_max": 0.452755,
        "nauc_ndcg_at_5_std": 0.405649,
        "nauc_ndcg_at_5_diff1": 0.466636,
        "nauc_ndcg_at_10_max": 0.46083,
        "nauc_ndcg_at_10_std": 0.401243,
        "nauc_ndcg_at_10_diff1": 0.395281,
        "nauc_ndcg_at_20_max": 0.455842,
        "nauc_ndcg_at_20_std": 0.408903,
        "nauc_ndcg_at_20_diff1": 0.337437,
        "nauc_ndcg_at_100_max": 0.420647,
        "nauc_ndcg_at_100_std": 0.443644,
        "nauc_ndcg_at_100_diff1": 0.207828,
        "nauc_ndcg_at_1000_max": 0.309336,
        "nauc_ndcg_at_1000_std": 0.380635,
        "nauc_ndcg_at_1000_diff1": 0.081137,
        "nauc_map_at_1_max": 0.473315,
        "nauc_map_at_1_std": 0.51904,
        "nauc_map_at_1_diff1": 0.71936,
        "nauc_map_at_3_max": 0.471491,
        "nauc_map_at_3_std": 0.41988,
        "nauc_map_at_3_diff1": 0.575225,
        "nauc_map_at_5_max": 0.465564,
        "nauc_map_at_5_std": 0.423212,
        "nauc_map_at_5_diff1": 0.526592,
        "nauc_map_at_10_max": 0.466577,
        "nauc_map_at_10_std": 0.423915,
        "nauc_map_at_10_diff1": 0.477441,
        "nauc_map_at_20_max": 0.46338,
        "nauc_map_at_20_std": 0.4253,
        "nauc_map_at_20_diff1": 0.449196,
        "nauc_map_at_100_max": 0.455317,
        "nauc_map_at_100_std": 0.434707,
        "nauc_map_at_100_diff1": 0.407332,
        "nauc_map_at_1000_max": 0.443065,
        "nauc_map_at_1000_std": 0.431573,
        "nauc_map_at_1000_diff1": 0.381238,
        "nauc_recall_at_1_max": 0.473315,
        "nauc_recall_at_1_std": 0.51904,
        "nauc_recall_at_1_diff1": 0.71936,
        "nauc_recall_at_3_max": 0.464424,
        "nauc_recall_at_3_std": 0.345191,
        "nauc_recall_at_3_diff1": 0.501305,
        "nauc_recall_at_5_max": 0.455679,
        "nauc_recall_at_5_std": 0.363466,
        "nauc_recall_at_5_diff1": 0.38565,
        "nauc_recall_at_10_max": 0.475661,
        "nauc_recall_at_10_std": 0.356726,
        "nauc_recall_at_10_diff1": 0.274602,
        "nauc_recall_at_20_max": 0.467372,
        "nauc_recall_at_20_std": 0.38639,
        "nauc_recall_at_20_diff1": 0.191037,
        "nauc_recall_at_100_max": 0.407508,
        "nauc_recall_at_100_std": 0.455701,
        "nauc_recall_at_100_diff1": 0.068775,
        "nauc_recall_at_1000_max": 0.257073,
        "nauc_recall_at_1000_std": 0.350231,
        "nauc_recall_at_1000_diff1": -0.024477,
        "nauc_precision_at_1_max": 0.456195,
        "nauc_precision_at_1_std": 0.536634,
        "nauc_precision_at_1_diff1": 0.636169,
        "nauc_precision_at_3_max": 0.443857,
        "nauc_precision_at_3_std": 0.401708,
        "nauc_precision_at_3_diff1": 0.376371,
        "nauc_precision_at_5_max": 0.428385,
        "nauc_precision_at_5_std": 0.425169,
        "nauc_precision_at_5_diff1": 0.266431,
        "nauc_precision_at_10_max": 0.437836,
        "nauc_precision_at_10_std": 0.436302,
        "nauc_precision_at_10_diff1": 0.170939,
        "nauc_precision_at_20_max": 0.423167,
        "nauc_precision_at_20_std": 0.43493,
        "nauc_precision_at_20_diff1": 0.110051,
        "nauc_precision_at_100_max": 0.35801,
        "nauc_precision_at_100_std": 0.473062,
        "nauc_precision_at_100_diff1": 0.026595,
        "nauc_precision_at_1000_max": 0.208703,
        "nauc_precision_at_1000_std": 0.337818,
        "nauc_precision_at_1000_diff1": -0.018765,
        "nauc_mrr_at_1_max": 0.456195,
        "nauc_mrr_at_1_std": 0.536634,
        "nauc_mrr_at_1_diff1": 0.636169,
        "nauc_mrr_at_3_max": 0.430253,
        "nauc_mrr_at_3_std": 0.429546,
        "nauc_mrr_at_3_diff1": 0.529722,
        "nauc_mrr_at_5_max": 0.431387,
        "nauc_mrr_at_5_std": 0.430876,
        "nauc_mrr_at_5_diff1": 0.482292,
        "nauc_mrr_at_10_max": 0.436944,
        "nauc_mrr_at_10_std": 0.423983,
        "nauc_mrr_at_10_diff1": 0.45618,
        "nauc_mrr_at_20_max": 0.434745,
        "nauc_mrr_at_20_std": 0.425394,
        "nauc_mrr_at_20_diff1": 0.432664,
        "nauc_mrr_at_100_max": 0.427773,
        "nauc_mrr_at_100_std": 0.431681,
        "nauc_mrr_at_100_diff1": 0.395654,
        "nauc_mrr_at_1000_max": 0.416379,
        "nauc_mrr_at_1000_std": 0.425714,
        "nauc_mrr_at_1000_diff1": 0.37505,
        "main_score": 0.0083,
        "hf_subset": "default",
        "languages": [
          "eng-Latn"
        ]
      }
    ]
  },
  "evaluation_time": 72.25936985015869,
  "kg_co2_emissions": null
}