{
  "dataset_revision": "023e7a813e3b73d8d33551ed2aea511314d612e2",
  "evaluation_time": 74.33526492118835,
  "kg_co2_emissions": null,
  "mteb_version": "1.14.15",
  "scores": {
    "test": [
      {
        "hf_subset": "default",
        "languages": [
          "eng-Latn"
        ],
        "main_score": 0.63277,
        "map_at_1": 0.3642,
        "map_at_10": 0.54015,
        "map_at_100": 0.54941,
        "map_at_1000": 0.54947,
        "map_at_20": 0.54873,
        "map_at_3": 0.49074,
        "map_at_5": 0.50926,
        "mrr_at_1": 0.4444444444444444,
        "mrr_at_10": 0.594238683127572,
        "mrr_at_100": 0.5975575864464753,
        "mrr_at_1000": 0.597623724012613,
        "mrr_at_20": 0.5968841857730747,
        "mrr_at_3": 0.5740740740740742,
        "mrr_at_5": 0.5740740740740742,
        "nauc_map_at_1000_diff1": 0.24414586424697604,
        "nauc_map_at_1000_max": 0.2575845288677655,
        "nauc_map_at_1000_std": 0.027416946151305816,
        "nauc_map_at_100_diff1": 0.2442925701780752,
        "nauc_map_at_100_max": 0.25772807276513743,
        "nauc_map_at_100_std": 0.027275760549770718,
        "nauc_map_at_10_diff1": 0.228515635877131,
        "nauc_map_at_10_max": 0.2664952806701995,
        "nauc_map_at_10_std": 0.02925101783083106,
        "nauc_map_at_1_diff1": 0.29982423871452285,
        "nauc_map_at_1_max": 0.10755782952507813,
        "nauc_map_at_1_std": -0.0178511864534733,
        "nauc_map_at_20_diff1": 0.24456325447177407,
        "nauc_map_at_20_max": 0.25844113009192293,
        "nauc_map_at_20_std": 0.02853959714741038,
        "nauc_map_at_3_diff1": 0.23120016044129033,
        "nauc_map_at_3_max": 0.24502961980732282,
        "nauc_map_at_3_std": 0.017183220557757697,
        "nauc_map_at_5_diff1": 0.21097482025404035,
        "nauc_map_at_5_max": 0.24156996208512754,
        "nauc_map_at_5_std": 0.024115381718592233,
        "nauc_mrr_at_1000_diff1": 0.30003071300107925,
        "nauc_mrr_at_1000_max": 0.27079742131260387,
        "nauc_mrr_at_1000_std": 0.040696188526786345,
        "nauc_mrr_at_100_diff1": 0.3001612890316194,
        "nauc_mrr_at_100_max": 0.2709347222502343,
        "nauc_mrr_at_100_std": 0.04055509893175687,
        "nauc_mrr_at_10_diff1": 0.2985934985486006,
        "nauc_mrr_at_10_max": 0.2782270682680933,
        "nauc_mrr_at_10_std": 0.05047658827616756,
        "nauc_mrr_at_1_diff1": 0.36021376921310705,
        "nauc_mrr_at_1_max": 0.1562986047099774,
        "nauc_mrr_at_1_std": -0.04281773379343821,
        "nauc_mrr_at_20_diff1": 0.30029539373758934,
        "nauc_mrr_at_20_max": 0.27160104262178364,
        "nauc_mrr_at_20_std": 0.041759765850094,
        "nauc_mrr_at_3_diff1": 0.2669301415950211,
        "nauc_mrr_at_3_max": 0.2554608565937995,
        "nauc_mrr_at_3_std": 0.03898723738477375,
        "nauc_mrr_at_5_diff1": 0.2669301415950211,
        "nauc_mrr_at_5_max": 0.2554608565937995,
        "nauc_mrr_at_5_std": 0.03898723738477375,
        "nauc_ndcg_at_1000_diff1": 0.2716995468433989,
        "nauc_ndcg_at_1000_max": 0.2971239520114024,
        "nauc_ndcg_at_1000_std": 0.04264938956652496,
        "nauc_ndcg_at_100_diff1": 0.2823000402036559,
        "nauc_ndcg_at_100_max": 0.30727220548013584,
        "nauc_ndcg_at_100_std": 0.03170515581812043,
        "nauc_ndcg_at_10_diff1": 0.244542200234089,
        "nauc_ndcg_at_10_max": 0.3403145541240165,
        "nauc_ndcg_at_10_std": 0.060345770208600616,
        "nauc_ndcg_at_1_diff1": 0.36021376921310705,
        "nauc_ndcg_at_1_max": 0.1562986047099774,
        "nauc_ndcg_at_1_std": -0.04281773379343821,
        "nauc_ndcg_at_20_diff1": 0.2843475416355865,
        "nauc_ndcg_at_20_max": 0.3140420869776122,
        "nauc_ndcg_at_20_std": 0.045973037937158,
        "nauc_ndcg_at_3_diff1": 0.22569857418969846,
        "nauc_ndcg_at_3_max": 0.2845788553786358,
        "nauc_ndcg_at_3_std": 0.03787528220770003,
        "nauc_ndcg_at_5_diff1": 0.2026185560054968,
        "nauc_ndcg_at_5_max": 0.28189180840328854,
        "nauc_ndcg_at_5_std": 0.04637051838888547,
        "nauc_precision_at_1000_diff1": 0.0637788007611678,
        "nauc_precision_at_1000_max": 0.17757592417655188,
        "nauc_precision_at_1000_std": 0.11539677661357853,
        "nauc_precision_at_100_diff1": 0.1336172650763575,
        "nauc_precision_at_100_max": 0.2375279223163348,
        "nauc_precision_at_100_std": 0.05562301280382491,
        "nauc_precision_at_10_diff1": 0.05582480287278735,
        "nauc_precision_at_10_max": 0.3964806323148002,
        "nauc_precision_at_10_std": 0.12016982152358038,
        "nauc_precision_at_1_diff1": 0.36021376921310705,
        "nauc_precision_at_1_max": 0.1562986047099774,
        "nauc_precision_at_1_std": -0.04281773379343821,
        "nauc_precision_at_20_diff1": 0.15151699615085484,
        "nauc_precision_at_20_max": 0.2629908646403017,
        "nauc_precision_at_20_std": 0.09562625704646913,
        "nauc_precision_at_3_diff1": 0.21737129931251237,
        "nauc_precision_at_3_max": 0.46413977514607735,
        "nauc_precision_at_3_std": 0.0019411392131238286,
        "nauc_precision_at_5_diff1": 0.07089519003538947,
        "nauc_precision_at_5_max": 0.2891989007320744,
        "nauc_precision_at_5_std": 0.019597413620245325,
        "nauc_recall_at_1000_diff1": NaN,
        "nauc_recall_at_1000_max": NaN,
        "nauc_recall_at_1000_std": NaN,
        "nauc_recall_at_100_diff1": 0.8676470588235302,
        "nauc_recall_at_100_max": 0.8676470588235302,
        "nauc_recall_at_100_std": -0.572622810625901,
        "nauc_recall_at_10_diff1": 0.1815514827156846,
        "nauc_recall_at_10_max": 0.638860411962522,
        "nauc_recall_at_10_std": 0.1339447116066081,
        "nauc_recall_at_1_diff1": 0.29982423871452285,
        "nauc_recall_at_1_max": 0.10755782952507813,
        "nauc_recall_at_1_std": -0.0178511864534733,
        "nauc_recall_at_20_diff1": 0.6125985083028432,
        "nauc_recall_at_20_max": 0.7118632141851959,
        "nauc_recall_at_20_std": -0.008271720539522262,
        "nauc_recall_at_3_diff1": 0.16233363969459647,
        "nauc_recall_at_3_max": 0.3603040056318929,
        "nauc_recall_at_3_std": 0.07714636440171067,
        "nauc_recall_at_5_diff1": 0.10933440866798043,
        "nauc_recall_at_5_max": 0.35674925753181996,
        "nauc_recall_at_5_std": 0.09642595746222697,
        "ndcg_at_1": 0.44444,
        "ndcg_at_10": 0.63277,
        "ndcg_at_100": 0.65929,
        "ndcg_at_1000": 0.66334,
        "ndcg_at_20": 0.65291,
        "ndcg_at_3": 0.54935,
        "ndcg_at_5": 0.56891,
        "precision_at_1": 0.44444,
        "precision_at_10": 0.11111,
        "precision_at_100": 0.01259,
        "precision_at_1000": 0.0013,
        "precision_at_20": 0.06111,
        "precision_at_3": 0.25926,
        "precision_at_5": 0.17037,
        "recall_at_1": 0.3642,
        "recall_at_10": 0.85802,
        "recall_at_100": 0.96296,
        "recall_at_1000": 1.0,
        "recall_at_20": 0.92593,
        "recall_at_3": 0.64198,
        "recall_at_5": 0.67901
      }
    ]
  },
  "task_name": "ChemNQRetrieval"
}