{
  "dataset_revision": "f39c1d16edd269f233be381216bc8146f0857124",
  "evaluation_time": 84.56695985794067,
  "kg_co2_emissions": null,
  "mteb_version": "1.14.15",
  "scores": {
    "dev": [
      {
        "hf_subset": "default",
        "languages": [
          "eng-Latn"
        ],
        "main_score": 0.91443,
        "map_at_1": 0.875,
        "map_at_10": 0.89062,
        "map_at_100": 0.89062,
        "map_at_1000": 0.89062,
        "map_at_20": 0.89062,
        "map_at_3": 0.875,
        "map_at_5": 0.875,
        "mrr_at_1": 0.875,
        "mrr_at_10": 0.890625,
        "mrr_at_100": 0.890625,
        "mrr_at_1000": 0.890625,
        "mrr_at_20": 0.890625,
        "mrr_at_3": 0.875,
        "mrr_at_5": 0.875,
        "nauc_map_at_1000_diff1": 0.8655462184873953,
        "nauc_map_at_1000_max": 1.0,
        "nauc_map_at_1000_std": -0.18543417366946885,
        "nauc_map_at_100_diff1": 0.8655462184873953,
        "nauc_map_at_100_max": 1.0,
        "nauc_map_at_100_std": -0.18543417366946885,
        "nauc_map_at_10_diff1": 0.8655462184873953,
        "nauc_map_at_10_max": 1.0,
        "nauc_map_at_10_std": -0.18543417366946885,
        "nauc_map_at_1_diff1": 0.8655462184873944,
        "nauc_map_at_1_max": 1.0,
        "nauc_map_at_1_std": -0.1854341736694668,
        "nauc_map_at_20_diff1": 0.8655462184873953,
        "nauc_map_at_20_max": 1.0,
        "nauc_map_at_20_std": -0.18543417366946885,
        "nauc_map_at_3_diff1": 0.8655462184873944,
        "nauc_map_at_3_max": 1.0,
        "nauc_map_at_3_std": -0.1854341736694668,
        "nauc_map_at_5_diff1": 0.8655462184873944,
        "nauc_map_at_5_max": 1.0,
        "nauc_map_at_5_std": -0.1854341736694668,
        "nauc_mrr_at_1000_diff1": 0.8655462184873953,
        "nauc_mrr_at_1000_max": 1.0,
        "nauc_mrr_at_1000_std": -0.18543417366946885,
        "nauc_mrr_at_100_diff1": 0.8655462184873953,
        "nauc_mrr_at_100_max": 1.0,
        "nauc_mrr_at_100_std": -0.18543417366946885,
        "nauc_mrr_at_10_diff1": 0.8655462184873953,
        "nauc_mrr_at_10_max": 1.0,
        "nauc_mrr_at_10_std": -0.18543417366946885,
        "nauc_mrr_at_1_diff1": 0.8655462184873944,
        "nauc_mrr_at_1_max": 1.0,
        "nauc_mrr_at_1_std": -0.1854341736694668,
        "nauc_mrr_at_20_diff1": 0.8655462184873953,
        "nauc_mrr_at_20_max": 1.0,
        "nauc_mrr_at_20_std": -0.18543417366946885,
        "nauc_mrr_at_3_diff1": 0.8655462184873944,
        "nauc_mrr_at_3_max": 1.0,
        "nauc_mrr_at_3_std": -0.1854341736694668,
        "nauc_mrr_at_5_diff1": 0.8655462184873944,
        "nauc_mrr_at_5_max": 1.0,
        "nauc_mrr_at_5_std": -0.1854341736694668,
        "nauc_ndcg_at_1000_diff1": 0.8655462184873943,
        "nauc_ndcg_at_1000_max": 1.0,
        "nauc_ndcg_at_1000_std": -0.1854341736694679,
        "nauc_ndcg_at_100_diff1": 0.8655462184873943,
        "nauc_ndcg_at_100_max": 1.0,
        "nauc_ndcg_at_100_std": -0.1854341736694679,
        "nauc_ndcg_at_10_diff1": 0.8655462184873943,
        "nauc_ndcg_at_10_max": 1.0,
        "nauc_ndcg_at_10_std": -0.1854341736694679,
        "nauc_ndcg_at_1_diff1": 0.8655462184873944,
        "nauc_ndcg_at_1_max": 1.0,
        "nauc_ndcg_at_1_std": -0.1854341736694668,
        "nauc_ndcg_at_20_diff1": 0.8655462184873943,
        "nauc_ndcg_at_20_max": 1.0,
        "nauc_ndcg_at_20_std": -0.1854341736694679,
        "nauc_ndcg_at_3_diff1": 0.8655462184873944,
        "nauc_ndcg_at_3_max": 1.0,
        "nauc_ndcg_at_3_std": -0.1854341736694668,
        "nauc_ndcg_at_5_diff1": 0.8655462184873944,
        "nauc_ndcg_at_5_max": 1.0,
        "nauc_ndcg_at_5_std": -0.1854341736694668,
        "nauc_precision_at_1000_diff1": 1.0,
        "nauc_precision_at_1000_max": 1.0,
        "nauc_precision_at_1000_std": 1.0,
        "nauc_precision_at_100_diff1": 1.0,
        "nauc_precision_at_100_max": 1.0,
        "nauc_precision_at_100_std": 1.0,
        "nauc_precision_at_10_diff1": NaN,
        "nauc_precision_at_10_max": NaN,
        "nauc_precision_at_10_std": NaN,
        "nauc_precision_at_1_diff1": 0.8655462184873944,
        "nauc_precision_at_1_max": 1.0,
        "nauc_precision_at_1_std": -0.1854341736694668,
        "nauc_precision_at_20_diff1": NaN,
        "nauc_precision_at_20_max": NaN,
        "nauc_precision_at_20_std": NaN,
        "nauc_precision_at_3_diff1": 0.8655462184873953,
        "nauc_precision_at_3_max": 1.0,
        "nauc_precision_at_3_std": -0.18543417366946752,
        "nauc_precision_at_5_diff1": 0.8655462184873945,
        "nauc_precision_at_5_max": 1.0,
        "nauc_precision_at_5_std": -0.1854341736694691,
        "nauc_recall_at_1000_diff1": NaN,
        "nauc_recall_at_1000_max": NaN,
        "nauc_recall_at_1000_std": NaN,
        "nauc_recall_at_100_diff1": NaN,
        "nauc_recall_at_100_max": NaN,
        "nauc_recall_at_100_std": NaN,
        "nauc_recall_at_10_diff1": NaN,
        "nauc_recall_at_10_max": NaN,
        "nauc_recall_at_10_std": NaN,
        "nauc_recall_at_1_diff1": 0.8655462184873944,
        "nauc_recall_at_1_max": 1.0,
        "nauc_recall_at_1_std": -0.1854341736694668,
        "nauc_recall_at_20_diff1": NaN,
        "nauc_recall_at_20_max": NaN,
        "nauc_recall_at_20_std": NaN,
        "nauc_recall_at_3_diff1": 0.8655462184873944,
        "nauc_recall_at_3_max": 1.0,
        "nauc_recall_at_3_std": -0.1854341736694668,
        "nauc_recall_at_5_diff1": 0.8655462184873944,
        "nauc_recall_at_5_max": 1.0,
        "nauc_recall_at_5_std": -0.1854341736694668,
        "ndcg_at_1": 0.875,
        "ndcg_at_10": 0.91443,
        "ndcg_at_100": 0.91443,
        "ndcg_at_1000": 0.91443,
        "ndcg_at_20": 0.91443,
        "ndcg_at_3": 0.875,
        "ndcg_at_5": 0.875,
        "precision_at_1": 0.875,
        "precision_at_10": 0.1,
        "precision_at_100": 0.01,
        "precision_at_1000": 0.001,
        "precision_at_20": 0.05,
        "precision_at_3": 0.29167,
        "precision_at_5": 0.175,
        "recall_at_1": 0.875,
        "recall_at_10": 1.0,
        "recall_at_100": 1.0,
        "recall_at_1000": 1.0,
        "recall_at_20": 1.0,
        "recall_at_3": 0.875,
        "recall_at_5": 0.875
      }
    ],
    "test": [
      {
        "hf_subset": "default",
        "languages": [
          "eng-Latn"
        ],
        "main_score": 0.81283,
        "map_at_1": 0.72222,
        "map_at_10": 0.78704,
        "map_at_100": 0.79159,
        "map_at_1000": 0.79159,
        "map_at_20": 0.79101,
        "map_at_3": 0.78704,
        "map_at_5": 0.78704,
        "mrr_at_1": 0.7222222222222222,
        "mrr_at_10": 0.787037037037037,
        "mrr_at_100": 0.7915900863269284,
        "mrr_at_1000": 0.7915900863269284,
        "mrr_at_20": 0.7910052910052909,
        "mrr_at_3": 0.787037037037037,
        "mrr_at_5": 0.787037037037037,
        "nauc_map_at_1000_diff1": 0.8684654136526392,
        "nauc_map_at_1000_max": 0.42592293033263157,
        "nauc_map_at_1000_std": -0.0691095533972754,
        "nauc_map_at_100_diff1": 0.8684654136526392,
        "nauc_map_at_100_max": 0.42592293033263157,
        "nauc_map_at_100_std": -0.0691095533972754,
        "nauc_map_at_10_diff1": 0.8585467724824238,
        "nauc_map_at_10_max": 0.3960290531263735,
        "nauc_map_at_10_std": -0.09821960089914998,
        "nauc_map_at_1_diff1": 0.9201628951510975,
        "nauc_map_at_1_max": 0.5147176561051034,
        "nauc_map_at_1_std": -0.03523498681592122,
        "nauc_map_at_20_diff1": 0.8688674822889362,
        "nauc_map_at_20_max": 0.42767774167875944,
        "nauc_map_at_20_std": -0.06584155041704508,
        "nauc_map_at_3_diff1": 0.8585467724824238,
        "nauc_map_at_3_max": 0.3960290531263735,
        "nauc_map_at_3_std": -0.09821960089914998,
        "nauc_map_at_5_diff1": 0.8585467724824238,
        "nauc_map_at_5_max": 0.3960290531263735,
        "nauc_map_at_5_std": -0.09821960089914998,
        "nauc_mrr_at_1000_diff1": 0.8684654136526392,