{
  "dataset_revision": "831d292c3959eae59e4f89b8758738feee97d6cf",
  "evaluation_time": 72.2625732421875,
  "kg_co2_emissions": null,
  "mteb_version": "1.14.15",
  "scores": {
    "test": [
      {
        "hf_subset": "default",
        "languages": [
          "eng-Latn"
        ],
        "main_score": 0.00707,
        "map_at_1": 0.00348,
        "map_at_10": 0.00555,
        "map_at_100": 0.00682,
        "map_at_1000": 0.00747,
        "map_at_20": 0.00601,
        "map_at_3": 0.00445,
        "map_at_5": 0.00508,
        "mrr_at_1": 0.0041210408571764985,
        "mrr_at_10": 0.0063339743841333415,
        "mrr_at_100": 0.007663525343290532,
        "mrr_at_1000": 0.008291211459802042,
        "mrr_at_20": 0.0068258454440628235,
        "mrr_at_3": 0.005200361081675106,
        "mrr_at_5": 0.0058773892224969594,
        "nauc_map_at_1000_diff1": 0.2314265711444698,
        "nauc_map_at_1000_max": 0.23096306513956666,
        "nauc_map_at_1000_std": 0.286276332401128,
        "nauc_map_at_100_diff1": 0.24680142461733948,
        "nauc_map_at_100_max": 0.24683674138752298,
        "nauc_map_at_100_std": 0.28967398879426465,
        "nauc_map_at_10_diff1": 0.3047405337687802,
        "nauc_map_at_10_max": 0.3020487006510479,
        "nauc_map_at_10_std": 0.29272698183139184,
        "nauc_map_at_1_diff1": 0.45386026379505634,
        "nauc_map_at_1_max": 0.41708985903881135,
        "nauc_map_at_1_std": 0.3260763422583092,
        "nauc_map_at_20_diff1": 0.27965664667404233,
        "nauc_map_at_20_max": 0.2820807004899652,
        "nauc_map_at_20_std": 0.2939424360042311,
        "nauc_map_at_3_diff1": 0.376779956194642,
        "nauc_map_at_3_max": 0.3564631420890816,
        "nauc_map_at_3_std": 0.3142425391802057,
        "nauc_map_at_5_diff1": 0.3403797196712285,
        "nauc_map_at_5_max": 0.3187692634743611,
        "nauc_map_at_5_std": 0.29926365124641324,
        "nauc_mrr_at_1000_diff1": 0.20061519847011366,
        "nauc_mrr_at_1000_max": 0.2141320697765861,
        "nauc_mrr_at_1000_std": 0.2818314284877157,
        "nauc_mrr_at_100_diff1": 0.2119851201695277,
        "nauc_mrr_at_100_max": 0.22648377085301188,
        "nauc_mrr_at_100_std": 0.28750651789266884,
        "nauc_mrr_at_10_diff1": 0.255696134394243,
        "nauc_mrr_at_10_max": 0.2708629082877824,
        "nauc_mrr_at_10_std": 0.29452330607191257,
        "nauc_mrr_at_1_diff1": 0.37897921141278657,
        "nauc_mrr_at_1_max": 0.37998746132273215,
        "nauc_mrr_at_1_std": 0.3397164733735594,
        "nauc_mrr_at_20_diff1": 0.2363860896802,
        "nauc_mrr_at_20_max": 0.2547276235504858,
        "nauc_mrr_at_20_std": 0.29395612776870733,
        "nauc_mrr_at_3_diff1": 0.3177718851269641,
        "nauc_mrr_at_3_max": 0.3138458378242692,
        "nauc_mrr_at_3_std": 0.31896813419428655,
        "nauc_mrr_at_5_diff1": 0.2819845609000675,
        "nauc_mrr_at_5_max": 0.28617478133921886,
        "nauc_mrr_at_5_std": 0.29903673841968353,
        "nauc_ndcg_at_1000_diff1": 0.06875067858189664,
        "nauc_ndcg_at_1000_max": 0.07991446136619014,
        "nauc_ndcg_at_1000_std": 0.23770591789730652,
        "nauc_ndcg_at_100_diff1": 0.1091648638284558,
        "nauc_ndcg_at_100_max": 0.1295696515592326,
        "nauc_ndcg_at_100_std": 0.27142914543415914,
        "nauc_ndcg_at_10_diff1": 0.23530682579007928,
        "nauc_ndcg_at_10_max": 0.2556225069469169,
        "nauc_ndcg_at_10_std": 0.2778269283113476,
        "nauc_ndcg_at_1_diff1": 0.37897921141278657,
        "nauc_ndcg_at_1_max": 0.37998746132273215,
        "nauc_ndcg_at_1_std": 0.3397164733735594,
        "nauc_ndcg_at_20_diff1": 0.18635641818466708,
        "nauc_ndcg_at_20_max": 0.21236936287750124,
        "nauc_ndcg_at_20_std": 0.2798907992970926,
        "nauc_ndcg_at_3_diff1": 0.3397949693478639,
        "nauc_ndcg_at_3_max": 0.33441832352864925,
        "nauc_ndcg_at_3_std": 0.3170005370623453,
        "nauc_ndcg_at_5_diff1": 0.29470984023414265,
        "nauc_ndcg_at_5_max": 0.2825636443048105,
        "nauc_ndcg_at_5_std": 0.2864469456069721,
        "nauc_precision_at_1000_diff1": 0.027870268667305853,
        "nauc_precision_at_1000_max": 0.01818280289307894,
        "nauc_precision_at_1000_std": 0.22111505626133582,
        "nauc_precision_at_100_diff1": 0.02519978290277849,
        "nauc_precision_at_100_max": 0.035838288596483296,
        "nauc_precision_at_100_std": 0.2826577652793907,
        "nauc_precision_at_10_diff1": 0.06956046528092491,
        "nauc_precision_at_10_max": 0.15748092671661706,
        "nauc_precision_at_10_std": 0.2656314180749284,
        "nauc_precision_at_1_diff1": 0.37897921141278657,
        "nauc_precision_at_1_max": 0.37998746132273215,
        "nauc_precision_at_1_std": 0.3397164733735594,
        "nauc_precision_at_20_diff1": 0.03854750508115949,
        "nauc_precision_at_20_max": 0.09721477142181979,
        "nauc_precision_at_20_std": 0.29017035949402303,
        "nauc_precision_at_3_diff1": 0.2416349832062832,
        "nauc_precision_at_3_max": 0.2656137505230037,
        "nauc_precision_at_3_std": 0.32049021105888886,
        "nauc_precision_at_5_diff1": 0.17319980282589423,
        "nauc_precision_at_5_max": 0.19981328731874698,
        "nauc_precision_at_5_std": 0.2828090525475687,
        "nauc_recall_at_1000_diff1": 0.0320861126916354,
        "nauc_recall_at_1000_max": 0.05186539151147949,
        "nauc_recall_at_1000_std": 0.21227395786911782,
        "nauc_recall_at_100_diff1": 0.026350884513483247,
        "nauc_recall_at_100_max": 0.06705238743925286,
        "nauc_recall_at_100_std": 0.25723412632903286,
        "nauc_recall_at_10_diff1": 0.15606789021120734,
        "nauc_recall_at_10_max": 0.20342792675527688,
        "nauc_recall_at_10_std": 0.2534286636241181,
        "nauc_recall_at_1_diff1": 0.45386026379505634,
        "nauc_recall_at_1_max": 0.41708985903881135,
        "nauc_recall_at_1_std": 0.3260763422583092,
        "nauc_recall_at_20_diff1": 0.0920618462508427,
        "nauc_recall_at_20_max": 0.1415108183204069,
        "nauc_recall_at_20_std": 0.2601255423373254,
        "nauc_recall_at_3_diff1": 0.3251762832750123,
        "nauc_recall_at_3_max": 0.3134747303935402,
        "nauc_recall_at_3_std": 0.308568942547476,
        "nauc_recall_at_5_diff1": 0.2482799826468362,
        "nauc_recall_at_5_max": 0.23238596086040675,
        "nauc_recall_at_5_std": 0.25929951507176385,
        "ndcg_at_1": 0.00412,
        "ndcg_at_10": 0.00707,
        "ndcg_at_100": 0.01493,
        "ndcg_at_1000": 0.03775,
        "ndcg_at_20": 0.00873,
        "ndcg_at_3": 0.00494,
        "ndcg_at_5": 0.00597,
        "precision_at_1": 0.00412,
        "precision_at_10": 0.00161,
        "precision_at_100": 0.00079,
        "precision_at_1000": 0.00038,
        "precision_at_20": 0.00129,
        "precision_at_3": 0.00247,
        "precision_at_5": 0.00217,
        "recall_at_1": 0.00348,
        "recall_at_10": 0.01082,
        "recall_at_100": 0.04693,
        "recall_at_1000": 0.21567,
        "recall_at_20": 0.0167,
        "recall_at_3": 0.00532,
        "recall_at_5": 0.00781
      }
    ]
  },
  "task_name": "CoconutRetrieval"
}