{
  "dataset_revision": "d8865a1b3a269aa2f4b4059a13c1037a9adfbc5d",
  "evaluation_time": 4.919169664382935,
  "kg_co2_emissions": null,
  "mteb_version": "1.14.15",
  "scores": {
    "test": [
      {
        "cosine_accuracy": 0.89990234375,
        "cosine_accuracy_threshold": 0.6890968084335327,
        "cosine_ap": 0.10970117125279971,
        "cosine_f1": 0.1814780168381665,
        "cosine_f1_threshold": 0.5445846319198608,
        "cosine_precision": 0.11213872832369942,
        "cosine_recall": 0.47549019607843135,
        "dot_accuracy": 0.89990234375,
        "dot_accuracy_threshold": 0.6890968084335327,
        "dot_ap": 0.10970117125279971,
        "dot_f1": 0.1814780168381665,
        "dot_f1_threshold": 0.5445845723152161,
        "dot_precision": 0.11213872832369942,
        "dot_recall": 0.47549019607843135,
        "euclidean_accuracy": 0.89990234375,
        "euclidean_accuracy_threshold": 0.7885352373123169,
        "euclidean_ap": 0.10970117125279971,
        "euclidean_f1": 0.1814780168381665,
        "euclidean_f1_threshold": 0.9543745517730713,
        "euclidean_precision": 0.11213872832369942,
        "euclidean_recall": 0.47549019607843135,
        "hf_subset": "default",
        "languages": [
          "eng-Latn"
        ],
        "main_score": 0.18149466192170816,
        "manhattan_accuracy": 0.89990234375,
        "manhattan_accuracy_threshold": 17.176944732666016,
        "manhattan_ap": 0.10799938578373329,
        "manhattan_f1": 0.18149466192170816,
        "manhattan_f1_threshold": 23.565603256225586,
        "manhattan_precision": 0.09980430528375733,
        "manhattan_recall": 1.0,
        "max_accuracy": 0.89990234375,
        "max_ap": 0.10970117125279971,
        "max_f1": 0.18149466192170816,
        "max_precision": 0.11213872832369942,
        "max_recall": 1.0,
        "similarity_accuracy": 0.89990234375,
        "similarity_accuracy_threshold": 0.6890968084335327,
        "similarity_ap": 0.10970117125279971,
        "similarity_f1": 0.1814780168381665,
        "similarity_f1_threshold": 0.5445846319198608,
        "similarity_precision": 0.11213872832369942,
        "similarity_recall": 0.47549019607843135
      }
    ]
  },
  "task_name": "PubChemSMILESIsoTitlePC"
}