{
  "dataset_revision": "023e7a813e3b73d8d33551ed2aea511314d612e2",
  "evaluation_time": 181.43928456306458,
  "kg_co2_emissions": null,
  "mteb_version": "1.14.15",
  "scores": {
    "test": [
      {
        "hf_subset": "default",
        "languages": [
          "eng-Latn"
        ],
        "main_score": 0.69439,
        "map_at_1": 0.40741,
        "map_at_10": 0.6106,
        "map_at_100": 0.61469,
        "map_at_1000": 0.61491,
        "map_at_20": 0.61265,
        "map_at_3": 0.57716,
        "map_at_5": 0.59568,
        "mrr_at_1": 0.48148148148148145,
        "mrr_at_10": 0.6507201646090535,
        "mrr_at_100": 0.652751345988061,
        "mrr_at_1000": 0.652751345988061,
        "mrr_at_20": 0.6507201646090535,
        "mrr_at_3": 0.6419753086419754,
        "mrr_at_5": 0.6419753086419754,
        "nauc_map_at_1000_diff1": 0.21481168647269044,
        "nauc_map_at_1000_max": 0.20874594168336819,
        "nauc_map_at_1000_std": -0.042263321437654065,
        "nauc_map_at_100_diff1": 0.21495850033816782,
        "nauc_map_at_100_max": 0.20844001150941155,
        "nauc_map_at_100_std": -0.04213477127253853,
        "nauc_map_at_10_diff1": 0.21987781936029302,
        "nauc_map_at_10_max": 0.20882891588668795,
        "nauc_map_at_10_std": -0.04199573906758194,
        "nauc_map_at_1_diff1": 0.13011945751496864,
        "nauc_map_at_1_max": 0.05685068502473276,
        "nauc_map_at_1_std": -0.1495638697988484,
        "nauc_map_at_20_diff1": 0.21858450937467339,
        "nauc_map_at_20_max": 0.21159549997558683,
        "nauc_map_at_20_std": -0.04315620736296902,
        "nauc_map_at_3_diff1": 0.20096570091965837,
        "nauc_map_at_3_max": 0.1519936784109561,
        "nauc_map_at_3_std": -0.11616644140764415,
        "nauc_map_at_5_diff1": 0.23531824564919993,
        "nauc_map_at_5_max": 0.20213615139685653,
        "nauc_map_at_5_std": -0.0029290215544666783,
        "nauc_mrr_at_1000_diff1": 0.28599126304770667,
        "nauc_mrr_at_1000_max": 0.4067487935219042,
        "nauc_mrr_at_1000_std": 0.003928190821698843,
        "nauc_mrr_at_100_diff1": 0.28599126304770667,
        "nauc_mrr_at_100_max": 0.4067487935219042,
        "nauc_mrr_at_100_std": 0.003928190821698843,
        "nauc_mrr_at_10_diff1": 0.28912621298501867,
        "nauc_mrr_at_10_max": 0.40841417979005074,
        "nauc_mrr_at_10_std": 0.002530629916576181,
        "nauc_mrr_at_1_diff1": 0.22062491355247493,
        "nauc_mrr_at_1_max": 0.3288869823283727,
        "nauc_mrr_at_1_std": -0.03299710097435633,
        "nauc_mrr_at_20_diff1": 0.28912621298501867,
        "nauc_mrr_at_20_max": 0.40841417979005074,
        "nauc_mrr_at_20_std": 0.002530629916576181,
        "nauc_mrr_at_3_diff1": 0.30813150120132055,
        "nauc_mrr_at_3_max": 0.42434250610317004,
        "nauc_mrr_at_3_std": 0.032937923380164644,
        "nauc_mrr_at_5_diff1": 0.30813150120132055,
        "nauc_mrr_at_5_max": 0.42434250610317004,
        "nauc_mrr_at_5_std": 0.032937923380164644,
        "nauc_ndcg_at_1000_diff1": 0.2531872532389969,
        "nauc_ndcg_at_1000_max": 0.2936821706906569,
        "nauc_ndcg_at_1000_std": -0.013081867391023416,
        "nauc_ndcg_at_100_diff1": 0.2547745434191955,
        "nauc_ndcg_at_100_max": 0.28872736876432376,
        "nauc_ndcg_at_100_std": -0.011647883668417354,
        "nauc_ndcg_at_10_diff1": 0.2823393685170144,
        "nauc_ndcg_at_10_max": 0.3042650018025441,
        "nauc_ndcg_at_10_std": -0.019196389498425035,
        "nauc_ndcg_at_1_diff1": 0.22062491355247493,
        "nauc_ndcg_at_1_max": 0.3288869823283727,
        "nauc_ndcg_at_1_std": -0.03299710097435633,
        "nauc_ndcg_at_20_diff1": 0.279953337982705,
        "nauc_ndcg_at_20_max": 0.31373710189528004,
        "nauc_ndcg_at_20_std": -0.02198695670043124,
        "nauc_ndcg_at_3_diff1": 0.2858893200783719,
        "nauc_ndcg_at_3_max": 0.2531778800123865,
        "nauc_ndcg_at_3_std": -0.055180995958828735,
        "nauc_ndcg_at_5_diff1": 0.32982543520599367,
        "nauc_ndcg_at_5_max": 0.3163351626544572,
        "nauc_ndcg_at_5_std": 0.08122736833044415,
        "nauc_precision_at_1000_diff1": -0.01693975214670606,
        "nauc_precision_at_1000_max": 0.4305750100007292,
        "nauc_precision_at_1000_std": 0.30303172466128336,
        "nauc_precision_at_100_diff1": 0.020461090033693338,
        "nauc_precision_at_100_max": 0.4958300030878343,
        "nauc_precision_at_100_std": 0.3759448668667833,
        "nauc_precision_at_10_diff1": 0.17807049055154092,
        "nauc_precision_at_10_max": 0.5488106450570491,
        "nauc_precision_at_10_std": 0.3000131593399742,
        "nauc_precision_at_1_diff1": 0.22062491355247493,
        "nauc_precision_at_1_max": 0.3288869823283727,
        "nauc_precision_at_1_std": -0.03299710097435633,
        "nauc_precision_at_20_diff1": 0.1354162265306492,
        "nauc_precision_at_20_max": 0.5359361752743246,
        "nauc_precision_at_20_std": 0.2735582525722989,
        "nauc_precision_at_3_diff1": 0.27472632612241654,
        "nauc_precision_at_3_max": 0.5213512330458471,
        "nauc_precision_at_3_std": 0.19943610695500075,
        "nauc_precision_at_5_diff1": 0.2926454306117199,
        "nauc_precision_at_5_max": 0.5318145552677402,
        "nauc_precision_at_5_std": 0.45978680763036445,
        "nauc_recall_at_1000_diff1": NaN,
        "nauc_recall_at_1000_max": NaN,
        "nauc_recall_at_1000_std": NaN,
        "nauc_recall_at_100_diff1": 0.3575499577821519,
        "nauc_recall_at_100_max": -0.17556398709648807,
        "nauc_recall_at_100_std": 0.11320606637943836,
        "nauc_recall_at_10_diff1": 0.5691405150576976,
        "nauc_recall_at_10_max": 0.49000641386477234,
        "nauc_recall_at_10_std": -0.10337147372751057,
        "nauc_recall_at_1_diff1": 0.13011945751496864,
        "nauc_recall_at_1_max": 0.05685068502473276,
        "nauc_recall_at_1_std": -0.1495638697988484,
        "nauc_recall_at_20_diff1": 0.5993677375256312,
        "nauc_recall_at_20_max": 0.5850878997163811,
        "nauc_recall_at_20_std": -0.13431112231421913,
        "nauc_recall_at_3_diff1": 0.49147736011446885,
        "nauc_recall_at_3_max": 0.3138866249972885,
        "nauc_recall_at_3_std": 0.0060452456835693655,
        "nauc_recall_at_5_diff1": 0.6558607821831575,
        "nauc_recall_at_5_max": 0.5046035674138688,
        "nauc_recall_at_5_std": 0.3683177600079852,
        "ndcg_at_1": 0.48148,
        "ndcg_at_10": 0.69439,
        "ndcg_at_100": 0.71289,
        "ndcg_at_1000": 0.71525,
        "ndcg_at_20": 0.69909,
        "ndcg_at_3": 0.64391,
        "ndcg_at_5": 0.66347,
        "precision_at_1": 0.48148,
        "precision_at_10": 0.11481,
        "precision_at_100": 0.01259,
        "precision_at_1000": 0.0013,
        "precision_at_20": 0.05926,
        "precision_at_3": 0.32099,
        "precision_at_5": 0.20741,
        "recall_at_1": 0.40741,
        "recall_at_10": 0.90123,
        "recall_at_100": 0.98765,
        "recall_at_1000": 1.0,
        "recall_at_20": 0.91358,
        "recall_at_3": 0.7716,
        "recall_at_5": 0.80864
      }
    ]
  },
  "task_name": "ChemNQRetrieval"
}