{
  "dataset_revision": "f39c1d16edd269f233be381216bc8146f0857124",
  "evaluation_time": 206.3552372455597,
  "kg_co2_emissions": null,
  "mteb_version": "1.14.15",
  "scores": {
    "dev": [
      {
        "hf_subset": "default",
        "languages": [
          "eng-Latn"
        ],
        "main_score": 0.875,
        "map_at_1": 0.875,
        "map_at_10": 0.875,
        "map_at_100": 0.88194,
        "map_at_1000": 0.88194,
        "map_at_20": 0.88194,
        "map_at_3": 0.875,
        "map_at_5": 0.875,
        "mrr_at_1": 0.875,
        "mrr_at_10": 0.875,
        "mrr_at_100": 0.8819444444444444,
        "mrr_at_1000": 0.8819444444444444,
        "mrr_at_20": 0.8819444444444444,
        "mrr_at_3": 0.875,
        "mrr_at_5": 0.875,
        "nauc_map_at_1000_diff1": 1.0,
        "nauc_map_at_1000_max": 1.0,
        "nauc_map_at_1000_std": 0.5518207282913165,
        "nauc_map_at_100_diff1": 1.0,
        "nauc_map_at_100_max": 1.0,
        "nauc_map_at_100_std": 0.5518207282913165,
        "nauc_map_at_10_diff1": 1.0,
        "nauc_map_at_10_max": 1.0,
        "nauc_map_at_10_std": 0.5518207282913173,
        "nauc_map_at_1_diff1": 1.0,
        "nauc_map_at_1_max": 1.0,
        "nauc_map_at_1_std": 0.5518207282913173,
        "nauc_map_at_20_diff1": 1.0,
        "nauc_map_at_20_max": 1.0,
        "nauc_map_at_20_std": 0.5518207282913165,
        "nauc_map_at_3_diff1": 1.0,
        "nauc_map_at_3_max": 1.0,
        "nauc_map_at_3_std": 0.5518207282913173,
        "nauc_map_at_5_diff1": 1.0,
        "nauc_map_at_5_max": 1.0,
        "nauc_map_at_5_std": 0.5518207282913173,
        "nauc_mrr_at_1000_diff1": 1.0,
        "nauc_mrr_at_1000_max": 1.0,
        "nauc_mrr_at_1000_std": 0.5518207282913165,
        "nauc_mrr_at_100_diff1": 1.0,
        "nauc_mrr_at_100_max": 1.0,
        "nauc_mrr_at_100_std": 0.5518207282913165,
        "nauc_mrr_at_10_diff1": 1.0,
        "nauc_mrr_at_10_max": 1.0,
        "nauc_mrr_at_10_std": 0.5518207282913173,
        "nauc_mrr_at_1_diff1": 1.0,
        "nauc_mrr_at_1_max": 1.0,
        "nauc_mrr_at_1_std": 0.5518207282913173,
        "nauc_mrr_at_20_diff1": 1.0,
        "nauc_mrr_at_20_max": 1.0,
        "nauc_mrr_at_20_std": 0.5518207282913165,
        "nauc_mrr_at_3_diff1": 1.0,
        "nauc_mrr_at_3_max": 1.0,
        "nauc_mrr_at_3_std": 0.5518207282913173,
        "nauc_mrr_at_5_diff1": 1.0,
        "nauc_mrr_at_5_max": 1.0,
        "nauc_mrr_at_5_std": 0.5518207282913173,
        "nauc_ndcg_at_1000_diff1": 1.0,
        "nauc_ndcg_at_1000_max": 1.0,
        "nauc_ndcg_at_1000_std": 0.5518207282913165,
        "nauc_ndcg_at_100_diff1": 1.0,
        "nauc_ndcg_at_100_max": 1.0,
        "nauc_ndcg_at_100_std": 0.5518207282913165,
        "nauc_ndcg_at_10_diff1": 1.0,
        "nauc_ndcg_at_10_max": 1.0,
        "nauc_ndcg_at_10_std": 0.5518207282913173,
        "nauc_ndcg_at_1_diff1": 1.0,
        "nauc_ndcg_at_1_max": 1.0,
        "nauc_ndcg_at_1_std": 0.5518207282913173,
        "nauc_ndcg_at_20_diff1": 1.0,
        "nauc_ndcg_at_20_max": 1.0,
        "nauc_ndcg_at_20_std": 0.5518207282913165,
        "nauc_ndcg_at_3_diff1": 1.0,
        "nauc_ndcg_at_3_max": 1.0,
        "nauc_ndcg_at_3_std": 0.5518207282913173,
        "nauc_ndcg_at_5_diff1": 1.0,
        "nauc_ndcg_at_5_max": 1.0,
        "nauc_ndcg_at_5_std": 0.5518207282913173,
        "nauc_precision_at_1000_diff1": 1.0,
        "nauc_precision_at_1000_max": 1.0,
        "nauc_precision_at_1000_std": 1.0,
        "nauc_precision_at_100_diff1": 1.0,
        "nauc_precision_at_100_max": 1.0,
        "nauc_precision_at_100_std": 1.0,
        "nauc_precision_at_10_diff1": 1.0,
        "nauc_precision_at_10_max": 1.0,
        "nauc_precision_at_10_std": 0.5518207282913167,
        "nauc_precision_at_1_diff1": 1.0,
        "nauc_precision_at_1_max": 1.0,
        "nauc_precision_at_1_std": 0.5518207282913173,
        "nauc_precision_at_20_diff1": NaN,
        "nauc_precision_at_20_max": NaN,
        "nauc_precision_at_20_std": NaN,
        "nauc_precision_at_3_diff1": 1.0,
        "nauc_precision_at_3_max": 1.0,
        "nauc_precision_at_3_std": 0.5518207282913179,
        "nauc_precision_at_5_diff1": 1.0,
        "nauc_precision_at_5_max": 1.0,
        "nauc_precision_at_5_std": 0.5518207282913167,
        "nauc_recall_at_1000_diff1": NaN,
        "nauc_recall_at_1000_max": NaN,
        "nauc_recall_at_1000_std": NaN,
        "nauc_recall_at_100_diff1": NaN,
        "nauc_recall_at_100_max": NaN,
        "nauc_recall_at_100_std": NaN,
        "nauc_recall_at_10_diff1": 1.0,
        "nauc_recall_at_10_max": 1.0,
        "nauc_recall_at_10_std": 0.5518207282913173,
        "nauc_recall_at_1_diff1": 1.0,
        "nauc_recall_at_1_max": 1.0,
        "nauc_recall_at_1_std": 0.5518207282913173,
        "nauc_recall_at_20_diff1": NaN,
        "nauc_recall_at_20_max": NaN,
        "nauc_recall_at_20_std": NaN,
        "nauc_recall_at_3_diff1": 1.0,
        "nauc_recall_at_3_max": 1.0,
        "nauc_recall_at_3_std": 0.5518207282913173,
        "nauc_recall_at_5_diff1": 1.0,
        "nauc_recall_at_5_max": 1.0,
        "nauc_recall_at_5_std": 0.5518207282913173,
        "ndcg_at_1": 0.875,
        "ndcg_at_10": 0.875,
        "ndcg_at_100": 0.90443,
        "ndcg_at_1000": 0.90443,
        "ndcg_at_20": 0.90443,
        "ndcg_at_3": 0.875,
        "ndcg_at_5": 0.875,
        "precision_at_1": 0.875,
        "precision_at_10": 0.0875,
        "precision_at_100": 0.01,
        "precision_at_1000": 0.001,
        "precision_at_20": 0.05,
        "precision_at_3": 0.29167,
        "precision_at_5": 0.175,
        "recall_at_1": 0.875,
        "recall_at_10": 0.875,
        "recall_at_100": 1.0,
        "recall_at_1000": 1.0,
        "recall_at_20": 1.0,
        "recall_at_3": 0.875,
        "recall_at_5": 0.875
      }
    ],
    "test": [
      {
        "hf_subset": "default",
        "languages": [
          "eng-Latn"
        ],
        "main_score": 0.75727,
        "map_at_1": 0.72222,
        "map_at_10": 0.75,
        "map_at_100": 0.75622,
        "map_at_1000": 0.7564,
        "map_at_20": 0.75397,
        "map_at_3": 0.75,
        "map_at_5": 0.75,
        "mrr_at_1": 0.7222222222222222,
        "mrr_at_10": 0.75,
        "mrr_at_100": 0.7562229437229437,
        "mrr_at_1000": 0.7564033189033189,
        "mrr_at_20": 0.753968253968254,
        "mrr_at_3": 0.75,
        "mrr_at_5": 0.75,
        "nauc_map_at_1000_diff1": 0.8926353733845863,
        "nauc_map_at_1000_max": 0.7280331864687156,
        "nauc_map_at_1000_std": -0.4508089331135232,
        "nauc_map_at_100_diff1": 0.8927226523073456,
        "nauc_map_at_100_max": 0.7282542739093321,
        "nauc_map_at_100_std": -0.4497371330029222,
        "nauc_map_at_10_diff1": 0.8886125421922184,
        "nauc_map_at_10_max": 0.730170778669624,
        "nauc_map_at_10_std": -0.4545095653640688,
        "nauc_map_at_1_diff1": 0.9294297019639159,
        "nauc_map_at_1_max": 0.651557503374398,
        "nauc_map_at_1_std": -0.6042941485131195,
        "nauc_map_at_20_diff1": 0.8924663143006029,
        "nauc_map_at_20_max": 0.7287027719544652,
        "nauc_map_at_20_std": -0.4508595104738932,
        "nauc_map_at_3_diff1": 0.8886125421922184,
        "nauc_map_at_3_max": 0.730170778669624,
        "nauc_map_at_3_std": -0.4545095653640688,
        "nauc_map_at_5_diff1": 0.8886125421922184,
        "nauc_map_at_5_max": 0.730170778669624,
        "nauc_map_at_5_std": -0.4545095653640688,
        "nauc_mrr_at_1000_diff1": 0.8926353733845863,
        "nauc_mrr_at_1000_max": 0.7280331864687156,
        "nauc_mrr_at_1000_std": -0.4508089331135232,
        "nauc_mrr_at_100_diff1": 0.8927226523073456,
        "nauc_mrr_at_100_max": 0.7282542739093321,
        "nauc_mrr_at_100_std": -0.4497371330029222,
        "nauc_mrr_at_10_diff1": 0.8886125421922184,
        "nauc_mrr_at_10_max": 0.730170778669624,
        "nauc_mrr_at_10_std": -0.4545095653640688,
        "nauc_mrr_at_1_diff1": 0.9294297019639159,