{
  "dataset_revision": "831d292c3959eae59e4f89b8758738feee97d6cf",
  "evaluation_time": 134.37619018554688,
  "kg_co2_emissions": null,
  "mteb_version": "1.14.15",
  "scores": {
    "test": [
      {
        "hf_subset": "default",
        "languages": [
          "eng-Latn"
        ],
        "main_score": 0.00394,
        "map_at_1": 0.00195,
        "map_at_10": 0.00308,
        "map_at_100": 0.00368,
        "map_at_1000": 0.00413,
        "map_at_20": 0.00327,
        "map_at_3": 0.00264,
        "map_at_5": 0.0028,
        "mrr_at_1": 0.0023548804898151417,
        "mrr_at_10": 0.0035675972182506966,
        "mrr_at_100": 0.004221196832139872,
        "mrr_at_1000": 0.004649190615150118,
        "mrr_at_20": 0.003761566132357557,
        "mrr_at_3": 0.0030613446367596846,
        "mrr_at_5": 0.003232073472271282,
        "nauc_map_at_1000_diff1": 0.36618606559487765,
        "nauc_map_at_1000_max": 0.2558830239620199,
        "nauc_map_at_1000_std": 0.2672553062598635,
        "nauc_map_at_100_diff1": 0.40506790633621137,
        "nauc_map_at_100_max": 0.29504499977998927,
        "nauc_map_at_100_std": 0.2962911564256775,
        "nauc_map_at_10_diff1": 0.4881866273473267,
        "nauc_map_at_10_max": 0.35737138485952635,
        "nauc_map_at_10_std": 0.35152040012527924,
        "nauc_map_at_1_diff1": 0.7534064359686846,
        "nauc_map_at_1_max": 0.5819896998296886,
        "nauc_map_at_1_std": 0.5346926684845095,
        "nauc_map_at_20_diff1": 0.4618303024259303,
        "nauc_map_at_20_max": 0.33915580464083256,
        "nauc_map_at_20_std": 0.33025790594929566,
        "nauc_map_at_3_diff1": 0.5624214897928507,
        "nauc_map_at_3_max": 0.4203580239010668,
        "nauc_map_at_3_std": 0.4128547473562966,
        "nauc_map_at_5_diff1": 0.5548377077411257,
        "nauc_map_at_5_max": 0.4073263220136775,
        "nauc_map_at_5_std": 0.39105070543843384,
        "nauc_mrr_at_1000_diff1": 0.3414240847674454,
        "nauc_mrr_at_1000_max": 0.2338277880643463,
        "nauc_mrr_at_1000_std": 0.23350731576273473,
        "nauc_mrr_at_100_diff1": 0.36986571715044586,
        "nauc_mrr_at_100_max": 0.2638270092518617,
        "nauc_mrr_at_100_std": 0.2536800343996908,
        "nauc_mrr_at_10_diff1": 0.4354922470577561,
        "nauc_mrr_at_10_max": 0.31368691325195913,
        "nauc_mrr_at_10_std": 0.29584237975244926,
        "nauc_mrr_at_1_diff1": 0.6708149294506748,
        "nauc_mrr_at_1_max": 0.5303537534664629,
        "nauc_mrr_at_1_std": 0.49689318554231104,
        "nauc_mrr_at_20_diff1": 0.4200029183589383,
        "nauc_mrr_at_20_max": 0.3009132401816551,
        "nauc_mrr_at_20_std": 0.2827589153205094,
        "nauc_mrr_at_3_diff1": 0.4920116807234773,
        "nauc_mrr_at_3_max": 0.35859680725359716,
        "nauc_mrr_at_3_std": 0.34398531735255716,
        "nauc_mrr_at_5_diff1": 0.5040612742975137,
        "nauc_mrr_at_5_max": 0.3546276394288888,
        "nauc_mrr_at_5_std": 0.3281266455608371,
        "nauc_ndcg_at_1000_diff1": 0.0777971421469502,
        "nauc_ndcg_at_1000_max": -0.005378911973267644,
        "nauc_ndcg_at_1000_std": 0.05786940899980209,
        "nauc_ndcg_at_100_diff1": 0.17412567733867843,
        "nauc_ndcg_at_100_max": 0.10557750650811329,
        "nauc_ndcg_at_100_std": 0.12848985494060527,
        "nauc_ndcg_at_10_diff1": 0.372618194852427,
        "nauc_ndcg_at_10_max": 0.2637175516654539,
        "nauc_ndcg_at_10_std": 0.26084028475895193,
        "nauc_ndcg_at_1_diff1": 0.6708149294506748,
        "nauc_ndcg_at_1_max": 0.5303537534664629,
        "nauc_ndcg_at_1_std": 0.49689318554231104,
        "nauc_ndcg_at_20_diff1": 0.336985519273593,
        "nauc_ndcg_at_20_max": 0.232760763370351,
        "nauc_ndcg_at_20_std": 0.22572687428190696,
        "nauc_ndcg_at_3_diff1": 0.48430060246004636,
        "nauc_ndcg_at_3_max": 0.35689223055099006,
        "nauc_ndcg_at_3_std": 0.3504318873770407,
        "nauc_ndcg_at_5_diff1": 0.49789410906837867,
        "nauc_ndcg_at_5_max": 0.349598082823172,
        "nauc_ndcg_at_5_std": 0.3282677216577484,
        "nauc_precision_at_1000_diff1": 0.005970979475918541,
        "nauc_precision_at_1000_max": -0.06739271641385591,
        "nauc_precision_at_1000_std": 0.02209240659876415,
        "nauc_precision_at_100_diff1": 0.0029186872547559703,
        "nauc_precision_at_100_max": -0.023273514082318817,
        "nauc_precision_at_100_std": 0.03789367997628688,
        "nauc_precision_at_10_diff1": 0.13533813912426002,
        "nauc_precision_at_10_max": 0.11165650410299136,
        "nauc_precision_at_10_std": 0.12621182914657728,
        "nauc_precision_at_1_diff1": 0.6708149294506748,
        "nauc_precision_at_1_max": 0.5303537534664629,
        "nauc_precision_at_1_std": 0.49689318554231104,
        "nauc_precision_at_20_diff1": 0.11331793970658795,
        "nauc_precision_at_20_max": 0.08578919207742608,
        "nauc_precision_at_20_std": 0.09501320259311567,
        "nauc_precision_at_3_diff1": 0.2947214234361778,
        "nauc_precision_at_3_max": 0.21534930666066227,
        "nauc_precision_at_3_std": 0.23567080661570047,
        "nauc_precision_at_5_diff1": 0.3101718982103643,
        "nauc_precision_at_5_max": 0.1854069090751888,
        "nauc_precision_at_5_std": 0.17577952167825317,
        "nauc_recall_at_1000_diff1": 0.030355707071520747,
        "nauc_recall_at_1000_max": -0.04762817410101083,
        "nauc_recall_at_1000_std": 0.01928880129857609,
        "nauc_recall_at_100_diff1": 0.04091454047061793,
        "nauc_recall_at_100_max": -0.0072669563083607985,
        "nauc_recall_at_100_std": 0.026316149354085574,
        "nauc_recall_at_10_diff1": 0.22199585761004323,
        "nauc_recall_at_10_max": 0.13475060854472168,
        "nauc_recall_at_10_std": 0.14323475393354548,
        "nauc_recall_at_1_diff1": 0.7534064359686846,
        "nauc_recall_at_1_max": 0.5819896998296886,
        "nauc_recall_at_1_std": 0.5346926684845095,
        "nauc_recall_at_20_diff1": 0.20293616421924868,
        "nauc_recall_at_20_max": 0.1075689898434425,
        "nauc_recall_at_20_std": 0.10619554871179272,
        "nauc_recall_at_3_diff1": 0.40940645496176825,
        "nauc_recall_at_3_max": 0.28040630873950034,
        "nauc_recall_at_3_std": 0.27565119858628206,
        "nauc_recall_at_5_diff1": 0.4323265545204324,
        "nauc_recall_at_5_max": 0.28289784590718964,
        "nauc_recall_at_5_std": 0.25461338576977655,
        "ndcg_at_1": 0.00235,
        "ndcg_at_10": 0.00394,
        "ndcg_at_100": 0.00808,
        "ndcg_at_1000": 0.02443,
        "ndcg_at_20": 0.00457,
        "ndcg_at_3": 0.003,
        "ndcg_at_5": 0.00323,
        "precision_at_1": 0.00235,
        "precision_at_10": 0.00093,
        "precision_at_100": 0.00046,
        "precision_at_1000": 0.00027,
        "precision_at_20": 0.00067,
        "precision_at_3": 0.00161,
        "precision_at_5": 0.0012,
        "recall_at_1": 0.00195,
        "recall_at_10": 0.00595,
        "recall_at_100": 0.02534,
        "recall_at_1000": 0.14631,
        "recall_at_20": 0.00807,
        "recall_at_3": 0.00344,
        "recall_at_5": 0.00398
      }
    ]
  },
  "task_name": "CoconutRetrieval"
}