{
  "dataset_revision": "831d292c3959eae59e4f89b8758738feee97d6cf",
  "task_name": "CoconutRetrieval",
  "mteb_version": "1.36.8",
  "scores": {
    "test": [
      {
        "ndcg_at_1": 0.00059,
        "ndcg_at_3": 0.00091,
        "ndcg_at_5": 0.00114,
        "ndcg_at_10": 0.0014,
        "ndcg_at_20": 0.00172,
        "ndcg_at_100": 0.00318,
        "ndcg_at_1000": 0.01243,
        "map_at_1": 0.00045,
        "map_at_3": 0.00078,
        "map_at_5": 0.00092,
        "map_at_10": 0.00103,
        "map_at_20": 0.00111,
        "map_at_100": 0.00127,
        "map_at_1000": 0.00149,
        "recall_at_1": 0.00045,
        "recall_at_3": 0.00116,
        "recall_at_5": 0.00169,
        "recall_at_10": 0.00241,
        "recall_at_20": 0.0036,
        "recall_at_100": 0.01047,
        "recall_at_1000": 0.0794,
        "precision_at_1": 0.00059,
        "precision_at_3": 0.00051,
        "precision_at_5": 0.00042,
        "precision_at_10": 0.00032,
        "precision_at_20": 0.00025,
        "precision_at_100": 0.00019,
        "precision_at_1000": 0.00015,
        "mrr_at_1": 0.000589,
        "mrr_at_3": 0.000922,
        "mrr_at_5": 0.00104,
        "mrr_at_10": 0.001147,
        "mrr_at_20": 0.001262,
        "mrr_at_100": 0.001504,
        "mrr_at_1000": 0.001753,
        "nauc_ndcg_at_1_max": -0.11011,
        "nauc_ndcg_at_1_std": 0.272957,
        "nauc_ndcg_at_1_diff1": 0.458924,
        "nauc_ndcg_at_3_max": -0.133638,
        "nauc_ndcg_at_3_std": 0.563587,
        "nauc_ndcg_at_3_diff1": 0.400168,
        "nauc_ndcg_at_5_max": -0.194066,
        "nauc_ndcg_at_5_std": 0.580866,
        "nauc_ndcg_at_5_diff1": 0.408589,
        "nauc_ndcg_at_10_max": -0.17423,
        "nauc_ndcg_at_10_std": 0.520509,
        "nauc_ndcg_at_10_diff1": 0.398968,
        "nauc_ndcg_at_20_max": -0.136963,
        "nauc_ndcg_at_20_std": 0.506482,
        "nauc_ndcg_at_20_diff1": 0.350258,
        "nauc_ndcg_at_100_max": -0.048198,
        "nauc_ndcg_at_100_std": 0.331106,
        "nauc_ndcg_at_100_diff1": 0.227999,
        "nauc_ndcg_at_1000_max": -0.008621,
        "nauc_ndcg_at_1000_std": 0.189558,
        "nauc_ndcg_at_1000_diff1": 0.158551,
        "nauc_map_at_1_max": 0.021492,
        "nauc_map_at_1_std": 0.385978,
        "nauc_map_at_1_diff1": 0.451526,
        "nauc_map_at_3_max": -0.092742,
        "nauc_map_at_3_std": 0.542605,
        "nauc_map_at_3_diff1": 0.37046,
        "nauc_map_at_5_max": -0.147302,
        "nauc_map_at_5_std": 0.552653,
        "nauc_map_at_5_diff1": 0.373784,
        "nauc_map_at_10_max": -0.144103,
        "nauc_map_at_10_std": 0.528637,
        "nauc_map_at_10_diff1": 0.375625,
        "nauc_map_at_20_max": -0.134977,
        "nauc_map_at_20_std": 0.52228,
        "nauc_map_at_20_diff1": 0.358342,
        "nauc_map_at_100_max": -0.105492,
        "nauc_map_at_100_std": 0.467338,
        "nauc_map_at_100_diff1": 0.323946,
        "nauc_map_at_1000_max": -0.088201,
        "nauc_map_at_1000_std": 0.421652,
        "nauc_map_at_1000_diff1": 0.298469,
        "nauc_recall_at_1_max": 0.021492,
        "nauc_recall_at_1_std": 0.385978,
        "nauc_recall_at_1_diff1": 0.451526,
        "nauc_recall_at_3_max": -0.163054,
        "nauc_recall_at_3_std": 0.646021,
        "nauc_recall_at_3_diff1": 0.411743,
        "nauc_recall_at_5_max": -0.246059,
        "nauc_recall_at_5_std": 0.651013,
        "nauc_recall_at_5_diff1": 0.426149,
        "nauc_recall_at_10_max": -0.198582,
        "nauc_recall_at_10_std": 0.539256,
        "nauc_recall_at_10_diff1": 0.415016,
        "nauc_recall_at_20_max": -0.117758,
        "nauc_recall_at_20_std": 0.523607,
        "nauc_recall_at_20_diff1": 0.317122,
        "nauc_recall_at_100_max": -0.002315,
        "nauc_recall_at_100_std": 0.272834,
        "nauc_recall_at_100_diff1": 0.157195,
        "nauc_recall_at_1000_max": 0.019357,
        "nauc_recall_at_1000_std": 0.168357,
        "nauc_recall_at_1000_diff1": 0.131939,
        "nauc_precision_at_1_max": -0.11011,
        "nauc_precision_at_1_std": 0.272957,
        "nauc_precision_at_1_diff1": 0.458924,
        "nauc_precision_at_3_max": -0.251772,
        "nauc_precision_at_3_std": 0.572992,
        "nauc_precision_at_3_diff1": 0.415907,
        "nauc_precision_at_5_max": -0.302573,
        "nauc_precision_at_5_std": 0.582043,
        "nauc_precision_at_5_diff1": 0.409068,
        "nauc_precision_at_10_max": -0.244791,
        "nauc_precision_at_10_std": 0.44827,
        "nauc_precision_at_10_diff1": 0.377821,
        "nauc_precision_at_20_max": -0.146034,
        "nauc_precision_at_20_std": 0.422589,
        "nauc_precision_at_20_diff1": 0.310092,
        "nauc_precision_at_100_max": -0.014767,
        "nauc_precision_at_100_std": 0.195604,
        "nauc_precision_at_100_diff1": 0.149966,
        "nauc_precision_at_1000_max": -0.035538,
        "nauc_precision_at_1000_std": 0.116927,
        "nauc_precision_at_1000_diff1": 0.141328,
        "nauc_mrr_at_1_max": -0.11011,
        "nauc_mrr_at_1_std": 0.272957,
        "nauc_mrr_at_1_diff1": 0.458924,
        "nauc_mrr_at_3_max": -0.166455,
        "nauc_mrr_at_3_std": 0.475981,
        "nauc_mrr_at_3_diff1": 0.445264,
        "nauc_mrr_at_5_max": -0.19498,
        "nauc_mrr_at_5_std": 0.505004,
        "nauc_mrr_at_5_diff1": 0.456052,
        "nauc_mrr_at_10_max": -0.173827,
        "nauc_mrr_at_10_std": 0.463757,
        "nauc_mrr_at_10_diff1": 0.433017,
        "nauc_mrr_at_20_max": -0.159317,
        "nauc_mrr_at_20_std": 0.452242,
        "nauc_mrr_at_20_diff1": 0.410302,
        "nauc_mrr_at_100_max": -0.127975,
        "nauc_mrr_at_100_std": 0.393884,
        "nauc_mrr_at_100_diff1": 0.362842,
        "nauc_mrr_at_1000_max": -0.111221,
        "nauc_mrr_at_1000_std": 0.357208,
        "nauc_mrr_at_1000_diff1": 0.332644,
        "main_score": 0.0014,
        "hf_subset": "default",
        "languages": [
          "eng-Latn"
        ]
      }
    ]
  },
  "evaluation_time": 28.9858717918396,
  "kg_co2_emissions": null
}