{
  "dataset_revision": "831d292c3959eae59e4f89b8758738feee97d6cf",
  "task_name": "CoconutRetrieval",
  "mteb_version": "1.36.8",
  "scores": {
    "test": [
      {
        "ndcg_at_1": 0.00306,
        "ndcg_at_3": 0.00387,
        "ndcg_at_5": 0.00431,
        "ndcg_at_10": 0.00497,
        "ndcg_at_20": 0.00597,
        "ndcg_at_100": 0.00934,
        "ndcg_at_1000": 0.02457,
        "map_at_1": 0.00288,
        "map_at_3": 0.0036,
        "map_at_5": 0.00383,
        "map_at_10": 0.00414,
        "map_at_20": 0.00443,
        "map_at_100": 0.00484,
        "map_at_1000": 0.00526,
        "recall_at_1": 0.00288,
        "recall_at_3": 0.00442,
        "recall_at_5": 0.00543,
        "recall_at_10": 0.00717,
        "recall_at_20": 0.0107,
        "recall_at_100": 0.02731,
        "recall_at_1000": 0.14015,
        "precision_at_1": 0.00306,
        "precision_at_3": 0.00169,
        "precision_at_5": 0.0013,
        "precision_at_10": 0.00097,
        "precision_at_20": 0.00077,
        "precision_at_100": 0.00045,
        "precision_at_1000": 0.00025,
        "mrr_at_1": 0.003061,
        "mrr_at_3": 0.003807,
        "mrr_at_5": 0.004096,
        "mrr_at_10": 0.004377,
        "mrr_at_20": 0.00468,
        "mrr_at_100": 0.005114,
        "mrr_at_1000": 0.005509,
        "nauc_ndcg_at_1_max": 0.429123,
        "nauc_ndcg_at_1_std": 0.171739,
        "nauc_ndcg_at_1_diff1": 0.651738,
        "nauc_ndcg_at_3_max": 0.385944,
        "nauc_ndcg_at_3_std": 0.115336,
        "nauc_ndcg_at_3_diff1": 0.596994,
        "nauc_ndcg_at_5_max": 0.331682,
        "nauc_ndcg_at_5_std": 0.08397,
        "nauc_ndcg_at_5_diff1": 0.521408,
        "nauc_ndcg_at_10_max": 0.301393,
        "nauc_ndcg_at_10_std": 0.07929,
        "nauc_ndcg_at_10_diff1": 0.434537,
        "nauc_ndcg_at_20_max": 0.28353,
        "nauc_ndcg_at_20_std": 0.067632,
        "nauc_ndcg_at_20_diff1": 0.354231,
        "nauc_ndcg_at_100_max": 0.194463,
        "nauc_ndcg_at_100_std": 0.027575,
        "nauc_ndcg_at_100_diff1": 0.202231,
        "nauc_ndcg_at_1000_max": 0.031357,
        "nauc_ndcg_at_1000_std": -0.039013,
        "nauc_ndcg_at_1000_diff1": 0.060105,
        "nauc_map_at_1_max": 0.427981,
        "nauc_map_at_1_std": 0.148632,
        "nauc_map_at_1_diff1": 0.661926,
        "nauc_map_at_3_max": 0.400669,
        "nauc_map_at_3_std": 0.126033,
        "nauc_map_at_3_diff1": 0.613326,
        "nauc_map_at_5_max": 0.365921,
        "nauc_map_at_5_std": 0.106017,
        "nauc_map_at_5_diff1": 0.565312,
        "nauc_map_at_10_max": 0.343759,
        "nauc_map_at_10_std": 0.099253,
        "nauc_map_at_10_diff1": 0.513829,
        "nauc_map_at_20_max": 0.338017,
        "nauc_map_at_20_std": 0.094411,
        "nauc_map_at_20_diff1": 0.476922,
        "nauc_map_at_100_max": 0.313349,
        "nauc_map_at_100_std": 0.082629,
        "nauc_map_at_100_diff1": 0.431886,
        "nauc_map_at_1000_max": 0.284881,
        "nauc_map_at_1000_std": 0.071046,
        "nauc_map_at_1000_diff1": 0.395684,
        "nauc_recall_at_1_max": 0.427981,
        "nauc_recall_at_1_std": 0.148632,
        "nauc_recall_at_1_diff1": 0.661926,
        "nauc_recall_at_3_max": 0.377836,
        "nauc_recall_at_3_std": 0.093494,
        "nauc_recall_at_3_diff1": 0.580106,
        "nauc_recall_at_5_max": 0.280709,
        "nauc_recall_at_5_std": 0.042145,
        "nauc_recall_at_5_diff1": 0.444489,
        "nauc_recall_at_10_max": 0.239016,
        "nauc_recall_at_10_std": 0.045867,
        "nauc_recall_at_10_diff1": 0.304378,
        "nauc_recall_at_20_max": 0.220776,
        "nauc_recall_at_20_std": 0.028855,
        "nauc_recall_at_20_diff1": 0.191691,
        "nauc_recall_at_100_max": 0.103563,
        "nauc_recall_at_100_std": -0.019162,
        "nauc_recall_at_100_diff1": 0.034079,
        "nauc_recall_at_1000_max": -0.041334,
        "nauc_recall_at_1000_std": -0.071677,
        "nauc_recall_at_1000_diff1": -0.022573,
        "nauc_precision_at_1_max": 0.429123,
        "nauc_precision_at_1_std": 0.171739,
        "nauc_precision_at_1_diff1": 0.651738,
        "nauc_precision_at_3_max": 0.338312,
        "nauc_precision_at_3_std": 0.117811,
        "nauc_precision_at_3_diff1": 0.541235,
        "nauc_precision_at_5_max": 0.230212,
        "nauc_precision_at_5_std": 0.048038,
        "nauc_precision_at_5_diff1": 0.397536,
        "nauc_precision_at_10_max": 0.174386,
        "nauc_precision_at_10_std": 0.040047,
        "nauc_precision_at_10_diff1": 0.242797,
        "nauc_precision_at_20_max": 0.195193,
        "nauc_precision_at_20_std": 0.054327,
        "nauc_precision_at_20_diff1": 0.128226,
        "nauc_precision_at_100_max": 0.089472,
        "nauc_precision_at_100_std": 0.001473,
        "nauc_precision_at_100_diff1": -0.010105,
        "nauc_precision_at_1000_max": -0.05966,
        "nauc_precision_at_1000_std": -0.070693,
        "nauc_precision_at_1000_diff1": -0.031506,
        "nauc_mrr_at_1_max": 0.429123,
        "nauc_mrr_at_1_std": 0.171739,
        "nauc_mrr_at_1_diff1": 0.651738,
        "nauc_mrr_at_3_max": 0.377467,
        "nauc_mrr_at_3_std": 0.122902,
        "nauc_mrr_at_3_diff1": 0.594597,
        "nauc_mrr_at_5_max": 0.339167,
        "nauc_mrr_at_5_std": 0.101048,
        "nauc_mrr_at_5_diff1": 0.544159,
        "nauc_mrr_at_10_max": 0.330115,
        "nauc_mrr_at_10_std": 0.10218,
        "nauc_mrr_at_10_diff1": 0.499394,
        "nauc_mrr_at_20_max": 0.315581,
        "nauc_mrr_at_20_std": 0.092985,
        "nauc_mrr_at_20_diff1": 0.462061,
        "nauc_mrr_at_100_max": 0.2954,
        "nauc_mrr_at_100_std": 0.082449,
        "nauc_mrr_at_100_diff1": 0.41804,
        "nauc_mrr_at_1000_max": 0.270937,
        "nauc_mrr_at_1000_std": 0.071805,
        "nauc_mrr_at_1000_diff1": 0.387976,
        "main_score": 0.00497,
        "hf_subset": "default",
        "languages": [
          "eng-Latn"
        ]
      }
    ]
  },
  "evaluation_time": 16.561376333236694,
  "kg_co2_emissions": null
}