{
  "dataset_revision": "main",
  "task_name": "FSUChemRxivQest",
  "mteb_version": "0.1",
  "scores": {
    "test": [
      {
        "ndcg_at_1": 0.10917,
        "ndcg_at_3": 0.11313,
        "ndcg_at_5": 0.12365,
        "ndcg_at_10": 0.14093,
        "ndcg_at_20": 0.15511,
        "ndcg_at_100": 0.1781,
        "ndcg_at_1000": 0.21273,
        "map_at_1": 0.06952,
        "map_at_3": 0.0938,
        "map_at_5": 0.09912,
        "map_at_10": 0.10584,
        "map_at_20": 0.10967,
        "map_at_100": 0.11274,
        "map_at_1000": 0.1139,
        "recall_at_1": 0.06952,
        "recall_at_3": 0.1241,
        "recall_at_5": 0.14641,
        "recall_at_10": 0.19361,
        "recall_at_20": 0.24545,
        "recall_at_100": 0.35994,
        "recall_at_1000": 0.6126,
        "precision_at_1": 0.10917,
        "precision_at_3": 0.06248,
        "precision_at_5": 0.0447,
        "precision_at_10": 0.02997,
        "precision_at_20": 0.01864,
        "precision_at_100": 0.00545,
        "precision_at_1000": 0.00095,
        "mrr_at_1": 0.109166,
        "mrr_at_3": 0.141778,
        "mrr_at_5": 0.14976,
        "mrr_at_10": 0.158772,
        "mrr_at_20": 0.163047,
        "mrr_at_100": 0.166227,
        "mrr_at_1000": 0.167262,
        "nauc_ndcg_at_1_max": 0.247395,
        "nauc_ndcg_at_1_std": 0.002109,
        "nauc_ndcg_at_1_diff1": 0.443894,
        "nauc_ndcg_at_3_max": 0.24361,
        "nauc_ndcg_at_3_std": 0.014988,
        "nauc_ndcg_at_3_diff1": 0.376775,
        "nauc_ndcg_at_5_max": 0.239245,
        "nauc_ndcg_at_5_std": 0.013272,
        "nauc_ndcg_at_5_diff1": 0.368852,
        "nauc_ndcg_at_10_max": 0.257042,
        "nauc_ndcg_at_10_std": 0.038111,
        "nauc_ndcg_at_10_diff1": 0.3476,
        "nauc_ndcg_at_20_max": 0.257498,
        "nauc_ndcg_at_20_std": 0.041207,
        "nauc_ndcg_at_20_diff1": 0.324747,
        "nauc_ndcg_at_100_max": 0.241947,
        "nauc_ndcg_at_100_std": 0.038868,
        "nauc_ndcg_at_100_diff1": 0.306851,
        "nauc_ndcg_at_1000_max": 0.252117,
        "nauc_ndcg_at_1000_std": 0.038174,
        "nauc_ndcg_at_1000_diff1": 0.309028,
        "nauc_map_at_1_max": 0.247743,
        "nauc_map_at_1_std": -0.013845,
        "nauc_map_at_1_diff1": 0.443679,
        "nauc_map_at_3_max": 0.244792,
        "nauc_map_at_3_std": 0.003672,
        "nauc_map_at_3_diff1": 0.392883,
        "nauc_map_at_5_max": 0.241826,
        "nauc_map_at_5_std": 0.003615,
        "nauc_map_at_5_diff1": 0.387968,
        "nauc_map_at_10_max": 0.251803,
        "nauc_map_at_10_std": 0.018989,
        "nauc_map_at_10_diff1": 0.377489,
        "nauc_map_at_20_max": 0.253411,
        "nauc_map_at_20_std": 0.019142,
        "nauc_map_at_20_diff1": 0.369546,
        "nauc_map_at_100_max": 0.250581,
        "nauc_map_at_100_std": 0.018902,
        "nauc_map_at_100_diff1": 0.365613,
        "nauc_map_at_1000_max": 0.250981,
        "nauc_map_at_1000_std": 0.018949,
        "nauc_map_at_1000_diff1": 0.365726,
        "nauc_recall_at_1_max": 0.247743,
        "nauc_recall_at_1_std": -0.013845,
        "nauc_recall_at_1_diff1": 0.443679,
        "nauc_recall_at_3_max": 0.217677,
        "nauc_recall_at_3_std": 0.017216,
        "nauc_recall_at_3_diff1": 0.323745,
        "nauc_recall_at_5_max": 0.206108,
        "nauc_recall_at_5_std": 0.013818,
        "nauc_recall_at_5_diff1": 0.306779,
        "nauc_recall_at_10_max": 0.236768,
        "nauc_recall_at_10_std": 0.064138,
        "nauc_recall_at_10_diff1": 0.257447,
        "nauc_recall_at_20_max": 0.23044,
        "nauc_recall_at_20_std": 0.067773,
        "nauc_recall_at_20_diff1": 0.191288,
        "nauc_recall_at_100_max": 0.161313,
        "nauc_recall_at_100_std": 0.052284,
        "nauc_recall_at_100_diff1": 0.131226,
        "nauc_recall_at_1000_max": 0.186651,
        "nauc_recall_at_1000_std": 0.053616,
        "nauc_recall_at_1000_diff1": 0.093644,
        "nauc_precision_at_1_max": 0.247395,
        "nauc_precision_at_1_std": 0.002109,
        "nauc_precision_at_1_diff1": 0.443894,
        "nauc_precision_at_3_max": 0.249175,
        "nauc_precision_at_3_std": 0.037886,
        "nauc_precision_at_3_diff1": 0.336356,
        "nauc_precision_at_5_max": 0.246171,
        "nauc_precision_at_5_std": 0.032982,
        "nauc_precision_at_5_diff1": 0.330027,
        "nauc_precision_at_10_max": 0.290989,
        "nauc_precision_at_10_std": 0.083087,
        "nauc_precision_at_10_diff1": 0.277296,
        "nauc_precision_at_20_max": 0.279801,
        "nauc_precision_at_20_std": 0.088008,
        "nauc_precision_at_20_diff1": 0.228522,
        "nauc_precision_at_100_max": 0.218878,
        "nauc_precision_at_100_std": 0.075494,
        "nauc_precision_at_100_diff1": 0.156859,
        "nauc_precision_at_1000_max": 0.205033,
        "nauc_precision_at_1000_std": 0.045092,
        "nauc_precision_at_1000_diff1": 0.129703,
        "nauc_mrr_at_1_max": 0.247395,
        "nauc_mrr_at_1_std": 0.002109,
        "nauc_mrr_at_1_diff1": 0.443894,
        "nauc_mrr_at_3_max": 0.254216,
        "nauc_mrr_at_3_std": 0.025455,
        "nauc_mrr_at_3_diff1": 0.394508,
        "nauc_mrr_at_5_max": 0.252075,
        "nauc_mrr_at_5_std": 0.023013,
        "nauc_mrr_at_5_diff1": 0.388645,
        "nauc_mrr_at_10_max": 0.257792,
        "nauc_mrr_at_10_std": 0.030656,
        "nauc_mrr_at_10_diff1": 0.379174,
        "nauc_mrr_at_20_max": 0.256623,
        "nauc_mrr_at_20_std": 0.032793,
        "nauc_mrr_at_20_diff1": 0.373669,
        "nauc_mrr_at_100_max": 0.255346,
        "nauc_mrr_at_100_std": 0.032567,
        "nauc_mrr_at_100_diff1": 0.371862,
        "nauc_mrr_at_1000_max": 0.255737,
        "nauc_mrr_at_1000_std": 0.032377,
        "nauc_mrr_at_1000_diff1": 0.371823,
        "main_score": 0.14093,
        "hf_subset": "default",
        "languages": [
          "eng-Latn"
        ]
      }
    ]
  },
  "evaluation_time": 161.38163495063782,
  "kg_co2_emissions": null
}