{
  "dataset_revision": "831d292c3959eae59e4f89b8758738feee97d6cf",
  "task_name": "CoconutRetrieval",
  "mteb_version": "1.36.8",
  "scores": {
    "test": [
      {
        "ndcg_at_1": 0.00071,
        "ndcg_at_3": 0.00082,
        "ndcg_at_5": 0.00114,
        "ndcg_at_10": 0.00179,
        "ndcg_at_20": 0.00212,
        "ndcg_at_100": 0.00419,
        "ndcg_at_1000": 0.01364,
        "map_at_1": 0.00059,
        "map_at_3": 0.00073,
        "map_at_5": 0.00091,
        "map_at_10": 0.00116,
        "map_at_20": 0.00125,
        "map_at_100": 0.0015,
        "map_at_1000": 0.00174,
        "recall_at_1": 0.00059,
        "recall_at_3": 0.00094,
        "recall_at_5": 0.00171,
        "recall_at_10": 0.00366,
        "recall_at_20": 0.00481,
        "recall_at_100": 0.01517,
        "recall_at_1000": 0.08516,
        "precision_at_1": 0.00071,
        "precision_at_3": 0.00039,
        "precision_at_5": 0.00042,
        "precision_at_10": 0.00045,
        "precision_at_20": 0.00031,
        "precision_at_100": 0.00023,
        "precision_at_1000": 0.00015,
        "mrr_at_1": 0.000706,
        "mrr_at_3": 0.000883,
        "mrr_at_5": 0.00106,
        "mrr_at_10": 0.001343,
        "mrr_at_20": 0.001453,
        "mrr_at_100": 0.00176,
        "mrr_at_1000": 0.002027,
        "nauc_ndcg_at_1_max": 0.943636,
        "nauc_ndcg_at_1_std": 0.585725,
        "nauc_ndcg_at_1_diff1": -0.574711,
        "nauc_ndcg_at_3_max": 0.951483,
        "nauc_ndcg_at_3_std": 0.46975,
        "nauc_ndcg_at_3_diff1": -0.563441,
        "nauc_ndcg_at_5_max": 0.948674,
        "nauc_ndcg_at_5_std": 0.442814,
        "nauc_ndcg_at_5_diff1": -0.559734,
        "nauc_ndcg_at_10_max": 0.94037,
        "nauc_ndcg_at_10_std": 0.420127,
        "nauc_ndcg_at_10_diff1": -0.486366,
        "nauc_ndcg_at_20_max": 0.91742,
        "nauc_ndcg_at_20_std": 0.426177,
        "nauc_ndcg_at_20_diff1": -0.494427,
        "nauc_ndcg_at_100_max": 0.804597,
        "nauc_ndcg_at_100_std": 0.268724,
        "nauc_ndcg_at_100_diff1": -0.406322,
        "nauc_ndcg_at_1000_max": 0.569837,
        "nauc_ndcg_at_1000_std": 0.203617,
        "nauc_ndcg_at_1000_diff1": -0.281355,
        "nauc_map_at_1_max": 0.932363,
        "nauc_map_at_1_std": 0.644377,
        "nauc_map_at_1_diff1": -0.574711,
        "nauc_map_at_3_max": 0.945159,
        "nauc_map_at_3_std": 0.507834,
        "nauc_map_at_3_diff1": -0.567786,
        "nauc_map_at_5_max": 0.947241,
        "nauc_map_at_5_std": 0.495558,
        "nauc_map_at_5_diff1": -0.56513,
        "nauc_map_at_10_max": 0.943192,
        "nauc_map_at_10_std": 0.468358,
        "nauc_map_at_10_diff1": -0.521501,
        "nauc_map_at_20_max": 0.932026,
        "nauc_map_at_20_std": 0.467872,
        "nauc_map_at_20_diff1": -0.523263,
        "nauc_map_at_100_max": 0.897726,
        "nauc_map_at_100_std": 0.411977,
        "nauc_map_at_100_diff1": -0.491591,
        "nauc_map_at_1000_max": 0.842983,
        "nauc_map_at_1000_std": 0.383612,
        "nauc_map_at_1000_diff1": -0.460346,
        "nauc_recall_at_1_max": 0.932363,
        "nauc_recall_at_1_std": 0.644377,
        "nauc_recall_at_1_diff1": -0.574711,
        "nauc_recall_at_3_max": 0.957727,
        "nauc_recall_at_3_std": 0.400118,
        "nauc_recall_at_3_diff1": -0.558696,
        "nauc_recall_at_5_max": 0.953361,
        "nauc_recall_at_5_std": 0.391236,
        "nauc_recall_at_5_diff1": -0.555189,
        "nauc_recall_at_10_max": 0.940165,
        "nauc_recall_at_10_std": 0.379523,
        "nauc_recall_at_10_diff1": -0.453523,
        "nauc_recall_at_20_max": 0.91216,
        "nauc_recall_at_20_std": 0.402937,
        "nauc_recall_at_20_diff1": -0.475191,
        "nauc_recall_at_100_max": 0.775978,
        "nauc_recall_at_100_std": 0.194899,
        "nauc_recall_at_100_diff1": -0.364966,
        "nauc_recall_at_1000_max": 0.528525,
        "nauc_recall_at_1000_std": 0.172721,
        "nauc_recall_at_1000_diff1": -0.249631,
        "nauc_precision_at_1_max": 0.943636,
        "nauc_precision_at_1_std": 0.585725,
        "nauc_precision_at_1_diff1": -0.574711,
        "nauc_precision_at_3_max": 0.966182,
        "nauc_precision_at_3_std": 0.404264,
        "nauc_precision_at_3_diff1": -0.549087,
        "nauc_precision_at_5_max": 0.943647,
        "nauc_precision_at_5_std": 0.371776,
        "nauc_precision_at_5_diff1": -0.547433,
        "nauc_precision_at_10_max": 0.928814,
        "nauc_precision_at_10_std": 0.366541,
        "nauc_precision_at_10_diff1": -0.435114,
        "nauc_precision_at_20_max": 0.861508,
        "nauc_precision_at_20_std": 0.366687,
        "nauc_precision_at_20_diff1": -0.458741,
        "nauc_precision_at_100_max": 0.685625,
        "nauc_precision_at_100_std": 0.184117,
        "nauc_precision_at_100_diff1": -0.353183,
        "nauc_precision_at_1000_max": 0.46007,
        "nauc_precision_at_1000_std": 0.181136,
        "nauc_precision_at_1000_diff1": -0.229627,
        "nauc_mrr_at_1_max": 0.943636,
        "nauc_mrr_at_1_std": 0.585725,
        "nauc_mrr_at_1_diff1": -0.574711,
        "nauc_mrr_at_3_max": 0.954909,
        "nauc_mrr_at_3_std": 0.480958,
        "nauc_mrr_at_3_diff1": -0.563323,
        "nauc_mrr_at_5_max": 0.947398,
        "nauc_mrr_at_5_std": 0.439813,
        "nauc_mrr_at_5_diff1": -0.560004,
        "nauc_mrr_at_10_max": 0.939975,
        "nauc_mrr_at_10_std": 0.439374,
        "nauc_mrr_at_10_diff1": -0.510388,
        "nauc_mrr_at_20_max": 0.9272,
        "nauc_mrr_at_20_std": 0.441961,
        "nauc_mrr_at_20_diff1": -0.51116,
        "nauc_mrr_at_100_max": 0.872092,
        "nauc_mrr_at_100_std": 0.385506,
        "nauc_mrr_at_100_diff1": -0.475954,
        "nauc_mrr_at_1000_max": 0.819905,
        "nauc_mrr_at_1000_std": 0.357669,
        "nauc_mrr_at_1000_diff1": -0.444129,
        "main_score": 0.00179,
        "hf_subset": "default",
        "languages": [
          "eng-Latn"
        ]
      }
    ]
  },
  "evaluation_time": 27.071173906326294,
  "kg_co2_emissions": null
}