{
  "dataset_revision": "main",
  "task_name": "FSUChemRxivQest",
  "mteb_version": "0.1",
  "scores": {
    "test": [
      {
        "ndcg_at_1": 0.0896,
        "ndcg_at_3": 0.0916,
        "ndcg_at_5": 0.10763,
        "ndcg_at_10": 0.12934,
        "ndcg_at_20": 0.1458,
        "ndcg_at_100": 0.17671,
        "ndcg_at_1000": 0.21712,
        "map_at_1": 0.05716,
        "map_at_3": 0.07561,
        "map_at_5": 0.08381,
        "map_at_10": 0.0925,
        "map_at_20": 0.09681,
        "map_at_100": 0.10113,
        "map_at_1000": 0.10262,
        "recall_at_1": 0.05716,
        "recall_at_3": 0.09852,
        "recall_at_5": 0.13423,
        "recall_at_10": 0.19224,
        "recall_at_20": 0.2506,
        "recall_at_100": 0.40199,
        "recall_at_1000": 0.69207,
        "precision_at_1": 0.0896,
        "precision_at_3": 0.05252,
        "precision_at_5": 0.04202,
        "precision_at_10": 0.03059,
        "precision_at_20": 0.01977,
        "precision_at_100": 0.00627,
        "precision_at_1000": 0.00109,
        "mrr_at_1": 0.089598,
        "mrr_at_3": 0.117061,
        "mrr_at_5": 0.128133,
        "mrr_at_10": 0.139556,
        "mrr_at_20": 0.145129,
        "mrr_at_100": 0.149343,
        "mrr_at_1000": 0.15055,
        "nauc_ndcg_at_1_max": 0.119351,
        "nauc_ndcg_at_1_std": 0.170446,
        "nauc_ndcg_at_1_diff1": 0.271899,
        "nauc_ndcg_at_3_max": 0.097381,
        "nauc_ndcg_at_3_std": 0.171697,
        "nauc_ndcg_at_3_diff1": 0.222233,
        "nauc_ndcg_at_5_max": 0.098337,
        "nauc_ndcg_at_5_std": 0.170175,
        "nauc_ndcg_at_5_diff1": 0.230583,
        "nauc_ndcg_at_10_max": 0.098121,
        "nauc_ndcg_at_10_std": 0.185188,
        "nauc_ndcg_at_10_diff1": 0.222923,
        "nauc_ndcg_at_20_max": 0.099584,
        "nauc_ndcg_at_20_std": 0.198898,
        "nauc_ndcg_at_20_diff1": 0.206139,
        "nauc_ndcg_at_100_max": 0.099706,
        "nauc_ndcg_at_100_std": 0.218368,
        "nauc_ndcg_at_100_diff1": 0.191561,
        "nauc_ndcg_at_1000_max": 0.11388,
        "nauc_ndcg_at_1000_std": 0.226342,
        "nauc_ndcg_at_1000_diff1": 0.188647,
        "nauc_map_at_1_max": 0.123138,
        "nauc_map_at_1_std": 0.159138,
        "nauc_map_at_1_diff1": 0.265818,
        "nauc_map_at_3_max": 0.093989,
        "nauc_map_at_3_std": 0.168265,
        "nauc_map_at_3_diff1": 0.231151,
        "nauc_map_at_5_max": 0.095256,
        "nauc_map_at_5_std": 0.16861,
        "nauc_map_at_5_diff1": 0.234551,
        "nauc_map_at_10_max": 0.095266,
        "nauc_map_at_10_std": 0.178074,
        "nauc_map_at_10_diff1": 0.231488,
        "nauc_map_at_20_max": 0.095447,
        "nauc_map_at_20_std": 0.182654,
        "nauc_map_at_20_diff1": 0.225883,
        "nauc_map_at_100_max": 0.094675,
        "nauc_map_at_100_std": 0.186514,
        "nauc_map_at_100_diff1": 0.223081,
        "nauc_map_at_1000_max": 0.095651,
        "nauc_map_at_1000_std": 0.187522,
        "nauc_map_at_1000_diff1": 0.222616,
        "nauc_recall_at_1_max": 0.123138,
        "nauc_recall_at_1_std": 0.159138,
        "nauc_recall_at_1_diff1": 0.265818,
        "nauc_recall_at_3_max": 0.085622,
        "nauc_recall_at_3_std": 0.170494,
        "nauc_recall_at_3_diff1": 0.203669,
        "nauc_recall_at_5_max": 0.084409,
        "nauc_recall_at_5_std": 0.165689,
        "nauc_recall_at_5_diff1": 0.215083,
        "nauc_recall_at_10_max": 0.079336,
        "nauc_recall_at_10_std": 0.184419,
        "nauc_recall_at_10_diff1": 0.191724,
        "nauc_recall_at_20_max": 0.080768,
        "nauc_recall_at_20_std": 0.208642,
        "nauc_recall_at_20_diff1": 0.14766,
        "nauc_recall_at_100_max": 0.066477,
        "nauc_recall_at_100_std": 0.241469,
        "nauc_recall_at_100_diff1": 0.095729,
        "nauc_recall_at_1000_max": 0.12606,
        "nauc_recall_at_1000_std": 0.265609,
        "nauc_recall_at_1000_diff1": 0.051547,
        "nauc_precision_at_1_max": 0.119351,
        "nauc_precision_at_1_std": 0.170446,
        "nauc_precision_at_1_diff1": 0.271899,
        "nauc_precision_at_3_max": 0.090545,
        "nauc_precision_at_3_std": 0.175425,
        "nauc_precision_at_3_diff1": 0.203871,
        "nauc_precision_at_5_max": 0.100553,
        "nauc_precision_at_5_std": 0.166573,
        "nauc_precision_at_5_diff1": 0.224129,
        "nauc_precision_at_10_max": 0.109203,
        "nauc_precision_at_10_std": 0.206253,
        "nauc_precision_at_10_diff1": 0.207747,
        "nauc_precision_at_20_max": 0.108493,
        "nauc_precision_at_20_std": 0.238833,
        "nauc_precision_at_20_diff1": 0.154112,
        "nauc_precision_at_100_max": 0.116559,
        "nauc_precision_at_100_std": 0.262937,
        "nauc_precision_at_100_diff1": 0.093886,
        "nauc_precision_at_1000_max": 0.13341,
        "nauc_precision_at_1000_std": 0.244574,
        "nauc_precision_at_1000_diff1": 0.030619,
        "nauc_mrr_at_1_max": 0.119351,
        "nauc_mrr_at_1_std": 0.170446,
        "nauc_mrr_at_1_diff1": 0.271899,
        "nauc_mrr_at_3_max": 0.110678,
        "nauc_mrr_at_3_std": 0.175609,
        "nauc_mrr_at_3_diff1": 0.228714,
        "nauc_mrr_at_5_max": 0.110737,
        "nauc_mrr_at_5_std": 0.17175,
        "nauc_mrr_at_5_diff1": 0.235295,
        "nauc_mrr_at_10_max": 0.11022,
        "nauc_mrr_at_10_std": 0.176725,
        "nauc_mrr_at_10_diff1": 0.230884,
        "nauc_mrr_at_20_max": 0.111274,
        "nauc_mrr_at_20_std": 0.180887,
        "nauc_mrr_at_20_diff1": 0.22683,
        "nauc_mrr_at_100_max": 0.112498,
        "nauc_mrr_at_100_std": 0.183554,
        "nauc_mrr_at_100_diff1": 0.225103,
        "nauc_mrr_at_1000_max": 0.11288,
        "nauc_mrr_at_1000_std": 0.183699,
        "nauc_mrr_at_1000_diff1": 0.225345,
        "main_score": 0.12934,
        "hf_subset": "default",
        "languages": [
          "eng-Latn"
        ]
      }
    ]
  },
  "evaluation_time": 53.05791664123535,
  "kg_co2_emissions": null
}