{
  "dataset_revision": "831d292c3959eae59e4f89b8758738feee97d6cf",
  "task_name": "CoconutRetrieval",
  "mteb_version": "1.36.8",
  "scores": {
    "test": [
      {
        "ndcg_at_1": 0.00318,
        "ndcg_at_3": 0.0044,
        "ndcg_at_5": 0.00495,
        "ndcg_at_10": 0.00589,
        "ndcg_at_20": 0.00725,
        "ndcg_at_100": 0.01268,
        "ndcg_at_1000": 0.03314,
        "map_at_1": 0.00258,
        "map_at_3": 0.00386,
        "map_at_5": 0.00417,
        "map_at_10": 0.00457,
        "map_at_20": 0.00496,
        "map_at_100": 0.00563,
        "map_at_1000": 0.00619,
        "recall_at_1": 0.00258,
        "recall_at_3": 0.00515,
        "recall_at_5": 0.00648,
        "recall_at_10": 0.00901,
        "recall_at_20": 0.01371,
        "recall_at_100": 0.0413,
        "recall_at_1000": 0.19289,
        "precision_at_1": 0.00318,
        "precision_at_3": 0.00228,
        "precision_at_5": 0.00181,
        "precision_at_10": 0.00138,
        "precision_at_20": 0.0011,
        "precision_at_100": 0.00066,
        "precision_at_1000": 0.00034,
        "mrr_at_1": 0.003179,
        "mrr_at_3": 0.004455,
        "mrr_at_5": 0.004867,
        "mrr_at_10": 0.005284,
        "mrr_at_20": 0.005701,
        "mrr_at_100": 0.006381,
        "mrr_at_1000": 0.00694,
        "nauc_ndcg_at_1_max": 0.59304,
        "nauc_ndcg_at_1_std": 0.43705,
        "nauc_ndcg_at_1_diff1": 0.510437,
        "nauc_ndcg_at_3_max": 0.549987,
        "nauc_ndcg_at_3_std": 0.437592,
        "nauc_ndcg_at_3_diff1": 0.36259,
        "nauc_ndcg_at_5_max": 0.502733,
        "nauc_ndcg_at_5_std": 0.382503,
        "nauc_ndcg_at_5_diff1": 0.31559,
        "nauc_ndcg_at_10_max": 0.456826,
        "nauc_ndcg_at_10_std": 0.371588,
        "nauc_ndcg_at_10_diff1": 0.233544,
        "nauc_ndcg_at_20_max": 0.396356,
        "nauc_ndcg_at_20_std": 0.393334,
        "nauc_ndcg_at_20_diff1": 0.192214,
        "nauc_ndcg_at_100_max": 0.279717,
        "nauc_ndcg_at_100_std": 0.369778,
        "nauc_ndcg_at_100_diff1": 0.109687,
        "nauc_ndcg_at_1000_max": 0.174049,
        "nauc_ndcg_at_1000_std": 0.340621,
        "nauc_ndcg_at_1000_diff1": 0.076447,
        "nauc_map_at_1_max": 0.597222,
        "nauc_map_at_1_std": 0.444999,
        "nauc_map_at_1_diff1": 0.618765,
        "nauc_map_at_3_max": 0.558557,
        "nauc_map_at_3_std": 0.444295,
        "nauc_map_at_3_diff1": 0.419207,
        "nauc_map_at_5_max": 0.532083,
        "nauc_map_at_5_std": 0.412592,
        "nauc_map_at_5_diff1": 0.380564,
        "nauc_map_at_10_max": 0.507516,
        "nauc_map_at_10_std": 0.404464,
        "nauc_map_at_10_diff1": 0.327932,
        "nauc_map_at_20_max": 0.479025,
        "nauc_map_at_20_std": 0.412657,
        "nauc_map_at_20_diff1": 0.304578,
        "nauc_map_at_100_max": 0.436181,
        "nauc_map_at_100_std": 0.408147,
        "nauc_map_at_100_diff1": 0.268401,
        "nauc_map_at_1000_max": 0.409741,
        "nauc_map_at_1000_std": 0.404214,
        "nauc_map_at_1000_diff1": 0.251447,
        "nauc_recall_at_1_max": 0.597222,
        "nauc_recall_at_1_std": 0.444999,
        "nauc_recall_at_1_diff1": 0.618765,
        "nauc_recall_at_3_max": 0.532627,
        "nauc_recall_at_3_std": 0.420929,
        "nauc_recall_at_3_diff1": 0.316981,
        "nauc_recall_at_5_max": 0.467889,
        "nauc_recall_at_5_std": 0.330562,
        "nauc_recall_at_5_diff1": 0.238709,
        "nauc_recall_at_10_max": 0.398245,
        "nauc_recall_at_10_std": 0.322076,
        "nauc_recall_at_10_diff1": 0.115909,
        "nauc_recall_at_20_max": 0.310663,
        "nauc_recall_at_20_std": 0.381867,
        "nauc_recall_at_20_diff1": 0.084051,
        "nauc_recall_at_100_max": 0.187976,
        "nauc_recall_at_100_std": 0.341128,
        "nauc_recall_at_100_diff1": 0.022259,
        "nauc_recall_at_1000_max": 0.115025,
        "nauc_recall_at_1000_std": 0.312913,
        "nauc_recall_at_1000_diff1": 0.041315,
        "nauc_precision_at_1_max": 0.59304,
        "nauc_precision_at_1_std": 0.43705,
        "nauc_precision_at_1_diff1": 0.510437,
        "nauc_precision_at_3_max": 0.524957,
        "nauc_precision_at_3_std": 0.453446,
        "nauc_precision_at_3_diff1": 0.257091,
        "nauc_precision_at_5_max": 0.415563,
        "nauc_precision_at_5_std": 0.352796,
        "nauc_precision_at_5_diff1": 0.169337,
        "nauc_precision_at_10_max": 0.348036,
        "nauc_precision_at_10_std": 0.350269,
        "nauc_precision_at_10_diff1": 0.040462,
        "nauc_precision_at_20_max": 0.259791,
        "nauc_precision_at_20_std": 0.394056,
        "nauc_precision_at_20_diff1": 0.023466,
        "nauc_precision_at_100_max": 0.168782,
        "nauc_precision_at_100_std": 0.37683,
        "nauc_precision_at_100_diff1": 0.028129,
        "nauc_precision_at_1000_max": 0.095163,
        "nauc_precision_at_1000_std": 0.326005,
        "nauc_precision_at_1000_diff1": 0.049938,
        "nauc_mrr_at_1_max": 0.59304,
        "nauc_mrr_at_1_std": 0.43705,
        "nauc_mrr_at_1_diff1": 0.510437,
        "nauc_mrr_at_3_max": 0.550159,
        "nauc_mrr_at_3_std": 0.441938,
        "nauc_mrr_at_3_diff1": 0.355203,
        "nauc_mrr_at_5_max": 0.510082,
        "nauc_mrr_at_5_std": 0.396763,
        "nauc_mrr_at_5_diff1": 0.317305,
        "nauc_mrr_at_10_max": 0.48495,
        "nauc_mrr_at_10_std": 0.392295,
        "nauc_mrr_at_10_diff1": 0.280304,
        "nauc_mrr_at_20_max": 0.458304,
        "nauc_mrr_at_20_std": 0.396144,
        "nauc_mrr_at_20_diff1": 0.258141,
        "nauc_mrr_at_100_max": 0.420615,
        "nauc_mrr_at_100_std": 0.387397,
        "nauc_mrr_at_100_diff1": 0.229324,
        "nauc_mrr_at_1000_max": 0.399544,
        "nauc_mrr_at_1000_std": 0.382185,
        "nauc_mrr_at_1000_diff1": 0.215941,
        "main_score": 0.00589,
        "hf_subset": "default",
        "languages": [
          "eng-Latn"
        ]
      }
    ]
  },
  "evaluation_time": 40.98919081687927,
  "kg_co2_emissions": null
}