{
  "dataset_revision": "main",
  "task_name": "FSUChemRxivQest",
  "mteb_version": "0.1",
  "scores": {
    "test": [
      {
        "ndcg_at_1": 0.41916,
        "ndcg_at_3": 0.42519,
        "ndcg_at_5": 0.4598,
        "ndcg_at_10": 0.49292,
        "ndcg_at_20": 0.52332,
        "ndcg_at_100": 0.55366,
        "ndcg_at_1000": 0.56527,
        "map_at_1": 0.29368,
        "map_at_3": 0.37238,
        "map_at_5": 0.39271,
        "map_at_10": 0.40816,
        "map_at_20": 0.41838,
        "map_at_100": 0.42436,
        "map_at_1000": 0.42495,
        "recall_at_1": 0.29368,
        "recall_at_3": 0.45074,
        "recall_at_5": 0.52558,
        "recall_at_10": 0.61637,
        "recall_at_20": 0.72091,
        "recall_at_100": 0.85582,
        "recall_at_1000": 0.93272,
        "precision_at_1": 0.41916,
        "precision_at_3": 0.21936,
        "precision_at_5": 0.15469,
        "precision_at_10": 0.09197,
        "precision_at_20": 0.05479,
        "precision_at_100": 0.01338,
        "precision_at_1000": 0.00148,
        "mrr_at_1": 0.419156,
        "mrr_at_3": 0.507896,
        "mrr_at_5": 0.527721,
        "mrr_at_10": 0.539578,
        "mrr_at_20": 0.545572,
        "mrr_at_100": 0.548137,
        "mrr_at_1000": 0.548307,
        "nauc_ndcg_at_1_max": 0.205861,
        "nauc_ndcg_at_1_std": -0.133469,
        "nauc_ndcg_at_1_diff1": 0.450058,
        "nauc_ndcg_at_3_max": 0.176774,
        "nauc_ndcg_at_3_std": -0.13646,
        "nauc_ndcg_at_3_diff1": 0.351405,
        "nauc_ndcg_at_5_max": 0.18309,
        "nauc_ndcg_at_5_std": -0.135103,
        "nauc_ndcg_at_5_diff1": 0.346393,
        "nauc_ndcg_at_10_max": 0.190005,
        "nauc_ndcg_at_10_std": -0.133788,
        "nauc_ndcg_at_10_diff1": 0.342622,
        "nauc_ndcg_at_20_max": 0.185332,
        "nauc_ndcg_at_20_std": -0.126714,
        "nauc_ndcg_at_20_diff1": 0.335031,
        "nauc_ndcg_at_100_max": 0.199565,
        "nauc_ndcg_at_100_std": -0.099213,
        "nauc_ndcg_at_100_diff1": 0.34703,
        "nauc_ndcg_at_1000_max": 0.199206,
        "nauc_ndcg_at_1000_std": -0.101365,
        "nauc_ndcg_at_1000_diff1": 0.350073,
        "nauc_map_at_1_max": 0.178678,
        "nauc_map_at_1_std": -0.116592,
        "nauc_map_at_1_diff1": 0.409693,
        "nauc_map_at_3_max": 0.168478,
        "nauc_map_at_3_std": -0.128048,
        "nauc_map_at_3_diff1": 0.351647,
        "nauc_map_at_5_max": 0.172167,
        "nauc_map_at_5_std": -0.12819,
        "nauc_map_at_5_diff1": 0.347781,
        "nauc_map_at_10_max": 0.17643,
        "nauc_map_at_10_std": -0.126798,
        "nauc_map_at_10_diff1": 0.345063,
        "nauc_map_at_20_max": 0.174905,
        "nauc_map_at_20_std": -0.125419,
        "nauc_map_at_20_diff1": 0.34306,
        "nauc_map_at_100_max": 0.177799,
        "nauc_map_at_100_std": -0.120153,
        "nauc_map_at_100_diff1": 0.345074,
        "nauc_map_at_1000_max": 0.177794,
        "nauc_map_at_1000_std": -0.120203,
        "nauc_map_at_1000_diff1": 0.345213,
        "nauc_recall_at_1_max": 0.178678,
        "nauc_recall_at_1_std": -0.116592,
        "nauc_recall_at_1_diff1": 0.409693,
        "nauc_recall_at_3_max": 0.152274,
        "nauc_recall_at_3_std": -0.13449,
        "nauc_recall_at_3_diff1": 0.281382,
        "nauc_recall_at_5_max": 0.154536,
        "nauc_recall_at_5_std": -0.129969,
        "nauc_recall_at_5_diff1": 0.253844,
        "nauc_recall_at_10_max": 0.159062,
        "nauc_recall_at_10_std": -0.118016,
        "nauc_recall_at_10_diff1": 0.218352,
        "nauc_recall_at_20_max": 0.129041,
        "nauc_recall_at_20_std": -0.078509,
        "nauc_recall_at_20_diff1": 0.153144,
        "nauc_recall_at_100_max": 0.203558,
        "nauc_recall_at_100_std": 0.173675,
        "nauc_recall_at_100_diff1": 0.140797,
        "nauc_recall_at_1000_max": 0.255544,
        "nauc_recall_at_1000_std": 0.349864,
        "nauc_recall_at_1000_diff1": 0.119608,
        "nauc_precision_at_1_max": 0.205861,
        "nauc_precision_at_1_std": -0.133469,
        "nauc_precision_at_1_diff1": 0.450058,
        "nauc_precision_at_3_max": 0.16611,
        "nauc_precision_at_3_std": -0.154036,
        "nauc_precision_at_3_diff1": 0.284567,
        "nauc_precision_at_5_max": 0.162786,
        "nauc_precision_at_5_std": -0.125237,
        "nauc_precision_at_5_diff1": 0.225819,
        "nauc_precision_at_10_max": 0.149152,
        "nauc_precision_at_10_std": -0.09216,
        "nauc_precision_at_10_diff1": 0.144345,
        "nauc_precision_at_20_max": 0.0952,
        "nauc_precision_at_20_std": -0.035169,
        "nauc_precision_at_20_diff1": 0.037185,
        "nauc_precision_at_100_max": 0.099314,
        "nauc_precision_at_100_std": 0.140536,
        "nauc_precision_at_100_diff1": -0.023516,
        "nauc_precision_at_1000_max": 0.071841,
        "nauc_precision_at_1000_std": 0.149048,
        "nauc_precision_at_1000_diff1": -0.063658,
        "nauc_mrr_at_1_max": 0.205861,
        "nauc_mrr_at_1_std": -0.133469,
        "nauc_mrr_at_1_diff1": 0.450058,
        "nauc_mrr_at_3_max": 0.206092,
        "nauc_mrr_at_3_std": -0.144003,
        "nauc_mrr_at_3_diff1": 0.403034,
        "nauc_mrr_at_5_max": 0.211644,
        "nauc_mrr_at_5_std": -0.139521,
        "nauc_mrr_at_5_diff1": 0.403599,
        "nauc_mrr_at_10_max": 0.213035,
        "nauc_mrr_at_10_std": -0.141341,
        "nauc_mrr_at_10_diff1": 0.405437,
        "nauc_mrr_at_20_max": 0.211727,
        "nauc_mrr_at_20_std": -0.139696,
        "nauc_mrr_at_20_diff1": 0.404941,
        "nauc_mrr_at_100_max": 0.212894,
        "nauc_mrr_at_100_std": -0.138539,
        "nauc_mrr_at_100_diff1": 0.4067,
        "nauc_mrr_at_1000_max": 0.212786,
        "nauc_mrr_at_1000_std": -0.138571,
        "nauc_mrr_at_1000_diff1": 0.406679,
        "main_score": 0.49292,
        "hf_subset": "default",
        "languages": [
          "eng-Latn"
        ]
      }
    ]
  },
  "evaluation_time": 71.85705423355103,
  "kg_co2_emissions": null
}