{
  "dataset_revision": "f39c1d16edd269f233be381216bc8146f0857124",
  "evaluation_time": 3162.6223125457764,
  "kg_co2_emissions": null,
  "mteb_version": "1.14.2",
  "scores": {
    "dev": [
      {
        "hf_subset": "default",
        "languages": [
          "eng-Latn"
        ],
        "main_score": 0.82887,
        "map_at_1": 0.75,
        "map_at_10": 0.8125,
        "map_at_100": 0.81681,
        "map_at_1000": 0.81681,
        "map_at_20": 0.8125,
        "map_at_3": 0.8125,
        "map_at_5": 0.8125,
        "mrr_at_1": 0.75,
        "mrr_at_10": 0.8125,
        "mrr_at_100": 0.8168103448275862,
        "mrr_at_1000": 0.8168103448275862,
        "mrr_at_20": 0.8125,
        "mrr_at_3": 0.8125,
        "mrr_at_5": 0.8125,
        "nauc_map_at_1000_diff1": 0.8878181880979522,
        "nauc_map_at_1000_max": 1.0,
        "nauc_map_at_1000_std": 1.0,
        "nauc_map_at_100_diff1": 0.8878181880979522,
        "nauc_map_at_100_max": 1.0,
        "nauc_map_at_100_std": 1.0,
        "nauc_map_at_10_diff1": 0.8905180840664708,
        "nauc_map_at_10_max": 1.0,
        "nauc_map_at_10_std": 1.0,
        "nauc_map_at_1_diff1": 0.8318318318318318,
        "nauc_map_at_1_max": 1.0,
        "nauc_map_at_1_std": 1.0,
        "nauc_map_at_20_diff1": 0.8905180840664708,
        "nauc_map_at_20_max": 1.0,
        "nauc_map_at_20_std": 1.0,
        "nauc_map_at_3_diff1": 0.8905180840664708,
        "nauc_map_at_3_max": 1.0,
        "nauc_map_at_3_std": 1.0,
        "nauc_map_at_5_diff1": 0.8905180840664708,
        "nauc_map_at_5_max": 1.0,
        "nauc_map_at_5_std": 1.0,
        "nauc_mrr_at_1000_diff1": 0.8878181880979522,
        "nauc_mrr_at_1000_max": 1.0,
        "nauc_mrr_at_1000_std": 1.0,
        "nauc_mrr_at_100_diff1": 0.8878181880979522,
        "nauc_mrr_at_100_max": 1.0,
        "nauc_mrr_at_100_std": 1.0,
        "nauc_mrr_at_10_diff1": 0.8905180840664708,
        "nauc_mrr_at_10_max": 1.0,
        "nauc_mrr_at_10_std": 1.0,
        "nauc_mrr_at_1_diff1": 0.8318318318318318,
        "nauc_mrr_at_1_max": 1.0,
        "nauc_mrr_at_1_std": 1.0,
        "nauc_mrr_at_20_diff1": 0.8905180840664708,
        "nauc_mrr_at_20_max": 1.0,
        "nauc_mrr_at_20_std": 1.0,
        "nauc_mrr_at_3_diff1": 0.8905180840664708,
        "nauc_mrr_at_3_max": 1.0,
        "nauc_mrr_at_3_std": 1.0,
        "nauc_mrr_at_5_diff1": 0.8905180840664708,
        "nauc_mrr_at_5_max": 1.0,
        "nauc_mrr_at_5_std": 1.0,
        "nauc_ndcg_at_1000_diff1": 0.8962161033172255,
        "nauc_ndcg_at_1000_max": 1.0,
        "nauc_ndcg_at_1000_std": 1.0,
        "nauc_ndcg_at_100_diff1": 0.8962161033172255,
        "nauc_ndcg_at_100_max": 1.0,
        "nauc_ndcg_at_100_std": 1.0,
        "nauc_ndcg_at_10_diff1": 0.9122460297959745,
        "nauc_ndcg_at_10_max": 1.0,
        "nauc_ndcg_at_10_std": 1.0,
        "nauc_ndcg_at_1_diff1": 0.8318318318318318,
        "nauc_ndcg_at_1_max": 1.0,
        "nauc_ndcg_at_1_std": 1.0,
        "nauc_ndcg_at_20_diff1": 0.9122460297959745,
        "nauc_ndcg_at_20_max": 1.0,
        "nauc_ndcg_at_20_std": 1.0,
        "nauc_ndcg_at_3_diff1": 0.9122460297959745,
        "nauc_ndcg_at_3_max": 1.0,
        "nauc_ndcg_at_3_std": 1.0,
        "nauc_ndcg_at_5_diff1": 0.9122460297959745,
        "nauc_ndcg_at_5_max": 1.0,
        "nauc_ndcg_at_5_std": 1.0,
        "nauc_precision_at_1000_diff1": 1.0,
        "nauc_precision_at_1000_max": 1.0,
        "nauc_precision_at_1000_std": 1.0,
        "nauc_precision_at_100_diff1": 1.0,
        "nauc_precision_at_100_max": 1.0,
        "nauc_precision_at_100_std": 1.0,
        "nauc_precision_at_10_diff1": 1.0,
        "nauc_precision_at_10_max": 1.0,
        "nauc_precision_at_10_std": 1.0,
        "nauc_precision_at_1_diff1": 0.8318318318318318,
        "nauc_precision_at_1_max": 1.0,
        "nauc_precision_at_1_std": 1.0,
        "nauc_precision_at_20_diff1": 1.0,
        "nauc_precision_at_20_max": 1.0,
        "nauc_precision_at_20_std": 1.0,
        "nauc_precision_at_3_diff1": 1.0,
        "nauc_precision_at_3_max": 1.0,
        "nauc_precision_at_3_std": 1.0,
        "nauc_precision_at_5_diff1": 1.0,
        "nauc_precision_at_5_max": 1.0,
        "nauc_precision_at_5_std": 1.0,
        "nauc_recall_at_1000_diff1": NaN,
        "nauc_recall_at_1000_max": NaN,
        "nauc_recall_at_1000_std": NaN,
        "nauc_recall_at_100_diff1": NaN,
        "nauc_recall_at_100_max": NaN,
        "nauc_recall_at_100_std": NaN,
        "nauc_recall_at_10_diff1": 1.0,
        "nauc_recall_at_10_max": 1.0,
        "nauc_recall_at_10_std": 1.0,
        "nauc_recall_at_1_diff1": 0.8318318318318318,
        "nauc_recall_at_1_max": 1.0,
        "nauc_recall_at_1_std": 1.0,
        "nauc_recall_at_20_diff1": 1.0,
        "nauc_recall_at_20_max": 1.0,
        "nauc_recall_at_20_std": 1.0,
        "nauc_recall_at_3_diff1": 1.0,
        "nauc_recall_at_3_max": 1.0,
        "nauc_recall_at_3_std": 1.0,
        "nauc_recall_at_5_diff1": 1.0,
        "nauc_recall_at_5_max": 1.0,
        "nauc_recall_at_5_std": 1.0,
        "ndcg_at_1": 0.75,
        "ndcg_at_10": 0.82887,
        "ndcg_at_100": 0.85434,
        "ndcg_at_1000": 0.85434,
        "ndcg_at_20": 0.82887,
        "ndcg_at_3": 0.82887,
        "ndcg_at_5": 0.82887,
        "precision_at_1": 0.75,
        "precision_at_10": 0.0875,
        "precision_at_100": 0.01,
        "precision_at_1000": 0.001,
        "precision_at_20": 0.04375,
        "precision_at_3": 0.29167,
        "precision_at_5": 0.175,
        "recall_at_1": 0.75,
        "recall_at_10": 0.875,
        "recall_at_100": 1.0,
        "recall_at_1000": 1.0,
        "recall_at_20": 0.875,
        "recall_at_3": 0.875,
        "recall_at_5": 0.875
      }
    ],
    "test": [
      {
        "hf_subset": "default",
        "languages": [
          "eng-Latn"
        ],
        "main_score": 0.77393,
        "map_at_1": 0.66667,
        "map_at_10": 0.73611,
        "map_at_100": 0.73761,
        "map_at_1000": 0.73805,
        "map_at_20": 0.73611,
        "map_at_3": 0.72222,
        "map_at_5": 0.73611,
        "mrr_at_1": 0.6666666666666666,
        "mrr_at_10": 0.7361111111111112,
        "mrr_at_100": 0.7376126126126127,
        "mrr_at_1000": 0.7380535297201964,
        "mrr_at_20": 0.7361111111111112,
        "mrr_at_3": 0.7222222222222222,
        "mrr_at_5": 0.7361111111111112,
        "nauc_map_at_1000_diff1": 0.7222776759658188,
        "nauc_map_at_1000_max": 0.8929228072798177,
        "nauc_map_at_1000_std": -0.19490366756563024,
        "nauc_map_at_100_diff1": 0.7225626361505542,
        "nauc_map_at_100_max": 0.8931327052378236,
        "nauc_map_at_100_std": -0.19256135886790438,
        "nauc_map_at_10_diff1": 0.7214414898266489,
        "nauc_map_at_10_max": 0.8896038885729919,
        "nauc_map_at_10_std": -0.2022868375276615,
        "nauc_map_at_1_diff1": 0.7361076867082292,
        "nauc_map_at_1_max": 0.9289915818393156,
        "nauc_map_at_1_std": -0.18437356908879507,
        "nauc_map_at_20_diff1": 0.7214414898266489,
        "nauc_map_at_20_max": 0.8896038885729919,
        "nauc_map_at_20_std": -0.2022868375276615,
        "nauc_map_at_3_diff1": 0.6923061127405522,
        "nauc_map_at_3_max": 0.8951822938947892,
        "nauc_map_at_3_std": -0.18474547074479333,
        "nauc_map_at_5_diff1": 0.7214414898266489,
        "nauc_map_at_5_max": 0.8896038885729919,
        "nauc_map_at_5_std": -0.2022868375276615,
        "nauc_mrr_at_1000_diff1": 0.7222776759658188,
        "nauc_mrr_at_1000_max": 0.8929228072798177,
        "nauc_mrr_at_1000_std": -0.19490366756563024,
        "nauc_mrr_at_100_diff1": 0.7225626361505542,
        "nauc_mrr_at_100_max": 0.8931327052378236,
        "nauc_mrr_at_100_std": -0.19256135886790438,
        "nauc_mrr_at_10_diff1": 0.7214414898266489,
        "nauc_mrr_at_10_max": 0.8896038885729919,
        "nauc_mrr_at_10_std": -0.2022868375276615,
        "nauc_mrr_at_1_diff1": 0.7361076867082292,