{
  "dataset_revision": "023e7a813e3b73d8d33551ed2aea511314d612e2",
  "evaluation_time": 2901.0001969337463,
  "kg_co2_emissions": null,
  "mteb_version": "1.14.2",
  "scores": {
    "test": [
      {
        "hf_subset": "default",
        "languages": [
          "eng-Latn"
        ],
        "main_score": 0.5896,
        "map_at_1": 0.31481,
        "map_at_10": 0.50319,
        "map_at_100": 0.5175,
        "map_at_1000": 0.5175,
        "map_at_20": 0.51383,
        "map_at_3": 0.44753,
        "map_at_5": 0.49259,
        "mrr_at_1": 0.37037037037037035,
        "mrr_at_10": 0.5382716049382715,
        "mrr_at_100": 0.5479156645823312,
        "mrr_at_1000": 0.5479156645823312,
        "mrr_at_20": 0.5468574635241302,
        "mrr_at_3": 0.4938271604938272,
        "mrr_at_5": 0.5345679012345679,
        "nauc_map_at_1000_diff1": 0.14266125405221827,
        "nauc_map_at_1000_max": 0.4839105412540618,
        "nauc_map_at_1000_std": -0.0947264955877127,
        "nauc_map_at_100_diff1": 0.14266125405221827,
        "nauc_map_at_100_max": 0.4839105412540618,
        "nauc_map_at_100_std": -0.0947264955877127,
        "nauc_map_at_10_diff1": 0.15294478908122433,
        "nauc_map_at_10_max": 0.4770046890062717,
        "nauc_map_at_10_std": -0.10434000882840049,
        "nauc_map_at_1_diff1": 0.053686714844575954,
        "nauc_map_at_1_max": 0.4505524595950413,
        "nauc_map_at_1_std": -0.048391325631959706,
        "nauc_map_at_20_diff1": 0.14098703360057357,
        "nauc_map_at_20_max": 0.4771210046930687,
        "nauc_map_at_20_std": -0.1082030934972536,
        "nauc_map_at_3_diff1": 0.1400308579935509,
        "nauc_map_at_3_max": 0.5038725680733351,
        "nauc_map_at_3_std": -0.005305101487191437,
        "nauc_map_at_5_diff1": 0.13003553192357925,
        "nauc_map_at_5_max": 0.47658568771618,
        "nauc_map_at_5_std": -0.08345224791135804,
        "nauc_mrr_at_1000_diff1": 0.27993148039576343,
        "nauc_mrr_at_1000_max": 0.6307868393542722,
        "nauc_mrr_at_1000_std": -0.02746089377501639,
        "nauc_mrr_at_100_diff1": 0.27993148039576343,
        "nauc_mrr_at_100_max": 0.6307868393542722,
        "nauc_mrr_at_100_std": -0.02746089377501639,
        "nauc_mrr_at_10_diff1": 0.2846900991930047,
        "nauc_mrr_at_10_max": 0.6289042906533115,
        "nauc_mrr_at_10_std": -0.03131672137054913,
        "nauc_mrr_at_1_diff1": 0.19976461657396288,
        "nauc_mrr_at_1_max": 0.6377830866654203,
        "nauc_mrr_at_1_std": -0.0036136965579986525,
        "nauc_mrr_at_20_diff1": 0.280926283155151,
        "nauc_mrr_at_20_max": 0.6311199745347976,
        "nauc_mrr_at_20_std": -0.03362056861469963,
        "nauc_mrr_at_3_diff1": 0.261891853834762,
        "nauc_mrr_at_3_max": 0.6719035632536927,
        "nauc_mrr_at_3_std": 0.06812013176397361,
        "nauc_mrr_at_5_diff1": 0.29047145672986124,
        "nauc_mrr_at_5_max": 0.6236545202901316,
        "nauc_mrr_at_5_std": -0.033118097170515746,
        "nauc_ndcg_at_1000_diff1": 0.18991701937864078,
        "nauc_ndcg_at_1000_max": 0.5259544053418468,
        "nauc_ndcg_at_1000_std": -0.10653625125079695,
        "nauc_ndcg_at_100_diff1": 0.18991701937864078,
        "nauc_ndcg_at_100_max": 0.5259544053418468,
        "nauc_ndcg_at_100_std": -0.10653625125079695,
        "nauc_ndcg_at_10_diff1": 0.21851009481608608,
        "nauc_ndcg_at_10_max": 0.49480274072024644,
        "nauc_ndcg_at_10_std": -0.17642189462556693,
        "nauc_ndcg_at_1_diff1": 0.19976461657396288,
        "nauc_ndcg_at_1_max": 0.6377830866654203,
        "nauc_ndcg_at_1_std": -0.0036136965579986525,
        "nauc_ndcg_at_20_diff1": 0.18895166937084862,
        "nauc_ndcg_at_20_max": 0.5042627930389213,
        "nauc_ndcg_at_20_std": -0.1820086106279816,
        "nauc_ndcg_at_3_diff1": 0.1849254384848714,
        "nauc_ndcg_at_3_max": 0.5579970461624699,
        "nauc_ndcg_at_3_std": 0.030298853883514113,
        "nauc_ndcg_at_5_diff1": 0.18536183915294202,
        "nauc_ndcg_at_5_max": 0.48836141250000964,
        "nauc_ndcg_at_5_std": -0.14027753743043755,
        "nauc_precision_at_1000_diff1": 0.05474106659888197,
        "nauc_precision_at_1000_max": 0.18558938180044401,
        "nauc_precision_at_1000_std": -0.049565972472555314,
        "nauc_precision_at_100_diff1": 0.054741066598882525,
        "nauc_precision_at_100_max": 0.1855893818004436,
        "nauc_precision_at_100_std": -0.049565972472555606,
        "nauc_precision_at_10_diff1": 0.20294233626424357,
        "nauc_precision_at_10_max": 0.28688868574689486,
        "nauc_precision_at_10_std": -0.3444878691192179,
        "nauc_precision_at_1_diff1": 0.19976461657396288,
        "nauc_precision_at_1_max": 0.6377830866654203,
        "nauc_precision_at_1_std": -0.0036136965579986525,
        "nauc_precision_at_20_diff1": 0.07304135631828176,
        "nauc_precision_at_20_max": 0.21048453469362027,
        "nauc_precision_at_20_std": -0.33998018633551386,
        "nauc_precision_at_3_diff1": 0.2290631278268695,
        "nauc_precision_at_3_max": 0.6277761910718779,
        "nauc_precision_at_3_std": 0.06353400683346919,
        "nauc_precision_at_5_diff1": 0.1439646119801627,
        "nauc_precision_at_5_max": 0.38588464363506325,
        "nauc_precision_at_5_std": -0.27262592734205726,
        "nauc_recall_at_1000_diff1": NaN,
        "nauc_recall_at_1000_max": NaN,
        "nauc_recall_at_1000_std": NaN,
        "nauc_recall_at_100_diff1": NaN,
        "nauc_recall_at_100_max": NaN,
        "nauc_recall_at_100_std": NaN,
        "nauc_recall_at_10_diff1": 0.3276334643619856,
        "nauc_recall_at_10_max": 0.30437173386406996,
        "nauc_recall_at_10_std": -0.6241757978982672,
        "nauc_recall_at_1_diff1": 0.053686714844575954,
        "nauc_recall_at_1_max": 0.4505524595950413,
        "nauc_recall_at_1_std": -0.048391325631959706,
        "nauc_recall_at_20_diff1": 0.16772908346930326,
        "nauc_recall_at_20_max": 0.102507828506986,
        "nauc_recall_at_20_std": -1.2636967381056854,
        "nauc_recall_at_3_diff1": 0.20366994399066218,
        "nauc_recall_at_3_max": 0.53067067960582,
        "nauc_recall_at_3_std": 0.06567679722167664,
        "nauc_recall_at_5_diff1": 0.19147112890504853,
        "nauc_recall_at_5_max": 0.26870792469653876,
        "nauc_recall_at_5_std": -0.434559777718185,
        "ndcg_at_1": 0.37037,
        "ndcg_at_10": 0.5896,
        "ndcg_at_100": 0.63947,
        "ndcg_at_1000": 0.63947,
        "ndcg_at_20": 0.62404,
        "ndcg_at_3": 0.49262,
        "ndcg_at_5": 0.56968,
        "precision_at_1": 0.37037,
        "precision_at_10": 0.1037,
        "precision_at_100": 0.01296,
        "precision_at_1000": 0.0013,
        "precision_at_20": 0.05926,
        "precision_at_3": 0.23457,
        "precision_at_5": 0.18519,
        "recall_at_1": 0.31481,
        "recall_at_10": 0.80247,
        "recall_at_100": 1.0,
        "recall_at_1000": 1.0,
        "recall_at_20": 0.9321,
        "recall_at_3": 0.57407,
        "recall_at_5": 0.75309
      }
    ]
  },
  "task_name": "ChemNQRetrieval"
}