{
  "dataset_revision": "831d292c3959eae59e4f89b8758738feee97d6cf",
  "evaluation_time": 1642.309758901596,
  "kg_co2_emissions": null,
  "mteb_version": "1.14.2",
  "scores": {
    "test": [
      {
        "hf_subset": "default",
        "languages": [
          "eng-Latn"
        ],
        "main_score": 0.00507,
        "map_at_1": 0.00253,
        "map_at_10": 0.00377,
        "map_at_100": 0.00441,
        "map_at_1000": 0.00476,
        "map_at_20": 0.00399,
        "map_at_3": 0.00305,
        "map_at_5": 0.00333,
        "mrr_at_1": 0.0031790886612504416,
        "mrr_at_10": 0.004809983571905155,
        "mrr_at_100": 0.00550014140619131,
        "mrr_at_1000": 0.005859400415655977,
        "mrr_at_20": 0.005032318726172053,
        "mrr_at_3": 0.0038659288041131908,
        "mrr_at_5": 0.004289807292279915,
        "nauc_map_at_1000_diff1": 0.3919955175502749,
        "nauc_map_at_1000_max": -0.05622460577457466,
        "nauc_map_at_1000_std": 0.2075618624892579,
        "nauc_map_at_100_diff1": 0.4180810394169666,
        "nauc_map_at_100_max": -0.06368329750381975,
        "nauc_map_at_100_std": 0.21601880159463674,
        "nauc_map_at_10_diff1": 0.47471709658054795,
        "nauc_map_at_10_max": -0.06920974012765505,
        "nauc_map_at_10_std": 0.23151146531676267,
        "nauc_map_at_1_diff1": 0.5859642605263544,
        "nauc_map_at_1_max": -0.058894231262639526,
        "nauc_map_at_1_std": 0.1714484058894407,
        "nauc_map_at_20_diff1": 0.4509512520369581,
        "nauc_map_at_20_max": -0.06641840343445775,
        "nauc_map_at_20_std": 0.2271939817490257,
        "nauc_map_at_3_diff1": 0.550840736224969,
        "nauc_map_at_3_max": -0.05974964343947338,
        "nauc_map_at_3_std": 0.23865091831450574,
        "nauc_map_at_5_diff1": 0.5048107497341279,
        "nauc_map_at_5_max": -0.07903267670979877,
        "nauc_map_at_5_std": 0.24262824498792132,
        "nauc_mrr_at_1000_diff1": 0.3418784050433308,
        "nauc_mrr_at_1000_max": -0.07505117857569739,
        "nauc_mrr_at_1000_std": 0.16135855631338192,
        "nauc_mrr_at_100_diff1": 0.35975039062414615,
        "nauc_mrr_at_100_max": -0.08334336933733863,
        "nauc_mrr_at_100_std": 0.1663366535074739,
        "nauc_mrr_at_10_diff1": 0.39300960584210176,
        "nauc_mrr_at_10_max": -0.09474049938786412,
        "nauc_mrr_at_10_std": 0.16849269164758232,
        "nauc_mrr_at_1_diff1": 0.4889727105214776,
        "nauc_mrr_at_1_max": -0.10426011015146883,
        "nauc_mrr_at_1_std": 0.11015979549515245,
        "nauc_mrr_at_20_diff1": 0.37662982299660175,
        "nauc_mrr_at_20_max": -0.09254580843881685,
        "nauc_mrr_at_20_std": 0.1700977196178142,
        "nauc_mrr_at_3_diff1": 0.4670757722489446,
        "nauc_mrr_at_3_max": -0.09756641055680877,
        "nauc_mrr_at_3_std": 0.17973063408384055,
        "nauc_mrr_at_5_diff1": 0.41768236891791116,
        "nauc_mrr_at_5_max": -0.11110227003633387,
        "nauc_mrr_at_5_std": 0.19174202698852946,
        "nauc_ndcg_at_1000_diff1": 0.14077281009751436,
        "nauc_ndcg_at_1000_max": 0.016024530593230175,
        "nauc_ndcg_at_1000_std": 0.12344948551622767,
        "nauc_ndcg_at_100_diff1": 0.2708361387055553,
        "nauc_ndcg_at_100_max": -0.039921715493295595,
        "nauc_ndcg_at_100_std": 0.18422059185049053,
        "nauc_ndcg_at_10_diff1": 0.40458983102735113,
        "nauc_ndcg_at_10_max": -0.07345264894798297,
        "nauc_ndcg_at_10_std": 0.21763935566794443,
        "nauc_ndcg_at_1_diff1": 0.4889727105214776,
        "nauc_ndcg_at_1_max": -0.10426011015146883,
        "nauc_ndcg_at_1_std": 0.11015979549515245,
        "nauc_ndcg_at_20_diff1": 0.3573524534346013,
        "nauc_ndcg_at_20_max": -0.0659080688370223,
        "nauc_ndcg_at_20_std": 0.2114035154631202,
        "nauc_ndcg_at_3_diff1": 0.5127493498021376,
        "nauc_ndcg_at_3_max": -0.07114922152834662,
        "nauc_ndcg_at_3_std": 0.23415772503430557,
        "nauc_ndcg_at_5_diff1": 0.44817335451134227,
        "nauc_ndcg_at_5_max": -0.0994493775903693,
        "nauc_ndcg_at_5_std": 0.24786100487340443,
        "nauc_precision_at_1000_diff1": 0.06826510625839333,
        "nauc_precision_at_1000_max": 0.05426936444289316,
        "nauc_precision_at_1000_std": 0.09854941640546704,
        "nauc_precision_at_100_diff1": 0.16315084856581374,
        "nauc_precision_at_100_max": -0.014087753073467936,
        "nauc_precision_at_100_std": 0.1642322804182521,
        "nauc_precision_at_10_diff1": 0.24204018289412166,
        "nauc_precision_at_10_max": -0.06651635846419619,
        "nauc_precision_at_10_std": 0.17434058172045097,
        "nauc_precision_at_1_diff1": 0.4889727105214776,
        "nauc_precision_at_1_max": -0.10426011015146883,
        "nauc_precision_at_1_std": 0.11015979549515245,
        "nauc_precision_at_20_diff1": 0.1710413645649821,
        "nauc_precision_at_20_max": -0.054971983278655476,
        "nauc_precision_at_20_std": 0.16419820399131155,
        "nauc_precision_at_3_diff1": 0.44706257207978406,
        "nauc_precision_at_3_max": -0.093228368686326,
        "nauc_precision_at_3_std": 0.21961722772814815,
        "nauc_precision_at_5_diff1": 0.30880016423472,
        "nauc_precision_at_5_max": -0.12706183001596089,
        "nauc_precision_at_5_std": 0.2506938785334826,
        "nauc_recall_at_1000_diff1": 0.06881332525653847,
        "nauc_recall_at_1000_max": 0.03880323693808924,
        "nauc_recall_at_1000_std": 0.09306659188754295,
        "nauc_recall_at_100_diff1": 0.17733953426653745,
        "nauc_recall_at_100_max": -0.01335397681127281,
        "nauc_recall_at_100_std": 0.1691669784999477,
        "nauc_recall_at_10_diff1": 0.3577159040609492,
        "nauc_recall_at_10_max": -0.06747401471831324,
        "nauc_recall_at_10_std": 0.22956203018865864,
        "nauc_recall_at_1_diff1": 0.5859642605263544,
        "nauc_recall_at_1_max": -0.058894231262639526,
        "nauc_recall_at_1_std": 0.1714484058894407,
        "nauc_recall_at_20_diff1": 0.28478040351588707,
        "nauc_recall_at_20_max": -0.0518382365052627,
        "nauc_recall_at_20_std": 0.21960113186450503,
        "nauc_recall_at_3_diff1": 0.5160726774390416,
        "nauc_recall_at_3_max": -0.0656122901818074,
        "nauc_recall_at_3_std": 0.2969580966465023,
        "nauc_recall_at_5_diff1": 0.3983397696353601,
        "nauc_recall_at_5_max": -0.12354179409640767,
        "nauc_recall_at_5_std": 0.2906773629308022,
        "ndcg_at_1": 0.00318,
        "ndcg_at_10": 0.00507,
        "ndcg_at_100": 0.0093,
        "ndcg_at_1000": 0.02278,
        "ndcg_at_20": 0.00583,
        "ndcg_at_3": 0.00351,
        "ndcg_at_5": 0.00399,
        "precision_at_1": 0.00318,
        "precision_at_10": 0.00122,
        "precision_at_100": 0.00048,
        "precision_at_1000": 0.00024,
        "precision_at_20": 0.00085,
        "precision_at_3": 0.00169,
        "precision_at_5": 0.00141,
        "recall_at_1": 0.00253,
        "recall_at_10": 0.0079,
        "recall_at_100": 0.02764,
        "recall_at_1000": 0.1267,
        "recall_at_20": 0.01056,
        "recall_at_3": 0.00384,
        "recall_at_5": 0.00502
      }
    ]
  },
  "task_name": "CoconutRetrieval"
}