{
  "dataset_revision": "5d958fb6b31055495347724d46431ba41309b03a",
  "task_name": "ChemNQRetrieval",
  "mteb_version": "1.36.8",
  "scores": {
    "test": [
      {
        "ndcg_at_1": 0.2963,
        "ndcg_at_3": 0.4075,
        "ndcg_at_5": 0.44301,
        "ndcg_at_10": 0.49631,
        "ndcg_at_20": 0.54377,
        "ndcg_at_100": 0.55132,
        "ndcg_at_1000": 0.56355,
        "map_at_1": 0.24074,
        "map_at_3": 0.36523,
        "map_at_5": 0.38837,
        "map_at_10": 0.41666,
        "map_at_20": 0.43094,
        "map_at_100": 0.43221,
        "map_at_1000": 0.4329,
        "recall_at_1": 0.24074,
        "recall_at_3": 0.47531,
        "recall_at_5": 0.54938,
        "recall_at_10": 0.69753,
        "recall_at_20": 0.87654,
        "recall_at_100": 0.91358,
        "recall_at_1000": 1.0,
        "precision_at_1": 0.2963,
        "precision_at_3": 0.19753,
        "precision_at_5": 0.14074,
        "precision_at_10": 0.09259,
        "precision_at_20": 0.05741,
        "precision_at_100": 0.01185,
        "precision_at_1000": 0.0013,
        "mrr_at_1": 0.296296,
        "mrr_at_3": 0.419753,
        "mrr_at_5": 0.438272,
        "mrr_at_10": 0.451235,
        "mrr_at_20": 0.461808,
        "mrr_at_100": 0.463085,
        "mrr_at_1000": 0.46354,
        "nauc_ndcg_at_1_max": 0.208831,
        "nauc_ndcg_at_1_std": -0.10156,
        "nauc_ndcg_at_1_diff1": 0.63383,
        "nauc_ndcg_at_3_max": 0.242726,
        "nauc_ndcg_at_3_std": 0.005603,
        "nauc_ndcg_at_3_diff1": 0.607315,
        "nauc_ndcg_at_5_max": 0.320819,
        "nauc_ndcg_at_5_std": 0.143875,
        "nauc_ndcg_at_5_diff1": 0.608598,
        "nauc_ndcg_at_10_max": 0.335061,
        "nauc_ndcg_at_10_std": 0.110972,
        "nauc_ndcg_at_10_diff1": 0.636475,
        "nauc_ndcg_at_20_max": 0.297375,
        "nauc_ndcg_at_20_std": 0.057186,
        "nauc_ndcg_at_20_diff1": 0.598102,
        "nauc_ndcg_at_100_max": 0.322679,
        "nauc_ndcg_at_100_std": 0.075504,
        "nauc_ndcg_at_100_diff1": 0.612205,
        "nauc_ndcg_at_1000_max": 0.304498,
        "nauc_ndcg_at_1000_std": 0.066187,
        "nauc_ndcg_at_1000_diff1": 0.61135,
        "nauc_map_at_1_max": 0.138332,
        "nauc_map_at_1_std": -0.113307,
        "nauc_map_at_1_diff1": 0.490723,
        "nauc_map_at_3_max": 0.200998,
        "nauc_map_at_3_std": -0.042497,
        "nauc_map_at_3_diff1": 0.596012,
        "nauc_map_at_5_max": 0.253614,
        "nauc_map_at_5_std": 0.056243,
        "nauc_map_at_5_diff1": 0.591816,
        "nauc_map_at_10_max": 0.269167,
        "nauc_map_at_10_std": 0.047843,
        "nauc_map_at_10_diff1": 0.605026,
        "nauc_map_at_20_max": 0.260517,
        "nauc_map_at_20_std": 0.032948,
        "nauc_map_at_20_diff1": 0.595156,
        "nauc_map_at_100_max": 0.264031,
        "nauc_map_at_100_std": 0.035502,
        "nauc_map_at_100_diff1": 0.597189,
        "nauc_map_at_1000_max": 0.262944,
        "nauc_map_at_1000_std": 0.034694,
        "nauc_map_at_1000_diff1": 0.597176,
        "nauc_recall_at_1_max": 0.138332,
        "nauc_recall_at_1_std": -0.113307,
        "nauc_recall_at_1_diff1": 0.490723,
        "nauc_recall_at_3_max": 0.259968,
        "nauc_recall_at_3_std": 0.05666,
        "nauc_recall_at_3_diff1": 0.57178,
        "nauc_recall_at_5_max": 0.423011,
        "nauc_recall_at_5_std": 0.345737,
        "nauc_recall_at_5_diff1": 0.573123,
        "nauc_recall_at_10_max": 0.473788,
        "nauc_recall_at_10_std": 0.262403,
        "nauc_recall_at_10_diff1": 0.715476,
        "nauc_recall_at_20_max": 0.288156,
        "nauc_recall_at_20_std": -0.022171,
        "nauc_recall_at_20_diff1": 0.459602,
        "nauc_recall_at_100_max": 0.651612,
        "nauc_recall_at_100_std": 0.214157,
        "nauc_recall_at_100_diff1": 0.599368,
        "nauc_recall_at_1000_max": NaN,
        "nauc_recall_at_1000_std": NaN,
        "nauc_recall_at_1000_diff1": NaN,
        "nauc_precision_at_1_max": 0.208831,
        "nauc_precision_at_1_std": -0.10156,
        "nauc_precision_at_1_diff1": 0.63383,
        "nauc_precision_at_3_max": 0.268335,
        "nauc_precision_at_3_std": 0.076601,
        "nauc_precision_at_3_diff1": 0.690383,
        "nauc_precision_at_5_max": 0.372927,
        "nauc_precision_at_5_std": 0.363617,
        "nauc_precision_at_5_diff1": 0.539726,
        "nauc_precision_at_10_max": 0.375191,
        "nauc_precision_at_10_std": 0.254793,
        "nauc_precision_at_10_diff1": 0.467388,
        "nauc_precision_at_20_max": 0.251573,
        "nauc_precision_at_20_std": 0.14202,
        "nauc_precision_at_20_diff1": 0.229708,
        "nauc_precision_at_100_max": 0.328079,
        "nauc_precision_at_100_std": 0.208356,
        "nauc_precision_at_100_diff1": 0.240522,
        "nauc_precision_at_1000_max": 0.145742,
        "nauc_precision_at_1000_std": 0.143341,
        "nauc_precision_at_1000_diff1": 0.090793,
        "nauc_mrr_at_1_max": 0.208831,
        "nauc_mrr_at_1_std": -0.10156,
        "nauc_mrr_at_1_diff1": 0.63383,
        "nauc_mrr_at_3_max": 0.29425,
        "nauc_mrr_at_3_std": 0.038623,
        "nauc_mrr_at_3_diff1": 0.634417,
        "nauc_mrr_at_5_max": 0.325445,
        "nauc_mrr_at_5_std": 0.084875,
        "nauc_mrr_at_5_diff1": 0.64235,
        "nauc_mrr_at_10_max": 0.326359,
        "nauc_mrr_at_10_std": 0.070916,
        "nauc_mrr_at_10_diff1": 0.650483,
        "nauc_mrr_at_20_max": 0.310973,
        "nauc_mrr_at_20_std": 0.053768,
        "nauc_mrr_at_20_diff1": 0.640072,
        "nauc_mrr_at_100_max": 0.314558,
        "nauc_mrr_at_100_std": 0.056309,
        "nauc_mrr_at_100_diff1": 0.642209,
        "nauc_mrr_at_1000_max": 0.314019,
        "nauc_mrr_at_1000_std": 0.055816,
        "nauc_mrr_at_1000_diff1": 0.642281,
        "main_score": 0.49631,
        "hf_subset": "default",
        "languages": [
          "eng-Latn"
        ]
      }
    ]
  },
  "evaluation_time": 34.87320113182068,
  "kg_co2_emissions": null
}