{
  "dataset_revision": "023e7a813e3b73d8d33551ed2aea511314d612e2",
  "evaluation_time": 74.36597228050232,
  "kg_co2_emissions": null,
  "mteb_version": "1.14.15",
  "scores": {
    "test": [
      {
        "hf_subset": "default",
        "languages": [
          "eng-Latn"
        ],
        "main_score": 0.63737,
        "map_at_1": 0.32716,
        "map_at_10": 0.52894,
        "map_at_100": 0.52947,
        "map_at_1000": 0.52963,
        "map_at_20": 0.52894,
        "map_at_3": 0.44753,
        "map_at_5": 0.4966,
        "mrr_at_1": 0.4074074074074074,
        "mrr_at_10": 0.5684597295708406,
        "mrr_at_100": 0.5689888300999412,
        "mrr_at_1000": 0.5691549154678202,
        "mrr_at_20": 0.5684597295708406,
        "mrr_at_3": 0.5123456790123457,
        "mrr_at_5": 0.5549382716049382,
        "nauc_map_at_1000_diff1": 0.10336263274089562,
        "nauc_map_at_1000_max": 0.19760832661555133,
        "nauc_map_at_1000_std": 0.06170923434696791,
        "nauc_map_at_100_diff1": 0.1035121720341824,
        "nauc_map_at_100_max": 0.19791757053090778,
        "nauc_map_at_100_std": 0.06156964568004842,
        "nauc_map_at_10_diff1": 0.10467151388834735,
        "nauc_map_at_10_max": 0.1991704073232897,
        "nauc_map_at_10_std": 0.061666239915198456,
        "nauc_map_at_1_diff1": 0.17012511238565814,
        "nauc_map_at_1_max": 0.0307564425343773,
        "nauc_map_at_1_std": -0.11114760407730911,
        "nauc_map_at_20_diff1": 0.10467151388834735,
        "nauc_map_at_20_max": 0.1991704073232897,
        "nauc_map_at_20_std": 0.061666239915198456,
        "nauc_map_at_3_diff1": 0.012221620027649142,
        "nauc_map_at_3_max": 0.1417161274248299,
        "nauc_map_at_3_std": 0.07659588096335286,
        "nauc_map_at_5_diff1": 0.11503962299730466,
        "nauc_map_at_5_max": 0.19618383382147997,
        "nauc_map_at_5_std": 0.08490738317386538,
        "nauc_mrr_at_1000_diff1": 0.18012745247008607,
        "nauc_mrr_at_1000_max": 0.2235027813613851,
        "nauc_mrr_at_1000_std": 0.025507599338368027,
        "nauc_mrr_at_100_diff1": 0.18022761094101122,
        "nauc_mrr_at_100_max": 0.22378490522326583,
        "nauc_mrr_at_100_std": 0.025394090499068045,
        "nauc_mrr_at_10_diff1": 0.1812024497881642,
        "nauc_mrr_at_10_max": 0.22494074694360838,
        "nauc_mrr_at_10_std": 0.02555172788262993,
        "nauc_mrr_at_1_diff1": 0.2940617544640667,
        "nauc_mrr_at_1_max": 0.12610396541850907,
        "nauc_mrr_at_1_std": -0.13970465160967893,
        "nauc_mrr_at_20_diff1": 0.1812024497881642,
        "nauc_mrr_at_20_max": 0.22494074694360838,
        "nauc_mrr_at_20_std": 0.02555172788262993,
        "nauc_mrr_at_3_diff1": 0.12023759324421875,
        "nauc_mrr_at_3_max": 0.18259825875085142,
        "nauc_mrr_at_3_std": 0.05673288078190282,
        "nauc_mrr_at_5_diff1": 0.18584727455490832,
        "nauc_mrr_at_5_max": 0.23601918189275498,
        "nauc_mrr_at_5_std": 0.05750018157539768,
        "nauc_ndcg_at_1000_diff1": 0.1367186898636348,
        "nauc_ndcg_at_1000_max": 0.24190980345277327,
        "nauc_ndcg_at_1000_std": 0.0689512798550757,
        "nauc_ndcg_at_100_diff1": 0.1412754753304512,
        "nauc_ndcg_at_100_max": 0.25184235902123087,
        "nauc_ndcg_at_100_std": 0.06390578233399659,
        "nauc_ndcg_at_10_diff1": 0.15613233665172763,
        "nauc_ndcg_at_10_max": 0.2675625245813477,
        "nauc_ndcg_at_10_std": 0.06516431223414738,
        "nauc_ndcg_at_1_diff1": 0.2940617544640667,
        "nauc_ndcg_at_1_max": 0.12610396541850907,
        "nauc_ndcg_at_1_std": -0.13970465160967893,
        "nauc_ndcg_at_20_diff1": 0.15613233665172763,
        "nauc_ndcg_at_20_max": 0.2675625245813477,
        "nauc_ndcg_at_20_std": 0.06516431223414738,
        "nauc_ndcg_at_3_diff1": -0.004172223727628422,
        "nauc_ndcg_at_3_max": 0.17008619126627683,
        "nauc_ndcg_at_3_std": 0.11986513904671743,
        "nauc_ndcg_at_5_diff1": 0.17318784250707422,
        "nauc_ndcg_at_5_max": 0.2717391395017616,
        "nauc_ndcg_at_5_std": 0.14129098974835555,
        "nauc_precision_at_1000_diff1": 0.17985667750027506,
        "nauc_precision_at_1000_max": 0.25713811058520036,
        "nauc_precision_at_1000_std": 0.1091004884805194,
        "nauc_precision_at_100_diff1": 0.19529431381636397,
        "nauc_precision_at_100_max": 0.2976340233565605,
        "nauc_precision_at_100_std": 0.08436940895349852,
        "nauc_precision_at_10_diff1": 0.23749663835791943,
        "nauc_precision_at_10_max": 0.3431971786088458,
        "nauc_precision_at_10_std": 0.0866744248347213,
        "nauc_precision_at_1_diff1": 0.2940617544640667,
        "nauc_precision_at_1_max": 0.12610396541850907,
        "nauc_precision_at_1_std": -0.13970465160967893,
        "nauc_precision_at_20_diff1": 0.23749663835791943,
        "nauc_precision_at_20_max": 0.3431971786088458,
        "nauc_precision_at_20_std": 0.0866744248347213,
        "nauc_precision_at_3_diff1": -0.004722313070554885,
        "nauc_precision_at_3_max": 0.273764777716319,
        "nauc_precision_at_3_std": 0.21787923757232483,
        "nauc_precision_at_5_diff1": 0.38217941517026555,
        "nauc_precision_at_5_max": 0.5077123630318173,
        "nauc_precision_at_5_std": 0.2946877073033264,
        "nauc_recall_at_1000_diff1": NaN,
        "nauc_recall_at_1000_max": NaN,
        "nauc_recall_at_1000_std": NaN,
        "nauc_recall_at_100_diff1": 0.35754995778215537,
        "nauc_recall_at_100_max": 0.7232620320855635,
        "nauc_recall_at_100_std": -0.1755639870964916,
        "nauc_recall_at_10_diff1": 0.5404059949338578,
        "nauc_recall_at_10_max": 0.7954545454545461,
        "nauc_recall_at_10_std": -0.031178960358526735,
        "nauc_recall_at_1_diff1": 0.17012511238565814,
        "nauc_recall_at_1_max": 0.0307564425343773,
        "nauc_recall_at_1_std": -0.11114760407730911,
        "nauc_recall_at_20_diff1": 0.5404059949338578,
        "nauc_recall_at_20_max": 0.7954545454545461,
        "nauc_recall_at_20_std": -0.031178960358526735,
        "nauc_recall_at_3_diff1": -0.14373125717723823,
        "nauc_recall_at_3_max": 0.19162403087621713,
        "nauc_recall_at_3_std": 0.23738169193491176,
        "nauc_recall_at_5_diff1": 0.3366837121597497,
        "nauc_recall_at_5_max": 0.4727904002633666,
        "nauc_recall_at_5_std": 0.3532760388938511,
        "ndcg_at_1": 0.40741,
        "ndcg_at_10": 0.63737,
        "ndcg_at_100": 0.64339,
        "ndcg_at_1000": 0.64813,
        "ndcg_at_20": 0.63737,
        "ndcg_at_3": 0.49379,
        "ndcg_at_5": 0.57616,
        "precision_at_1": 0.40741,
        "precision_at_10": 0.12222,
        "precision_at_100": 0.01259,
        "precision_at_1000": 0.0013,
        "precision_at_20": 0.06111,
        "precision_at_3": 0.23457,
        "precision_at_5": 0.19259,
        "recall_at_1": 0.32716,
        "recall_at_10": 0.92593,
        "recall_at_100": 0.96296,
        "recall_at_1000": 1.0,
        "recall_at_20": 0.92593,
        "recall_at_3": 0.5679,
        "recall_at_5": 0.75309
      }
    ]
  },
  "task_name": "ChemNQRetrieval"
}