{
  "dataset_revision": "f39c1d16edd269f233be381216bc8146f0857124",
  "evaluation_time": 84.94792079925537,
  "kg_co2_emissions": null,
  "mteb_version": "1.14.15",
  "scores": {
    "dev": [
      {
        "hf_subset": "default",
        "languages": [
          "eng-Latn"
        ],
        "main_score": 0.875,
        "map_at_1": 0.875,
        "map_at_10": 0.875,
        "map_at_100": 0.87829,
        "map_at_1000": 0.87829,
        "map_at_20": 0.875,
        "map_at_3": 0.875,
        "map_at_5": 0.875,
        "mrr_at_1": 0.875,
        "mrr_at_10": 0.875,
        "mrr_at_100": 0.8782894736842105,
        "mrr_at_1000": 0.8782894736842105,
        "mrr_at_20": 0.875,
        "mrr_at_3": 0.875,
        "mrr_at_5": 0.875,
        "nauc_map_at_1000_diff1": 1.0,
        "nauc_map_at_1000_max": 1.0,
        "nauc_map_at_1000_std": 0.1282913165266106,
        "nauc_map_at_100_diff1": 1.0,
        "nauc_map_at_100_max": 1.0,
        "nauc_map_at_100_std": 0.1282913165266106,
        "nauc_map_at_10_diff1": 1.0,
        "nauc_map_at_10_max": 1.0,
        "nauc_map_at_10_std": 0.12829131652661033,
        "nauc_map_at_1_diff1": 1.0,
        "nauc_map_at_1_max": 1.0,
        "nauc_map_at_1_std": 0.12829131652661033,
        "nauc_map_at_20_diff1": 1.0,
        "nauc_map_at_20_max": 1.0,
        "nauc_map_at_20_std": 0.12829131652661033,
        "nauc_map_at_3_diff1": 1.0,
        "nauc_map_at_3_max": 1.0,
        "nauc_map_at_3_std": 0.12829131652661033,
        "nauc_map_at_5_diff1": 1.0,
        "nauc_map_at_5_max": 1.0,
        "nauc_map_at_5_std": 0.12829131652661033,
        "nauc_mrr_at_1000_diff1": 1.0,
        "nauc_mrr_at_1000_max": 1.0,
        "nauc_mrr_at_1000_std": 0.1282913165266106,
        "nauc_mrr_at_100_diff1": 1.0,
        "nauc_mrr_at_100_max": 1.0,
        "nauc_mrr_at_100_std": 0.1282913165266106,
        "nauc_mrr_at_10_diff1": 1.0,
        "nauc_mrr_at_10_max": 1.0,
        "nauc_mrr_at_10_std": 0.12829131652661033,
        "nauc_mrr_at_1_diff1": 1.0,
        "nauc_mrr_at_1_max": 1.0,
        "nauc_mrr_at_1_std": 0.12829131652661033,
        "nauc_mrr_at_20_diff1": 1.0,
        "nauc_mrr_at_20_max": 1.0,
        "nauc_mrr_at_20_std": 0.12829131652661033,
        "nauc_mrr_at_3_diff1": 1.0,
        "nauc_mrr_at_3_max": 1.0,
        "nauc_mrr_at_3_std": 0.12829131652661033,
        "nauc_mrr_at_5_diff1": 1.0,
        "nauc_mrr_at_5_max": 1.0,
        "nauc_mrr_at_5_std": 0.12829131652661033,
        "nauc_ndcg_at_1000_diff1": 1.0,
        "nauc_ndcg_at_1000_max": 1.0,
        "nauc_ndcg_at_1000_std": 0.12829131652661083,
        "nauc_ndcg_at_100_diff1": 1.0,
        "nauc_ndcg_at_100_max": 1.0,
        "nauc_ndcg_at_100_std": 0.12829131652661083,
        "nauc_ndcg_at_10_diff1": 1.0,
        "nauc_ndcg_at_10_max": 1.0,
        "nauc_ndcg_at_10_std": 0.12829131652661033,
        "nauc_ndcg_at_1_diff1": 1.0,
        "nauc_ndcg_at_1_max": 1.0,
        "nauc_ndcg_at_1_std": 0.12829131652661033,
        "nauc_ndcg_at_20_diff1": 1.0,
        "nauc_ndcg_at_20_max": 1.0,
        "nauc_ndcg_at_20_std": 0.12829131652661033,
        "nauc_ndcg_at_3_diff1": 1.0,
        "nauc_ndcg_at_3_max": 1.0,
        "nauc_ndcg_at_3_std": 0.12829131652661033,
        "nauc_ndcg_at_5_diff1": 1.0,
        "nauc_ndcg_at_5_max": 1.0,
        "nauc_ndcg_at_5_std": 0.12829131652661033,
        "nauc_precision_at_1000_diff1": 1.0,
        "nauc_precision_at_1000_max": 1.0,
        "nauc_precision_at_1000_std": 1.0,
        "nauc_precision_at_100_diff1": 1.0,
        "nauc_precision_at_100_max": 1.0,
        "nauc_precision_at_100_std": 1.0,
        "nauc_precision_at_10_diff1": 1.0,
        "nauc_precision_at_10_max": 1.0,
        "nauc_precision_at_10_std": 0.1282913165266102,
        "nauc_precision_at_1_diff1": 1.0,
        "nauc_precision_at_1_max": 1.0,
        "nauc_precision_at_1_std": 0.12829131652661033,
        "nauc_precision_at_20_diff1": 1.0,
        "nauc_precision_at_20_max": 1.0,
        "nauc_precision_at_20_std": 0.1282913165266102,
        "nauc_precision_at_3_diff1": 1.0,
        "nauc_precision_at_3_max": 1.0,
        "nauc_precision_at_3_std": 0.1282913165266115,
        "nauc_precision_at_5_diff1": 1.0,
        "nauc_precision_at_5_max": 1.0,
        "nauc_precision_at_5_std": 0.1282913165266102,
        "nauc_recall_at_1000_diff1": NaN,
        "nauc_recall_at_1000_max": NaN,
        "nauc_recall_at_1000_std": NaN,
        "nauc_recall_at_100_diff1": NaN,
        "nauc_recall_at_100_max": NaN,
        "nauc_recall_at_100_std": NaN,
        "nauc_recall_at_10_diff1": 1.0,
        "nauc_recall_at_10_max": 1.0,
        "nauc_recall_at_10_std": 0.12829131652661033,
        "nauc_recall_at_1_diff1": 1.0,
        "nauc_recall_at_1_max": 1.0,
        "nauc_recall_at_1_std": 0.12829131652661033,
        "nauc_recall_at_20_diff1": 1.0,
        "nauc_recall_at_20_max": 1.0,
        "nauc_recall_at_20_std": 0.12829131652661033,
        "nauc_recall_at_3_diff1": 1.0,
        "nauc_recall_at_3_max": 1.0,
        "nauc_recall_at_3_std": 0.12829131652661033,
        "nauc_recall_at_5_diff1": 1.0,
        "nauc_recall_at_5_max": 1.0,
        "nauc_recall_at_5_std": 0.12829131652661033,
        "ndcg_at_1": 0.875,
        "ndcg_at_10": 0.875,
        "ndcg_at_100": 0.89865,
        "ndcg_at_1000": 0.89865,
        "ndcg_at_20": 0.875,
        "ndcg_at_3": 0.875,
        "ndcg_at_5": 0.875,
        "precision_at_1": 0.875,
        "precision_at_10": 0.0875,
        "precision_at_100": 0.01,
        "precision_at_1000": 0.001,
        "precision_at_20": 0.04375,
        "precision_at_3": 0.29167,
        "precision_at_5": 0.175,
        "recall_at_1": 0.875,
        "recall_at_10": 0.875,
        "recall_at_100": 1.0,
        "recall_at_1000": 1.0,
        "recall_at_20": 0.875,
        "recall_at_3": 0.875,
        "recall_at_5": 0.875
      }
    ],
    "test": [
      {
        "hf_subset": "default",
        "languages": [
          "eng-Latn"
        ],
        "main_score": 0.85483,
        "map_at_1": 0.77778,
        "map_at_10": 0.82593,
        "map_at_100": 0.82593,
        "map_at_1000": 0.82599,
        "map_at_20": 0.82593,
        "map_at_3": 0.81481,
        "map_at_5": 0.82593,
        "mrr_at_1": 0.7777777777777778,
        "mrr_at_10": 0.8259259259259258,
        "mrr_at_100": 0.8259259259259258,
        "mrr_at_1000": 0.8259900778376529,
        "mrr_at_20": 0.8259259259259258,
        "mrr_at_3": 0.8148148148148148,
        "mrr_at_5": 0.8259259259259258,
        "nauc_map_at_1000_diff1": 0.7929232090948873,
        "nauc_map_at_1000_max": 0.6106151516142801,
        "nauc_map_at_1000_std": -0.12171651675412136,
        "nauc_map_at_100_diff1": 0.7930040781499665,
        "nauc_map_at_100_max": 0.6107672168680118,
        "nauc_map_at_100_std": -0.12127845629171936,
        "nauc_map_at_10_diff1": 0.7930040781499665,
        "nauc_map_at_10_max": 0.6107672168680118,
        "nauc_map_at_10_std": -0.12127845629171936,
        "nauc_map_at_1_diff1": 0.7884281073257453,
        "nauc_map_at_1_max": 0.6008361717023135,
        "nauc_map_at_1_std": -0.18902593469522622,
        "nauc_map_at_20_diff1": 0.7930040781499665,
        "nauc_map_at_20_max": 0.6107672168680118,
        "nauc_map_at_20_std": -0.12127845629171936,
        "nauc_map_at_3_diff1": 0.7656334348880935,
        "nauc_map_at_3_max": 0.5608692549686335,
        "nauc_map_at_3_std": -0.2187114128107911,
        "nauc_map_at_5_diff1": 0.7930040781499665,
        "nauc_map_at_5_max": 0.6107672168680118,
        "nauc_map_at_5_std": -0.12127845629171936,
        "nauc_mrr_at_1000_diff1": 0.7929232090948873,
        "nauc_mrr_at_1000_max": 0.6106151516142801,
        "nauc_mrr_at_1000_std": -0.12171651675412136,
        "nauc_mrr_at_100_diff1": 0.7930040781499665,
        "nauc_mrr_at_100_max": 0.6107672168680118,
        "nauc_mrr_at_100_std": -0.12127845629171936,
        "nauc_mrr_at_10_diff1": 0.7930040781499665,
        "nauc_mrr_at_10_max": 0.6107672168680118,