{
  "dataset_revision": "831d292c3959eae59e4f89b8758738feee97d6cf",
  "evaluation_time": 78.50980734825134,
  "kg_co2_emissions": null,
  "mteb_version": "1.14.15",
  "scores": {
    "test": [
      {
        "hf_subset": "default",
        "languages": [
          "eng-Latn"
        ],
        "main_score": 0.00589,
        "map_at_1": 0.00258,
        "map_at_10": 0.00457,
        "map_at_100": 0.00563,
        "map_at_1000": 0.00619,
        "map_at_20": 0.00496,
        "map_at_3": 0.00386,
        "map_at_5": 0.00417,
        "mrr_at_1": 0.0031790886612504416,
        "mrr_at_10": 0.005283856546661212,
        "mrr_at_100": 0.006380998912349037,
        "mrr_at_1000": 0.006940106446277154,
        "mrr_at_20": 0.005701415108966736,
        "mrr_at_3": 0.004454648926566976,
        "mrr_at_5": 0.004866753012284628,
        "nauc_map_at_1000_diff1": 0.251446133906309,
        "nauc_map_at_1000_max": 0.4097400815348977,
        "nauc_map_at_1000_std": 0.404213424135629,
        "nauc_map_at_100_diff1": 0.2684005208627492,
        "nauc_map_at_100_max": 0.4361814570112712,
        "nauc_map_at_100_std": 0.40814741485914363,
        "nauc_map_at_10_diff1": 0.32793152040189905,
        "nauc_map_at_10_max": 0.507516381719381,
        "nauc_map_at_10_std": 0.40446449299753295,
        "nauc_map_at_1_diff1": 0.6187647900120888,
        "nauc_map_at_1_max": 0.5972222369756852,
        "nauc_map_at_1_std": 0.44499896614832424,
        "nauc_map_at_20_diff1": 0.3045781197588516,
        "nauc_map_at_20_max": 0.47902527634236985,
        "nauc_map_at_20_std": 0.4126574085140956,
        "nauc_map_at_3_diff1": 0.4192068792333175,
        "nauc_map_at_3_max": 0.5585574476136095,
        "nauc_map_at_3_std": 0.44429548940104024,
        "nauc_map_at_5_diff1": 0.3805638454230679,
        "nauc_map_at_5_max": 0.5320829940454727,
        "nauc_map_at_5_std": 0.4125921856561145,
        "nauc_mrr_at_1000_diff1": 0.2159406005395927,
        "nauc_mrr_at_1000_max": 0.39954262837455473,
        "nauc_mrr_at_1000_std": 0.3821849028553442,
        "nauc_mrr_at_100_diff1": 0.22932353488581791,
        "nauc_mrr_at_100_max": 0.42061495248771436,
        "nauc_mrr_at_100_std": 0.38739706933100565,
        "nauc_mrr_at_10_diff1": 0.2803035955571572,
        "nauc_mrr_at_10_max": 0.4849501815781246,
        "nauc_mrr_at_10_std": 0.39229502121583004,
        "nauc_mrr_at_1_diff1": 0.5104373601462302,
        "nauc_mrr_at_1_max": 0.5930401443591103,
        "nauc_mrr_at_1_std": 0.43705021793295656,
        "nauc_mrr_at_20_diff1": 0.25814080096308795,
        "nauc_mrr_at_20_max": 0.4583041731709286,
        "nauc_mrr_at_20_std": 0.3961436016614526,
        "nauc_mrr_at_3_diff1": 0.3552029469046883,
        "nauc_mrr_at_3_max": 0.5501586418757514,
        "nauc_mrr_at_3_std": 0.44193802904514773,
        "nauc_mrr_at_5_diff1": 0.31730516201491854,
        "nauc_mrr_at_5_max": 0.5100822897273449,
        "nauc_mrr_at_5_std": 0.396763311567869,
        "nauc_ndcg_at_1000_diff1": 0.07644666509018587,
        "nauc_ndcg_at_1000_max": 0.17404845419348475,
        "nauc_ndcg_at_1000_std": 0.3406202579983311,
        "nauc_ndcg_at_100_diff1": 0.10968739872674024,
        "nauc_ndcg_at_100_max": 0.27971734045067886,
        "nauc_ndcg_at_100_std": 0.3697778408107614,
        "nauc_ndcg_at_10_diff1": 0.23354439725302742,
        "nauc_ndcg_at_10_max": 0.45682582241496295,
        "nauc_ndcg_at_10_std": 0.37158802874192876,
        "nauc_ndcg_at_1_diff1": 0.5104373601462302,
        "nauc_ndcg_at_1_max": 0.5930401443591103,
        "nauc_ndcg_at_1_std": 0.43705021793295656,
        "nauc_ndcg_at_20_diff1": 0.1922142881464588,
        "nauc_ndcg_at_20_max": 0.39635604760218707,
        "nauc_ndcg_at_20_std": 0.3933335269651421,
        "nauc_ndcg_at_3_diff1": 0.3625902451116531,
        "nauc_ndcg_at_3_max": 0.549987076282085,
        "nauc_ndcg_at_3_std": 0.4375919951773985,
        "nauc_ndcg_at_5_diff1": 0.315590083519002,
        "nauc_ndcg_at_5_max": 0.5027333297730804,
        "nauc_ndcg_at_5_std": 0.38250339862043387,
        "nauc_precision_at_1000_diff1": 0.049937583976695746,
        "nauc_precision_at_1000_max": 0.0951634994283165,
        "nauc_precision_at_1000_std": 0.3260052464812591,
        "nauc_precision_at_100_diff1": 0.02812930519347282,
        "nauc_precision_at_100_max": 0.1687818718948588,
        "nauc_precision_at_100_std": 0.37682968539228034,
        "nauc_precision_at_10_diff1": 0.040461712722046475,
        "nauc_precision_at_10_max": 0.34803554342838133,
        "nauc_precision_at_10_std": 0.3502685614937513,
        "nauc_precision_at_1_diff1": 0.5104373601462302,
        "nauc_precision_at_1_max": 0.5930401443591103,
        "nauc_precision_at_1_std": 0.43705021793295656,
        "nauc_precision_at_20_diff1": 0.02346574483632984,
        "nauc_precision_at_20_max": 0.2597910861813181,
        "nauc_precision_at_20_std": 0.3940555616299028,
        "nauc_precision_at_3_diff1": 0.25709112383366467,
        "nauc_precision_at_3_max": 0.5249570646152694,
        "nauc_precision_at_3_std": 0.45344571520849913,
        "nauc_precision_at_5_diff1": 0.16933700900722112,
        "nauc_precision_at_5_max": 0.4155628555893007,
        "nauc_precision_at_5_std": 0.35279625495979466,
        "nauc_recall_at_1000_diff1": 0.04131486049878114,
        "nauc_recall_at_1000_max": 0.11502495496781572,
        "nauc_recall_at_1000_std": 0.3129133586353191,
        "nauc_recall_at_100_diff1": 0.02225877377155471,
        "nauc_recall_at_100_max": 0.1879759065903343,
        "nauc_recall_at_100_std": 0.3411278889068579,
        "nauc_recall_at_10_diff1": 0.11590854361302347,
        "nauc_recall_at_10_max": 0.3982450879692527,
        "nauc_recall_at_10_std": 0.3220764400111653,
        "nauc_recall_at_1_diff1": 0.6187647900120888,
        "nauc_recall_at_1_max": 0.5972222369756852,
        "nauc_recall_at_1_std": 0.44499896614832424,
        "nauc_recall_at_20_diff1": 0.08405096722658727,
        "nauc_recall_at_20_max": 0.31066295191953736,
        "nauc_recall_at_20_std": 0.38186665311815277,
        "nauc_recall_at_3_diff1": 0.3169811322527185,
        "nauc_recall_at_3_max": 0.5326273426819844,
        "nauc_recall_at_3_std": 0.4209291249930055,
        "nauc_recall_at_5_diff1": 0.23870879356939684,
        "nauc_recall_at_5_max": 0.4678893126199833,
        "nauc_recall_at_5_std": 0.330562119899962,
        "ndcg_at_1": 0.00318,
        "ndcg_at_10": 0.00589,
        "ndcg_at_100": 0.01268,
        "ndcg_at_1000": 0.03314,
        "ndcg_at_20": 0.00725,
        "ndcg_at_3": 0.0044,
        "ndcg_at_5": 0.00495,
        "precision_at_1": 0.00318,
        "precision_at_10": 0.00138,
        "precision_at_100": 0.00066,
        "precision_at_1000": 0.00034,
        "precision_at_20": 0.0011,
        "precision_at_3": 0.00228,
        "precision_at_5": 0.00181,
        "recall_at_1": 0.00258,
        "recall_at_10": 0.00901,
        "recall_at_100": 0.0413,
        "recall_at_1000": 0.19289,
        "recall_at_20": 0.01371,
        "recall_at_3": 0.00515,
        "recall_at_5": 0.00648
      }
    ]
  },
  "task_name": "CoconutRetrieval"
}