{
  "dataset_revision": "3a12c34da3bdfeaca47058b624e8223513c7ae46",
  "evaluation_time": 9.543887376785278,
  "kg_co2_emissions": null,
  "mteb_version": "1.14.15",
  "scores": {
    "test": [
      {
        "cosine_accuracy": 0.9921875,
        "cosine_accuracy_threshold": 0.7527604103088379,
        "cosine_ap": 0.9807062710389162,
        "cosine_f1": 0.9601990049751243,
        "cosine_f1_threshold": 0.7527604103088379,
        "cosine_precision": 0.9796954314720813,
        "cosine_recall": 0.9414634146341463,
        "dot_accuracy": 0.9921875,
        "dot_accuracy_threshold": 0.7527604103088379,
        "dot_ap": 0.9807062710389162,
        "dot_f1": 0.9601990049751243,
        "dot_f1_threshold": 0.7527604103088379,
        "dot_precision": 0.9796954314720813,
        "dot_recall": 0.9414634146341463,
        "euclidean_accuracy": 0.9921875,
        "euclidean_accuracy_threshold": 0.7031905651092529,
        "euclidean_ap": 0.9807062710389162,
        "euclidean_f1": 0.9601990049751243,
        "euclidean_f1_threshold": 0.7031905651092529,
        "euclidean_precision": 0.9796954314720813,
        "euclidean_recall": 0.9414634146341463,
        "hf_subset": "default",
        "languages": [
          "eng-Latn"
        ],
        "main_score": 0.9609756097560975,
        "manhattan_accuracy": 0.9921875,
        "manhattan_accuracy_threshold": 15.383159637451172,
        "manhattan_ap": 0.9801101458546828,
        "manhattan_f1": 0.9609756097560975,
        "manhattan_f1_threshold": 15.947059631347656,
        "manhattan_precision": 0.9609756097560975,
        "manhattan_recall": 0.9609756097560975,
        "max_accuracy": 0.9921875,
        "max_ap": 0.9807062710389162,
        "max_f1": 0.9609756097560975,
        "max_precision": 0.9796954314720813,
        "max_recall": 0.9609756097560975,
        "similarity_accuracy": 0.9921875,
        "similarity_accuracy_threshold": 0.7527604103088379,
        "similarity_ap": 0.9807062710389162,
        "similarity_f1": 0.9601990049751243,
        "similarity_f1_threshold": 0.7527604103088379,
        "similarity_precision": 0.9796954314720813,
        "similarity_recall": 0.9414634146341463
      }
    ]
  },
  "task_name": "PubChemWikiParagraphsPC"
}