{
  "dataset_revision": "1840e8a5ac6ec752bbdd97d543ead0189bc7c25b",
  "task_name": "ChemHotpotQARetrieval",
  "mteb_version": "1.36.8",
  "scores": {
    "train": [
      {
        "ndcg_at_1": 0.75556,
        "ndcg_at_3": 0.79243,
        "ndcg_at_5": 0.80415,
        "ndcg_at_10": 0.8138,
        "ndcg_at_20": 0.82249,
        "ndcg_at_100": 0.83004,
        "ndcg_at_1000": 0.83721,
        "map_at_1": 0.73611,
        "map_at_3": 0.7787,
        "map_at_5": 0.78537,
        "map_at_10": 0.79018,
        "map_at_20": 0.7927,
        "map_at_100": 0.79394,
        "map_at_1000": 0.79428,
        "recall_at_1": 0.73611,
        "recall_at_3": 0.81944,
        "recall_at_5": 0.84722,
        "recall_at_10": 0.875,
        "recall_at_20": 0.90833,
        "recall_at_100": 0.94722,
        "recall_at_1000": 1.0,
        "precision_at_1": 0.75556,
        "precision_at_3": 0.28148,
        "precision_at_5": 0.17444,
        "precision_at_10": 0.09056,
        "precision_at_20": 0.04694,
        "precision_at_100": 0.00983,
        "precision_at_1000": 0.00104,
        "mrr_at_1": 0.755556,
        "mrr_at_3": 0.792593,
        "mrr_at_5": 0.799259,
        "mrr_at_10": 0.802346,
        "mrr_at_20": 0.804868,
        "mrr_at_100": 0.805776,
        "mrr_at_1000": 0.806102,
        "nauc_ndcg_at_1_max": 0.559871,
        "nauc_ndcg_at_1_std": -0.123591,
        "nauc_ndcg_at_1_diff1": 0.90953,
        "nauc_ndcg_at_3_max": 0.48417,
        "nauc_ndcg_at_3_std": -0.143674,
        "nauc_ndcg_at_3_diff1": 0.811134,
        "nauc_ndcg_at_5_max": 0.47363,
        "nauc_ndcg_at_5_std": -0.12501,
        "nauc_ndcg_at_5_diff1": 0.811149,
        "nauc_ndcg_at_10_max": 0.473332,
        "nauc_ndcg_at_10_std": -0.148742,
        "nauc_ndcg_at_10_diff1": 0.808797,
        "nauc_ndcg_at_20_max": 0.48092,
        "nauc_ndcg_at_20_std": -0.155487,
        "nauc_ndcg_at_20_diff1": 0.8126,
        "nauc_ndcg_at_100_max": 0.485749,
        "nauc_ndcg_at_100_std": -0.142847,
        "nauc_ndcg_at_100_diff1": 0.814916,
        "nauc_ndcg_at_1000_max": 0.487861,
        "nauc_ndcg_at_1000_std": -0.142646,
        "nauc_ndcg_at_1000_diff1": 0.82133,
        "nauc_map_at_1_max": 0.47305,
        "nauc_map_at_1_std": -0.168591,
        "nauc_map_at_1_diff1": 0.841052,
        "nauc_map_at_3_max": 0.471127,
        "nauc_map_at_3_std": -0.157556,
        "nauc_map_at_3_diff1": 0.806779,
        "nauc_map_at_5_max": 0.465302,
        "nauc_map_at_5_std": -0.147492,
        "nauc_map_at_5_diff1": 0.806773,
        "nauc_map_at_10_max": 0.46621,
        "nauc_map_at_10_std": -0.157506,
        "nauc_map_at_10_diff1": 0.806185,
        "nauc_map_at_20_max": 0.468236,
        "nauc_map_at_20_std": -0.159222,
        "nauc_map_at_20_diff1": 0.806912,
        "nauc_map_at_100_max": 0.468808,
        "nauc_map_at_100_std": -0.156599,
        "nauc_map_at_100_diff1": 0.806975,
        "nauc_map_at_1000_max": 0.468793,
        "nauc_map_at_1000_std": -0.156724,
        "nauc_map_at_1000_diff1": 0.807119,
        "nauc_recall_at_1_max": 0.47305,
        "nauc_recall_at_1_std": -0.168591,
        "nauc_recall_at_1_diff1": 0.841052,
        "nauc_recall_at_3_max": 0.443269,
        "nauc_recall_at_3_std": -0.149653,
        "nauc_recall_at_3_diff1": 0.743635,
        "nauc_recall_at_5_max": 0.405236,
        "nauc_recall_at_5_std": -0.099982,
        "nauc_recall_at_5_diff1": 0.731869,
        "nauc_recall_at_10_max": 0.390508,
        "nauc_recall_at_10_std": -0.199052,
        "nauc_recall_at_10_diff1": 0.710845,
        "nauc_recall_at_20_max": 0.406516,
        "nauc_recall_at_20_std": -0.261509,
        "nauc_recall_at_20_diff1": 0.698059,
        "nauc_recall_at_100_max": 0.43523,
        "nauc_recall_at_100_std": -0.173792,
        "nauc_recall_at_100_diff1": 0.67077,
        "nauc_recall_at_1000_max": NaN,
        "nauc_recall_at_1000_std": NaN,
        "nauc_recall_at_1000_diff1": NaN,
        "nauc_precision_at_1_max": 0.559871,
        "nauc_precision_at_1_std": -0.123591,
        "nauc_precision_at_1_diff1": 0.90953,
        "nauc_precision_at_3_max": 0.504272,
        "nauc_precision_at_3_std": -0.072198,
        "nauc_precision_at_3_diff1": 0.714238,
        "nauc_precision_at_5_max": 0.477661,
        "nauc_precision_at_5_std": -0.012669,
        "nauc_precision_at_5_diff1": 0.698394,
        "nauc_precision_at_10_max": 0.405741,
        "nauc_precision_at_10_std": -0.082591,
        "nauc_precision_at_10_diff1": 0.553565,
        "nauc_precision_at_20_max": 0.425146,
        "nauc_precision_at_20_std": -0.101556,
        "nauc_precision_at_20_diff1": 0.510141,
        "nauc_precision_at_100_max": 0.39707,
        "nauc_precision_at_100_std": 0.111816,
        "nauc_precision_at_100_diff1": 0.342075,
        "nauc_precision_at_1000_max": 0.36571,
        "nauc_precision_at_1000_std": 0.361302,
        "nauc_precision_at_1000_diff1": 0.094216,
        "nauc_mrr_at_1_max": 0.559871,
        "nauc_mrr_at_1_std": -0.123591,
        "nauc_mrr_at_1_diff1": 0.90953,
        "nauc_mrr_at_3_max": 0.552341,
        "nauc_mrr_at_3_std": -0.103784,
        "nauc_mrr_at_3_diff1": 0.881904,
        "nauc_mrr_at_5_max": 0.548753,
        "nauc_mrr_at_5_std": -0.091482,
        "nauc_mrr_at_5_diff1": 0.884259,
        "nauc_mrr_at_10_max": 0.547119,
        "nauc_mrr_at_10_std": -0.098068,
        "nauc_mrr_at_10_diff1": 0.882954,
        "nauc_mrr_at_20_max": 0.550298,
        "nauc_mrr_at_20_std": -0.099094,
        "nauc_mrr_at_20_diff1": 0.884716,
        "nauc_mrr_at_100_max": 0.549807,
        "nauc_mrr_at_100_std": -0.099038,
        "nauc_mrr_at_100_diff1": 0.884295,
        "nauc_mrr_at_1000_max": 0.549705,
        "nauc_mrr_at_1000_std": -0.099181,
        "nauc_mrr_at_1000_diff1": 0.884325,
        "main_score": 0.8138,
        "hf_subset": "default",
        "languages": [
          "eng-Latn"
        ]
      }
    ],
    "dev": [
      {
        "ndcg_at_1": 0.75,
        "ndcg_at_3": 0.75,
        "ndcg_at_5": 0.75,
        "ndcg_at_10": 0.79453,
        "ndcg_at_20": 0.79453,
        "ndcg_at_100": 0.81388,
        "ndcg_at_1000": 0.81388,
        "map_at_1": 0.75,
        "map_at_3": 0.75,
        "map_at_5": 0.75,
        "map_at_10": 0.77083,
        "map_at_20": 0.77083,
        "map_at_100": 0.77227,
        "map_at_1000": 0.77227,
        "recall_at_1": 0.75,
        "recall_at_3": 0.75,
        "recall_at_5": 0.75,
        "recall_at_10": 0.875,
        "recall_at_20": 0.875,
        "recall_at_100": 1.0,
        "recall_at_1000": 1.0,
        "precision_at_1": 0.75,
        "precision_at_3": 0.25,
        "precision_at_5": 0.15,
        "precision_at_10": 0.0875,
        "precision_at_20": 0.04375,
        "precision_at_100": 0.01,
        "precision_at_1000": 0.001,
        "mrr_at_1": 0.75,
        "mrr_at_3": 0.75,
        "mrr_at_5": 0.75,
        "mrr_at_10": 0.770833,
        "mrr_at_20": 0.770833,
        "mrr_at_100": 0.77227,
        "mrr_at_1000": 0.77227,
        "nauc_ndcg_at_1_max": 1.0,
        "nauc_ndcg_at_1_std": -0.703303,
        "nauc_ndcg_at_1_diff1": 1.0,
        "nauc_ndcg_at_3_max": 1.0,
        "nauc_ndcg_at_3_std": -0.703303,
        "nauc_ndcg_at_3_diff1": 1.0,
        "nauc_ndcg_at_5_max": 1.0,
        "nauc_ndcg_at_5_std": -0.703303,
        "nauc_ndcg_at_5_diff1": 1.0,
        "nauc_ndcg_at_10_max": 0.969245,
        "nauc_ndcg_at_10_std": -0.800132,
        "nauc_ndcg_at_10_diff1": 1.0,
        "nauc_ndcg_at_20_max": 0.969245,
        "nauc_ndcg_at_20_std": -0.800132,
        "nauc_ndcg_at_20_diff1": 1.0,
        "nauc_ndcg_at_100_max": 0.980692,
        "nauc_ndcg_at_100_std": -0.764092,
        "nauc_ndcg_at_100_diff1": 1.0,
        "nauc_ndcg_at_1000_max": 0.980692,
        "nauc_ndcg_at_1000_std": -0.764092,
        "nauc_ndcg_at_1000_diff1": 1.0,
        "nauc_map_at_1_max": 1.0,
        "nauc_map_at_1_std": -0.703303,
        "nauc_map_at_1_diff1": 1.0,
        "nauc_map_at_3_max": 1.0,
        "nauc_map_at_3_std": -0.703303,