{
  "dataset_revision": "831d292c3959eae59e4f89b8758738feee97d6cf",
  "task_name": "CoconutRetrieval",
  "mteb_version": "1.36.8",
  "scores": {
    "test": [
      {
        "ndcg_at_1": 0.0033,
        "ndcg_at_3": 0.00401,
        "ndcg_at_5": 0.00473,
        "ndcg_at_10": 0.00606,
        "ndcg_at_20": 0.0073,
        "ndcg_at_100": 0.01276,
        "ndcg_at_1000": 0.03384,
        "map_at_1": 0.00308,
        "map_at_3": 0.00366,
        "map_at_5": 0.00409,
        "map_at_10": 0.00467,
        "map_at_20": 0.00502,
        "map_at_100": 0.00571,
        "map_at_1000": 0.00633,
        "recall_at_1": 0.00308,
        "recall_at_3": 0.00427,
        "recall_at_5": 0.00595,
        "recall_at_10": 0.00954,
        "recall_at_20": 0.01393,
        "recall_at_100": 0.04015,
        "recall_at_1000": 0.19337,
        "precision_at_1": 0.0033,
        "precision_at_3": 0.00184,
        "precision_at_5": 0.00167,
        "precision_at_10": 0.00146,
        "precision_at_20": 0.0011,
        "precision_at_100": 0.00073,
        "precision_at_1000": 0.00037,
        "mrr_at_1": 0.003297,
        "mrr_at_3": 0.00416,
        "mrr_at_5": 0.004661,
        "mrr_at_10": 0.005246,
        "mrr_at_20": 0.00562,
        "mrr_at_100": 0.006319,
        "mrr_at_1000": 0.006847,
        "nauc_ndcg_at_1_max": 0.224441,
        "nauc_ndcg_at_1_std": 0.142603,
        "nauc_ndcg_at_1_diff1": 0.844014,
        "nauc_ndcg_at_3_max": 0.179068,
        "nauc_ndcg_at_3_std": 0.140611,
        "nauc_ndcg_at_3_diff1": 0.720137,
        "nauc_ndcg_at_5_max": 0.127907,
        "nauc_ndcg_at_5_std": 0.160403,
        "nauc_ndcg_at_5_diff1": 0.598888,
        "nauc_ndcg_at_10_max": 0.11101,
        "nauc_ndcg_at_10_std": 0.174495,
        "nauc_ndcg_at_10_diff1": 0.492405,
        "nauc_ndcg_at_20_max": 0.103407,
        "nauc_ndcg_at_20_std": 0.174601,
        "nauc_ndcg_at_20_diff1": 0.437984,
        "nauc_ndcg_at_100_max": 0.150929,
        "nauc_ndcg_at_100_std": 0.233461,
        "nauc_ndcg_at_100_diff1": 0.29775,
        "nauc_ndcg_at_1000_max": 0.236497,
        "nauc_ndcg_at_1000_std": 0.348734,
        "nauc_ndcg_at_1000_diff1": 0.202438,
        "nauc_map_at_1_max": 0.181485,
        "nauc_map_at_1_std": 0.094024,
        "nauc_map_at_1_diff1": 0.833297,
        "nauc_map_at_3_max": 0.169901,
        "nauc_map_at_3_std": 0.112615,
        "nauc_map_at_3_diff1": 0.751947,
        "nauc_map_at_5_max": 0.144585,
        "nauc_map_at_5_std": 0.135524,
        "nauc_map_at_5_diff1": 0.674265,
        "nauc_map_at_10_max": 0.135884,
        "nauc_map_at_10_std": 0.150157,
        "nauc_map_at_10_diff1": 0.607392,
        "nauc_map_at_20_max": 0.132264,
        "nauc_map_at_20_std": 0.153763,
        "nauc_map_at_20_diff1": 0.577446,
        "nauc_map_at_100_max": 0.143665,
        "nauc_map_at_100_std": 0.174317,
        "nauc_map_at_100_diff1": 0.523162,
        "nauc_map_at_1000_max": 0.157439,
        "nauc_map_at_1000_std": 0.197462,
        "nauc_map_at_1000_diff1": 0.490744,
        "nauc_recall_at_1_max": 0.181485,
        "nauc_recall_at_1_std": 0.094024,
        "nauc_recall_at_1_diff1": 0.833297,
        "nauc_recall_at_3_max": 0.155662,
        "nauc_recall_at_3_std": 0.123607,
        "nauc_recall_at_3_diff1": 0.683811,
        "nauc_recall_at_5_max": 0.077721,
        "nauc_recall_at_5_std": 0.163234,
        "nauc_recall_at_5_diff1": 0.47805,
        "nauc_recall_at_10_max": 0.062647,
        "nauc_recall_at_10_std": 0.175936,
        "nauc_recall_at_10_diff1": 0.343684,
        "nauc_recall_at_20_max": 0.057218,
        "nauc_recall_at_20_std": 0.169699,
        "nauc_recall_at_20_diff1": 0.281884,
        "nauc_recall_at_100_max": 0.15615,
        "nauc_recall_at_100_std": 0.254379,
        "nauc_recall_at_100_diff1": 0.161654,
        "nauc_recall_at_1000_max": 0.267184,
        "nauc_recall_at_1000_std": 0.389758,
        "nauc_recall_at_1000_diff1": 0.138688,
        "nauc_precision_at_1_max": 0.224441,
        "nauc_precision_at_1_std": 0.142603,
        "nauc_precision_at_1_diff1": 0.844014,
        "nauc_precision_at_3_max": 0.231813,
        "nauc_precision_at_3_std": 0.246207,
        "nauc_precision_at_3_diff1": 0.646432,
        "nauc_precision_at_5_max": 0.131641,
        "nauc_precision_at_5_std": 0.294287,
        "nauc_precision_at_5_diff1": 0.432836,
        "nauc_precision_at_10_max": 0.108442,
        "nauc_precision_at_10_std": 0.296791,
        "nauc_precision_at_10_diff1": 0.288557,
        "nauc_precision_at_20_max": 0.104735,
        "nauc_precision_at_20_std": 0.268844,
        "nauc_precision_at_20_diff1": 0.264408,
        "nauc_precision_at_100_max": 0.191338,
        "nauc_precision_at_100_std": 0.325437,
        "nauc_precision_at_100_diff1": 0.174448,
        "nauc_precision_at_1000_max": 0.256966,
        "nauc_precision_at_1000_std": 0.39306,
        "nauc_precision_at_1000_diff1": 0.126611,
        "nauc_mrr_at_1_max": 0.224441,
        "nauc_mrr_at_1_std": 0.142603,
        "nauc_mrr_at_1_diff1": 0.844014,
        "nauc_mrr_at_3_max": 0.197574,
        "nauc_mrr_at_3_std": 0.170629,
        "nauc_mrr_at_3_diff1": 0.720632,
        "nauc_mrr_at_5_max": 0.160374,
        "nauc_mrr_at_5_std": 0.18363,
        "nauc_mrr_at_5_diff1": 0.631332,
        "nauc_mrr_at_10_max": 0.146956,
        "nauc_mrr_at_10_std": 0.188306,
        "nauc_mrr_at_10_diff1": 0.568262,
        "nauc_mrr_at_20_max": 0.142882,
        "nauc_mrr_at_20_std": 0.188332,
        "nauc_mrr_at_20_diff1": 0.544661,
        "nauc_mrr_at_100_max": 0.148329,
        "nauc_mrr_at_100_std": 0.198887,
        "nauc_mrr_at_100_diff1": 0.494705,
        "nauc_mrr_at_1000_max": 0.157473,
        "nauc_mrr_at_1000_std": 0.212829,
        "nauc_mrr_at_1000_diff1": 0.471118,
        "main_score": 0.00606,
        "hf_subset": "default",
        "languages": [
          "eng-Latn"
        ]
      }
    ]
  },
  "evaluation_time": 258.27523136138916,
  "kg_co2_emissions": null
}