{
  "dataset_revision": "main",
  "task_name": "FSUChemRxivQest",
  "mteb_version": "0.1",
  "scores": {
    "test": [
      {
        "ndcg_at_1": 0.41298,
        "ndcg_at_3": 0.42347,
        "ndcg_at_5": 0.45584,
        "ndcg_at_10": 0.49162,
        "ndcg_at_20": 0.51598,
        "ndcg_at_100": 0.54444,
        "ndcg_at_1000": 0.55891,
        "map_at_1": 0.29094,
        "map_at_3": 0.36818,
        "map_at_5": 0.38817,
        "map_at_10": 0.40391,
        "map_at_20": 0.41209,
        "map_at_100": 0.41728,
        "map_at_1000": 0.41802,
        "recall_at_1": 0.29094,
        "recall_at_3": 0.45314,
        "recall_at_5": 0.52334,
        "recall_at_10": 0.62204,
        "recall_at_20": 0.7046,
        "recall_at_100": 0.83453,
        "recall_at_1000": 0.93203,
        "precision_at_1": 0.41298,
        "precision_at_3": 0.22005,
        "precision_at_5": 0.15407,
        "precision_at_10": 0.09289,
        "precision_at_20": 0.05371,
        "precision_at_100": 0.01304,
        "precision_at_1000": 0.00148,
        "mrr_at_1": 0.412976,
        "mrr_at_3": 0.506522,
        "mrr_at_5": 0.522897,
        "mrr_at_10": 0.537128,
        "mrr_at_20": 0.542094,
        "mrr_at_100": 0.544533,
        "mrr_at_1000": 0.544689,
        "nauc_ndcg_at_1_max": 0.191254,
        "nauc_ndcg_at_1_std": -0.107546,
        "nauc_ndcg_at_1_diff1": 0.484078,
        "nauc_ndcg_at_3_max": 0.178485,
        "nauc_ndcg_at_3_std": -0.091664,
        "nauc_ndcg_at_3_diff1": 0.376707,
        "nauc_ndcg_at_5_max": 0.180786,
        "nauc_ndcg_at_5_std": -0.086259,
        "nauc_ndcg_at_5_diff1": 0.3655,
        "nauc_ndcg_at_10_max": 0.186046,
        "nauc_ndcg_at_10_std": -0.080182,
        "nauc_ndcg_at_10_diff1": 0.365739,
        "nauc_ndcg_at_20_max": 0.201841,
        "nauc_ndcg_at_20_std": -0.062337,
        "nauc_ndcg_at_20_diff1": 0.355956,
        "nauc_ndcg_at_100_max": 0.198111,
        "nauc_ndcg_at_100_std": -0.046997,
        "nauc_ndcg_at_100_diff1": 0.355654,
        "nauc_ndcg_at_1000_max": 0.196347,
        "nauc_ndcg_at_1000_std": -0.051818,
        "nauc_ndcg_at_1000_diff1": 0.364484,
        "nauc_map_at_1_max": 0.152092,
        "nauc_map_at_1_std": -0.08197,
        "nauc_map_at_1_diff1": 0.389906,
        "nauc_map_at_3_max": 0.170604,
        "nauc_map_at_3_std": -0.080493,
        "nauc_map_at_3_diff1": 0.366624,
        "nauc_map_at_5_max": 0.171692,
        "nauc_map_at_5_std": -0.079123,
        "nauc_map_at_5_diff1": 0.362374,
        "nauc_map_at_10_max": 0.172318,
        "nauc_map_at_10_std": -0.076819,
        "nauc_map_at_10_diff1": 0.361612,
        "nauc_map_at_20_max": 0.177752,
        "nauc_map_at_20_std": -0.07093,
        "nauc_map_at_20_diff1": 0.357933,
        "nauc_map_at_100_max": 0.177491,
        "nauc_map_at_100_std": -0.068685,
        "nauc_map_at_100_diff1": 0.357828,
        "nauc_map_at_1000_max": 0.177369,
        "nauc_map_at_1000_std": -0.068881,
        "nauc_map_at_1000_diff1": 0.358222,
        "nauc_recall_at_1_max": 0.152092,
        "nauc_recall_at_1_std": -0.08197,
        "nauc_recall_at_1_diff1": 0.389906,
        "nauc_recall_at_3_max": 0.1634,
        "nauc_recall_at_3_std": -0.08445,
        "nauc_recall_at_3_diff1": 0.297266,
        "nauc_recall_at_5_max": 0.157478,
        "nauc_recall_at_5_std": -0.068932,
        "nauc_recall_at_5_diff1": 0.252148,
        "nauc_recall_at_10_max": 0.157209,
        "nauc_recall_at_10_std": -0.042604,
        "nauc_recall_at_10_diff1": 0.213825,
        "nauc_recall_at_20_max": 0.206236,
        "nauc_recall_at_20_std": 0.038282,
        "nauc_recall_at_20_diff1": 0.141667,
        "nauc_recall_at_100_max": 0.177978,
        "nauc_recall_at_100_std": 0.205783,
        "nauc_recall_at_100_diff1": 0.03454,
        "nauc_recall_at_1000_max": 0.17667,
        "nauc_recall_at_1000_std": 0.372559,
        "nauc_recall_at_1000_diff1": -0.023364,
        "nauc_precision_at_1_max": 0.191254,
        "nauc_precision_at_1_std": -0.107546,
        "nauc_precision_at_1_diff1": 0.484078,
        "nauc_precision_at_3_max": 0.198806,
        "nauc_precision_at_3_std": -0.103787,
        "nauc_precision_at_3_diff1": 0.387002,
        "nauc_precision_at_5_max": 0.179913,
        "nauc_precision_at_5_std": -0.067851,
        "nauc_precision_at_5_diff1": 0.307605,
        "nauc_precision_at_10_max": 0.164576,
        "nauc_precision_at_10_std": -0.029031,
        "nauc_precision_at_10_diff1": 0.239351,
        "nauc_precision_at_20_max": 0.186441,
        "nauc_precision_at_20_std": 0.055269,
        "nauc_precision_at_20_diff1": 0.11368,
        "nauc_precision_at_100_max": 0.115433,
        "nauc_precision_at_100_std": 0.160554,
        "nauc_precision_at_100_diff1": 0.00754,
        "nauc_precision_at_1000_max": 0.066696,
        "nauc_precision_at_1000_std": 0.146144,
        "nauc_precision_at_1000_diff1": -0.009996,
        "nauc_mrr_at_1_max": 0.191254,
        "nauc_mrr_at_1_std": -0.107546,
        "nauc_mrr_at_1_diff1": 0.484078,
        "nauc_mrr_at_3_max": 0.19571,
        "nauc_mrr_at_3_std": -0.114356,
        "nauc_mrr_at_3_diff1": 0.451464,
        "nauc_mrr_at_5_max": 0.198884,
        "nauc_mrr_at_5_std": -0.109255,
        "nauc_mrr_at_5_diff1": 0.443637,
        "nauc_mrr_at_10_max": 0.203604,
        "nauc_mrr_at_10_std": -0.10807,
        "nauc_mrr_at_10_diff1": 0.447927,
        "nauc_mrr_at_20_max": 0.205192,
        "nauc_mrr_at_20_std": -0.106455,
        "nauc_mrr_at_20_diff1": 0.448037,
        "nauc_mrr_at_100_max": 0.204458,
        "nauc_mrr_at_100_std": -0.10585,
        "nauc_mrr_at_100_diff1": 0.448979,
        "nauc_mrr_at_1000_max": 0.204344,
        "nauc_mrr_at_1000_std": -0.105961,
        "nauc_mrr_at_1000_diff1": 0.448988,
        "main_score": 0.49162,
        "hf_subset": "default",
        "languages": [
          "eng-Latn"
        ]
      }
    ]
  },
  "evaluation_time": 570.8716242313385,
  "kg_co2_emissions": null
}