{
  "dataset_revision": "5d958fb6b31055495347724d46431ba41309b03a",
  "task_name": "ChemNQRetrieval",
  "mteb_version": "1.36.8",
  "scores": {
    "test": [
      {
        "ndcg_at_1": 0.14815,
        "ndcg_at_3": 0.21274,
        "ndcg_at_5": 0.21274,
        "ndcg_at_10": 0.21274,
        "ndcg_at_20": 0.2432,
        "ndcg_at_100": 0.25687,
        "ndcg_at_1000": 0.29951,
        "map_at_1": 0.11111,
        "map_at_3": 0.18519,
        "map_at_5": 0.18519,
        "map_at_10": 0.18519,
        "map_at_20": 0.19486,
        "map_at_100": 0.19646,
        "map_at_1000": 0.19798,
        "recall_at_1": 0.11111,
        "recall_at_3": 0.27778,
        "recall_at_5": 0.27778,
        "recall_at_10": 0.27778,
        "recall_at_20": 0.38272,
        "recall_at_100": 0.45062,
        "recall_at_1000": 0.77778,
        "precision_at_1": 0.14815,
        "precision_at_3": 0.11111,
        "precision_at_5": 0.06667,
        "precision_at_10": 0.03333,
        "precision_at_20": 0.02407,
        "precision_at_100": 0.00593,
        "precision_at_1000": 0.00104,
        "mrr_at_1": 0.148148,
        "mrr_at_3": 0.203704,
        "mrr_at_5": 0.203704,
        "mrr_at_10": 0.203704,
        "mrr_at_20": 0.213083,
        "mrr_at_100": 0.214838,
        "mrr_at_1000": 0.215951,
        "nauc_ndcg_at_1_max": 0.57531,
        "nauc_ndcg_at_1_std": 0.272807,
        "nauc_ndcg_at_1_diff1": 0.112002,
        "nauc_ndcg_at_3_max": 0.638708,
        "nauc_ndcg_at_3_std": 0.224265,
        "nauc_ndcg_at_3_diff1": 0.351745,
        "nauc_ndcg_at_5_max": 0.638708,
        "nauc_ndcg_at_5_std": 0.224265,
        "nauc_ndcg_at_5_diff1": 0.351745,
        "nauc_ndcg_at_10_max": 0.638708,
        "nauc_ndcg_at_10_std": 0.224265,
        "nauc_ndcg_at_10_diff1": 0.351745,
        "nauc_ndcg_at_20_max": 0.592366,
        "nauc_ndcg_at_20_std": 0.275243,
        "nauc_ndcg_at_20_diff1": 0.305969,
        "nauc_ndcg_at_100_max": 0.575366,
        "nauc_ndcg_at_100_std": 0.263232,
        "nauc_ndcg_at_100_diff1": 0.311923,
        "nauc_ndcg_at_1000_max": 0.560824,
        "nauc_ndcg_at_1000_std": 0.224584,
        "nauc_ndcg_at_1000_diff1": 0.339048,
        "nauc_map_at_1_max": 0.566607,
        "nauc_map_at_1_std": 0.251524,
        "nauc_map_at_1_diff1": 0.057446,
        "nauc_map_at_3_max": 0.637156,
        "nauc_map_at_3_std": 0.191774,
        "nauc_map_at_3_diff1": 0.317017,
        "nauc_map_at_5_max": 0.637156,
        "nauc_map_at_5_std": 0.191774,
        "nauc_map_at_5_diff1": 0.317017,
        "nauc_map_at_10_max": 0.637156,
        "nauc_map_at_10_std": 0.191774,
        "nauc_map_at_10_diff1": 0.317017,
        "nauc_map_at_20_max": 0.621639,
        "nauc_map_at_20_std": 0.213713,
        "nauc_map_at_20_diff1": 0.299185,
        "nauc_map_at_100_max": 0.619523,
        "nauc_map_at_100_std": 0.212311,
        "nauc_map_at_100_diff1": 0.300439,
        "nauc_map_at_1000_max": 0.617603,
        "nauc_map_at_1000_std": 0.21066,
        "nauc_map_at_1000_diff1": 0.300004,
        "nauc_recall_at_1_max": 0.566607,
        "nauc_recall_at_1_std": 0.251524,
        "nauc_recall_at_1_diff1": 0.057446,
        "nauc_recall_at_3_max": 0.627315,
        "nauc_recall_at_3_std": 0.217585,
        "nauc_recall_at_3_diff1": 0.485807,
        "nauc_recall_at_5_max": 0.627315,
        "nauc_recall_at_5_std": 0.217585,
        "nauc_recall_at_5_diff1": 0.485807,
        "nauc_recall_at_10_max": 0.627315,
        "nauc_recall_at_10_std": 0.217585,
        "nauc_recall_at_10_diff1": 0.485807,
        "nauc_recall_at_20_max": 0.521966,
        "nauc_recall_at_20_std": 0.376057,
        "nauc_recall_at_20_diff1": 0.356534,
        "nauc_recall_at_100_max": 0.448678,
        "nauc_recall_at_100_std": 0.32763,
        "nauc_recall_at_100_diff1": 0.384754,
        "nauc_recall_at_1000_max": 0.333861,
        "nauc_recall_at_1000_std": -0.007685,
        "nauc_recall_at_1000_diff1": 0.812783,
        "nauc_precision_at_1_max": 0.57531,
        "nauc_precision_at_1_std": 0.272807,
        "nauc_precision_at_1_diff1": 0.112002,
        "nauc_precision_at_3_max": 0.647595,
        "nauc_precision_at_3_std": 0.190976,
        "nauc_precision_at_3_diff1": 0.514717,
        "nauc_precision_at_5_max": 0.647595,
        "nauc_precision_at_5_std": 0.190976,
        "nauc_precision_at_5_diff1": 0.514717,
        "nauc_precision_at_10_max": 0.647595,
        "nauc_precision_at_10_std": 0.190976,
        "nauc_precision_at_10_diff1": 0.514717,
        "nauc_precision_at_20_max": 0.487132,
        "nauc_precision_at_20_std": 0.323061,
        "nauc_precision_at_20_diff1": 0.334519,
        "nauc_precision_at_100_max": 0.35204,
        "nauc_precision_at_100_std": 0.221098,
        "nauc_precision_at_100_diff1": 0.302179,
        "nauc_precision_at_1000_max": 0.08258,
        "nauc_precision_at_1000_std": -0.099267,
        "nauc_precision_at_1000_diff1": 0.358143,
        "nauc_mrr_at_1_max": 0.57531,
        "nauc_mrr_at_1_std": 0.272807,
        "nauc_mrr_at_1_diff1": 0.112002,
        "nauc_mrr_at_3_max": 0.624189,
        "nauc_mrr_at_3_std": 0.290878,
        "nauc_mrr_at_3_diff1": 0.234704,
        "nauc_mrr_at_5_max": 0.624189,
        "nauc_mrr_at_5_std": 0.290878,
        "nauc_mrr_at_5_diff1": 0.234704,
        "nauc_mrr_at_10_max": 0.624189,
        "nauc_mrr_at_10_std": 0.290878,
        "nauc_mrr_at_10_diff1": 0.234704,
        "nauc_mrr_at_20_max": 0.607124,
        "nauc_mrr_at_20_std": 0.296052,
        "nauc_mrr_at_20_diff1": 0.228463,
        "nauc_mrr_at_100_max": 0.605332,
        "nauc_mrr_at_100_std": 0.294862,
        "nauc_mrr_at_100_diff1": 0.228487,
        "nauc_mrr_at_1000_max": 0.604342,
        "nauc_mrr_at_1000_std": 0.294138,
        "nauc_mrr_at_1000_diff1": 0.228407,
        "main_score": 0.21274,
        "hf_subset": "default",
        "languages": [
          "eng-Latn"
        ]
      }
    ]
  },
  "evaluation_time": 22.10040521621704,
  "kg_co2_emissions": null
}