{
  "dataset_revision": "1840e8a5ac6ec752bbdd97d543ead0189bc7c25b",
  "task_name": "ChemHotpotQARetrieval",
  "mteb_version": "1.36.8",
  "scores": {
    "train": [
      {
        "ndcg_at_1": 0.16111,
        "ndcg_at_3": 0.18851,
        "ndcg_at_5": 0.19925,
        "ndcg_at_10": 0.21391,
        "ndcg_at_20": 0.23337,
        "ndcg_at_100": 0.26563,
        "ndcg_at_1000": 0.30522,
        "map_at_1": 0.15278,
        "map_at_3": 0.1787,
        "map_at_5": 0.18426,
        "map_at_10": 0.19047,
        "map_at_20": 0.19596,
        "map_at_100": 0.20014,
        "map_at_1000": 0.20143,
        "recall_at_1": 0.15278,
        "recall_at_3": 0.21111,
        "recall_at_5": 0.23889,
        "recall_at_10": 0.28333,
        "recall_at_20": 0.35833,
        "recall_at_100": 0.53611,
        "recall_at_1000": 0.85833,
        "precision_at_1": 0.16111,
        "precision_at_3": 0.07407,
        "precision_at_5": 0.05,
        "precision_at_10": 0.02944,
        "precision_at_20": 0.01861,
        "precision_at_100": 0.0055,
        "precision_at_1000": 0.00089,
        "mrr_at_1": 0.161111,
        "mrr_at_3": 0.185185,
        "mrr_at_5": 0.190741,
        "mrr_at_10": 0.196951,
        "mrr_at_20": 0.20263,
        "mrr_at_100": 0.206803,
        "mrr_at_1000": 0.208004,
        "nauc_ndcg_at_1_max": 0.338049,
        "nauc_ndcg_at_1_std": -0.086083,
        "nauc_ndcg_at_1_diff1": 0.292222,
        "nauc_ndcg_at_3_max": 0.235357,
        "nauc_ndcg_at_3_std": -0.084861,
        "nauc_ndcg_at_3_diff1": 0.256108,
        "nauc_ndcg_at_5_max": 0.21049,
        "nauc_ndcg_at_5_std": -0.081692,
        "nauc_ndcg_at_5_diff1": 0.249885,
        "nauc_ndcg_at_10_max": 0.208428,
        "nauc_ndcg_at_10_std": -0.088542,
        "nauc_ndcg_at_10_diff1": 0.234855,
        "nauc_ndcg_at_20_max": 0.209831,
        "nauc_ndcg_at_20_std": -0.072452,
        "nauc_ndcg_at_20_diff1": 0.220343,
        "nauc_ndcg_at_100_max": 0.22095,
        "nauc_ndcg_at_100_std": -0.074412,
        "nauc_ndcg_at_100_diff1": 0.214187,
        "nauc_ndcg_at_1000_max": 0.234268,
        "nauc_ndcg_at_1000_std": -0.064098,
        "nauc_ndcg_at_1000_diff1": 0.206238,
        "nauc_map_at_1_max": 0.324908,
        "nauc_map_at_1_std": -0.093231,
        "nauc_map_at_1_diff1": 0.318402,
        "nauc_map_at_3_max": 0.253378,
        "nauc_map_at_3_std": -0.085739,
        "nauc_map_at_3_diff1": 0.272332,
        "nauc_map_at_5_max": 0.239696,
        "nauc_map_at_5_std": -0.084012,
        "nauc_map_at_5_diff1": 0.26877,
        "nauc_map_at_10_max": 0.238598,
        "nauc_map_at_10_std": -0.086812,
        "nauc_map_at_10_diff1": 0.261327,
        "nauc_map_at_20_max": 0.239795,
        "nauc_map_at_20_std": -0.081043,
        "nauc_map_at_20_diff1": 0.2571,
        "nauc_map_at_100_max": 0.242294,
        "nauc_map_at_100_std": -0.080899,
        "nauc_map_at_100_diff1": 0.255675,
        "nauc_map_at_1000_max": 0.242696,
        "nauc_map_at_1000_std": -0.080849,
        "nauc_map_at_1000_diff1": 0.25572,
        "nauc_recall_at_1_max": 0.324908,
        "nauc_recall_at_1_std": -0.093231,
        "nauc_recall_at_1_diff1": 0.318402,
        "nauc_recall_at_3_max": 0.175873,
        "nauc_recall_at_3_std": -0.091049,
        "nauc_recall_at_3_diff1": 0.225677,
        "nauc_recall_at_5_max": 0.12161,
        "nauc_recall_at_5_std": -0.083441,
        "nauc_recall_at_5_diff1": 0.21288,
        "nauc_recall_at_10_max": 0.121847,
        "nauc_recall_at_10_std": -0.10207,
        "nauc_recall_at_10_diff1": 0.178469,
        "nauc_recall_at_20_max": 0.12407,
        "nauc_recall_at_20_std": -0.053837,
        "nauc_recall_at_20_diff1": 0.134492,
        "nauc_recall_at_100_max": 0.157523,
        "nauc_recall_at_100_std": -0.066881,
        "nauc_recall_at_100_diff1": 0.106368,
        "nauc_recall_at_1000_max": 0.29532,
        "nauc_recall_at_1000_std": 0.120799,
        "nauc_recall_at_1000_diff1": -0.180813,
        "nauc_precision_at_1_max": 0.338049,
        "nauc_precision_at_1_std": -0.086083,
        "nauc_precision_at_1_diff1": 0.292222,
        "nauc_precision_at_3_max": 0.194185,
        "nauc_precision_at_3_std": -0.091013,
        "nauc_precision_at_3_diff1": 0.202238,
        "nauc_precision_at_5_max": 0.141181,
        "nauc_precision_at_5_std": -0.083708,
        "nauc_precision_at_5_diff1": 0.191079,
        "nauc_precision_at_10_max": 0.140005,
        "nauc_precision_at_10_std": -0.101635,
        "nauc_precision_at_10_diff1": 0.159495,
        "nauc_precision_at_20_max": 0.143149,
        "nauc_precision_at_20_std": -0.058069,
        "nauc_precision_at_20_diff1": 0.112006,
        "nauc_precision_at_100_max": 0.17879,
        "nauc_precision_at_100_std": -0.071826,
        "nauc_precision_at_100_diff1": 0.084684,
        "nauc_precision_at_1000_max": 0.254449,
        "nauc_precision_at_1000_std": 0.091559,
        "nauc_precision_at_1000_diff1": -0.253043,
        "nauc_mrr_at_1_max": 0.338049,
        "nauc_mrr_at_1_std": -0.086083,
        "nauc_mrr_at_1_diff1": 0.292222,
        "nauc_mrr_at_3_max": 0.266005,
        "nauc_mrr_at_3_std": -0.075214,
        "nauc_mrr_at_3_diff1": 0.254806,
        "nauc_mrr_at_5_max": 0.252554,
        "nauc_mrr_at_5_std": -0.073656,
        "nauc_mrr_at_5_diff1": 0.251543,
        "nauc_mrr_at_10_max": 0.251322,
        "nauc_mrr_at_10_std": -0.076511,
        "nauc_mrr_at_10_diff1": 0.244521,
        "nauc_mrr_at_20_max": 0.252512,
        "nauc_mrr_at_20_std": -0.071179,
        "nauc_mrr_at_20_diff1": 0.23988,
        "nauc_mrr_at_100_max": 0.254954,
        "nauc_mrr_at_100_std": -0.07103,
        "nauc_mrr_at_100_diff1": 0.238478,
        "nauc_mrr_at_1000_max": 0.255319,
        "nauc_mrr_at_1000_std": -0.070998,
        "nauc_mrr_at_1000_diff1": 0.238752,
        "main_score": 0.21391,
        "hf_subset": "default",
        "languages": [
          "eng-Latn"
        ]
      }
    ],
    "dev": [
      {
        "ndcg_at_1": 0.125,
        "ndcg_at_3": 0.1875,
        "ndcg_at_5": 0.29517,
        "ndcg_at_10": 0.29517,
        "ndcg_at_20": 0.32716,
        "ndcg_at_100": 0.32716,
        "ndcg_at_1000": 0.34432,
        "map_at_1": 0.125,
        "map_at_3": 0.16667,
        "map_at_5": 0.22917,
        "map_at_10": 0.22917,
        "map_at_20": 0.2381,
        "map_at_100": 0.2381,
        "map_at_1000": 0.2389,
        "recall_at_1": 0.125,
        "recall_at_3": 0.25,
        "recall_at_5": 0.5,
        "recall_at_10": 0.5,
        "recall_at_20": 0.625,
        "recall_at_100": 0.625,
        "recall_at_1000": 0.75,
        "precision_at_1": 0.125,
        "precision_at_3": 0.08333,
        "precision_at_5": 0.1,
        "precision_at_10": 0.05,
        "precision_at_20": 0.03125,
        "precision_at_100": 0.00625,
        "precision_at_1000": 0.00075,
        "mrr_at_1": 0.125,
        "mrr_at_3": 0.166667,
        "mrr_at_5": 0.229167,
        "mrr_at_10": 0.229167,
        "mrr_at_20": 0.238095,
        "mrr_at_100": 0.238095,
        "mrr_at_1000": 0.238902,
        "nauc_ndcg_at_1_max": 1.0,
        "nauc_ndcg_at_1_std": -0.080323,
        "nauc_ndcg_at_1_diff1": -0.541915,
        "nauc_ndcg_at_3_max": 0.655128,
        "nauc_ndcg_at_3_std": -0.259691,
        "nauc_ndcg_at_3_diff1": -0.357708,
        "nauc_ndcg_at_5_max": 0.451868,
        "nauc_ndcg_at_5_std": -0.139061,
        "nauc_ndcg_at_5_diff1": -0.450626,
        "nauc_ndcg_at_10_max": 0.451868,
        "nauc_ndcg_at_10_std": -0.139061,
        "nauc_ndcg_at_10_diff1": -0.450626,
        "nauc_ndcg_at_20_max": 0.609807,
        "nauc_ndcg_at_20_std": -0.007409,
        "nauc_ndcg_at_20_diff1": -0.538185,
        "nauc_ndcg_at_100_max": 0.609807,
        "nauc_ndcg_at_100_std": -0.007409,
        "nauc_ndcg_at_100_diff1": -0.538185,
        "nauc_ndcg_at_1000_max": 0.645339,
        "nauc_ndcg_at_1000_std": -0.032438,
        "nauc_ndcg_at_1000_diff1": -0.626478,
        "nauc_map_at_1_max": 1.0,
        "nauc_map_at_1_std": -0.080323,