{
  "dataset_revision": "831d292c3959eae59e4f89b8758738feee97d6cf",
  "task_name": "CoconutRetrieval",
  "mteb_version": "1.36.8",
  "scores": {
    "test": [
      {
        "ndcg_at_1": 0.00071,
        "ndcg_at_3": 0.00087,
        "ndcg_at_5": 0.00116,
        "ndcg_at_10": 0.00167,
        "ndcg_at_20": 0.00216,
        "ndcg_at_100": 0.00398,
        "ndcg_at_1000": 0.01286,
        "map_at_1": 0.00062,
        "map_at_3": 0.00078,
        "map_at_5": 0.00094,
        "map_at_10": 0.00114,
        "map_at_20": 0.00127,
        "map_at_100": 0.00148,
        "map_at_1000": 0.00171,
        "recall_at_1": 0.00062,
        "recall_at_3": 0.00095,
        "recall_at_5": 0.00166,
        "recall_at_10": 0.00322,
        "recall_at_20": 0.00496,
        "recall_at_100": 0.01414,
        "recall_at_1000": 0.08032,
        "precision_at_1": 0.00071,
        "precision_at_3": 0.00039,
        "precision_at_5": 0.0004,
        "precision_at_10": 0.00039,
        "precision_at_20": 0.00032,
        "precision_at_100": 0.00022,
        "precision_at_1000": 0.00015,
        "mrr_at_1": 0.000706,
        "mrr_at_3": 0.000942,
        "mrr_at_5": 0.001119,
        "mrr_at_10": 0.001341,
        "mrr_at_20": 0.001516,
        "mrr_at_100": 0.00175,
        "mrr_at_1000": 0.001978,
        "nauc_ndcg_at_1_max": 0.04823,
        "nauc_ndcg_at_1_std": 0.062212,
        "nauc_ndcg_at_1_diff1": 0.229788,
        "nauc_ndcg_at_3_max": 0.003099,
        "nauc_ndcg_at_3_std": 0.17315,
        "nauc_ndcg_at_3_diff1": 0.130922,
        "nauc_ndcg_at_5_max": -0.012959,
        "nauc_ndcg_at_5_std": 0.173365,
        "nauc_ndcg_at_5_diff1": 0.125286,
        "nauc_ndcg_at_10_max": 0.072821,
        "nauc_ndcg_at_10_std": 0.241705,
        "nauc_ndcg_at_10_diff1": 0.08502,
        "nauc_ndcg_at_20_max": 0.096971,
        "nauc_ndcg_at_20_std": 0.257049,
        "nauc_ndcg_at_20_diff1": 0.045692,
        "nauc_ndcg_at_100_max": 0.035229,
        "nauc_ndcg_at_100_std": 0.220156,
        "nauc_ndcg_at_100_diff1": 0.008757,
        "nauc_ndcg_at_1000_max": -0.065676,
        "nauc_ndcg_at_1000_std": 0.158388,
        "nauc_ndcg_at_1000_diff1": 0.066153,
        "nauc_map_at_1_max": -0.039425,
        "nauc_map_at_1_std": 0.153201,
        "nauc_map_at_1_diff1": 0.216353,
        "nauc_map_at_3_max": -0.022802,
        "nauc_map_at_3_std": 0.19059,
        "nauc_map_at_3_diff1": 0.143238,
        "nauc_map_at_5_max": -0.025021,
        "nauc_map_at_5_std": 0.179635,
        "nauc_map_at_5_diff1": 0.141418,
        "nauc_map_at_10_max": 0.028681,
        "nauc_map_at_10_std": 0.213464,
        "nauc_map_at_10_diff1": 0.111302,
        "nauc_map_at_20_max": 0.042579,
        "nauc_map_at_20_std": 0.225704,
        "nauc_map_at_20_diff1": 0.09456,
        "nauc_map_at_100_max": 0.038792,
        "nauc_map_at_100_std": 0.221648,
        "nauc_map_at_100_diff1": 0.079385,
        "nauc_map_at_1000_max": 0.018526,
        "nauc_map_at_1000_std": 0.210069,
        "nauc_map_at_1000_diff1": 0.079542,
        "nauc_recall_at_1_max": -0.039425,
        "nauc_recall_at_1_std": 0.153201,
        "nauc_recall_at_1_diff1": 0.216353,
        "nauc_recall_at_3_max": -0.012006,
        "nauc_recall_at_3_std": 0.214874,
        "nauc_recall_at_3_diff1": 0.095751,
        "nauc_recall_at_5_max": -0.018784,
        "nauc_recall_at_5_std": 0.190429,
        "nauc_recall_at_5_diff1": 0.111425,
        "nauc_recall_at_10_max": 0.12389,
        "nauc_recall_at_10_std": 0.303093,
        "nauc_recall_at_10_diff1": 0.059524,
        "nauc_recall_at_20_max": 0.142476,
        "nauc_recall_at_20_std": 0.310126,
        "nauc_recall_at_20_diff1": -0.000648,
        "nauc_recall_at_100_max": 0.023082,
        "nauc_recall_at_100_std": 0.21881,
        "nauc_recall_at_100_diff1": -0.03546,
        "nauc_recall_at_1000_max": -0.087458,
        "nauc_recall_at_1000_std": 0.14314,
        "nauc_recall_at_1000_diff1": 0.063243,
        "nauc_precision_at_1_max": 0.04823,
        "nauc_precision_at_1_std": 0.062212,
        "nauc_precision_at_1_diff1": 0.229788,
        "nauc_precision_at_3_max": 0.051418,
        "nauc_precision_at_3_std": 0.142073,
        "nauc_precision_at_3_diff1": 0.098295,
        "nauc_precision_at_5_max": 0.00611,
        "nauc_precision_at_5_std": 0.162518,
        "nauc_precision_at_5_diff1": 0.083025,
        "nauc_precision_at_10_max": 0.122495,
        "nauc_precision_at_10_std": 0.25551,
        "nauc_precision_at_10_diff1": 0.058854,
        "nauc_precision_at_20_max": 0.15026,
        "nauc_precision_at_20_std": 0.247049,
        "nauc_precision_at_20_diff1": 0.002829,
        "nauc_precision_at_100_max": 0.002335,
        "nauc_precision_at_100_std": 0.187067,
        "nauc_precision_at_100_diff1": -0.005949,
        "nauc_precision_at_1000_max": -0.092509,
        "nauc_precision_at_1000_std": 0.144751,
        "nauc_precision_at_1000_diff1": 0.095857,
        "nauc_mrr_at_1_max": 0.04823,
        "nauc_mrr_at_1_std": 0.062212,
        "nauc_mrr_at_1_diff1": 0.229788,
        "nauc_mrr_at_3_max": 0.050223,
        "nauc_mrr_at_3_std": 0.112125,
        "nauc_mrr_at_3_diff1": 0.147605,
        "nauc_mrr_at_5_max": 0.0322,
        "nauc_mrr_at_5_std": 0.119674,
        "nauc_mrr_at_5_diff1": 0.134652,
        "nauc_mrr_at_10_max": 0.060956,
        "nauc_mrr_at_10_std": 0.165869,
        "nauc_mrr_at_10_diff1": 0.106975,
        "nauc_mrr_at_20_max": 0.075401,
        "nauc_mrr_at_20_std": 0.179236,
        "nauc_mrr_at_20_diff1": 0.087608,
        "nauc_mrr_at_100_max": 0.05493,
        "nauc_mrr_at_100_std": 0.182921,
        "nauc_mrr_at_100_diff1": 0.076947,
        "nauc_mrr_at_1000_max": 0.034767,
        "nauc_mrr_at_1000_std": 0.178743,
        "nauc_mrr_at_1000_diff1": 0.077822,
        "main_score": 0.00167,
        "hf_subset": "default",
        "languages": [
          "eng-Latn"
        ]
      }
    ]
  },
  "evaluation_time": 27.234755992889404,
  "kg_co2_emissions": null
}