{
  "dataset_revision": "main",
  "task_name": "FSUChemRxivQest",
  "mteb_version": "0.1",
  "scores": {
    "test": [
      {
        "ndcg_at_1": 0.138,
        "ndcg_at_3": 0.14757,
        "ndcg_at_5": 0.1665,
        "ndcg_at_10": 0.1863,
        "ndcg_at_20": 0.20597,
        "ndcg_at_100": 0.23561,
        "ndcg_at_1000": 0.26875,
        "map_at_1": 0.09286,
        "map_at_3": 0.12338,
        "map_at_5": 0.13367,
        "map_at_10": 0.142,
        "map_at_20": 0.14788,
        "map_at_100": 0.1523,
        "map_at_1000": 0.15351,
        "recall_at_1": 0.09286,
        "recall_at_3": 0.16186,
        "recall_at_5": 0.20271,
        "recall_at_10": 0.25798,
        "recall_at_20": 0.3275,
        "recall_at_100": 0.46842,
        "recall_at_1000": 0.70752,
        "precision_at_1": 0.138,
        "precision_at_3": 0.08205,
        "precision_at_5": 0.06179,
        "precision_at_10": 0.03903,
        "precision_at_20": 0.02482,
        "precision_at_100": 0.00726,
        "precision_at_1000": 0.00112,
        "mrr_at_1": 0.138002,
        "mrr_at_3": 0.1816,
        "mrr_at_5": 0.194267,
        "mrr_at_10": 0.203144,
        "mrr_at_20": 0.208422,
        "mrr_at_100": 0.21246,
        "mrr_at_1000": 0.213366,
        "nauc_ndcg_at_1_max": 0.27172,
        "nauc_ndcg_at_1_std": -0.153675,
        "nauc_ndcg_at_1_diff1": 0.460595,
        "nauc_ndcg_at_3_max": 0.276177,
        "nauc_ndcg_at_3_std": -0.167398,
        "nauc_ndcg_at_3_diff1": 0.366272,
        "nauc_ndcg_at_5_max": 0.281302,
        "nauc_ndcg_at_5_std": -0.173113,
        "nauc_ndcg_at_5_diff1": 0.361489,
        "nauc_ndcg_at_10_max": 0.308313,
        "nauc_ndcg_at_10_std": -0.185468,
        "nauc_ndcg_at_10_diff1": 0.328178,
        "nauc_ndcg_at_20_max": 0.323923,
        "nauc_ndcg_at_20_std": -0.179014,
        "nauc_ndcg_at_20_diff1": 0.317844,
        "nauc_ndcg_at_100_max": 0.31744,
        "nauc_ndcg_at_100_std": -0.16639,
        "nauc_ndcg_at_100_diff1": 0.320152,
        "nauc_ndcg_at_1000_max": 0.3221,
        "nauc_ndcg_at_1000_std": -0.160471,
        "nauc_ndcg_at_1000_diff1": 0.322463,
        "nauc_map_at_1_max": 0.240917,
        "nauc_map_at_1_std": -0.148578,
        "nauc_map_at_1_diff1": 0.463311,
        "nauc_map_at_3_max": 0.261142,
        "nauc_map_at_3_std": -0.16344,
        "nauc_map_at_3_diff1": 0.388202,
        "nauc_map_at_5_max": 0.266736,
        "nauc_map_at_5_std": -0.168745,
        "nauc_map_at_5_diff1": 0.384456,
        "nauc_map_at_10_max": 0.280563,
        "nauc_map_at_10_std": -0.175137,
        "nauc_map_at_10_diff1": 0.365365,
        "nauc_map_at_20_max": 0.287494,
        "nauc_map_at_20_std": -0.173675,
        "nauc_map_at_20_diff1": 0.3616,
        "nauc_map_at_100_max": 0.285508,
        "nauc_map_at_100_std": -0.17217,
        "nauc_map_at_100_diff1": 0.361899,
        "nauc_map_at_1000_max": 0.285942,
        "nauc_map_at_1000_std": -0.171954,
        "nauc_map_at_1000_diff1": 0.361716,
        "nauc_recall_at_1_max": 0.240917,
        "nauc_recall_at_1_std": -0.148578,
        "nauc_recall_at_1_diff1": 0.463311,
        "nauc_recall_at_3_max": 0.263579,
        "nauc_recall_at_3_std": -0.164699,
        "nauc_recall_at_3_diff1": 0.300644,
        "nauc_recall_at_5_max": 0.265995,
        "nauc_recall_at_5_std": -0.170609,
        "nauc_recall_at_5_diff1": 0.288037,
        "nauc_recall_at_10_max": 0.316498,
        "nauc_recall_at_10_std": -0.191862,
        "nauc_recall_at_10_diff1": 0.209402,
        "nauc_recall_at_20_max": 0.33952,
        "nauc_recall_at_20_std": -0.166747,
        "nauc_recall_at_20_diff1": 0.178698,
        "nauc_recall_at_100_max": 0.309002,
        "nauc_recall_at_100_std": -0.111447,
        "nauc_recall_at_100_diff1": 0.178723,
        "nauc_recall_at_1000_max": 0.319523,
        "nauc_recall_at_1000_std": -0.040281,
        "nauc_recall_at_1000_diff1": 0.142638,
        "nauc_precision_at_1_max": 0.27172,
        "nauc_precision_at_1_std": -0.153675,
        "nauc_precision_at_1_diff1": 0.460595,
        "nauc_precision_at_3_max": 0.311739,
        "nauc_precision_at_3_std": -0.177315,
        "nauc_precision_at_3_diff1": 0.320558,
        "nauc_precision_at_5_max": 0.315098,
        "nauc_precision_at_5_std": -0.186678,
        "nauc_precision_at_5_diff1": 0.312971,
        "nauc_precision_at_10_max": 0.373341,
        "nauc_precision_at_10_std": -0.20923,
        "nauc_precision_at_10_diff1": 0.240872,
        "nauc_precision_at_20_max": 0.396336,
        "nauc_precision_at_20_std": -0.176228,
        "nauc_precision_at_20_diff1": 0.204645,
        "nauc_precision_at_100_max": 0.336893,
        "nauc_precision_at_100_std": -0.112434,
        "nauc_precision_at_100_diff1": 0.190707,
        "nauc_precision_at_1000_max": 0.285857,
        "nauc_precision_at_1000_std": -0.037028,
        "nauc_precision_at_1000_diff1": 0.130388,
        "nauc_mrr_at_1_max": 0.27172,
        "nauc_mrr_at_1_std": -0.153675,
        "nauc_mrr_at_1_diff1": 0.460595,
        "nauc_mrr_at_3_max": 0.296344,
        "nauc_mrr_at_3_std": -0.168232,
        "nauc_mrr_at_3_diff1": 0.385193,
        "nauc_mrr_at_5_max": 0.29686,
        "nauc_mrr_at_5_std": -0.169455,
        "nauc_mrr_at_5_diff1": 0.383582,
        "nauc_mrr_at_10_max": 0.306611,
        "nauc_mrr_at_10_std": -0.173973,
        "nauc_mrr_at_10_diff1": 0.373298,
        "nauc_mrr_at_20_max": 0.309079,
        "nauc_mrr_at_20_std": -0.171583,
        "nauc_mrr_at_20_diff1": 0.370989,
        "nauc_mrr_at_100_max": 0.308024,
        "nauc_mrr_at_100_std": -0.170112,
        "nauc_mrr_at_100_diff1": 0.371142,
        "nauc_mrr_at_1000_max": 0.308082,
        "nauc_mrr_at_1000_std": -0.170206,
        "nauc_mrr_at_1000_diff1": 0.371137,
        "main_score": 0.1863,
        "hf_subset": "default",
        "languages": [
          "eng-Latn"
        ]
      }
    ]
  },
  "evaluation_time": 53.71195840835571,
  "kg_co2_emissions": null
}