{
  "dataset_revision": "main",
  "task_name": "FSUChemRxivQest",
  "mteb_version": "0.1",
  "scores": {
    "test": [
      {
        "ndcg_at_1": 0.40371,
        "ndcg_at_3": 0.41427,
        "ndcg_at_5": 0.44446,
        "ndcg_at_10": 0.47765,
        "ndcg_at_20": 0.50563,
        "ndcg_at_100": 0.53552,
        "ndcg_at_1000": 0.54895,
        "map_at_1": 0.28081,
        "map_at_3": 0.36014,
        "map_at_5": 0.3779,
        "map_at_10": 0.39282,
        "map_at_20": 0.40209,
        "map_at_100": 0.40766,
        "map_at_1000": 0.40832,
        "recall_at_1": 0.28081,
        "recall_at_3": 0.4437,
        "recall_at_5": 0.50927,
        "recall_at_10": 0.59921,
        "recall_at_20": 0.69447,
        "recall_at_100": 0.8299,
        "recall_at_1000": 0.92087,
        "precision_at_1": 0.40371,
        "precision_at_3": 0.21559,
        "precision_at_5": 0.14912,
        "precision_at_10": 0.08919,
        "precision_at_20": 0.05273,
        "precision_at_100": 0.0129,
        "precision_at_1000": 0.00146,
        "mrr_at_1": 0.403708,
        "mrr_at_3": 0.495537,
        "mrr_at_5": 0.512736,
        "mrr_at_10": 0.526292,
        "mrr_at_20": 0.532389,
        "mrr_at_100": 0.535138,
        "mrr_at_1000": 0.535254,
        "nauc_ndcg_at_1_max": 0.193122,
        "nauc_ndcg_at_1_std": -0.094216,
        "nauc_ndcg_at_1_diff1": 0.455804,
        "nauc_ndcg_at_3_max": 0.182364,
        "nauc_ndcg_at_3_std": -0.114313,
        "nauc_ndcg_at_3_diff1": 0.359652,
        "nauc_ndcg_at_5_max": 0.18403,
        "nauc_ndcg_at_5_std": -0.111919,
        "nauc_ndcg_at_5_diff1": 0.346557,
        "nauc_ndcg_at_10_max": 0.200075,
        "nauc_ndcg_at_10_std": -0.10706,
        "nauc_ndcg_at_10_diff1": 0.346891,
        "nauc_ndcg_at_20_max": 0.199846,
        "nauc_ndcg_at_20_std": -0.090726,
        "nauc_ndcg_at_20_diff1": 0.340529,
        "nauc_ndcg_at_100_max": 0.205674,
        "nauc_ndcg_at_100_std": -0.071793,
        "nauc_ndcg_at_100_diff1": 0.343456,
        "nauc_ndcg_at_1000_max": 0.20452,
        "nauc_ndcg_at_1000_std": -0.073533,
        "nauc_ndcg_at_1000_diff1": 0.350855,
        "nauc_map_at_1_max": 0.162564,
        "nauc_map_at_1_std": -0.098814,
        "nauc_map_at_1_diff1": 0.400806,
        "nauc_map_at_3_max": 0.176058,
        "nauc_map_at_3_std": -0.111148,
        "nauc_map_at_3_diff1": 0.362132,
        "nauc_map_at_5_max": 0.175823,
        "nauc_map_at_5_std": -0.109081,
        "nauc_map_at_5_diff1": 0.354262,
        "nauc_map_at_10_max": 0.183516,
        "nauc_map_at_10_std": -0.106317,
        "nauc_map_at_10_diff1": 0.353918,
        "nauc_map_at_20_max": 0.183746,
        "nauc_map_at_20_std": -0.100883,
        "nauc_map_at_20_diff1": 0.352025,
        "nauc_map_at_100_max": 0.185167,
        "nauc_map_at_100_std": -0.097245,
        "nauc_map_at_100_diff1": 0.352059,
        "nauc_map_at_1000_max": 0.185092,
        "nauc_map_at_1000_std": -0.097136,
        "nauc_map_at_1000_diff1": 0.352288,
        "nauc_recall_at_1_max": 0.162564,
        "nauc_recall_at_1_std": -0.098814,
        "nauc_recall_at_1_diff1": 0.400806,
        "nauc_recall_at_3_max": 0.164728,
        "nauc_recall_at_3_std": -0.111668,
        "nauc_recall_at_3_diff1": 0.277896,
        "nauc_recall_at_5_max": 0.161015,
        "nauc_recall_at_5_std": -0.103966,
        "nauc_recall_at_5_diff1": 0.233416,
        "nauc_recall_at_10_max": 0.195889,
        "nauc_recall_at_10_std": -0.083642,
        "nauc_recall_at_10_diff1": 0.206641,
        "nauc_recall_at_20_max": 0.179342,
        "nauc_recall_at_20_std": -0.015047,
        "nauc_recall_at_20_diff1": 0.141899,
        "nauc_recall_at_100_max": 0.200451,
        "nauc_recall_at_100_std": 0.146231,
        "nauc_recall_at_100_diff1": 0.063188,
        "nauc_recall_at_1000_max": 0.212045,
        "nauc_recall_at_1000_std": 0.279122,
        "nauc_recall_at_1000_diff1": 0.031511,
        "nauc_precision_at_1_max": 0.193122,
        "nauc_precision_at_1_std": -0.094216,
        "nauc_precision_at_1_diff1": 0.455804,
        "nauc_precision_at_3_max": 0.208141,
        "nauc_precision_at_3_std": -0.108678,
        "nauc_precision_at_3_diff1": 0.334003,
        "nauc_precision_at_5_max": 0.192315,
        "nauc_precision_at_5_std": -0.085908,
        "nauc_precision_at_5_diff1": 0.26765,
        "nauc_precision_at_10_max": 0.213208,
        "nauc_precision_at_10_std": -0.04431,
        "nauc_precision_at_10_diff1": 0.210533,
        "nauc_precision_at_20_max": 0.172063,
        "nauc_precision_at_20_std": 0.048629,
        "nauc_precision_at_20_diff1": 0.107395,
        "nauc_precision_at_100_max": 0.145074,
        "nauc_precision_at_100_std": 0.17785,
        "nauc_precision_at_100_diff1": 0.022418,
        "nauc_precision_at_1000_max": 0.093944,
        "nauc_precision_at_1000_std": 0.180555,
        "nauc_precision_at_1000_diff1": -0.007127,
        "nauc_mrr_at_1_max": 0.193122,
        "nauc_mrr_at_1_std": -0.094216,
        "nauc_mrr_at_1_diff1": 0.455804,
        "nauc_mrr_at_3_max": 0.195909,
        "nauc_mrr_at_3_std": -0.111261,
        "nauc_mrr_at_3_diff1": 0.41018,
        "nauc_mrr_at_5_max": 0.199455,
        "nauc_mrr_at_5_std": -0.110925,
        "nauc_mrr_at_5_diff1": 0.406178,
        "nauc_mrr_at_10_max": 0.202254,
        "nauc_mrr_at_10_std": -0.111061,
        "nauc_mrr_at_10_diff1": 0.407328,
        "nauc_mrr_at_20_max": 0.203006,
        "nauc_mrr_at_20_std": -0.108785,
        "nauc_mrr_at_20_diff1": 0.407937,
        "nauc_mrr_at_100_max": 0.203411,
        "nauc_mrr_at_100_std": -0.107442,
        "nauc_mrr_at_100_diff1": 0.409132,
        "nauc_mrr_at_1000_max": 0.203315,
        "nauc_mrr_at_1000_std": -0.107434,
        "nauc_mrr_at_1000_diff1": 0.409236,
        "main_score": 0.47765,
        "hf_subset": "default",
        "languages": [
          "eng-Latn"
        ]
      }
    ]
  },
  "evaluation_time": 548.5312407016754,
  "kg_co2_emissions": null
}