{
  "dataset_revision": "1840e8a5ac6ec752bbdd97d543ead0189bc7c25b",
  "task_name": "ChemHotpotQARetrieval",
  "mteb_version": "1.36.8",
  "scores": {
    "train": [
      {
        "ndcg_at_1": 0.25556,
        "ndcg_at_3": 0.34195,
        "ndcg_at_5": 0.35508,
        "ndcg_at_10": 0.37023,
        "ndcg_at_20": 0.39354,
        "ndcg_at_100": 0.4162,
        "ndcg_at_1000": 0.44031,
        "map_at_1": 0.25,
        "map_at_3": 0.31944,
        "map_at_5": 0.32639,
        "map_at_10": 0.33269,
        "map_at_20": 0.33904,
        "map_at_100": 0.34237,
        "map_at_1000": 0.34322,
        "recall_at_1": 0.25,
        "recall_at_3": 0.4,
        "recall_at_5": 0.43333,
        "recall_at_10": 0.48056,
        "recall_at_20": 0.57222,
        "recall_at_100": 0.69167,
        "recall_at_1000": 0.88333,
        "precision_at_1": 0.25556,
        "precision_at_3": 0.13889,
        "precision_at_5": 0.09,
        "precision_at_10": 0.05,
        "precision_at_20": 0.02972,
        "precision_at_100": 0.00717,
        "precision_at_1000": 0.00092,
        "mrr_at_1": 0.255556,
        "mrr_at_3": 0.325926,
        "mrr_at_5": 0.33287,
        "mrr_at_10": 0.338556,
        "mrr_at_20": 0.345042,
        "mrr_at_100": 0.34829,
        "mrr_at_1000": 0.349102,
        "nauc_ndcg_at_1_max": 0.460951,
        "nauc_ndcg_at_1_std": 0.072571,
        "nauc_ndcg_at_1_diff1": 0.460748,
        "nauc_ndcg_at_3_max": 0.426121,
        "nauc_ndcg_at_3_std": 0.114115,
        "nauc_ndcg_at_3_diff1": 0.398323,
        "nauc_ndcg_at_5_max": 0.420273,
        "nauc_ndcg_at_5_std": 0.101464,
        "nauc_ndcg_at_5_diff1": 0.388379,
        "nauc_ndcg_at_10_max": 0.407681,
        "nauc_ndcg_at_10_std": 0.113987,
        "nauc_ndcg_at_10_diff1": 0.364757,
        "nauc_ndcg_at_20_max": 0.392994,
        "nauc_ndcg_at_20_std": 0.119955,
        "nauc_ndcg_at_20_diff1": 0.383417,
        "nauc_ndcg_at_100_max": 0.41239,
        "nauc_ndcg_at_100_std": 0.130768,
        "nauc_ndcg_at_100_diff1": 0.39757,
        "nauc_ndcg_at_1000_max": 0.412831,
        "nauc_ndcg_at_1000_std": 0.115772,
        "nauc_ndcg_at_1000_diff1": 0.394458,
        "nauc_map_at_1_max": 0.445335,
        "nauc_map_at_1_std": 0.071489,
        "nauc_map_at_1_diff1": 0.458862,
        "nauc_map_at_3_max": 0.428254,
        "nauc_map_at_3_std": 0.099834,
        "nauc_map_at_3_diff1": 0.410955,
        "nauc_map_at_5_max": 0.424809,
        "nauc_map_at_5_std": 0.092724,
        "nauc_map_at_5_diff1": 0.405507,
        "nauc_map_at_10_max": 0.419893,
        "nauc_map_at_10_std": 0.098159,
        "nauc_map_at_10_diff1": 0.394961,
        "nauc_map_at_20_max": 0.415299,
        "nauc_map_at_20_std": 0.099213,
        "nauc_map_at_20_diff1": 0.401102,
        "nauc_map_at_100_max": 0.418189,
        "nauc_map_at_100_std": 0.101835,
        "nauc_map_at_100_diff1": 0.403947,
        "nauc_map_at_1000_max": 0.418293,
        "nauc_map_at_1000_std": 0.101587,
        "nauc_map_at_1000_diff1": 0.403601,
        "nauc_recall_at_1_max": 0.445335,
        "nauc_recall_at_1_std": 0.071489,
        "nauc_recall_at_1_diff1": 0.458862,
        "nauc_recall_at_3_max": 0.41088,
        "nauc_recall_at_3_std": 0.151145,
        "nauc_recall_at_3_diff1": 0.364983,
        "nauc_recall_at_5_max": 0.396265,
        "nauc_recall_at_5_std": 0.121403,
        "nauc_recall_at_5_diff1": 0.339753,
        "nauc_recall_at_10_max": 0.357858,
        "nauc_recall_at_10_std": 0.160443,
        "nauc_recall_at_10_diff1": 0.270645,
        "nauc_recall_at_20_max": 0.293097,
        "nauc_recall_at_20_std": 0.188425,
        "nauc_recall_at_20_diff1": 0.329974,
        "nauc_recall_at_100_max": 0.391712,
        "nauc_recall_at_100_std": 0.252157,
        "nauc_recall_at_100_diff1": 0.393,
        "nauc_recall_at_1000_max": 0.356622,
        "nauc_recall_at_1000_std": 0.052931,
        "nauc_recall_at_1000_diff1": 0.358955,
        "nauc_precision_at_1_max": 0.460951,
        "nauc_precision_at_1_std": 0.072571,
        "nauc_precision_at_1_diff1": 0.460748,
        "nauc_precision_at_3_max": 0.430037,
        "nauc_precision_at_3_std": 0.14294,
        "nauc_precision_at_3_diff1": 0.354295,
        "nauc_precision_at_5_max": 0.417796,
        "nauc_precision_at_5_std": 0.114453,
        "nauc_precision_at_5_diff1": 0.331142,
        "nauc_precision_at_10_max": 0.374572,
        "nauc_precision_at_10_std": 0.156993,
        "nauc_precision_at_10_diff1": 0.249871,
        "nauc_precision_at_20_max": 0.326796,
        "nauc_precision_at_20_std": 0.194202,
        "nauc_precision_at_20_diff1": 0.304039,
        "nauc_precision_at_100_max": 0.419365,
        "nauc_precision_at_100_std": 0.242333,
        "nauc_precision_at_100_diff1": 0.352172,
        "nauc_precision_at_1000_max": 0.364163,
        "nauc_precision_at_1000_std": 0.049036,
        "nauc_precision_at_1000_diff1": 0.214611,
        "nauc_mrr_at_1_max": 0.460951,
        "nauc_mrr_at_1_std": 0.072571,
        "nauc_mrr_at_1_diff1": 0.460748,
        "nauc_mrr_at_3_max": 0.438497,
        "nauc_mrr_at_3_std": 0.103628,
        "nauc_mrr_at_3_diff1": 0.410178,
        "nauc_mrr_at_5_max": 0.435096,
        "nauc_mrr_at_5_std": 0.096564,
        "nauc_mrr_at_5_diff1": 0.404756,
        "nauc_mrr_at_10_max": 0.429331,
        "nauc_mrr_at_10_std": 0.09991,
        "nauc_mrr_at_10_diff1": 0.395973,
        "nauc_mrr_at_20_max": 0.425356,
        "nauc_mrr_at_20_std": 0.10146,
        "nauc_mrr_at_20_diff1": 0.402001,
        "nauc_mrr_at_100_max": 0.428144,
        "nauc_mrr_at_100_std": 0.104223,
        "nauc_mrr_at_100_diff1": 0.4047,
        "nauc_mrr_at_1000_max": 0.42818,
        "nauc_mrr_at_1000_std": 0.103919,
        "nauc_mrr_at_1000_diff1": 0.40438,
        "main_score": 0.37023,
        "hf_subset": "default",
        "languages": [
          "eng-Latn"
        ]
      }
    ],
    "dev": [
      {
        "ndcg_at_1": 0.25,
        "ndcg_at_3": 0.25,
        "ndcg_at_5": 0.25,
        "ndcg_at_10": 0.32376,
        "ndcg_at_20": 0.32376,
        "ndcg_at_100": 0.32376,
        "ndcg_at_1000": 0.35339,
        "map_at_1": 0.25,
        "map_at_3": 0.25,
        "map_at_5": 0.25,
        "map_at_10": 0.27639,
        "map_at_20": 0.27639,
        "map_at_100": 0.27639,
        "map_at_1000": 0.27724,
        "recall_at_1": 0.25,
        "recall_at_3": 0.25,
        "recall_at_5": 0.25,
        "recall_at_10": 0.5,
        "recall_at_20": 0.5,
        "recall_at_100": 0.5,
        "recall_at_1000": 0.75,
        "precision_at_1": 0.25,
        "precision_at_3": 0.08333,
        "precision_at_5": 0.05,
        "precision_at_10": 0.05,
        "precision_at_20": 0.025,
        "precision_at_100": 0.005,
        "precision_at_1000": 0.00075,
        "mrr_at_1": 0.25,
        "mrr_at_3": 0.25,
        "mrr_at_5": 0.25,
        "mrr_at_10": 0.276389,
        "mrr_at_20": 0.276389,
        "mrr_at_100": 0.276389,
        "mrr_at_1000": 0.277239,
        "nauc_ndcg_at_1_max": 0.383793,
        "nauc_ndcg_at_1_std": -0.134513,
        "nauc_ndcg_at_1_diff1": 1.0,
        "nauc_ndcg_at_3_max": 0.383793,
        "nauc_ndcg_at_3_std": -0.134513,
        "nauc_ndcg_at_3_diff1": 1.0,
        "nauc_ndcg_at_5_max": 0.383793,
        "nauc_ndcg_at_5_std": -0.134513,
        "nauc_ndcg_at_5_diff1": 1.0,
        "nauc_ndcg_at_10_max": 0.247844,
        "nauc_ndcg_at_10_std": -0.278902,
        "nauc_ndcg_at_10_diff1": 0.873686,
        "nauc_ndcg_at_20_max": 0.247844,
        "nauc_ndcg_at_20_std": -0.278902,
        "nauc_ndcg_at_20_diff1": 0.873686,
        "nauc_ndcg_at_100_max": 0.247844,
        "nauc_ndcg_at_100_std": -0.278902,
        "nauc_ndcg_at_100_diff1": 0.873686,
        "nauc_ndcg_at_1000_max": 0.295576,
        "nauc_ndcg_at_1000_std": -0.165029,
        "nauc_ndcg_at_1000_diff1": 0.884053,
        "nauc_map_at_1_max": 0.383793,
        "nauc_map_at_1_std": -0.134513,
        "nauc_map_at_1_diff1": 1.0,
        "nauc_map_at_3_max": 0.383793,