{
  "dataset_revision": "831d292c3959eae59e4f89b8758738feee97d6cf",
  "task_name": "CoconutRetrieval",
  "mteb_version": "1.36.8",
  "scores": {
    "test": [
      {
        "ndcg_at_1": 0.00224,
        "ndcg_at_3": 0.00251,
        "ndcg_at_5": 0.00276,
        "ndcg_at_10": 0.00308,
        "ndcg_at_20": 0.00345,
        "ndcg_at_100": 0.00531,
        "ndcg_at_1000": 0.01682,
        "map_at_1": 0.00204,
        "map_at_3": 0.00236,
        "map_at_5": 0.0025,
        "map_at_10": 0.00264,
        "map_at_20": 0.00274,
        "map_at_100": 0.00296,
        "map_at_1000": 0.00324,
        "recall_at_1": 0.00204,
        "recall_at_3": 0.00271,
        "recall_at_5": 0.00324,
        "recall_at_10": 0.00404,
        "recall_at_20": 0.00538,
        "recall_at_100": 0.01472,
        "recall_at_1000": 0.10271,
        "precision_at_1": 0.00224,
        "precision_at_3": 0.0011,
        "precision_at_5": 0.00082,
        "precision_at_10": 0.00057,
        "precision_at_20": 0.00039,
        "precision_at_100": 0.00024,
        "precision_at_1000": 0.00018,
        "mrr_at_1": 0.002237,
        "mrr_at_3": 0.00259,
        "mrr_at_5": 0.002761,
        "mrr_at_10": 0.002927,
        "mrr_at_20": 0.003032,
        "mrr_at_100": 0.003283,
        "mrr_at_1000": 0.003567,
        "nauc_ndcg_at_1_max": 0.411564,
        "nauc_ndcg_at_1_std": 0.526515,
        "nauc_ndcg_at_1_diff1": 0.753174,
        "nauc_ndcg_at_3_max": 0.394721,
        "nauc_ndcg_at_3_std": 0.539034,
        "nauc_ndcg_at_3_diff1": 0.687242,
        "nauc_ndcg_at_5_max": 0.320644,
        "nauc_ndcg_at_5_std": 0.494136,
        "nauc_ndcg_at_5_diff1": 0.687524,
        "nauc_ndcg_at_10_max": 0.26903,
        "nauc_ndcg_at_10_std": 0.451756,
        "nauc_ndcg_at_10_diff1": 0.621218,
        "nauc_ndcg_at_20_max": 0.241815,
        "nauc_ndcg_at_20_std": 0.445433,
        "nauc_ndcg_at_20_diff1": 0.56207,
        "nauc_ndcg_at_100_max": 0.166121,
        "nauc_ndcg_at_100_std": 0.274815,
        "nauc_ndcg_at_100_diff1": 0.372347,
        "nauc_ndcg_at_1000_max": 0.041561,
        "nauc_ndcg_at_1000_std": 0.094342,
        "nauc_ndcg_at_1000_diff1": 0.106646,
        "nauc_map_at_1_max": 0.454834,
        "nauc_map_at_1_std": 0.535414,
        "nauc_map_at_1_diff1": 0.787117,
        "nauc_map_at_3_max": 0.421732,
        "nauc_map_at_3_std": 0.543671,
        "nauc_map_at_3_diff1": 0.715882,
        "nauc_map_at_5_max": 0.377306,
        "nauc_map_at_5_std": 0.517374,
        "nauc_map_at_5_diff1": 0.716416,
        "nauc_map_at_10_max": 0.351124,
        "nauc_map_at_10_std": 0.497463,
        "nauc_map_at_10_diff1": 0.679374,
        "nauc_map_at_20_max": 0.337281,
        "nauc_map_at_20_std": 0.492398,
        "nauc_map_at_20_diff1": 0.655441,
        "nauc_map_at_100_max": 0.31682,
        "nauc_map_at_100_std": 0.454981,
        "nauc_map_at_100_diff1": 0.609725,
        "nauc_map_at_1000_max": 0.28874,
        "nauc_map_at_1000_std": 0.41768,
        "nauc_map_at_1000_diff1": 0.556589,
        "nauc_recall_at_1_max": 0.454834,
        "nauc_recall_at_1_std": 0.535414,
        "nauc_recall_at_1_diff1": 0.787117,
        "nauc_recall_at_3_max": 0.366561,
        "nauc_recall_at_3_std": 0.529048,
        "nauc_recall_at_3_diff1": 0.629572,
        "nauc_recall_at_5_max": 0.232269,
        "nauc_recall_at_5_std": 0.456446,
        "nauc_recall_at_5_diff1": 0.643965,
        "nauc_recall_at_10_max": 0.146718,
        "nauc_recall_at_10_std": 0.382225,
        "nauc_recall_at_10_diff1": 0.531806,
        "nauc_recall_at_20_max": 0.107679,
        "nauc_recall_at_20_std": 0.391724,
        "nauc_recall_at_20_diff1": 0.425254,
        "nauc_recall_at_100_max": 0.042392,
        "nauc_recall_at_100_std": 0.113687,
        "nauc_recall_at_100_diff1": 0.169081,
        "nauc_recall_at_1000_max": -0.007314,
        "nauc_recall_at_1000_std": 0.025197,
        "nauc_recall_at_1000_diff1": 0.005765,
        "nauc_precision_at_1_max": 0.411564,
        "nauc_precision_at_1_std": 0.526515,
        "nauc_precision_at_1_diff1": 0.753174,
        "nauc_precision_at_3_max": 0.327878,
        "nauc_precision_at_3_std": 0.518258,
        "nauc_precision_at_3_diff1": 0.605193,
        "nauc_precision_at_5_max": 0.189583,
        "nauc_precision_at_5_std": 0.410668,
        "nauc_precision_at_5_diff1": 0.614742,
        "nauc_precision_at_10_max": 0.087992,
        "nauc_precision_at_10_std": 0.307384,
        "nauc_precision_at_10_diff1": 0.445073,
        "nauc_precision_at_20_max": 0.079136,
        "nauc_precision_at_20_std": 0.309087,
        "nauc_precision_at_20_diff1": 0.31837,
        "nauc_precision_at_100_max": 0.072775,
        "nauc_precision_at_100_std": 0.076949,
        "nauc_precision_at_100_diff1": 0.105364,
        "nauc_precision_at_1000_max": -0.014758,
        "nauc_precision_at_1000_std": 0.006366,
        "nauc_precision_at_1000_diff1": -0.003674,
        "nauc_mrr_at_1_max": 0.411564,
        "nauc_mrr_at_1_std": 0.526515,
        "nauc_mrr_at_1_diff1": 0.753174,
        "nauc_mrr_at_3_max": 0.375327,
        "nauc_mrr_at_3_std": 0.541891,
        "nauc_mrr_at_3_diff1": 0.698175,
        "nauc_mrr_at_5_max": 0.322758,
        "nauc_mrr_at_5_std": 0.504453,
        "nauc_mrr_at_5_diff1": 0.690938,
        "nauc_mrr_at_10_max": 0.290755,
        "nauc_mrr_at_10_std": 0.474833,
        "nauc_mrr_at_10_diff1": 0.651611,
        "nauc_mrr_at_20_max": 0.286848,
        "nauc_mrr_at_20_std": 0.473457,
        "nauc_mrr_at_20_diff1": 0.634929,
        "nauc_mrr_at_100_max": 0.266436,
        "nauc_mrr_at_100_std": 0.434042,
        "nauc_mrr_at_100_diff1": 0.589617,
        "nauc_mrr_at_1000_max": 0.244456,
        "nauc_mrr_at_1000_std": 0.400769,
        "nauc_mrr_at_1000_diff1": 0.543145,
        "main_score": 0.00308,
        "hf_subset": "default",
        "languages": [
          "eng-Latn"
        ]
      }
    ]
  },
  "evaluation_time": 16.863449096679688,
  "kg_co2_emissions": null
}