{
  "dataset_revision": "023e7a813e3b73d8d33551ed2aea511314d612e2",
  "evaluation_time": 54.43588709831238,
  "kg_co2_emissions": null,
  "mteb_version": "1.14.15",
  "scores": {
    "test": [
      {
        "hf_subset": "default",
        "languages": [
          "eng-Latn"
        ],
        "main_score": 0.56499,
        "map_at_1": 0.3642,
        "map_at_10": 0.49114,
        "map_at_100": 0.50899,
        "map_at_1000": 0.50915,
        "map_at_20": 0.50586,
        "map_at_3": 0.44444,
        "map_at_5": 0.46667,
        "mrr_at_1": 0.4444444444444444,
        "mrr_at_10": 0.543562610229277,
        "mrr_at_100": 0.5531414908226503,
        "mrr_at_1000": 0.5532964575048136,
        "mrr_at_20": 0.5500160333493668,
        "mrr_at_3": 0.5185185185185186,
        "mrr_at_5": 0.525925925925926,
        "nauc_map_at_1000_diff1": 0.21104158003630372,
        "nauc_map_at_1000_max": 0.17366798118051796,
        "nauc_map_at_1000_std": -0.23773559302982025,
        "nauc_map_at_100_diff1": 0.2109922762153103,
        "nauc_map_at_100_max": 0.1740177091978636,
        "nauc_map_at_100_std": -0.23822451208483342,
        "nauc_map_at_10_diff1": 0.2346537258143669,
        "nauc_map_at_10_max": 0.14471183549795502,
        "nauc_map_at_10_std": -0.23807709450826986,
        "nauc_map_at_1_diff1": 0.16189943770243334,
        "nauc_map_at_1_max": 0.11233277595716439,
        "nauc_map_at_1_std": -0.3205111304249395,
        "nauc_map_at_20_diff1": 0.2156064296738387,
        "nauc_map_at_20_max": 0.1817670201932907,
        "nauc_map_at_20_std": -0.22976125835179437,
        "nauc_map_at_3_diff1": 0.14385266825432155,
        "nauc_map_at_3_max": 0.10718265892190797,
        "nauc_map_at_3_std": -0.2849601889847197,
        "nauc_map_at_5_diff1": 0.2167689944506488,
        "nauc_map_at_5_max": 0.14104245179741798,
        "nauc_map_at_5_std": -0.2470575840541898,
        "nauc_mrr_at_1000_diff1": 0.2042215436447627,
        "nauc_mrr_at_1000_max": 0.3235639354594258,
        "nauc_mrr_at_1000_std": -0.1959195647087655,
        "nauc_mrr_at_100_diff1": 0.20417650638834145,
        "nauc_mrr_at_100_max": 0.3238331645166985,
        "nauc_mrr_at_100_std": -0.19642033211810914,
        "nauc_mrr_at_10_diff1": 0.21411687462436094,
        "nauc_mrr_at_10_max": 0.31323452703364246,
        "nauc_mrr_at_10_std": -0.1834322111292227,
        "nauc_mrr_at_1_diff1": 0.2106535201706426,
        "nauc_mrr_at_1_max": 0.3091781997996745,
        "nauc_mrr_at_1_std": -0.2653816332846384,
        "nauc_mrr_at_20_diff1": 0.20877076777138387,
        "nauc_mrr_at_20_max": 0.3300632291576069,
        "nauc_mrr_at_20_std": -0.18849392538205767,
        "nauc_mrr_at_3_diff1": 0.189056930902862,
        "nauc_mrr_at_3_max": 0.30767281719272527,
        "nauc_mrr_at_3_std": -0.1803936554763672,
        "nauc_mrr_at_5_diff1": 0.2041367947764639,
        "nauc_mrr_at_5_max": 0.2991069006572775,
        "nauc_mrr_at_5_std": -0.20487537909950865,
        "nauc_ndcg_at_1000_diff1": 0.22049081454601555,
        "nauc_ndcg_at_1000_max": 0.25047365362420837,
        "nauc_ndcg_at_1000_std": -0.2030325242431628,
        "nauc_ndcg_at_100_diff1": 0.2184973556193561,
        "nauc_ndcg_at_100_max": 0.26194135853954964,
        "nauc_ndcg_at_100_std": -0.22170429091742688,
        "nauc_ndcg_at_10_diff1": 0.2921731920302423,
        "nauc_ndcg_at_10_max": 0.2131758131557712,
        "nauc_ndcg_at_10_std": -0.1719559095071015,
        "nauc_ndcg_at_1_diff1": 0.2106535201706426,
        "nauc_ndcg_at_1_max": 0.3091781997996745,
        "nauc_ndcg_at_1_std": -0.2653816332846384,
        "nauc_ndcg_at_20_diff1": 0.2479915146464765,
        "nauc_ndcg_at_20_max": 0.3165193435109444,
        "nauc_ndcg_at_20_std": -0.1576153256239327,
        "nauc_ndcg_at_3_diff1": 0.15589066998462484,
        "nauc_ndcg_at_3_max": 0.16361739332109,
        "nauc_ndcg_at_3_std": -0.2315715565718944,
        "nauc_ndcg_at_5_diff1": 0.24575236356023822,
        "nauc_ndcg_at_5_max": 0.1945076661065709,
        "nauc_ndcg_at_5_std": -0.20649347303407545,
        "nauc_precision_at_1000_diff1": 0.074874357471173,
        "nauc_precision_at_1000_max": 0.37344447978287204,
        "nauc_precision_at_1000_std": 0.36268957612975256,
        "nauc_precision_at_100_diff1": 0.07820453957238215,
        "nauc_precision_at_100_max": 0.41637981008686836,
        "nauc_precision_at_100_std": 0.2262384285557361,
        "nauc_precision_at_10_diff1": 0.38948554804156615,
        "nauc_precision_at_10_max": 0.32189732219945794,
        "nauc_precision_at_10_std": 0.22196207150631353,
        "nauc_precision_at_1_diff1": 0.2106535201706426,
        "nauc_precision_at_1_max": 0.3091781997996745,
        "nauc_precision_at_1_std": -0.2653816332846384,
        "nauc_precision_at_20_diff1": 0.18029216210300933,
        "nauc_precision_at_20_max": 0.532780694265769,
        "nauc_precision_at_20_std": 0.30884329167566044,
        "nauc_precision_at_3_diff1": 0.23188916038814256,
        "nauc_precision_at_3_max": 0.32601334058441106,
        "nauc_precision_at_3_std": -0.03405909028939851,
        "nauc_precision_at_5_diff1": 0.40594126767390143,
        "nauc_precision_at_5_max": 0.3159293403968504,
        "nauc_precision_at_5_std": 0.04581822030266257,
        "nauc_recall_at_1000_diff1": NaN,
        "nauc_recall_at_1000_max": NaN,
        "nauc_recall_at_1000_std": NaN,
        "nauc_recall_at_100_diff1": 0.11320606637944189,
        "nauc_recall_at_100_max": 0.8676470588235302,
        "nauc_recall_at_100_std": -1.207916928272959,
        "nauc_recall_at_10_diff1": 0.5221084693894352,
        "nauc_recall_at_10_max": 0.26258032934009623,
        "nauc_recall_at_10_std": 0.022606952512705062,
        "nauc_recall_at_1_diff1": 0.16189943770243334,
        "nauc_recall_at_1_max": 0.11233277595716439,
        "nauc_recall_at_1_std": -0.3205111304249395,
        "nauc_recall_at_20_diff1": 0.46676677335072436,
        "nauc_recall_at_20_max": 0.9657794676806085,
        "nauc_recall_at_20_std": 0.16251513145649635,
        "nauc_recall_at_3_diff1": 0.13257526024120642,
        "nauc_recall_at_3_max": 0.1489149049931266,
        "nauc_recall_at_3_std": -0.15694914008692823,
        "nauc_recall_at_5_diff1": 0.31662725338501946,
        "nauc_recall_at_5_max": 0.21002205464102774,
        "nauc_recall_at_5_std": -0.11391568998691842,
        "ndcg_at_1": 0.44444,
        "ndcg_at_10": 0.56499,
        "ndcg_at_100": 0.62213,
        "ndcg_at_1000": 0.62681,
        "ndcg_at_20": 0.60093,
        "ndcg_at_3": 0.48829,
        "ndcg_at_5": 0.51663,
        "precision_at_1": 0.44444,
        "precision_at_10": 0.0963,
        "precision_at_100": 0.01259,
        "precision_at_1000": 0.0013,
        "precision_at_20": 0.05741,
        "precision_at_3": 0.22222,
        "precision_at_5": 0.15556,
        "recall_at_1": 0.3642,
        "recall_at_10": 0.73457,
        "recall_at_100": 0.96296,
        "recall_at_1000": 1.0,
        "recall_at_20": 0.85185,
        "recall_at_3": 0.54938,
        "recall_at_5": 0.60494
      }
    ]
  },
  "task_name": "ChemNQRetrieval"
}