{
  "dataset_revision": "f39c1d16edd269f233be381216bc8146f0857124",
  "evaluation_time": 63.72229313850403,
  "kg_co2_emissions": null,
  "mteb_version": "1.14.15",
  "scores": {
    "dev": [
      {
        "hf_subset": "default",
        "languages": [
          "eng-Latn"
        ],
        "main_score": 0.91263,
        "map_at_1": 0.875,
        "map_at_10": 0.88889,
        "map_at_100": 0.88889,
        "map_at_1000": 0.88889,
        "map_at_20": 0.88889,
        "map_at_3": 0.875,
        "map_at_5": 0.875,
        "mrr_at_1": 0.875,
        "mrr_at_10": 0.8888888888888888,
        "mrr_at_100": 0.8888888888888888,
        "mrr_at_1000": 0.8888888888888888,
        "mrr_at_20": 0.8888888888888888,
        "mrr_at_3": 0.875,
        "mrr_at_5": 0.875,
        "nauc_map_at_1000_diff1": 0.8655462184873955,
        "nauc_map_at_1000_max": 1.0,
        "nauc_map_at_1000_std": 0.5518207282913171,
        "nauc_map_at_100_diff1": 0.8655462184873955,
        "nauc_map_at_100_max": 1.0,
        "nauc_map_at_100_std": 0.5518207282913171,
        "nauc_map_at_10_diff1": 0.8655462184873955,
        "nauc_map_at_10_max": 1.0,
        "nauc_map_at_10_std": 0.5518207282913171,
        "nauc_map_at_1_diff1": 0.8655462184873944,
        "nauc_map_at_1_max": 1.0,
        "nauc_map_at_1_std": 0.5518207282913173,
        "nauc_map_at_20_diff1": 0.8655462184873955,
        "nauc_map_at_20_max": 1.0,
        "nauc_map_at_20_std": 0.5518207282913171,
        "nauc_map_at_3_diff1": 0.8655462184873944,
        "nauc_map_at_3_max": 1.0,
        "nauc_map_at_3_std": 0.5518207282913173,
        "nauc_map_at_5_diff1": 0.8655462184873944,
        "nauc_map_at_5_max": 1.0,
        "nauc_map_at_5_std": 0.5518207282913173,
        "nauc_mrr_at_1000_diff1": 0.8655462184873955,
        "nauc_mrr_at_1000_max": 1.0,
        "nauc_mrr_at_1000_std": 0.5518207282913171,
        "nauc_mrr_at_100_diff1": 0.8655462184873955,
        "nauc_mrr_at_100_max": 1.0,
        "nauc_mrr_at_100_std": 0.5518207282913171,
        "nauc_mrr_at_10_diff1": 0.8655462184873955,
        "nauc_mrr_at_10_max": 1.0,
        "nauc_mrr_at_10_std": 0.5518207282913171,
        "nauc_mrr_at_1_diff1": 0.8655462184873944,
        "nauc_mrr_at_1_max": 1.0,
        "nauc_mrr_at_1_std": 0.5518207282913173,
        "nauc_mrr_at_20_diff1": 0.8655462184873955,
        "nauc_mrr_at_20_max": 1.0,
        "nauc_mrr_at_20_std": 0.5518207282913171,
        "nauc_mrr_at_3_diff1": 0.8655462184873944,
        "nauc_mrr_at_3_max": 1.0,
        "nauc_mrr_at_3_std": 0.5518207282913173,
        "nauc_mrr_at_5_diff1": 0.8655462184873944,
        "nauc_mrr_at_5_max": 1.0,
        "nauc_mrr_at_5_std": 0.5518207282913173,
        "nauc_ndcg_at_1000_diff1": 0.8655462184873952,
        "nauc_ndcg_at_1000_max": 1.0,
        "nauc_ndcg_at_1000_std": 0.5518207282913176,
        "nauc_ndcg_at_100_diff1": 0.8655462184873952,
        "nauc_ndcg_at_100_max": 1.0,
        "nauc_ndcg_at_100_std": 0.5518207282913176,
        "nauc_ndcg_at_10_diff1": 0.8655462184873952,
        "nauc_ndcg_at_10_max": 1.0,
        "nauc_ndcg_at_10_std": 0.5518207282913176,
        "nauc_ndcg_at_1_diff1": 0.8655462184873944,
        "nauc_ndcg_at_1_max": 1.0,
        "nauc_ndcg_at_1_std": 0.5518207282913173,
        "nauc_ndcg_at_20_diff1": 0.8655462184873952,
        "nauc_ndcg_at_20_max": 1.0,
        "nauc_ndcg_at_20_std": 0.5518207282913176,
        "nauc_ndcg_at_3_diff1": 0.8655462184873944,
        "nauc_ndcg_at_3_max": 1.0,
        "nauc_ndcg_at_3_std": 0.5518207282913173,
        "nauc_ndcg_at_5_diff1": 0.8655462184873944,
        "nauc_ndcg_at_5_max": 1.0,
        "nauc_ndcg_at_5_std": 0.5518207282913173,
        "nauc_precision_at_1000_diff1": 1.0,
        "nauc_precision_at_1000_max": 1.0,
        "nauc_precision_at_1000_std": 1.0,
        "nauc_precision_at_100_diff1": 1.0,
        "nauc_precision_at_100_max": 1.0,
        "nauc_precision_at_100_std": 1.0,
        "nauc_precision_at_10_diff1": NaN,
        "nauc_precision_at_10_max": NaN,
        "nauc_precision_at_10_std": NaN,
        "nauc_precision_at_1_diff1": 0.8655462184873944,
        "nauc_precision_at_1_max": 1.0,
        "nauc_precision_at_1_std": 0.5518207282913173,
        "nauc_precision_at_20_diff1": NaN,
        "nauc_precision_at_20_max": NaN,
        "nauc_precision_at_20_std": NaN,
        "nauc_precision_at_3_diff1": 0.8655462184873953,
        "nauc_precision_at_3_max": 1.0,
        "nauc_precision_at_3_std": 0.5518207282913179,
        "nauc_precision_at_5_diff1": 0.8655462184873945,
        "nauc_precision_at_5_max": 1.0,
        "nauc_precision_at_5_std": 0.5518207282913167,
        "nauc_recall_at_1000_diff1": NaN,
        "nauc_recall_at_1000_max": NaN,
        "nauc_recall_at_1000_std": NaN,
        "nauc_recall_at_100_diff1": NaN,
        "nauc_recall_at_100_max": NaN,
        "nauc_recall_at_100_std": NaN,
        "nauc_recall_at_10_diff1": NaN,
        "nauc_recall_at_10_max": NaN,
        "nauc_recall_at_10_std": NaN,
        "nauc_recall_at_1_diff1": 0.8655462184873944,
        "nauc_recall_at_1_max": 1.0,
        "nauc_recall_at_1_std": 0.5518207282913173,
        "nauc_recall_at_20_diff1": NaN,
        "nauc_recall_at_20_max": NaN,
        "nauc_recall_at_20_std": NaN,
        "nauc_recall_at_3_diff1": 0.8655462184873944,
        "nauc_recall_at_3_max": 1.0,
        "nauc_recall_at_3_std": 0.5518207282913173,
        "nauc_recall_at_5_diff1": 0.8655462184873944,
        "nauc_recall_at_5_max": 1.0,
        "nauc_recall_at_5_std": 0.5518207282913173,
        "ndcg_at_1": 0.875,
        "ndcg_at_10": 0.91263,
        "ndcg_at_100": 0.91263,
        "ndcg_at_1000": 0.91263,
        "ndcg_at_20": 0.91263,
        "ndcg_at_3": 0.875,
        "ndcg_at_5": 0.875,
        "precision_at_1": 0.875,
        "precision_at_10": 0.1,
        "precision_at_100": 0.01,
        "precision_at_1000": 0.001,
        "precision_at_20": 0.05,
        "precision_at_3": 0.29167,
        "precision_at_5": 0.175,
        "recall_at_1": 0.875,
        "recall_at_10": 1.0,
        "recall_at_100": 1.0,
        "recall_at_1000": 1.0,
        "recall_at_20": 1.0,
        "recall_at_3": 0.875,
        "recall_at_5": 0.875
      }
    ],
    "test": [
      {
        "hf_subset": "default",
        "languages": [
          "eng-Latn"
        ],
        "main_score": 0.82228,
        "map_at_1": 0.77778,
        "map_at_10": 0.80247,
        "map_at_100": 0.80393,
        "map_at_1000": 0.80426,
        "map_at_20": 0.80247,
        "map_at_3": 0.7963,
        "map_at_5": 0.7963,
        "mrr_at_1": 0.7777777777777778,
        "mrr_at_10": 0.8024691358024691,
        "mrr_at_100": 0.8039311241065628,
        "mrr_at_1000": 0.8042560103963613,
        "mrr_at_20": 0.8024691358024691,
        "mrr_at_3": 0.7962962962962963,
        "mrr_at_5": 0.7962962962962963,
        "nauc_map_at_1000_diff1": 0.9391572109972147,
        "nauc_map_at_1000_max": 0.8769799647677079,
        "nauc_map_at_1000_std": 0.003220853700427023,
        "nauc_map_at_100_diff1": 0.9390313779999114,
        "nauc_map_at_100_max": 0.877196437244569,
        "nauc_map_at_100_std": 0.004974838328011506,
        "nauc_map_at_10_diff1": 0.937282229965157,
        "nauc_map_at_10_max": 0.8771214151701954,
        "nauc_map_at_10_std": 0.005923150020710718,
        "nauc_map_at_1_diff1": 0.9595050618672667,
        "nauc_map_at_1_max": 0.8804620576274124,
        "nauc_map_at_1_std": 0.005349768341894034,
        "nauc_map_at_20_diff1": 0.937282229965157,
        "nauc_map_at_20_max": 0.8771214151701954,
        "nauc_map_at_20_std": 0.005923150020710718,
        "nauc_map_at_3_diff1": 0.9433042064621008,
        "nauc_map_at_3_max": 0.8704297125349755,
        "nauc_map_at_3_std": -0.047739458265774394,
        "nauc_map_at_5_diff1": 0.9433042064621008,
        "nauc_map_at_5_max": 0.8704297125349755,
        "nauc_map_at_5_std": -0.047739458265774394,
        "nauc_mrr_at_1000_diff1": 0.9391572109972147,