{
  "dataset_revision": "831d292c3959eae59e4f89b8758738feee97d6cf",
  "evaluation_time": 63.13370394706726,
  "kg_co2_emissions": null,
  "mteb_version": "1.14.15",
  "scores": {
    "test": [
      {
        "hf_subset": "default",
        "languages": [
          "eng-Latn"
        ],
        "main_score": 0.00612,
        "map_at_1": 0.00276,
        "map_at_10": 0.00473,
        "map_at_100": 0.00573,
        "map_at_1000": 0.00621,
        "map_at_20": 0.00507,
        "map_at_3": 0.00395,
        "map_at_5": 0.00426,
        "mrr_at_1": 0.0034145767102319556,
        "mrr_at_10": 0.005449258866779181,
        "mrr_at_100": 0.006566055043006454,
        "mrr_at_1000": 0.007071267219490098,
        "mrr_at_20": 0.005839164248889948,
        "mrr_at_3": 0.004650888967384906,
        "mrr_at_5": 0.004933474626162722,
        "nauc_map_at_1000_diff1": 0.33334581777910777,
        "nauc_map_at_1000_max": 0.537516611990037,
        "nauc_map_at_1000_std": 0.5491751862452293,
        "nauc_map_at_100_diff1": 0.35649364133748385,
        "nauc_map_at_100_max": 0.560204079410722,
        "nauc_map_at_100_std": 0.5626819542619093,
        "nauc_map_at_10_diff1": 0.4256344986826921,
        "nauc_map_at_10_max": 0.6111783099285635,
        "nauc_map_at_10_std": 0.5883769287162135,
        "nauc_map_at_1_diff1": 0.6239727754113031,
        "nauc_map_at_1_max": 0.7664197111498046,
        "nauc_map_at_1_std": 0.7259012746282657,
        "nauc_map_at_20_diff1": 0.40307156482101814,
        "nauc_map_at_20_max": 0.594858183641739,
        "nauc_map_at_20_std": 0.5798647638849269,
        "nauc_map_at_3_diff1": 0.4861426865091421,
        "nauc_map_at_3_max": 0.6491925662299702,
        "nauc_map_at_3_std": 0.5972591659763783,
        "nauc_map_at_5_diff1": 0.46732224956008256,
        "nauc_map_at_5_max": 0.6259968442100119,
        "nauc_map_at_5_std": 0.5874638942147534,
        "nauc_mrr_at_1000_diff1": 0.30622548744175715,
        "nauc_mrr_at_1000_max": 0.5181478657717576,
        "nauc_mrr_at_1000_std": 0.5308069890909485,
        "nauc_mrr_at_100_diff1": 0.3252502986379733,
        "nauc_mrr_at_100_max": 0.5378809142066203,
        "nauc_mrr_at_100_std": 0.5447648264930046,
        "nauc_mrr_at_10_diff1": 0.39136127854244734,
        "nauc_mrr_at_10_max": 0.5906302513682709,
        "nauc_mrr_at_10_std": 0.5736948613670981,
        "nauc_mrr_at_1_diff1": 0.526372076361662,
        "nauc_mrr_at_1_max": 0.7092964817351021,
        "nauc_mrr_at_1_std": 0.6690532643825111,
        "nauc_mrr_at_20_diff1": 0.36431923832059127,
        "nauc_mrr_at_20_max": 0.5707223638729914,
        "nauc_mrr_at_20_std": 0.5646542322156177,
        "nauc_mrr_at_3_diff1": 0.42893718113913143,
        "nauc_mrr_at_3_max": 0.6239482071379286,
        "nauc_mrr_at_3_std": 0.5803418988361407,
        "nauc_mrr_at_5_diff1": 0.41852835057963156,
        "nauc_mrr_at_5_max": 0.6102495599403372,
        "nauc_mrr_at_5_std": 0.5772198425974127,
        "nauc_ndcg_at_1000_diff1": 0.09394826140651279,
        "nauc_ndcg_at_1000_max": 0.2991132407726555,
        "nauc_ndcg_at_1000_std": 0.39111362318424603,
        "nauc_ndcg_at_100_diff1": 0.17486644647992391,
        "nauc_ndcg_at_100_max": 0.41344897893337496,
        "nauc_ndcg_at_100_std": 0.48300067233911326,
        "nauc_ndcg_at_10_diff1": 0.3547064774447432,
        "nauc_ndcg_at_10_max": 0.5635883268509979,
        "nauc_ndcg_at_10_std": 0.5665799329997872,
        "nauc_ndcg_at_1_diff1": 0.526372076361662,
        "nauc_ndcg_at_1_max": 0.7092964817351021,
        "nauc_ndcg_at_1_std": 0.6690532643825111,
        "nauc_ndcg_at_20_diff1": 0.30220257736522554,
        "nauc_ndcg_at_20_max": 0.527233265459909,
        "nauc_ndcg_at_20_std": 0.5451292089720663,
        "nauc_ndcg_at_3_diff1": 0.4378420669601583,
        "nauc_ndcg_at_3_max": 0.6188522268355424,
        "nauc_ndcg_at_3_std": 0.5676109660632012,
        "nauc_ndcg_at_5_diff1": 0.4187133206234083,
        "nauc_ndcg_at_5_max": 0.5917011418953892,
        "nauc_ndcg_at_5_std": 0.5629231855174465,
        "nauc_precision_at_1000_diff1": 0.025062671412563266,
        "nauc_precision_at_1000_max": 0.2167487527833649,
        "nauc_precision_at_1000_std": 0.31149451838777675,
        "nauc_precision_at_100_diff1": 0.04722313422686355,
        "nauc_precision_at_100_max": 0.3073012565416071,
        "nauc_precision_at_100_std": 0.42358498406918643,
        "nauc_precision_at_10_diff1": 0.21336001528891577,
        "nauc_precision_at_10_max": 0.4834553000327073,
        "nauc_precision_at_10_std": 0.5098480587017205,
        "nauc_precision_at_1_diff1": 0.526372076361662,
        "nauc_precision_at_1_max": 0.7092964817351021,
        "nauc_precision_at_1_std": 0.6690532643825111,
        "nauc_precision_at_20_diff1": 0.15158438011589495,
        "nauc_precision_at_20_max": 0.43153159313553985,
        "nauc_precision_at_20_std": 0.4957562581099769,
        "nauc_precision_at_3_diff1": 0.3256231107996985,
        "nauc_precision_at_3_max": 0.5390635313320852,
        "nauc_precision_at_3_std": 0.4864644965956068,
        "nauc_precision_at_5_diff1": 0.2959362585504665,
        "nauc_precision_at_5_max": 0.49824496963193066,
        "nauc_precision_at_5_std": 0.47904008664468956,
        "nauc_recall_at_1000_diff1": 0.037168406808333984,
        "nauc_recall_at_1000_max": 0.22542659449519817,
        "nauc_recall_at_1000_std": 0.3395219831853406,
        "nauc_recall_at_100_diff1": 0.06613101432634838,
        "nauc_recall_at_100_max": 0.3168043974413429,
        "nauc_recall_at_100_std": 0.43033410366058245,
        "nauc_recall_at_10_diff1": 0.26258533051639893,
        "nauc_recall_at_10_max": 0.49798771582601664,
        "nauc_recall_at_10_std": 0.5462623489637473,
        "nauc_recall_at_1_diff1": 0.6239727754113031,
        "nauc_recall_at_1_max": 0.7664197111498046,
        "nauc_recall_at_1_std": 0.7259012746282657,
        "nauc_recall_at_20_diff1": 0.1938215213803094,
        "nauc_recall_at_20_max": 0.45450906783209094,
        "nauc_recall_at_20_std": 0.5072636412116713,
        "nauc_recall_at_3_diff1": 0.3927670256630883,
        "nauc_recall_at_3_max": 0.5803072263328414,
        "nauc_recall_at_3_std": 0.5320094624922773,
        "nauc_recall_at_5_diff1": 0.35797147897348996,
        "nauc_recall_at_5_max": 0.5369069910203674,
        "nauc_recall_at_5_std": 0.5252602452275359,
        "ndcg_at_1": 0.00341,
        "ndcg_at_10": 0.00612,
        "ndcg_at_100": 0.01274,
        "ndcg_at_1000": 0.03103,
        "ndcg_at_20": 0.00738,
        "ndcg_at_3": 0.00452,
        "ndcg_at_5": 0.00501,
        "precision_at_1": 0.00341,
        "precision_at_10": 0.00137,
        "precision_at_100": 0.00064,
        "precision_at_1000": 0.0003,
        "precision_at_20": 0.00101,
        "precision_at_3": 0.00235,
        "precision_at_5": 0.00174,
        "recall_at_1": 0.00276,
        "recall_at_10": 0.00955,
        "recall_at_100": 0.04128,
        "recall_at_1000": 0.17905,
        "recall_at_20": 0.01421,
        "recall_at_3": 0.00533,
        "recall_at_5": 0.00654
      }
    ]
  },
  "task_name": "CoconutRetrieval"
}