{
  "dataset_revision": "023e7a813e3b73d8d33551ed2aea511314d612e2",
  "evaluation_time": 11.090907096862793,
  "kg_co2_emissions": null,
  "mteb_version": "1.14.15",
  "scores": {
    "test": [
      {
        "hf_subset": "default",
        "languages": [
          "eng-Latn"
        ],
        "main_score": 0.54939,
        "map_at_1": 0.29012,
        "map_at_10": 0.45071,
        "map_at_100": 0.46033,
        "map_at_1000": 0.46039,
        "map_at_20": 0.45765,
        "map_at_3": 0.38272,
        "map_at_5": 0.41327,
        "mrr_at_1": 0.37037037037037035,
        "mrr_at_10": 0.5011169900058788,
        "mrr_at_100": 0.5045649309538198,
        "mrr_at_1000": 0.5046314247366511,
        "mrr_at_20": 0.5034318048206937,
        "mrr_at_3": 0.4506172839506173,
        "mrr_at_5": 0.47654320987654314,
        "nauc_map_at_1000_diff1": 0.13779828079855766,
        "nauc_map_at_1000_max": 0.1573358266497518,
        "nauc_map_at_1000_std": -0.09638024179645738,
        "nauc_map_at_100_diff1": 0.13772896212737887,
        "nauc_map_at_100_max": 0.1572621860902819,
        "nauc_map_at_100_std": -0.09633387934038547,
        "nauc_map_at_10_diff1": 0.13630874040523325,
        "nauc_map_at_10_max": 0.15584320169056937,
        "nauc_map_at_10_std": -0.11232541854579281,
        "nauc_map_at_1_diff1": 0.24344528359535678,
        "nauc_map_at_1_max": 0.15319115668092692,
        "nauc_map_at_1_std": -0.14745222007128947,
        "nauc_map_at_20_diff1": 0.14235100475653686,
        "nauc_map_at_20_max": 0.16278889905529995,
        "nauc_map_at_20_std": -0.10218799966434493,
        "nauc_map_at_3_diff1": 0.1351513255124843,
        "nauc_map_at_3_max": 0.17250523285011746,
        "nauc_map_at_3_std": -0.07261661844343678,
        "nauc_map_at_5_diff1": 0.09853491251014054,
        "nauc_map_at_5_max": 0.11791772485928519,
        "nauc_map_at_5_std": -0.13170415671846558,
        "nauc_mrr_at_1000_diff1": 0.22222212849414916,
        "nauc_mrr_at_1000_max": 0.18975838077313978,
        "nauc_mrr_at_1000_std": -0.001194165063742781,
        "nauc_mrr_at_100_diff1": 0.22213852423270566,
        "nauc_mrr_at_100_max": 0.18968159954433964,
        "nauc_mrr_at_100_std": -0.0011701211203172105,
        "nauc_mrr_at_10_diff1": 0.21457539578014687,
        "nauc_mrr_at_10_max": 0.18991672406798005,
        "nauc_mrr_at_10_std": -8.578967062443125e-05,
        "nauc_mrr_at_1_diff1": 0.2737149778543101,
        "nauc_mrr_at_1_max": 0.14912927110399138,
        "nauc_mrr_at_1_std": -0.097798603998225,
        "nauc_mrr_at_20_diff1": 0.22473912192248166,
        "nauc_mrr_at_20_max": 0.19239802980373905,
        "nauc_mrr_at_20_std": 0.0011936287098090435,
        "nauc_mrr_at_3_diff1": 0.21700311523113308,
        "nauc_mrr_at_3_max": 0.20245538605632468,
        "nauc_mrr_at_3_std": 0.002435427844249723,
        "nauc_mrr_at_5_diff1": 0.18653463896013417,
        "nauc_mrr_at_5_max": 0.1650262191178126,
        "nauc_mrr_at_5_std": -0.02360902356109885,
        "nauc_ndcg_at_1000_diff1": 0.16153855755269458,
        "nauc_ndcg_at_1000_max": 0.18161726163466368,
        "nauc_ndcg_at_1000_std": -0.04268537103218954,
        "nauc_ndcg_at_100_diff1": 0.15604679121688617,
        "nauc_ndcg_at_100_max": 0.17579839141638898,
        "nauc_ndcg_at_100_std": -0.04014573031571597,
        "nauc_ndcg_at_10_diff1": 0.1612531876526817,
        "nauc_ndcg_at_10_max": 0.19811795854563288,
        "nauc_ndcg_at_10_std": -0.06790198121915572,
        "nauc_ndcg_at_1_diff1": 0.2737149778543101,
        "nauc_ndcg_at_1_max": 0.14912927110399138,
        "nauc_ndcg_at_1_std": -0.097798603998225,
        "nauc_ndcg_at_20_diff1": 0.19773729016380678,
        "nauc_ndcg_at_20_max": 0.2194239811723335,
        "nauc_ndcg_at_20_std": -0.0331103163653197,
        "nauc_ndcg_at_3_diff1": 0.14271621714523955,
        "nauc_ndcg_at_3_max": 0.20499943388457798,
        "nauc_ndcg_at_3_std": -0.016300492381795328,
        "nauc_ndcg_at_5_diff1": 0.08006721425081101,
        "nauc_ndcg_at_5_max": 0.11600753341090578,
        "nauc_ndcg_at_5_std": -0.10461883614780591,
        "nauc_precision_at_1000_diff1": -0.11288109369869566,
        "nauc_precision_at_1000_max": -0.02930059163943193,
        "nauc_precision_at_1000_std": 0.18237519275349728,
        "nauc_precision_at_100_diff1": -0.11832685793908039,
        "nauc_precision_at_100_max": -0.04200766250807018,
        "nauc_precision_at_100_std": 0.17636591758242492,
        "nauc_precision_at_10_diff1": 0.032220632608652926,
        "nauc_precision_at_10_max": 0.15206813643012101,
        "nauc_precision_at_10_std": -0.04492229112465913,
        "nauc_precision_at_1_diff1": 0.2737149778543101,
        "nauc_precision_at_1_max": 0.14912927110399138,
        "nauc_precision_at_1_std": -0.097798603998225,
        "nauc_precision_at_20_diff1": 0.07332060007967278,
        "nauc_precision_at_20_max": 0.16480003972149898,
        "nauc_precision_at_20_std": 0.1335297034288986,
        "nauc_precision_at_3_diff1": 0.05415117928675692,
        "nauc_precision_at_3_max": 0.17505035734409494,
        "nauc_precision_at_3_std": 0.04355536091231035,
        "nauc_precision_at_5_diff1": -0.13954896756566718,
        "nauc_precision_at_5_max": -0.048014316359391296,
        "nauc_precision_at_5_std": -0.12886500277313373,
        "nauc_recall_at_1000_diff1": NaN,
        "nauc_recall_at_1000_max": NaN,
        "nauc_recall_at_1000_std": NaN,
        "nauc_recall_at_100_diff1": -0.1755639870964916,
        "nauc_recall_at_100_max": -0.1755639870964916,
        "nauc_recall_at_100_std": 0.11320606637944189,
        "nauc_recall_at_10_diff1": 0.187471345913205,
        "nauc_recall_at_10_max": 0.3329916827390987,
        "nauc_recall_at_10_std": -0.0060356478699106,
        "nauc_recall_at_1_diff1": 0.24344528359535678,
        "nauc_recall_at_1_max": 0.15319115668092692,
        "nauc_recall_at_1_std": -0.14745222007128947,
        "nauc_recall_at_20_diff1": 0.5506681725208666,
        "nauc_recall_at_20_max": 0.5707873975581244,
        "nauc_recall_at_20_std": 0.2473045191532913,
        "nauc_recall_at_3_diff1": 0.08527160571575491,
        "nauc_recall_at_3_max": 0.256566564473055,
        "nauc_recall_at_3_std": 0.09441345349683755,
        "nauc_recall_at_5_diff1": -0.06128923110162302,
        "nauc_recall_at_5_max": 0.043640777909195794,
        "nauc_recall_at_5_std": -0.10691690635502452,
        "ndcg_at_1": 0.37037,
        "ndcg_at_10": 0.54939,
        "ndcg_at_100": 0.58477,
        "ndcg_at_1000": 0.58883,
        "ndcg_at_20": 0.56884,
        "ndcg_at_3": 0.42203,
        "ndcg_at_5": 0.47187,
        "precision_at_1": 0.37037,
        "precision_at_10": 0.1037,
        "precision_at_100": 0.01259,
        "precision_at_1000": 0.0013,
        "precision_at_20": 0.05741,
        "precision_at_3": 0.19753,
        "precision_at_5": 0.14815,
        "recall_at_1": 0.29012,
        "recall_at_10": 0.80864,
        "recall_at_100": 0.96296,
        "recall_at_1000": 1.0,
        "recall_at_20": 0.87654,
        "recall_at_3": 0.47531,
        "recall_at_5": 0.58642
      }
    ]
  },
  "task_name": "ChemNQRetrieval"
}