{
  "dataset_revision": "831d292c3959eae59e4f89b8758738feee97d6cf",
  "evaluation_time": 36.01355266571045,
  "kg_co2_emissions": null,
  "mteb_version": "1.14.15",
  "scores": {
    "test": [
      {
        "hf_subset": "default",
        "languages": [
          "eng-Latn"
        ],
        "main_score": 0.00341,
        "map_at_1": 0.002,
        "map_at_10": 0.00275,
        "map_at_100": 0.00316,
        "map_at_1000": 0.00348,
        "map_at_20": 0.00285,
        "map_at_3": 0.00233,
        "map_at_5": 0.0025,
        "mrr_at_1": 0.0021193924408336277,
        "mrr_at_10": 0.0029910720126191683,
        "mrr_at_100": 0.003444959973937327,
        "mrr_at_1000": 0.003801086833894056,
        "mrr_at_20": 0.0031029792929366746,
        "mrr_at_3": 0.002472624514305899,
        "mrr_at_5": 0.0026786765571647233,
        "nauc_map_at_1000_diff1": 0.4071336289191302,
        "nauc_map_at_1000_max": 0.3196262049929809,
        "nauc_map_at_1000_std": 0.405594246705273,
        "nauc_map_at_100_diff1": 0.4519587851895476,
        "nauc_map_at_100_max": 0.3425949975023944,
        "nauc_map_at_100_std": 0.4421843686197909,
        "nauc_map_at_10_diff1": 0.5154077426246643,
        "nauc_map_at_10_max": 0.358954932492773,
        "nauc_map_at_10_std": 0.4761705930601441,
        "nauc_map_at_1_diff1": 0.6535817860909329,
        "nauc_map_at_1_max": 0.4257445104381064,
        "nauc_map_at_1_std": 0.4992050350389333,
        "nauc_map_at_20_diff1": 0.4966512323077186,
        "nauc_map_at_20_max": 0.3509638603296959,
        "nauc_map_at_20_std": 0.466370271886436,
        "nauc_map_at_3_diff1": 0.5842830185454966,
        "nauc_map_at_3_max": 0.40395748647949326,
        "nauc_map_at_3_std": 0.4890872219131921,
        "nauc_map_at_5_diff1": 0.577636070860415,
        "nauc_map_at_5_max": 0.372803173151669,
        "nauc_map_at_5_std": 0.49324347053916867,
        "nauc_mrr_at_1000_diff1": 0.399477427057934,
        "nauc_mrr_at_1000_max": 0.3152408997537367,
        "nauc_mrr_at_1000_std": 0.38273440795735303,
        "nauc_mrr_at_100_diff1": 0.44212443776497545,
        "nauc_mrr_at_100_max": 0.3373420774109915,
        "nauc_mrr_at_100_std": 0.4176354294233241,
        "nauc_mrr_at_10_diff1": 0.5077737830665372,
        "nauc_mrr_at_10_max": 0.3514762239025069,
        "nauc_mrr_at_10_std": 0.45381938923865855,
        "nauc_mrr_at_1_diff1": 0.6634332211381111,
        "nauc_mrr_at_1_max": 0.45764759319154474,
        "nauc_mrr_at_1_std": 0.5019842411488321,
        "nauc_mrr_at_20_diff1": 0.48892890457636334,
        "nauc_mrr_at_20_max": 0.3423571563462823,
        "nauc_mrr_at_20_std": 0.4419384842349831,
        "nauc_mrr_at_3_diff1": 0.5880767505342225,
        "nauc_mrr_at_3_max": 0.40225166429367815,
        "nauc_mrr_at_3_std": 0.4635319264712139,
        "nauc_mrr_at_5_diff1": 0.5870606545508738,
        "nauc_mrr_at_5_max": 0.3781818337727627,
        "nauc_mrr_at_5_std": 0.4721529109701023,
        "nauc_ndcg_at_1000_diff1": 0.051212126773682344,
        "nauc_ndcg_at_1000_max": 0.1417286329878099,
        "nauc_ndcg_at_1000_std": 0.12024436600235963,
        "nauc_ndcg_at_100_diff1": 0.2479838089383155,
        "nauc_ndcg_at_100_max": 0.2911260724233107,
        "nauc_ndcg_at_100_std": 0.3378033679714372,
        "nauc_ndcg_at_10_diff1": 0.4288713780504828,
        "nauc_ndcg_at_10_max": 0.3146971382225627,
        "nauc_ndcg_at_10_std": 0.4508812318614014,
        "nauc_ndcg_at_1_diff1": 0.6634332211381111,
        "nauc_ndcg_at_1_max": 0.45764759319154474,
        "nauc_ndcg_at_1_std": 0.5019842411488321,
        "nauc_ndcg_at_20_diff1": 0.38361594177619557,
        "nauc_ndcg_at_20_max": 0.2914739172784965,
        "nauc_ndcg_at_20_std": 0.42029644472388544,
        "nauc_ndcg_at_3_diff1": 0.5576939277865113,
        "nauc_ndcg_at_3_max": 0.38388736947964464,
        "nauc_ndcg_at_3_std": 0.471933162725374,
        "nauc_ndcg_at_5_diff1": 0.5553347336412325,
        "nauc_ndcg_at_5_max": 0.34216858043522047,
        "nauc_ndcg_at_5_std": 0.48335862417232517,
        "nauc_precision_at_1000_diff1": -0.03105851842556727,
        "nauc_precision_at_1000_max": 0.10235145095913961,
        "nauc_precision_at_1000_std": 0.04239805655997308,
        "nauc_precision_at_100_diff1": 0.08021881705697972,
        "nauc_precision_at_100_max": 0.27434494481955496,
        "nauc_precision_at_100_std": 0.24831905704502247,
        "nauc_precision_at_10_diff1": 0.2987816269135405,
        "nauc_precision_at_10_max": 0.269361302876059,
        "nauc_precision_at_10_std": 0.3953675721076475,
        "nauc_precision_at_1_diff1": 0.6634332211381111,
        "nauc_precision_at_1_max": 0.45764759319154474,
        "nauc_precision_at_1_std": 0.5019842411488321,
        "nauc_precision_at_20_diff1": 0.1930462044505487,
        "nauc_precision_at_20_max": 0.20717822256065838,
        "nauc_precision_at_20_std": 0.31418054103362947,
        "nauc_precision_at_3_diff1": 0.5188224760446346,
        "nauc_precision_at_3_max": 0.3557786731282433,
        "nauc_precision_at_3_std": 0.4470314284448217,
        "nauc_precision_at_5_diff1": 0.5425241159762162,
        "nauc_precision_at_5_max": 0.30663165507467344,
        "nauc_precision_at_5_std": 0.4753808028000302,
        "nauc_recall_at_1000_diff1": -0.02245215080677415,
        "nauc_recall_at_1000_max": 0.09132965789588157,
        "nauc_recall_at_1000_std": 0.0479708861530107,
        "nauc_recall_at_100_diff1": 0.11184778375988147,
        "nauc_recall_at_100_max": 0.26186072069299166,
        "nauc_recall_at_100_std": 0.26310037177737267,
        "nauc_recall_at_10_diff1": 0.27861163343150214,
        "nauc_recall_at_10_max": 0.23980606787393455,
        "nauc_recall_at_10_std": 0.4212358443806106,
        "nauc_recall_at_1_diff1": 0.6535817860909329,
        "nauc_recall_at_1_max": 0.4257445104381064,
        "nauc_recall_at_1_std": 0.4992050350389333,
        "nauc_recall_at_20_diff1": 0.2237534615373342,
        "nauc_recall_at_20_max": 0.20800259056198242,
        "nauc_recall_at_20_std": 0.36650789493488334,
        "nauc_recall_at_3_diff1": 0.4873186118016979,
        "nauc_recall_at_3_max": 0.33988416350092965,
        "nauc_recall_at_3_std": 0.4576206284558275,
        "nauc_recall_at_5_diff1": 0.4970830486237767,
        "nauc_recall_at_5_max": 0.26565550828684464,
        "nauc_recall_at_5_std": 0.47507523101320265,
        "ndcg_at_1": 0.00212,
        "ndcg_at_10": 0.00341,
        "ndcg_at_100": 0.00634,
        "ndcg_at_1000": 0.01962,
        "ndcg_at_20": 0.0038,
        "ndcg_at_3": 0.00247,
        "ndcg_at_5": 0.00279,
        "precision_at_1": 0.00212,
        "precision_at_10": 0.00066,
        "precision_at_100": 0.00029,
        "precision_at_1000": 0.0002,
        "precision_at_20": 0.00045,
        "precision_at_3": 0.00102,
        "precision_at_5": 0.0008,
        "recall_at_1": 0.002,
        "recall_at_10": 0.00523,
        "recall_at_100": 0.01963,
        "recall_at_1000": 0.1211,
        "recall_at_20": 0.00663,
        "recall_at_3": 0.00272,
        "recall_at_5": 0.00348
      }
    ]
  },
  "task_name": "CoconutRetrieval"
}