{
  "dataset_revision": "e46d4868e417703bdcf32aadbe5d0e05a1b7f085",
  "evaluation_time": 3.76558780670166,
  "kg_co2_emissions": null,
  "mteb_version": "1.14.15",
  "scores": {
    "test": [
      {
        "cosine_accuracy": 0.53076171875,
        "cosine_accuracy_threshold": 0.32555830478668213,
        "cosine_ap": 0.5297421356726044,
        "cosine_f1": 0.661432777232581,
        "cosine_f1_threshold": 0.16421648859977722,
        "cosine_precision": 0.4941348973607038,
        "cosine_recall": 1.0,
        "dot_accuracy": 0.53076171875,
        "dot_accuracy_threshold": 0.3255584239959717,
        "dot_ap": 0.5297418532302102,
        "dot_f1": 0.661432777232581,
        "dot_f1_threshold": 0.16421647369861603,
        "dot_precision": 0.4941348973607038,
        "dot_recall": 1.0,
        "euclidean_accuracy": 0.53076171875,
        "euclidean_accuracy_threshold": 1.161414384841919,
        "euclidean_ap": 0.5297418532302103,
        "euclidean_f1": 0.661432777232581,
        "euclidean_f1_threshold": 1.29288911819458,
        "euclidean_precision": 0.4941348973607038,
        "euclidean_recall": 1.0,
        "hf_subset": "default",
        "languages": [
          "eng-Latn"
        ],
        "main_score": 0.6618657937806874,
        "manhattan_accuracy": 0.529296875,
        "manhattan_accuracy_threshold": 17.96120834350586,
        "manhattan_ap": 0.5314949822270176,
        "manhattan_f1": 0.6618657937806874,
        "manhattan_f1_threshold": 20.051027297973633,
        "manhattan_precision": 0.4946183953033268,
        "manhattan_recall": 1.0,
        "max_accuracy": 0.53076171875,
        "max_ap": 0.5314949822270176,
        "max_f1": 0.6618657937806874,
        "max_precision": 0.4946183953033268,
        "max_recall": 1.0,
        "similarity_accuracy": 0.53076171875,
        "similarity_accuracy_threshold": 0.3255584239959717,
        "similarity_ap": 0.5297418532302102,
        "similarity_f1": 0.661432777232581,
        "similarity_f1_threshold": 0.16421648859977722,
        "similarity_precision": 0.4941348973607038,
        "similarity_recall": 1.0
      }
    ]
  },
  "task_name": "CoconutSMILES2FormulaPC"
}