{
  "dataset_revision": "ed91e93abf734d82ad1a0abf4d7653521173e2fb",
  "evaluation_time": 1.6589436531066895,
  "kg_co2_emissions": null,
  "mteb_version": "1.14.15",
  "scores": {
    "test": [
      {
        "cosine_accuracy": 0.89990234375,
        "cosine_accuracy_threshold": 0.38484987616539,
        "cosine_ap": 0.1030261509161536,
        "cosine_f1": 0.1896103896103896,
        "cosine_f1_threshold": 0.08403921127319336,
        "cosine_precision": 0.1092814371257485,
        "cosine_recall": 0.7156862745098039,
        "dot_accuracy": 0.89990234375,
        "dot_accuracy_threshold": 0.3848499059677124,
        "dot_ap": 0.1030261509161536,
        "dot_f1": 0.1896103896103896,
        "dot_f1_threshold": 0.08403920382261276,
        "dot_precision": 0.1092814371257485,
        "dot_recall": 0.7156862745098039,
        "euclidean_accuracy": 0.89990234375,
        "euclidean_accuracy_threshold": 1.1089205741882324,
        "euclidean_ap": 0.1030261509161536,
        "euclidean_f1": 0.1896103896103896,
        "euclidean_f1_threshold": 1.3534849882125854,
        "euclidean_precision": 0.1092814371257485,
        "euclidean_recall": 0.7156862745098039,
        "hf_subset": "default",
        "languages": [
          "eng-Latn"
        ],
        "main_score": 0.19302949061662197,
        "manhattan_accuracy": 0.89990234375,
        "manhattan_accuracy_threshold": 17.163860321044922,
        "manhattan_ap": 0.10498949828676024,
        "manhattan_f1": 0.19302949061662197,
        "manhattan_f1_threshold": 20.95017433166504,
        "manhattan_precision": 0.11180124223602485,
        "manhattan_recall": 0.7058823529411765,
        "max_accuracy": 0.89990234375,
        "max_ap": 0.10498949828676024,
        "max_f1": 0.19302949061662197,
        "max_precision": 0.11180124223602485,
        "max_recall": 0.7156862745098039,
        "similarity_accuracy": 0.89990234375,
        "similarity_accuracy_threshold": 0.3848499655723572,
        "similarity_ap": 0.1030261509161536,
        "similarity_f1": 0.1896103896103896,
        "similarity_f1_threshold": 0.08403920382261276,
        "similarity_precision": 0.1092814371257485,
        "similarity_recall": 0.7156862745098039
      }
    ]
  },
  "task_name": "PubChemSMILESCanonDescPC"
}