{
  "dataset_revision": "a430437ea6c6fe0e6461e6d6659f647d0bf62496",
  "evaluation_time": 0.3554515838623047,
  "kg_co2_emissions": null,
  "mteb_version": "1.14.15",
  "scores": {
    "test": [
      {
        "cosine_accuracy": 0.9701492537313433,
        "cosine_accuracy_threshold": 0.8496376872062683,
        "cosine_ap": 0.9962348857305297,
        "cosine_f1": 0.9703703703703703,
        "cosine_f1_threshold": 0.8352606296539307,
        "cosine_precision": 0.9632352941176471,
        "cosine_recall": 0.9776119402985075,
        "dot_accuracy": 0.9701492537313433,
        "dot_accuracy_threshold": 0.8496376872062683,
        "dot_ap": 0.9962348857305297,
        "dot_f1": 0.9703703703703703,
        "dot_f1_threshold": 0.8352606296539307,
        "dot_precision": 0.9632352941176471,
        "dot_recall": 0.9776119402985075,
        "euclidean_accuracy": 0.9701492537313433,
        "euclidean_accuracy_threshold": 0.5482586622238159,
        "euclidean_ap": 0.9962348857305297,
        "euclidean_f1": 0.9703703703703703,
        "euclidean_f1_threshold": 0.5740021467208862,
        "euclidean_precision": 0.9632352941176471,
        "euclidean_recall": 0.9776119402985075,
        "hf_subset": "default",
        "languages": [
          "eng-Latn"
        ],
        "main_score": 0.9703703703703703,
        "manhattan_accuracy": 0.9701492537313433,
        "manhattan_accuracy_threshold": 8.489219665527344,
        "manhattan_ap": 0.9961659612936306,
        "manhattan_f1": 0.9699248120300752,
        "manhattan_f1_threshold": 8.489219665527344,
        "manhattan_precision": 0.9772727272727273,
        "manhattan_recall": 0.9626865671641791,
        "max_accuracy": 0.9701492537313433,
        "max_ap": 0.9962348857305297,
        "max_f1": 0.9703703703703703,
        "max_precision": 0.9772727272727273,
        "max_recall": 0.9776119402985075,
        "similarity_accuracy": 0.9701492537313433,
        "similarity_accuracy_threshold": 0.8496378064155579,
        "similarity_ap": 0.9962348857305297,
        "similarity_f1": 0.9703703703703703,
        "similarity_f1_threshold": 0.8352606296539307,
        "similarity_precision": 0.9632352941176471,
        "similarity_recall": 0.9776119402985075
      }
    ]
  },
  "task_name": "WikipediaAIParagraphsParaphrasePC"
}