{
  "dataset_revision": "main",
  "task_name": "FSUChemRxivQest",
  "mteb_version": "0.1",
  "scores": {
    "test": [
      {
        "ndcg_at_1": 0.39856,
        "ndcg_at_3": 0.41282,
        "ndcg_at_5": 0.45121,
        "ndcg_at_10": 0.48487,
        "ndcg_at_20": 0.51186,
        "ndcg_at_100": 0.54406,
        "ndcg_at_1000": 0.55567,
        "map_at_1": 0.27806,
        "map_at_3": 0.35868,
        "map_at_5": 0.38211,
        "map_at_10": 0.39759,
        "map_at_20": 0.40684,
        "map_at_100": 0.41302,
        "map_at_1000": 0.41362,
        "recall_at_1": 0.27806,
        "recall_at_3": 0.44525,
        "recall_at_5": 0.52918,
        "recall_at_10": 0.61826,
        "recall_at_20": 0.70992,
        "recall_at_100": 0.85496,
        "recall_at_1000": 0.93237,
        "precision_at_1": 0.39856,
        "precision_at_3": 0.2173,
        "precision_at_5": 0.1551,
        "precision_at_10": 0.09269,
        "precision_at_20": 0.05427,
        "precision_at_100": 0.01337,
        "precision_at_1000": 0.00148,
        "mrr_at_1": 0.398558,
        "mrr_at_3": 0.490216,
        "mrr_at_5": 0.510453,
        "mrr_at_10": 0.524331,
        "mrr_at_20": 0.529489,
        "mrr_at_100": 0.532332,
        "mrr_at_1000": 0.532459,
        "nauc_ndcg_at_1_max": 0.16044,
        "nauc_ndcg_at_1_std": -0.11934,
        "nauc_ndcg_at_1_diff1": 0.438811,
        "nauc_ndcg_at_3_max": 0.104632,
        "nauc_ndcg_at_3_std": -0.103643,
        "nauc_ndcg_at_3_diff1": 0.323768,
        "nauc_ndcg_at_5_max": 0.12153,
        "nauc_ndcg_at_5_std": -0.105351,
        "nauc_ndcg_at_5_diff1": 0.326632,
        "nauc_ndcg_at_10_max": 0.131494,
        "nauc_ndcg_at_10_std": -0.103979,
        "nauc_ndcg_at_10_diff1": 0.319793,
        "nauc_ndcg_at_20_max": 0.136215,
        "nauc_ndcg_at_20_std": -0.089005,
        "nauc_ndcg_at_20_diff1": 0.314051,
        "nauc_ndcg_at_100_max": 0.148416,
        "nauc_ndcg_at_100_std": -0.067695,
        "nauc_ndcg_at_100_diff1": 0.321849,
        "nauc_ndcg_at_1000_max": 0.146488,
        "nauc_ndcg_at_1000_std": -0.068018,
        "nauc_ndcg_at_1000_diff1": 0.330064,
        "nauc_map_at_1_max": 0.143763,
        "nauc_map_at_1_std": -0.090048,
        "nauc_map_at_1_diff1": 0.402045,
        "nauc_map_at_3_max": 0.11073,
        "nauc_map_at_3_std": -0.09844,
        "nauc_map_at_3_diff1": 0.331872,
        "nauc_map_at_5_max": 0.120495,
        "nauc_map_at_5_std": -0.097753,
        "nauc_map_at_5_diff1": 0.333433,
        "nauc_map_at_10_max": 0.12463,
        "nauc_map_at_10_std": -0.096848,
        "nauc_map_at_10_diff1": 0.329397,
        "nauc_map_at_20_max": 0.127291,
        "nauc_map_at_20_std": -0.092479,
        "nauc_map_at_20_diff1": 0.328408,
        "nauc_map_at_100_max": 0.129801,
        "nauc_map_at_100_std": -0.088136,
        "nauc_map_at_100_diff1": 0.329635,
        "nauc_map_at_1000_max": 0.129842,
        "nauc_map_at_1000_std": -0.087886,
        "nauc_map_at_1000_diff1": 0.32988,
        "nauc_recall_at_1_max": 0.143763,
        "nauc_recall_at_1_std": -0.090048,
        "nauc_recall_at_1_diff1": 0.402045,
        "nauc_recall_at_3_max": 0.056038,
        "nauc_recall_at_3_std": -0.095773,
        "nauc_recall_at_3_diff1": 0.236381,
        "nauc_recall_at_5_max": 0.083713,
        "nauc_recall_at_5_std": -0.103524,
        "nauc_recall_at_5_diff1": 0.227279,
        "nauc_recall_at_10_max": 0.1063,
        "nauc_recall_at_10_std": -0.092534,
        "nauc_recall_at_10_diff1": 0.18859,
        "nauc_recall_at_20_max": 0.112502,
        "nauc_recall_at_20_std": -0.026507,
        "nauc_recall_at_20_diff1": 0.132535,
        "nauc_recall_at_100_max": 0.194989,
        "nauc_recall_at_100_std": 0.188444,
        "nauc_recall_at_100_diff1": 0.078592,
        "nauc_recall_at_1000_max": 0.213482,
        "nauc_recall_at_1000_std": 0.377178,
        "nauc_recall_at_1000_diff1": 0.13656,
        "nauc_precision_at_1_max": 0.16044,
        "nauc_precision_at_1_std": -0.11934,
        "nauc_precision_at_1_diff1": 0.438811,
        "nauc_precision_at_3_max": 0.07882,
        "nauc_precision_at_3_std": -0.122997,
        "nauc_precision_at_3_diff1": 0.250561,
        "nauc_precision_at_5_max": 0.110786,
        "nauc_precision_at_5_std": -0.09004,
        "nauc_precision_at_5_diff1": 0.216559,
        "nauc_precision_at_10_max": 0.125818,
        "nauc_precision_at_10_std": -0.06682,
        "nauc_precision_at_10_diff1": 0.139902,
        "nauc_precision_at_20_max": 0.12109,
        "nauc_precision_at_20_std": 0.005932,
        "nauc_precision_at_20_diff1": 0.058442,
        "nauc_precision_at_100_max": 0.135767,
        "nauc_precision_at_100_std": 0.132862,
        "nauc_precision_at_100_diff1": -0.005546,
        "nauc_precision_at_1000_max": 0.092375,
        "nauc_precision_at_1000_std": 0.14517,
        "nauc_precision_at_1000_diff1": -0.016818,
        "nauc_mrr_at_1_max": 0.16044,
        "nauc_mrr_at_1_std": -0.11934,
        "nauc_mrr_at_1_diff1": 0.438811,
        "nauc_mrr_at_3_max": 0.13381,
        "nauc_mrr_at_3_std": -0.11423,
        "nauc_mrr_at_3_diff1": 0.374792,
        "nauc_mrr_at_5_max": 0.144601,
        "nauc_mrr_at_5_std": -0.115819,
        "nauc_mrr_at_5_diff1": 0.377978,
        "nauc_mrr_at_10_max": 0.146823,
        "nauc_mrr_at_10_std": -0.117811,
        "nauc_mrr_at_10_diff1": 0.377967,
        "nauc_mrr_at_20_max": 0.146394,
        "nauc_mrr_at_20_std": -0.115086,
        "nauc_mrr_at_20_diff1": 0.377369,
        "nauc_mrr_at_100_max": 0.147217,
        "nauc_mrr_at_100_std": -0.114331,
        "nauc_mrr_at_100_diff1": 0.378539,
        "nauc_mrr_at_1000_max": 0.147141,
        "nauc_mrr_at_1000_std": -0.114361,
        "nauc_mrr_at_1000_diff1": 0.378661,
        "main_score": 0.48487,
        "hf_subset": "default",
        "languages": [
          "eng-Latn"
        ]
      }
    ]
  },
  "evaluation_time": 53.4185209274292,
  "kg_co2_emissions": null
}