{
  "dataset_revision": "5d958fb6b31055495347724d46431ba41309b03a",
  "task_name": "ChemNQRetrieval",
  "mteb_version": "1.36.8",
  "scores": {
    "test": [
      {
        "ndcg_at_1": 0.07407,
        "ndcg_at_3": 0.07407,
        "ndcg_at_5": 0.09003,
        "ndcg_at_10": 0.1149,
        "ndcg_at_20": 0.12463,
        "ndcg_at_100": 0.1498,
        "ndcg_at_1000": 0.19329,
        "map_at_1": 0.05556,
        "map_at_3": 0.06481,
        "map_at_5": 0.07407,
        "map_at_10": 0.08488,
        "map_at_20": 0.08773,
        "map_at_100": 0.09045,
        "map_at_1000": 0.09201,
        "recall_at_1": 0.05556,
        "recall_at_3": 0.07407,
        "recall_at_5": 0.11111,
        "recall_at_10": 0.18519,
        "recall_at_20": 0.22222,
        "recall_at_100": 0.35185,
        "recall_at_1000": 0.68519,
        "precision_at_1": 0.07407,
        "precision_at_3": 0.03704,
        "precision_at_5": 0.02963,
        "precision_at_10": 0.02222,
        "precision_at_20": 0.01296,
        "precision_at_100": 0.00481,
        "precision_at_1000": 0.00089,
        "mrr_at_1": 0.074074,
        "mrr_at_3": 0.092593,
        "mrr_at_5": 0.101852,
        "mrr_at_10": 0.112654,
        "mrr_at_20": 0.115503,
        "mrr_at_100": 0.117896,
        "mrr_at_1000": 0.119287,
        "nauc_ndcg_at_1_max": 0.397098,
        "nauc_ndcg_at_1_std": 0.550527,
        "nauc_ndcg_at_1_diff1": 0.847636,
        "nauc_ndcg_at_3_max": 0.500659,
        "nauc_ndcg_at_3_std": 0.724407,
        "nauc_ndcg_at_3_diff1": 0.614402,
        "nauc_ndcg_at_5_max": 0.355425,
        "nauc_ndcg_at_5_std": 0.687811,
        "nauc_ndcg_at_5_diff1": 0.717523,
        "nauc_ndcg_at_10_max": 0.404347,
        "nauc_ndcg_at_10_std": 0.729012,
        "nauc_ndcg_at_10_diff1": 0.662356,
        "nauc_ndcg_at_20_max": 0.487097,
        "nauc_ndcg_at_20_std": 0.801546,
        "nauc_ndcg_at_20_diff1": 0.610953,
        "nauc_ndcg_at_100_max": 0.470476,
        "nauc_ndcg_at_100_std": 0.732881,
        "nauc_ndcg_at_100_diff1": 0.605615,
        "nauc_ndcg_at_1000_max": 0.463595,
        "nauc_ndcg_at_1000_std": 0.699685,
        "nauc_ndcg_at_1000_diff1": 0.533423,
        "nauc_map_at_1_max": 0.598065,
        "nauc_map_at_1_std": 0.700351,
        "nauc_map_at_1_diff1": 0.796848,
        "nauc_map_at_3_max": 0.559713,
        "nauc_map_at_3_std": 0.743158,
        "nauc_map_at_3_diff1": 0.653612,
        "nauc_map_at_5_max": 0.455043,
        "nauc_map_at_5_std": 0.718845,
        "nauc_map_at_5_diff1": 0.724508,
        "nauc_map_at_10_max": 0.470553,
        "nauc_map_at_10_std": 0.740068,
        "nauc_map_at_10_diff1": 0.685947,
        "nauc_map_at_20_max": 0.50141,
        "nauc_map_at_20_std": 0.767681,
        "nauc_map_at_20_diff1": 0.666,
        "nauc_map_at_100_max": 0.496828,
        "nauc_map_at_100_std": 0.756126,
        "nauc_map_at_100_diff1": 0.664624,
        "nauc_map_at_1000_max": 0.495449,
        "nauc_map_at_1000_std": 0.752678,
        "nauc_map_at_1000_diff1": 0.661351,
        "nauc_recall_at_1_max": 0.598065,
        "nauc_recall_at_1_std": 0.700351,
        "nauc_recall_at_1_diff1": 0.796848,
        "nauc_recall_at_3_max": 0.530949,
        "nauc_recall_at_3_std": 0.775263,
        "nauc_recall_at_3_diff1": 0.546185,
        "nauc_recall_at_5_max": 0.226711,
        "nauc_recall_at_5_std": 0.660241,
        "nauc_recall_at_5_diff1": 0.734774,
        "nauc_recall_at_10_max": 0.342685,
        "nauc_recall_at_10_std": 0.690399,
        "nauc_recall_at_10_diff1": 0.586439,
        "nauc_recall_at_20_max": 0.517339,
        "nauc_recall_at_20_std": 0.827305,
        "nauc_recall_at_20_diff1": 0.454962,
        "nauc_recall_at_100_max": 0.489283,
        "nauc_recall_at_100_std": 0.681068,
        "nauc_recall_at_100_diff1": 0.480814,
        "nauc_recall_at_1000_max": 0.530806,
        "nauc_recall_at_1000_std": 0.587537,
        "nauc_recall_at_1000_diff1": 0.10526,
        "nauc_precision_at_1_max": 0.397098,
        "nauc_precision_at_1_std": 0.550527,
        "nauc_precision_at_1_diff1": 0.847636,
        "nauc_precision_at_3_max": 0.374598,
        "nauc_precision_at_3_std": 0.700351,
        "nauc_precision_at_3_diff1": 0.496489,
        "nauc_precision_at_5_max": 0.191458,
        "nauc_precision_at_5_std": 0.657774,
        "nauc_precision_at_5_diff1": 0.67369,
        "nauc_precision_at_10_max": 0.318595,
        "nauc_precision_at_10_std": 0.73208,
        "nauc_precision_at_10_diff1": 0.606902,
        "nauc_precision_at_20_max": 0.49583,
        "nauc_precision_at_20_std": 0.882327,
        "nauc_precision_at_20_diff1": 0.503904,
        "nauc_precision_at_100_max": 0.40319,
        "nauc_precision_at_100_std": 0.530861,
        "nauc_precision_at_100_diff1": 0.506135,
        "nauc_precision_at_1000_max": 0.266773,
        "nauc_precision_at_1000_std": 0.32533,
        "nauc_precision_at_1000_diff1": 0.177613,
        "nauc_mrr_at_1_max": 0.397098,
        "nauc_mrr_at_1_std": 0.550527,
        "nauc_mrr_at_1_diff1": 0.847636,
        "nauc_mrr_at_3_max": 0.383598,
        "nauc_mrr_at_3_std": 0.640422,
        "nauc_mrr_at_3_diff1": 0.636948,
        "nauc_mrr_at_5_max": 0.319737,
        "nauc_mrr_at_5_std": 0.629607,
        "nauc_mrr_at_5_diff1": 0.689041,
        "nauc_mrr_at_10_max": 0.338645,
        "nauc_mrr_at_10_std": 0.650159,
        "nauc_mrr_at_10_diff1": 0.662664,
        "nauc_mrr_at_20_max": 0.362571,
        "nauc_mrr_at_20_std": 0.671319,
        "nauc_mrr_at_20_diff1": 0.648162,
        "nauc_mrr_at_100_max": 0.362483,
        "nauc_mrr_at_100_std": 0.665337,
        "nauc_mrr_at_100_diff1": 0.64593,
        "nauc_mrr_at_1000_max": 0.361504,
        "nauc_mrr_at_1000_std": 0.662739,
        "nauc_mrr_at_1000_diff1": 0.642439,
        "main_score": 0.1149,
        "hf_subset": "default",
        "languages": [
          "eng-Latn"
        ]
      }
    ]
  },
  "evaluation_time": 153.15378308296204,
  "kg_co2_emissions": null
}