{
  "dataset_revision": "1840e8a5ac6ec752bbdd97d543ead0189bc7c25b",
  "task_name": "ChemHotpotQARetrieval",
  "mteb_version": "1.36.8",
  "scores": {
    "train": [
      {
        "ndcg_at_1": 0.26111,
        "ndcg_at_3": 0.30863,
        "ndcg_at_5": 0.3268,
        "ndcg_at_10": 0.34569,
        "ndcg_at_20": 0.36526,
        "ndcg_at_100": 0.40003,
        "ndcg_at_1000": 0.42263,
        "map_at_1": 0.25,
        "map_at_3": 0.29491,
        "map_at_5": 0.30491,
        "map_at_10": 0.31249,
        "map_at_20": 0.31783,
        "map_at_100": 0.32287,
        "map_at_1000": 0.32376,
        "recall_at_1": 0.25,
        "recall_at_3": 0.34167,
        "recall_at_5": 0.38611,
        "recall_at_10": 0.44444,
        "recall_at_20": 0.52222,
        "recall_at_100": 0.70556,
        "recall_at_1000": 0.88056,
        "precision_at_1": 0.26111,
        "precision_at_3": 0.12037,
        "precision_at_5": 0.08111,
        "precision_at_10": 0.04667,
        "precision_at_20": 0.02722,
        "precision_at_100": 0.00733,
        "precision_at_1000": 0.00092,
        "mrr_at_1": 0.261111,
        "mrr_at_3": 0.301852,
        "mrr_at_5": 0.311852,
        "mrr_at_10": 0.319899,
        "mrr_at_20": 0.325234,
        "mrr_at_100": 0.330245,
        "mrr_at_1000": 0.331067,
        "nauc_ndcg_at_1_max": 0.432006,
        "nauc_ndcg_at_1_std": -0.017464,
        "nauc_ndcg_at_1_diff1": 0.558432,
        "nauc_ndcg_at_3_max": 0.417716,
        "nauc_ndcg_at_3_std": -0.017745,
        "nauc_ndcg_at_3_diff1": 0.441334,
        "nauc_ndcg_at_5_max": 0.416817,
        "nauc_ndcg_at_5_std": 0.002971,
        "nauc_ndcg_at_5_diff1": 0.442701,
        "nauc_ndcg_at_10_max": 0.406103,
        "nauc_ndcg_at_10_std": 0.040623,
        "nauc_ndcg_at_10_diff1": 0.412337,
        "nauc_ndcg_at_20_max": 0.382961,
        "nauc_ndcg_at_20_std": 0.043237,
        "nauc_ndcg_at_20_diff1": 0.404893,
        "nauc_ndcg_at_100_max": 0.379077,
        "nauc_ndcg_at_100_std": 0.036439,
        "nauc_ndcg_at_100_diff1": 0.430075,
        "nauc_ndcg_at_1000_max": 0.393682,
        "nauc_ndcg_at_1000_std": 0.030919,
        "nauc_ndcg_at_1000_diff1": 0.421917,
        "nauc_map_at_1_max": 0.409644,
        "nauc_map_at_1_std": -0.034621,
        "nauc_map_at_1_diff1": 0.550247,
        "nauc_map_at_3_max": 0.414515,
        "nauc_map_at_3_std": -0.026936,
        "nauc_map_at_3_diff1": 0.462346,
        "nauc_map_at_5_max": 0.413417,
        "nauc_map_at_5_std": -0.016352,
        "nauc_map_at_5_diff1": 0.463795,
        "nauc_map_at_10_max": 0.409098,
        "nauc_map_at_10_std": -0.000327,
        "nauc_map_at_10_diff1": 0.45189,
        "nauc_map_at_20_max": 0.40248,
        "nauc_map_at_20_std": 0.001111,
        "nauc_map_at_20_diff1": 0.449933,
        "nauc_map_at_100_max": 0.40164,
        "nauc_map_at_100_std": 0.00033,
        "nauc_map_at_100_diff1": 0.454716,
        "nauc_map_at_1000_max": 0.401953,
        "nauc_map_at_1000_std": -0.000102,
        "nauc_map_at_1000_diff1": 0.454598,
        "nauc_recall_at_1_max": 0.409644,
        "nauc_recall_at_1_std": -0.034621,
        "nauc_recall_at_1_diff1": 0.550247,
        "nauc_recall_at_3_max": 0.412615,
        "nauc_recall_at_3_std": -0.005865,
        "nauc_recall_at_3_diff1": 0.375188,
        "nauc_recall_at_5_max": 0.412994,
        "nauc_recall_at_5_std": 0.046294,
        "nauc_recall_at_5_diff1": 0.37671,
        "nauc_recall_at_10_max": 0.38021,
        "nauc_recall_at_10_std": 0.155874,
        "nauc_recall_at_10_diff1": 0.28278,
        "nauc_recall_at_20_max": 0.287729,
        "nauc_recall_at_20_std": 0.164344,
        "nauc_recall_at_20_diff1": 0.245645,
        "nauc_recall_at_100_max": 0.233647,
        "nauc_recall_at_100_std": 0.154103,
        "nauc_recall_at_100_diff1": 0.338244,
        "nauc_recall_at_1000_max": 0.40278,
        "nauc_recall_at_1000_std": 0.196958,
        "nauc_recall_at_1000_diff1": 0.061866,
        "nauc_precision_at_1_max": 0.432006,
        "nauc_precision_at_1_std": -0.017464,
        "nauc_precision_at_1_diff1": 0.558432,
        "nauc_precision_at_3_max": 0.432144,
        "nauc_precision_at_3_std": 0.014468,
        "nauc_precision_at_3_diff1": 0.368626,
        "nauc_precision_at_5_max": 0.432112,
        "nauc_precision_at_5_std": 0.063379,
        "nauc_precision_at_5_diff1": 0.370197,
        "nauc_precision_at_10_max": 0.397835,
        "nauc_precision_at_10_std": 0.169591,
        "nauc_precision_at_10_diff1": 0.276063,
        "nauc_precision_at_20_max": 0.312958,
        "nauc_precision_at_20_std": 0.179503,
        "nauc_precision_at_20_diff1": 0.242261,
        "nauc_precision_at_100_max": 0.259802,
        "nauc_precision_at_100_std": 0.166526,
        "nauc_precision_at_100_diff1": 0.317402,
        "nauc_precision_at_1000_max": 0.316552,
        "nauc_precision_at_1000_std": 0.177734,
        "nauc_precision_at_1000_diff1": 0.040028,
        "nauc_mrr_at_1_max": 0.432006,
        "nauc_mrr_at_1_std": -0.017464,
        "nauc_mrr_at_1_diff1": 0.558432,
        "nauc_mrr_at_3_max": 0.428399,
        "nauc_mrr_at_3_std": -0.010266,
        "nauc_mrr_at_3_diff1": 0.471163,
        "nauc_mrr_at_5_max": 0.427241,
        "nauc_mrr_at_5_std": 0.000129,
        "nauc_mrr_at_5_diff1": 0.472554,
        "nauc_mrr_at_10_max": 0.421877,
        "nauc_mrr_at_10_std": 0.016263,
        "nauc_mrr_at_10_diff1": 0.459496,
        "nauc_mrr_at_20_max": 0.415364,
        "nauc_mrr_at_20_std": 0.01774,
        "nauc_mrr_at_20_diff1": 0.457583,
        "nauc_mrr_at_100_max": 0.414449,
        "nauc_mrr_at_100_std": 0.016867,
        "nauc_mrr_at_100_diff1": 0.462546,
        "nauc_mrr_at_1000_max": 0.414929,
        "nauc_mrr_at_1000_std": 0.01653,
        "nauc_mrr_at_1000_diff1": 0.462486,
        "main_score": 0.34569,
        "hf_subset": "default",
        "languages": [
          "eng-Latn"
        ]
      }
    ],
    "dev": [
      {
        "ndcg_at_1": 0.25,
        "ndcg_at_3": 0.25,
        "ndcg_at_5": 0.25,
        "ndcg_at_10": 0.28613,
        "ndcg_at_20": 0.31506,
        "ndcg_at_100": 0.33649,
        "ndcg_at_1000": 0.36821,
        "map_at_1": 0.25,
        "map_at_3": 0.25,
        "map_at_5": 0.25,
        "map_at_10": 0.2625,
        "map_at_20": 0.26908,
        "map_at_100": 0.27131,
        "map_at_1000": 0.2724,
        "recall_at_1": 0.25,
        "recall_at_3": 0.25,
        "recall_at_5": 0.25,
        "recall_at_10": 0.375,
        "recall_at_20": 0.5,
        "recall_at_100": 0.625,
        "recall_at_1000": 0.875,
        "precision_at_1": 0.25,
        "precision_at_3": 0.08333,
        "precision_at_5": 0.05,
        "precision_at_10": 0.0375,
        "precision_at_20": 0.025,
        "precision_at_100": 0.00625,
        "precision_at_1000": 0.00088,
        "mrr_at_1": 0.25,
        "mrr_at_3": 0.25,
        "mrr_at_5": 0.25,
        "mrr_at_10": 0.2625,
        "mrr_at_20": 0.269079,
        "mrr_at_100": 0.271311,
        "mrr_at_1000": 0.2724,
        "nauc_ndcg_at_1_max": 0.046483,
        "nauc_ndcg_at_1_std": -0.569724,
        "nauc_ndcg_at_1_diff1": 0.654463,
        "nauc_ndcg_at_3_max": 0.046483,
        "nauc_ndcg_at_3_std": -0.569724,
        "nauc_ndcg_at_3_diff1": 0.654463,
        "nauc_ndcg_at_5_max": 0.046483,
        "nauc_ndcg_at_5_std": -0.569724,
        "nauc_ndcg_at_5_diff1": 0.654463,
        "nauc_ndcg_at_10_max": 0.007745,
        "nauc_ndcg_at_10_std": -0.572081,
        "nauc_ndcg_at_10_diff1": 0.537755,
        "nauc_ndcg_at_20_max": 0.142324,
        "nauc_ndcg_at_20_std": -0.443766,
        "nauc_ndcg_at_20_diff1": 0.512948,
        "nauc_ndcg_at_100_max": 0.157466,
        "nauc_ndcg_at_100_std": -0.477279,
        "nauc_ndcg_at_100_diff1": 0.489625,
        "nauc_ndcg_at_1000_max": 0.133207,
        "nauc_ndcg_at_1000_std": -0.50272,
        "nauc_ndcg_at_1000_diff1": 0.571902,
        "nauc_map_at_1_max": 0.046483,
        "nauc_map_at_1_std": -0.569724,
        "nauc_map_at_1_diff1": 0.654463,