{
  "dataset_revision": "831d292c3959eae59e4f89b8758738feee97d6cf",
  "task_name": "CoconutRetrieval",
  "mteb_version": "1.36.8",
  "scores": {
    "test": [
      {
        "ndcg_at_1": 0.00212,
        "ndcg_at_3": 0.00231,
        "ndcg_at_5": 0.00255,
        "ndcg_at_10": 0.00273,
        "ndcg_at_20": 0.00311,
        "ndcg_at_100": 0.00477,
        "ndcg_at_1000": 0.01506,
        "map_at_1": 0.00185,
        "map_at_3": 0.00216,
        "map_at_5": 0.0023,
        "map_at_10": 0.00238,
        "map_at_20": 0.00248,
        "map_at_100": 0.00267,
        "map_at_1000": 0.00292,
        "recall_at_1": 0.00185,
        "recall_at_3": 0.00248,
        "recall_at_5": 0.00307,
        "recall_at_10": 0.00353,
        "recall_at_20": 0.00489,
        "recall_at_100": 0.01294,
        "recall_at_1000": 0.08888,
        "precision_at_1": 0.00212,
        "precision_at_3": 0.00098,
        "precision_at_5": 0.00073,
        "precision_at_10": 0.00046,
        "precision_at_20": 0.00034,
        "precision_at_100": 0.00022,
        "precision_at_1000": 0.00017,
        "mrr_at_1": 0.002119,
        "mrr_at_3": 0.002414,
        "mrr_at_5": 0.002543,
        "mrr_at_10": 0.002624,
        "mrr_at_20": 0.002739,
        "mrr_at_100": 0.003011,
        "mrr_at_1000": 0.003271,
        "nauc_ndcg_at_1_max": -0.501842,
        "nauc_ndcg_at_1_std": 0.287755,
        "nauc_ndcg_at_1_diff1": 0.868506,
        "nauc_ndcg_at_3_max": -0.484362,
        "nauc_ndcg_at_3_std": 0.277984,
        "nauc_ndcg_at_3_diff1": 0.857497,
        "nauc_ndcg_at_5_max": -0.463108,
        "nauc_ndcg_at_5_std": 0.222869,
        "nauc_ndcg_at_5_diff1": 0.834668,
        "nauc_ndcg_at_10_max": -0.463702,
        "nauc_ndcg_at_10_std": 0.185165,
        "nauc_ndcg_at_10_diff1": 0.810929,
        "nauc_ndcg_at_20_max": -0.430579,
        "nauc_ndcg_at_20_std": 0.131608,
        "nauc_ndcg_at_20_diff1": 0.765288,
        "nauc_ndcg_at_100_max": -0.290864,
        "nauc_ndcg_at_100_std": -0.00266,
        "nauc_ndcg_at_100_diff1": 0.583695,
        "nauc_ndcg_at_1000_max": -0.069971,
        "nauc_ndcg_at_1000_std": -0.159383,
        "nauc_ndcg_at_1000_diff1": 0.263591,
        "nauc_map_at_1_max": -0.491432,
        "nauc_map_at_1_std": 0.293415,
        "nauc_map_at_1_diff1": 0.887291,
        "nauc_map_at_3_max": -0.486776,
        "nauc_map_at_3_std": 0.296852,
        "nauc_map_at_3_diff1": 0.871605,
        "nauc_map_at_5_max": -0.473697,
        "nauc_map_at_5_std": 0.264698,
        "nauc_map_at_5_diff1": 0.8537,
        "nauc_map_at_10_max": -0.473663,
        "nauc_map_at_10_std": 0.245111,
        "nauc_map_at_10_diff1": 0.839852,
        "nauc_map_at_20_max": -0.463068,
        "nauc_map_at_20_std": 0.224124,
        "nauc_map_at_20_diff1": 0.824999,
        "nauc_map_at_100_max": -0.43155,
        "nauc_map_at_100_std": 0.189704,
        "nauc_map_at_100_diff1": 0.785194,
        "nauc_map_at_1000_max": -0.396031,
        "nauc_map_at_1000_std": 0.156052,
        "nauc_map_at_1000_diff1": 0.730138,
        "nauc_recall_at_1_max": -0.491432,
        "nauc_recall_at_1_std": 0.293415,
        "nauc_recall_at_1_diff1": 0.887291,
        "nauc_recall_at_3_max": -0.473178,
        "nauc_recall_at_3_std": 0.263976,
        "nauc_recall_at_3_diff1": 0.840965,
        "nauc_recall_at_5_max": -0.433361,
        "nauc_recall_at_5_std": 0.152215,
        "nauc_recall_at_5_diff1": 0.799296,
        "nauc_recall_at_10_max": -0.437852,
        "nauc_recall_at_10_std": 0.083942,
        "nauc_recall_at_10_diff1": 0.751405,
        "nauc_recall_at_20_max": -0.365055,
        "nauc_recall_at_20_std": -0.00753,
        "nauc_recall_at_20_diff1": 0.653836,
        "nauc_recall_at_100_max": -0.159711,
        "nauc_recall_at_100_std": -0.163408,
        "nauc_recall_at_100_diff1": 0.391598,
        "nauc_recall_at_1000_max": 0.014861,
        "nauc_recall_at_1000_std": -0.226893,
        "nauc_recall_at_1000_diff1": 0.149221,
        "nauc_precision_at_1_max": -0.501842,
        "nauc_precision_at_1_std": 0.287755,
        "nauc_precision_at_1_diff1": 0.868506,
        "nauc_precision_at_3_max": -0.479059,
        "nauc_precision_at_3_std": 0.253094,
        "nauc_precision_at_3_diff1": 0.828688,
        "nauc_precision_at_5_max": -0.447694,
        "nauc_precision_at_5_std": 0.15951,
        "nauc_precision_at_5_diff1": 0.790228,
        "nauc_precision_at_10_max": -0.454589,
        "nauc_precision_at_10_std": 0.063373,
        "nauc_precision_at_10_diff1": 0.749529,
        "nauc_precision_at_20_max": -0.381488,
        "nauc_precision_at_20_std": -0.047682,
        "nauc_precision_at_20_diff1": 0.656744,
        "nauc_precision_at_100_max": -0.13874,
        "nauc_precision_at_100_std": -0.179692,
        "nauc_precision_at_100_diff1": 0.382727,
        "nauc_precision_at_1000_max": 0.007058,
        "nauc_precision_at_1000_std": -0.224498,
        "nauc_precision_at_1000_diff1": 0.153709,
        "nauc_mrr_at_1_max": -0.501842,
        "nauc_mrr_at_1_std": 0.287755,
        "nauc_mrr_at_1_diff1": 0.868506,
        "nauc_mrr_at_3_max": -0.491875,
        "nauc_mrr_at_3_std": 0.263904,
        "nauc_mrr_at_3_diff1": 0.850639,
        "nauc_mrr_at_5_max": -0.479364,
        "nauc_mrr_at_5_std": 0.225917,
        "nauc_mrr_at_5_diff1": 0.841159,
        "nauc_mrr_at_10_max": -0.478908,
        "nauc_mrr_at_10_std": 0.207609,
        "nauc_mrr_at_10_diff1": 0.833443,
        "nauc_mrr_at_20_max": -0.466123,
        "nauc_mrr_at_20_std": 0.188197,
        "nauc_mrr_at_20_diff1": 0.817912,
        "nauc_mrr_at_100_max": -0.425761,
        "nauc_mrr_at_100_std": 0.148266,
        "nauc_mrr_at_100_diff1": 0.765994,
        "nauc_mrr_at_1000_max": -0.39188,
        "nauc_mrr_at_1000_std": 0.119317,
        "nauc_mrr_at_1000_diff1": 0.714994,
        "main_score": 0.00273,
        "hf_subset": "default",
        "languages": [
          "eng-Latn"
        ]
      }
    ]
  },
  "evaluation_time": 80.7728853225708,
  "kg_co2_emissions": null
}