{
  "dataset_revision": "831d292c3959eae59e4f89b8758738feee97d6cf",
  "task_name": "CoconutRetrieval",
  "mteb_version": "1.36.8",
  "scores": {
    "test": [
      {
        "ndcg_at_1": 0.0033,
        "ndcg_at_3": 0.00416,
        "ndcg_at_5": 0.00473,
        "ndcg_at_10": 0.00592,
        "ndcg_at_20": 0.00703,
        "ndcg_at_100": 0.01208,
        "ndcg_at_1000": 0.03153,
        "map_at_1": 0.00277,
        "map_at_3": 0.00371,
        "map_at_5": 0.00404,
        "map_at_10": 0.00456,
        "map_at_20": 0.00485,
        "map_at_100": 0.00547,
        "map_at_1000": 0.00602,
        "recall_at_1": 0.00277,
        "recall_at_3": 0.00482,
        "recall_at_5": 0.00609,
        "recall_at_10": 0.00939,
        "recall_at_20": 0.01326,
        "recall_at_100": 0.03802,
        "recall_at_1000": 0.1815,
        "precision_at_1": 0.0033,
        "precision_at_3": 0.00204,
        "precision_at_5": 0.00165,
        "precision_at_10": 0.00134,
        "precision_at_20": 0.00101,
        "precision_at_100": 0.00064,
        "precision_at_1000": 0.00033,
        "mrr_at_1": 0.003297,
        "mrr_at_3": 0.004258,
        "mrr_at_5": 0.004671,
        "mrr_at_10": 0.005195,
        "mrr_at_20": 0.005544,
        "mrr_at_100": 0.006248,
        "mrr_at_1000": 0.006766,
        "nauc_ndcg_at_1_max": 0.357954,
        "nauc_ndcg_at_1_std": 0.425141,
        "nauc_ndcg_at_1_diff1": 0.37897,
        "nauc_ndcg_at_3_max": 0.304811,
        "nauc_ndcg_at_3_std": 0.384732,
        "nauc_ndcg_at_3_diff1": 0.279526,
        "nauc_ndcg_at_5_max": 0.25967,
        "nauc_ndcg_at_5_std": 0.38032,
        "nauc_ndcg_at_5_diff1": 0.256088,
        "nauc_ndcg_at_10_max": 0.22849,
        "nauc_ndcg_at_10_std": 0.39107,
        "nauc_ndcg_at_10_diff1": 0.190051,
        "nauc_ndcg_at_20_max": 0.201096,
        "nauc_ndcg_at_20_std": 0.386885,
        "nauc_ndcg_at_20_diff1": 0.136999,
        "nauc_ndcg_at_100_max": 0.068773,
        "nauc_ndcg_at_100_std": 0.416002,
        "nauc_ndcg_at_100_diff1": 0.004645,
        "nauc_ndcg_at_1000_max": -0.017432,
        "nauc_ndcg_at_1000_std": 0.444904,
        "nauc_ndcg_at_1000_diff1": -0.082868,
        "nauc_map_at_1_max": 0.410732,
        "nauc_map_at_1_std": 0.44543,
        "nauc_map_at_1_diff1": 0.469482,
        "nauc_map_at_3_max": 0.341213,
        "nauc_map_at_3_std": 0.402369,
        "nauc_map_at_3_diff1": 0.325899,
        "nauc_map_at_5_max": 0.30523,
        "nauc_map_at_5_std": 0.396823,
        "nauc_map_at_5_diff1": 0.305853,
        "nauc_map_at_10_max": 0.28555,
        "nauc_map_at_10_std": 0.405289,
        "nauc_map_at_10_diff1": 0.263007,
        "nauc_map_at_20_max": 0.272456,
        "nauc_map_at_20_std": 0.401605,
        "nauc_map_at_20_diff1": 0.23712,
        "nauc_map_at_100_max": 0.228447,
        "nauc_map_at_100_std": 0.407765,
        "nauc_map_at_100_diff1": 0.189673,
        "nauc_map_at_1000_max": 0.203518,
        "nauc_map_at_1000_std": 0.414272,
        "nauc_map_at_1000_diff1": 0.160993,
        "nauc_recall_at_1_max": 0.410732,
        "nauc_recall_at_1_std": 0.44543,
        "nauc_recall_at_1_diff1": 0.469482,
        "nauc_recall_at_3_max": 0.284659,
        "nauc_recall_at_3_std": 0.366499,
        "nauc_recall_at_3_diff1": 0.218771,
        "nauc_recall_at_5_max": 0.203551,
        "nauc_recall_at_5_std": 0.352934,
        "nauc_recall_at_5_diff1": 0.186846,
        "nauc_recall_at_10_max": 0.170815,
        "nauc_recall_at_10_std": 0.373785,
        "nauc_recall_at_10_diff1": 0.101463,
        "nauc_recall_at_20_max": 0.146469,
        "nauc_recall_at_20_std": 0.374681,
        "nauc_recall_at_20_diff1": 0.032206,
        "nauc_recall_at_100_max": -0.018412,
        "nauc_recall_at_100_std": 0.427201,
        "nauc_recall_at_100_diff1": -0.103333,
        "nauc_recall_at_1000_max": -0.056555,
        "nauc_recall_at_1000_std": 0.451415,
        "nauc_recall_at_1000_diff1": -0.136107,
        "nauc_precision_at_1_max": 0.357954,
        "nauc_precision_at_1_std": 0.425141,
        "nauc_precision_at_1_diff1": 0.37897,
        "nauc_precision_at_3_max": 0.208582,
        "nauc_precision_at_3_std": 0.360666,
        "nauc_precision_at_3_diff1": 0.168208,
        "nauc_precision_at_5_max": 0.130521,
        "nauc_precision_at_5_std": 0.353802,
        "nauc_precision_at_5_diff1": 0.139976,
        "nauc_precision_at_10_max": 0.118127,
        "nauc_precision_at_10_std": 0.397114,
        "nauc_precision_at_10_diff1": 0.045578,
        "nauc_precision_at_20_max": 0.071097,
        "nauc_precision_at_20_std": 0.378943,
        "nauc_precision_at_20_diff1": -0.022582,
        "nauc_precision_at_100_max": -0.069663,
        "nauc_precision_at_100_std": 0.438464,
        "nauc_precision_at_100_diff1": -0.133208,
        "nauc_precision_at_1000_max": -0.102683,
        "nauc_precision_at_1000_std": 0.445711,
        "nauc_precision_at_1000_diff1": -0.13971,
        "nauc_mrr_at_1_max": 0.357954,
        "nauc_mrr_at_1_std": 0.425141,
        "nauc_mrr_at_1_diff1": 0.37897,
        "nauc_mrr_at_3_max": 0.292501,
        "nauc_mrr_at_3_std": 0.387851,
        "nauc_mrr_at_3_diff1": 0.284828,
        "nauc_mrr_at_5_max": 0.26062,
        "nauc_mrr_at_5_std": 0.383974,
        "nauc_mrr_at_5_diff1": 0.263061,
        "nauc_mrr_at_10_max": 0.236782,
        "nauc_mrr_at_10_std": 0.385308,
        "nauc_mrr_at_10_diff1": 0.225785,
        "nauc_mrr_at_20_max": 0.221109,
        "nauc_mrr_at_20_std": 0.383908,
        "nauc_mrr_at_20_diff1": 0.20212,
        "nauc_mrr_at_100_max": 0.181042,
        "nauc_mrr_at_100_std": 0.390961,
        "nauc_mrr_at_100_diff1": 0.157856,
        "nauc_mrr_at_1000_max": 0.162846,
        "nauc_mrr_at_1000_std": 0.393776,
        "nauc_mrr_at_1000_diff1": 0.137641,
        "main_score": 0.00592,
        "hf_subset": "default",
        "languages": [
          "eng-Latn"
        ]
      }
    ]
  },
  "evaluation_time": 73.91716170310974,
  "kg_co2_emissions": null
}