{
  "dataset_revision": "023e7a813e3b73d8d33551ed2aea511314d612e2",
  "evaluation_time": 124.07544183731079,
  "kg_co2_emissions": null,
  "mteb_version": "1.14.2",
  "scores": {
    "test": [
      {
        "hf_subset": "default",
        "languages": [
          "eng-Latn"
        ],
        "main_score": 0.28628,
        "map_at_1": 0.14815,
        "map_at_10": 0.23724,
        "map_at_100": 0.25706,
        "map_at_1000": 0.2577,
        "map_at_20": 0.24675,
        "map_at_3": 0.19444,
        "map_at_5": 0.22963,
        "mrr_at_1": 0.18518518518518517,
        "mrr_at_10": 0.2611552028218695,
        "mrr_at_100": 0.27851504462708265,
        "mrr_at_1000": 0.27902644824568695,
        "mrr_at_20": 0.26938565549676663,
        "mrr_at_3": 0.23456790123456792,
        "mrr_at_5": 0.25123456790123455,
        "nauc_map_at_1000_diff1": 0.2518328979649721,
        "nauc_map_at_1000_max": 0.07519103435947096,
        "nauc_map_at_1000_std": -0.01789364471097896,
        "nauc_map_at_100_diff1": 0.2512119897650958,
        "nauc_map_at_100_max": 0.07619690433699652,
        "nauc_map_at_100_std": -0.01714957313401969,
        "nauc_map_at_10_diff1": 0.2602104318767226,
        "nauc_map_at_10_max": 0.06980351387242374,
        "nauc_map_at_10_std": -0.017722828040165572,
        "nauc_map_at_1_diff1": 0.3778498908538091,
        "nauc_map_at_1_max": 0.06945541395796513,
        "nauc_map_at_1_std": -0.08066907643740634,
        "nauc_map_at_20_diff1": 0.24817575528906272,
        "nauc_map_at_20_max": 0.07815037889788005,
        "nauc_map_at_20_std": -0.017890330302965114,
        "nauc_map_at_3_diff1": 0.28414970620941216,
        "nauc_map_at_3_max": 0.022311576201655782,
        "nauc_map_at_3_std": -0.08459404268456719,
        "nauc_map_at_5_diff1": 0.2717964628960749,
        "nauc_map_at_5_max": 0.06398620099784612,
        "nauc_map_at_5_std": -0.02241292346047998,
        "nauc_mrr_at_1000_diff1": 0.19861387530954927,
        "nauc_mrr_at_1000_max": 0.08665398847435131,
        "nauc_mrr_at_1000_std": -0.012020521090273092,
        "nauc_mrr_at_100_diff1": 0.19781217375302565,
        "nauc_mrr_at_100_max": 0.08725549894027243,
        "nauc_mrr_at_100_std": -0.011685892616129442,
        "nauc_mrr_at_10_diff1": 0.20195031296721125,
        "nauc_mrr_at_10_max": 0.08928350840125615,
        "nauc_mrr_at_10_std": 7.979742240514872e-05,
        "nauc_mrr_at_1_diff1": 0.2581268309366698,
        "nauc_mrr_at_1_max": 0.014585334199493354,
        "nauc_mrr_at_1_std": -0.1482056687590981,
        "nauc_mrr_at_20_diff1": 0.19483136745678437,
        "nauc_mrr_at_20_max": 0.08926737681131972,
        "nauc_mrr_at_20_std": -0.013324879428612641,
        "nauc_mrr_at_3_diff1": 0.18780277780973006,
        "nauc_mrr_at_3_max": 0.0233676951932346,
        "nauc_mrr_at_3_std": -0.05736169459788411,
        "nauc_mrr_at_5_diff1": 0.21326014988909817,
        "nauc_mrr_at_5_max": 0.08794737417178214,
        "nauc_mrr_at_5_std": 0.0010957409401455651,
        "nauc_ndcg_at_1000_diff1": 0.21090136639734805,
        "nauc_ndcg_at_1000_max": 0.09934920058689341,
        "nauc_ndcg_at_1000_std": 0.01277133133816744,
        "nauc_ndcg_at_100_diff1": 0.21642069191609964,
        "nauc_ndcg_at_100_max": 0.13588395055791622,
        "nauc_ndcg_at_100_std": 0.04200556132351177,
        "nauc_ndcg_at_10_diff1": 0.2189809736093828,
        "nauc_ndcg_at_10_max": 0.10914136246930232,
        "nauc_ndcg_at_10_std": 0.04407470333585275,
        "nauc_ndcg_at_1_diff1": 0.2581268309366698,
        "nauc_ndcg_at_1_max": 0.014585334199493354,
        "nauc_ndcg_at_1_std": -0.1482056687590981,
        "nauc_ndcg_at_20_diff1": 0.18377419160458103,
        "nauc_ndcg_at_20_max": 0.12906851055166602,
        "nauc_ndcg_at_20_std": 0.03247439997177655,
        "nauc_ndcg_at_3_diff1": 0.2391435131270947,
        "nauc_ndcg_at_3_max": 0.01205073134646388,
        "nauc_ndcg_at_3_std": -0.0698877850357104,
        "nauc_ndcg_at_5_diff1": 0.24444838350173698,
        "nauc_ndcg_at_5_max": 0.09975814890977047,
        "nauc_ndcg_at_5_std": 0.03823513162393185,
        "nauc_precision_at_1000_diff1": -0.4596316085663095,
        "nauc_precision_at_1000_max": -0.21887285911269297,
        "nauc_precision_at_1000_std": -0.179257457701344,
        "nauc_precision_at_100_diff1": -0.20673864099289227,
        "nauc_precision_at_100_max": 0.11350642158475856,
        "nauc_precision_at_100_std": 0.08526493114501149,
        "nauc_precision_at_10_diff1": -0.001763441564618016,
        "nauc_precision_at_10_max": 0.06504354265746624,
        "nauc_precision_at_10_std": 0.08923866807938678,
        "nauc_precision_at_1_diff1": 0.2581268309366698,
        "nauc_precision_at_1_max": 0.014585334199493354,
        "nauc_precision_at_1_std": -0.1482056687590981,
        "nauc_precision_at_20_diff1": -0.12073922399864209,
        "nauc_precision_at_20_max": 0.14170442710817102,
        "nauc_precision_at_20_std": 0.10949206407523805,
        "nauc_precision_at_3_diff1": 0.045801392510717104,
        "nauc_precision_at_3_max": -0.046580235068045296,
        "nauc_precision_at_3_std": -0.05786510112866224,
        "nauc_precision_at_5_diff1": 0.04312114758637611,
        "nauc_precision_at_5_max": 0.06420595284638272,
        "nauc_precision_at_5_std": 0.09971596564112543,
        "nauc_recall_at_1000_diff1": NaN,
        "nauc_recall_at_1000_max": NaN,
        "nauc_recall_at_1000_std": NaN,
        "nauc_recall_at_100_diff1": 0.3303156180517395,
        "nauc_recall_at_100_max": 0.6748486192970691,
        "nauc_recall_at_100_std": 0.47009670214428734,
        "nauc_recall_at_10_diff1": 0.17095121001966573,
        "nauc_recall_at_10_max": 0.20974578334067287,
        "nauc_recall_at_10_std": 0.1931133855652255,
        "nauc_recall_at_1_diff1": 0.3778498908538091,
        "nauc_recall_at_1_max": 0.06945541395796513,
        "nauc_recall_at_1_std": -0.08066907643740634,
        "nauc_recall_at_20_diff1": 0.06020779201102982,
        "nauc_recall_at_20_max": 0.2745527189408954,
        "nauc_recall_at_20_std": 0.15194471039123225,
        "nauc_recall_at_3_diff1": 0.21007771948439988,
        "nauc_recall_at_3_max": -0.017190857975594314,
        "nauc_recall_at_3_std": -0.06496526180600339,
        "nauc_recall_at_5_diff1": 0.23682868519837247,
        "nauc_recall_at_5_max": 0.18168556858617688,
        "nauc_recall_at_5_std": 0.17354650348168296,
        "ndcg_at_1": 0.18519,
        "ndcg_at_10": 0.28628,
        "ndcg_at_100": 0.38541,
        "ndcg_at_1000": 0.40343,
        "ndcg_at_20": 0.3172,
        "ndcg_at_3": 0.21693,
        "ndcg_at_5": 0.26677,
        "precision_at_1": 0.18519,
        "precision_at_10": 0.05556,
        "precision_at_100": 0.01111,
        "precision_at_1000": 0.0013,
        "precision_at_20": 0.03519,
        "precision_at_3": 0.11111,
        "precision_at_5": 0.0963,
        "recall_at_1": 0.14815,
        "recall_at_10": 0.40741,
        "recall_at_100": 0.8642,
        "recall_at_1000": 1.0,
        "recall_at_20": 0.51852,
        "recall_at_3": 0.24074,
        "recall_at_5": 0.35185
      }
    ]
  },
  "task_name": "ChemNQRetrieval"
}