{
  "dataset_revision": "831d292c3959eae59e4f89b8758738feee97d6cf",
  "evaluation_time": 112.28930020332336,
  "kg_co2_emissions": null,
  "mteb_version": "1.14.2",
  "scores": {
    "test": [
      {
        "hf_subset": "default",
        "languages": [
          "eng-Latn"
        ],
        "main_score": 0.00497,
        "map_at_1": 0.00268,
        "map_at_10": 0.00408,
        "map_at_100": 0.00479,
        "map_at_1000": 0.00517,
        "map_at_20": 0.00432,
        "map_at_3": 0.00354,
        "map_at_5": 0.00382,
        "mrr_at_1": 0.0031790886612504416,
        "mrr_at_10": 0.004578186704643788,
        "mrr_at_100": 0.005271453079705614,
        "mrr_at_1000": 0.005637084936652226,
        "mrr_at_20": 0.004796823119178556,
        "mrr_at_3": 0.004022920836767534,
        "mrr_at_5": 0.004264296086973587,
        "nauc_map_at_1000_diff1": 0.4972038091876792,
        "nauc_map_at_1000_max": 0.2842009270857369,
        "nauc_map_at_1000_std": 0.539534763850901,
        "nauc_map_at_100_diff1": 0.5359381089877061,
        "nauc_map_at_100_max": 0.2889676633446887,
        "nauc_map_at_100_std": 0.5636015390359824,
        "nauc_map_at_10_diff1": 0.6152318589394352,
        "nauc_map_at_10_max": 0.29121049456604,
        "nauc_map_at_10_std": 0.5964814747177954,
        "nauc_map_at_1_diff1": 0.7874583518321724,
        "nauc_map_at_1_max": 0.3935967884091386,
        "nauc_map_at_1_std": 0.6802954327357416,
        "nauc_map_at_20_diff1": 0.5891668662330719,
        "nauc_map_at_20_max": 0.2900430771288406,
        "nauc_map_at_20_std": 0.5888857517824458,
        "nauc_map_at_3_diff1": 0.6773588449924905,
        "nauc_map_at_3_max": 0.2833418459335419,
        "nauc_map_at_3_std": 0.6147704789504217,
        "nauc_map_at_5_diff1": 0.64260335636751,
        "nauc_map_at_5_max": 0.2979169714511172,
        "nauc_map_at_5_std": 0.6056062254392353,
        "nauc_mrr_at_1000_diff1": 0.4898985200519869,
        "nauc_mrr_at_1000_max": 0.26326194104000183,
        "nauc_mrr_at_1000_std": 0.5060988003821982,
        "nauc_mrr_at_100_diff1": 0.5202888031098183,
        "nauc_mrr_at_100_max": 0.2665676595757771,
        "nauc_mrr_at_100_std": 0.528028965828516,
        "nauc_mrr_at_10_diff1": 0.5874809587067489,
        "nauc_mrr_at_10_max": 0.2656114714376081,
        "nauc_mrr_at_10_std": 0.5654991591442297,
        "nauc_mrr_at_1_diff1": 0.6894896125067,
        "nauc_mrr_at_1_max": 0.3650043026729345,
        "nauc_mrr_at_1_std": 0.6537603410330716,
        "nauc_mrr_at_20_diff1": 0.5666752086314036,
        "nauc_mrr_at_20_max": 0.2670285021216109,
        "nauc_mrr_at_20_std": 0.5535354418497234,
        "nauc_mrr_at_3_diff1": 0.6300547768411352,
        "nauc_mrr_at_3_max": 0.2659946332061183,
        "nauc_mrr_at_3_std": 0.5794430180700714,
        "nauc_mrr_at_5_diff1": 0.6074263776743974,
        "nauc_mrr_at_5_max": 0.27179558146695565,
        "nauc_mrr_at_5_std": 0.5691448962205797,
        "nauc_ndcg_at_1000_diff1": 0.13747787780383966,
        "nauc_ndcg_at_1000_max": 0.24441812603514984,
        "nauc_ndcg_at_1000_std": 0.29354854515671586,
        "nauc_ndcg_at_100_diff1": 0.32222952082334694,
        "nauc_ndcg_at_100_max": 0.2696946526300818,
        "nauc_ndcg_at_100_std": 0.44078186854852874,
        "nauc_ndcg_at_10_diff1": 0.563992810037684,
        "nauc_ndcg_at_10_max": 0.2606941962401781,
        "nauc_ndcg_at_10_std": 0.5593464322516569,
        "nauc_ndcg_at_1_diff1": 0.6894896125067,
        "nauc_ndcg_at_1_max": 0.3650043026729345,
        "nauc_ndcg_at_1_std": 0.6537603410330716,
        "nauc_ndcg_at_20_diff1": 0.5047563832108342,
        "nauc_ndcg_at_20_max": 0.2671154393989166,
        "nauc_ndcg_at_20_std": 0.5367195836775289,
        "nauc_ndcg_at_3_diff1": 0.6373112635155445,
        "nauc_ndcg_at_3_max": 0.2566273747712896,
        "nauc_ndcg_at_3_std": 0.5878942353889228,
        "nauc_ndcg_at_5_diff1": 0.6076200360935501,
        "nauc_ndcg_at_5_max": 0.27113233233265477,
        "nauc_ndcg_at_5_std": 0.5729550136067657,
        "nauc_precision_at_1000_diff1": 0.03155891175234536,
        "nauc_precision_at_1000_max": 0.20819463098870333,
        "nauc_precision_at_1000_std": 0.2183061553079963,
        "nauc_precision_at_100_diff1": 0.11432517466288938,
        "nauc_precision_at_100_max": 0.2376935677888106,
        "nauc_precision_at_100_std": 0.3427894655500624,
        "nauc_precision_at_10_diff1": 0.36305056694909255,
        "nauc_precision_at_10_max": 0.2657903342322704,
        "nauc_precision_at_10_std": 0.5265903712408511,
        "nauc_precision_at_1_diff1": 0.6894896125067,
        "nauc_precision_at_1_max": 0.3650043026729345,
        "nauc_precision_at_1_std": 0.6537603410330716,
        "nauc_precision_at_20_diff1": 0.28252461200211004,
        "nauc_precision_at_20_max": 0.2533538485928316,
        "nauc_precision_at_20_std": 0.48407100477847664,
        "nauc_precision_at_3_diff1": 0.524315172636532,
        "nauc_precision_at_3_max": 0.1998902935168059,
        "nauc_precision_at_3_std": 0.5337805363660035,
        "nauc_precision_at_5_diff1": 0.4608231664348651,
        "nauc_precision_at_5_max": 0.25577708258525117,
        "nauc_precision_at_5_std": 0.5217177474412145,
        "nauc_recall_at_1000_diff1": 0.03218334842954474,
        "nauc_recall_at_1000_max": 0.24125011466641905,
        "nauc_recall_at_1000_std": 0.21484034192455956,
        "nauc_recall_at_100_diff1": 0.16253979573833383,
        "nauc_recall_at_100_max": 0.2791785849020464,
        "nauc_recall_at_100_std": 0.35758538512671967,
        "nauc_recall_at_10_diff1": 0.4988170934378108,
        "nauc_recall_at_10_max": 0.21808949102814484,
        "nauc_recall_at_10_std": 0.5080932678670055,
        "nauc_recall_at_1_diff1": 0.7874583518321724,
        "nauc_recall_at_1_max": 0.3935967884091386,
        "nauc_recall_at_1_std": 0.6802954327357416,
        "nauc_recall_at_20_diff1": 0.4024795354140417,
        "nauc_recall_at_20_max": 0.25501044827561253,
        "nauc_recall_at_20_std": 0.4746035613998866,
        "nauc_recall_at_3_diff1": 0.6334508575151413,
        "nauc_recall_at_3_max": 0.19801550149343822,
        "nauc_recall_at_3_std": 0.5573130067749652,
        "nauc_recall_at_5_diff1": 0.5637825407133603,
        "nauc_recall_at_5_max": 0.23244191423274588,
        "nauc_recall_at_5_std": 0.5301691152139594,
        "ndcg_at_1": 0.00318,
        "ndcg_at_10": 0.00497,
        "ndcg_at_100": 0.00951,
        "ndcg_at_1000": 0.02364,
        "ndcg_at_20": 0.0058,
        "ndcg_at_3": 0.00395,
        "ndcg_at_5": 0.00434,
        "precision_at_1": 0.00318,
        "precision_at_10": 0.00106,
        "precision_at_100": 0.0005,
        "precision_at_1000": 0.00026,
        "precision_at_20": 0.00079,
        "precision_at_3": 0.00192,
        "precision_at_5": 0.00144,
        "recall_at_1": 0.00268,
        "recall_at_10": 0.00704,
        "recall_at_100": 0.02812,
        "recall_at_1000": 0.13012,
        "recall_at_20": 0.00997,
        "recall_at_3": 0.00438,
        "recall_at_5": 0.00541
      }
    ]
  },
  "task_name": "CoconutRetrieval"
}