{
  "dataset_revision": "023e7a813e3b73d8d33551ed2aea511314d612e2",
  "evaluation_time": 206.6521668434143,
  "kg_co2_emissions": null,
  "mteb_version": "1.14.15",
  "scores": {
    "test": [
      {
        "hf_subset": "default",
        "languages": [
          "eng-Latn"
        ],
        "main_score": 0.66172,
        "map_at_1": 0.2963,
        "map_at_10": 0.56342,
        "map_at_100": 0.56618,
        "map_at_1000": 0.56618,
        "map_at_20": 0.56342,
        "map_at_3": 0.52778,
        "map_at_5": 0.5463,
        "mrr_at_1": 0.3333333333333333,
        "mrr_at_10": 0.5833333333333334,
        "mrr_at_100": 0.5853968253968255,
        "mrr_at_1000": 0.5853968253968255,
        "mrr_at_20": 0.5833333333333334,
        "mrr_at_3": 0.5679012345679013,
        "mrr_at_5": 0.5771604938271606,
        "nauc_map_at_1000_diff1": -0.03896465603611131,
        "nauc_map_at_1000_max": -0.13089848055907158,
        "nauc_map_at_1000_std": -0.22409415989968012,
        "nauc_map_at_100_diff1": -0.03896465603611131,
        "nauc_map_at_100_max": -0.13089848055907158,
        "nauc_map_at_100_std": -0.22409415989968012,
        "nauc_map_at_10_diff1": -0.04041785234454361,
        "nauc_map_at_10_max": -0.12392839733033532,
        "nauc_map_at_10_std": -0.2211356161912184,
        "nauc_map_at_1_diff1": 0.12854423910165286,
        "nauc_map_at_1_max": -0.14232181503764066,
        "nauc_map_at_1_std": -0.2278171352831447,
        "nauc_map_at_20_diff1": -0.04041785234454361,
        "nauc_map_at_20_max": -0.12392839733033532,
        "nauc_map_at_20_std": -0.2211356161912184,
        "nauc_map_at_3_diff1": -0.1830713748060215,
        "nauc_map_at_3_max": -0.20193129708908114,
        "nauc_map_at_3_std": -0.33458731365646843,
        "nauc_map_at_5_diff1": -0.1071920771408073,
        "nauc_map_at_5_max": -0.19624761692139434,
        "nauc_map_at_5_std": -0.22918169144634395,
        "nauc_mrr_at_1000_diff1": -0.0063035871048655,
        "nauc_mrr_at_1000_max": -0.06825877039146681,
        "nauc_mrr_at_1000_std": -0.2597251469123446,
        "nauc_mrr_at_100_diff1": -0.0063035871048655,
        "nauc_mrr_at_100_max": -0.06825877039146681,
        "nauc_mrr_at_100_std": -0.2597251469123446,
        "nauc_mrr_at_10_diff1": -0.007620571463959943,
        "nauc_mrr_at_10_max": -0.06370583373428532,
        "nauc_mrr_at_10_std": -0.25903732189389184,
        "nauc_mrr_at_1_diff1": 0.14761954706034347,
        "nauc_mrr_at_1_max": -0.05144060187305097,
        "nauc_mrr_at_1_std": -0.2179973549101718,
        "nauc_mrr_at_20_diff1": -0.007620571463959943,
        "nauc_mrr_at_20_max": -0.06370583373428532,
        "nauc_mrr_at_20_std": -0.25903732189389184,
        "nauc_mrr_at_3_diff1": -0.08936427166744611,
        "nauc_mrr_at_3_max": -0.12040517537565491,
        "nauc_mrr_at_3_std": -0.33351499535373746,
        "nauc_mrr_at_5_diff1": -0.048899766823289205,
        "nauc_mrr_at_5_max": -0.10364656367899452,
        "nauc_mrr_at_5_std": -0.28168217518272354,
        "nauc_ndcg_at_1000_diff1": -0.025145545027327482,
        "nauc_ndcg_at_1000_max": -0.08960275434483088,
        "nauc_ndcg_at_1000_std": -0.23151213181831554,
        "nauc_ndcg_at_100_diff1": -0.025145545027327482,
        "nauc_ndcg_at_100_max": -0.08960275434483088,
        "nauc_ndcg_at_100_std": -0.23151213181831554,
        "nauc_ndcg_at_10_diff1": -0.029274105351011825,
        "nauc_ndcg_at_10_max": -0.038569645465258824,
        "nauc_ndcg_at_10_std": -0.21481412317519205,
        "nauc_ndcg_at_1_diff1": 0.14761954706034347,
        "nauc_ndcg_at_1_max": -0.05144060187305097,
        "nauc_ndcg_at_1_std": -0.2179973549101718,
        "nauc_ndcg_at_20_diff1": -0.029274105351011825,
        "nauc_ndcg_at_20_max": -0.038569645465258824,
        "nauc_ndcg_at_20_std": -0.21481412317519205,
        "nauc_ndcg_at_3_diff1": -0.28121267612501605,
        "nauc_ndcg_at_3_max": -0.21120963456982686,
        "nauc_ndcg_at_3_std": -0.4031789921660947,
        "nauc_ndcg_at_5_diff1": -0.16880223783003645,
        "nauc_ndcg_at_5_max": -0.1940010689404445,
        "nauc_ndcg_at_5_std": -0.24139114899437888,
        "nauc_precision_at_1000_diff1": 0.2545078982072022,
        "nauc_precision_at_1000_max": 0.20480962978557057,
        "nauc_precision_at_1000_std": 0.057241969857328365,
        "nauc_precision_at_100_diff1": 0.254507898207202,
        "nauc_precision_at_100_max": 0.20480962978556994,
        "nauc_precision_at_100_std": 0.057241969857328275,
        "nauc_precision_at_10_diff1": 0.23047023231896666,
        "nauc_precision_at_10_max": 0.35175886516627203,
        "nauc_precision_at_10_std": 0.09038928832235468,
        "nauc_precision_at_1_diff1": 0.14761954706034347,
        "nauc_precision_at_1_max": -0.05144060187305097,
        "nauc_precision_at_1_std": -0.2179973549101718,
        "nauc_precision_at_20_diff1": 0.23047023231896666,
        "nauc_precision_at_20_max": 0.35175886516627203,
        "nauc_precision_at_20_std": 0.09038928832235468,
        "nauc_precision_at_3_diff1": -0.45770650152096787,
        "nauc_precision_at_3_max": -0.14601935110392636,
        "nauc_precision_at_3_std": -0.4006087092903455,
        "nauc_precision_at_5_diff1": -0.18471243925764402,
        "nauc_precision_at_5_max": -0.09197391885329208,
        "nauc_precision_at_5_std": -0.01727435261973341,
        "nauc_recall_at_1000_diff1": NaN,
        "nauc_recall_at_1000_max": NaN,
        "nauc_recall_at_1000_std": NaN,
        "nauc_recall_at_100_diff1": NaN,
        "nauc_recall_at_100_max": NaN,
        "nauc_recall_at_100_std": NaN,
        "nauc_recall_at_10_diff1": -0.03217061576194597,
        "nauc_recall_at_10_max": 0.5426450484500012,
        "nauc_recall_at_10_std": -0.04716027007048633,
        "nauc_recall_at_1_diff1": 0.12854423910165286,
        "nauc_recall_at_1_max": -0.14232181503764066,
        "nauc_recall_at_1_std": -0.2278171352831447,
        "nauc_recall_at_20_diff1": -0.03217061576194597,
        "nauc_recall_at_20_max": 0.5426450484500012,
        "nauc_recall_at_20_std": -0.04716027007048633,
        "nauc_recall_at_3_diff1": -0.7678158592768392,
        "nauc_recall_at_3_max": -0.3231517171576161,
        "nauc_recall_at_3_std": -0.6586572490576574,
        "nauc_recall_at_5_diff1": -0.5376593088292918,
        "nauc_recall_at_5_max": -0.2877338300062789,
        "nauc_recall_at_5_std": -0.19909765185783532,
        "ndcg_at_1": 0.33333,
        "ndcg_at_10": 0.66172,
        "ndcg_at_100": 0.67889,
        "ndcg_at_1000": 0.67889,
        "ndcg_at_20": 0.66172,
        "ndcg_at_3": 0.60697,
        "ndcg_at_5": 0.6327,
        "precision_at_1": 0.33333,
        "precision_at_10": 0.11852,
        "precision_at_100": 0.01296,
        "precision_at_1000": 0.0013,
        "precision_at_20": 0.05926,
        "precision_at_3": 0.32099,
        "precision_at_5": 0.20741,
        "recall_at_1": 0.2963,
        "recall_at_10": 0.91358,
        "recall_at_100": 1.0,
        "recall_at_1000": 1.0,
        "recall_at_20": 0.91358,
        "recall_at_3": 0.79012,
        "recall_at_5": 0.84568
      }
    ]
  },
  "task_name": "ChemNQRetrieval"
}