{
  "dataset_revision": "831d292c3959eae59e4f89b8758738feee97d6cf",
  "evaluation_time": 134.47316598892212,
  "kg_co2_emissions": null,
  "mteb_version": "1.14.15",
  "scores": {
    "test": [
      {
        "hf_subset": "default",
        "languages": [
          "eng-Latn"
        ],
        "main_score": 0.0083,
        "map_at_1": 0.00409,
        "map_at_10": 0.00669,
        "map_at_100": 0.00784,
        "map_at_1000": 0.00836,
        "map_at_20": 0.0071,
        "map_at_3": 0.00561,
        "map_at_5": 0.00615,
        "mrr_at_1": 0.0048275050041210405,
        "mrr_at_10": 0.00734774109023491,
        "mrr_at_100": 0.008394854754888444,
        "mrr_at_1000": 0.008872375086337966,
        "mrr_at_20": 0.007663799907977325,
        "mrr_at_3": 0.006338553318419091,
        "mrr_at_5": 0.006927273440872876,
        "nauc_map_at_1000_diff1": 0.3812573322049042,
        "nauc_map_at_1000_max": 0.44306191951461227,
        "nauc_map_at_1000_std": 0.4315745754365845,
        "nauc_map_at_100_diff1": 0.40733822595151087,
        "nauc_map_at_100_max": 0.45531486224316126,
        "nauc_map_at_100_std": 0.4347089297674661,
        "nauc_map_at_10_diff1": 0.4774414094190337,
        "nauc_map_at_10_max": 0.46657712862098427,
        "nauc_map_at_10_std": 0.4239146516763237,
        "nauc_map_at_1_diff1": 0.7193599234559863,
        "nauc_map_at_1_max": 0.47331490730874304,
        "nauc_map_at_1_std": 0.519040173510255,
        "nauc_map_at_20_diff1": 0.44919557530994864,
        "nauc_map_at_20_max": 0.46338041884393116,
        "nauc_map_at_20_std": 0.42529964905476875,
        "nauc_map_at_3_diff1": 0.5752252387235436,
        "nauc_map_at_3_max": 0.4714912803240979,
        "nauc_map_at_3_std": 0.41987996275825185,
        "nauc_map_at_5_diff1": 0.5265920118060552,
        "nauc_map_at_5_max": 0.4655641910301409,
        "nauc_map_at_5_std": 0.42321181125187296,
        "nauc_mrr_at_1000_diff1": 0.37506714010854386,
        "nauc_mrr_at_1000_max": 0.4163782614380076,
        "nauc_mrr_at_1000_std": 0.4257130082388548,
        "nauc_mrr_at_100_diff1": 0.3956688599678541,
        "nauc_mrr_at_100_max": 0.4277729654940213,
        "nauc_mrr_at_100_std": 0.43168128992595306,
        "nauc_mrr_at_10_diff1": 0.4561802365066611,
        "nauc_mrr_at_10_max": 0.4369444695177186,
        "nauc_mrr_at_10_std": 0.4239832133953801,
        "nauc_mrr_at_1_diff1": 0.6361692830969254,
        "nauc_mrr_at_1_max": 0.45619489311487427,
        "nauc_mrr_at_1_std": 0.536634396636951,
        "nauc_mrr_at_20_diff1": 0.4326635593922419,
        "nauc_mrr_at_20_max": 0.43474499992882826,
        "nauc_mrr_at_20_std": 0.42539401046357955,
        "nauc_mrr_at_3_diff1": 0.5297216305253158,
        "nauc_mrr_at_3_max": 0.4302527155099902,
        "nauc_mrr_at_3_std": 0.42954623001141423,
        "nauc_mrr_at_5_diff1": 0.4822922730518551,
        "nauc_mrr_at_5_max": 0.43138743100210625,
        "nauc_mrr_at_5_std": 0.4308761620197248,
        "nauc_ndcg_at_1000_diff1": 0.08129492589500328,
        "nauc_ndcg_at_1000_max": 0.30933443811725986,
        "nauc_ndcg_at_1000_std": 0.3806355891861631,
        "nauc_ndcg_at_100_diff1": 0.207896606583532,
        "nauc_ndcg_at_100_max": 0.420645006390592,
        "nauc_ndcg_at_100_std": 0.4436445850787691,
        "nauc_ndcg_at_10_diff1": 0.39528102339554166,
        "nauc_ndcg_at_10_max": 0.4608295149910358,
        "nauc_ndcg_at_10_std": 0.4012426471452173,
        "nauc_ndcg_at_1_diff1": 0.6361692830969254,
        "nauc_ndcg_at_1_max": 0.45619489311487427,
        "nauc_ndcg_at_1_std": 0.536634396636951,
        "nauc_ndcg_at_20_diff1": 0.3374369048715015,
        "nauc_ndcg_at_20_max": 0.4558424327095614,
        "nauc_ndcg_at_20_std": 0.4089034870980591,
        "nauc_ndcg_at_3_diff1": 0.5264475294861056,
        "nauc_ndcg_at_3_max": 0.45651818727374405,
        "nauc_ndcg_at_3_std": 0.4041010498244851,
        "nauc_ndcg_at_5_diff1": 0.4666364857607917,
        "nauc_ndcg_at_5_max": 0.45275482842028203,
        "nauc_ndcg_at_5_std": 0.40564891785514495,
        "nauc_precision_at_1000_diff1": -0.018498172649642024,
        "nauc_precision_at_1000_max": 0.20870251247928262,
        "nauc_precision_at_1000_std": 0.33781753790865937,
        "nauc_precision_at_100_diff1": 0.02673587641456975,
        "nauc_precision_at_100_max": 0.35801042224550955,
        "nauc_precision_at_100_std": 0.47306230683857964,
        "nauc_precision_at_10_diff1": 0.17093917447947285,
        "nauc_precision_at_10_max": 0.43783619522595335,
        "nauc_precision_at_10_std": 0.43630153630462276,
        "nauc_precision_at_1_diff1": 0.6361692830969254,
        "nauc_precision_at_1_max": 0.45619489311487427,
        "nauc_precision_at_1_std": 0.536634396636951,
        "nauc_precision_at_20_diff1": 0.11005065716413635,
        "nauc_precision_at_20_max": 0.42316665657511005,
        "nauc_precision_at_20_std": 0.43493042454465775,
        "nauc_precision_at_3_diff1": 0.37637103944414396,
        "nauc_precision_at_3_max": 0.44385703425433504,
        "nauc_precision_at_3_std": 0.4017076112343095,
        "nauc_precision_at_5_diff1": 0.26643135274036395,
        "nauc_precision_at_5_max": 0.42838458710443195,
        "nauc_precision_at_5_std": 0.4251687301913368,
        "nauc_recall_at_1000_diff1": -0.0242721134696215,
        "nauc_recall_at_1000_max": 0.2570726824877318,
        "nauc_recall_at_1000_std": 0.35023132284816993,
        "nauc_recall_at_100_diff1": 0.06890068838523805,
        "nauc_recall_at_100_max": 0.4075076606192415,
        "nauc_recall_at_100_std": 0.45570060624460396,
        "nauc_recall_at_10_diff1": 0.27460227776637297,
        "nauc_recall_at_10_max": 0.4756613404122897,
        "nauc_recall_at_10_std": 0.3567257480444879,
        "nauc_recall_at_1_diff1": 0.7193599234559863,
        "nauc_recall_at_1_max": 0.47331490730874304,
        "nauc_recall_at_1_std": 0.519040173510255,
        "nauc_recall_at_20_diff1": 0.19103692197500635,
        "nauc_recall_at_20_max": 0.4673715961578986,
        "nauc_recall_at_20_std": 0.3863900393964789,
        "nauc_recall_at_3_diff1": 0.5013045040163644,
        "nauc_recall_at_3_max": 0.46442434260484855,
        "nauc_recall_at_3_std": 0.3451912219765078,
        "nauc_recall_at_5_diff1": 0.3856499702575685,
        "nauc_recall_at_5_max": 0.4556791822090462,
        "nauc_recall_at_5_std": 0.363465747823872,
        "ndcg_at_1": 0.00483,
        "ndcg_at_10": 0.0083,
        "ndcg_at_100": 0.01545,
        "ndcg_at_1000": 0.03269,
        "ndcg_at_20": 0.00957,
        "ndcg_at_3": 0.00633,
        "ndcg_at_5": 0.00715,
        "precision_at_1": 0.00483,
        "precision_at_10": 0.00188,
        "precision_at_100": 0.00081,
        "precision_at_1000": 0.00032,
        "precision_at_20": 0.00132,
        "precision_at_3": 0.00322,
        "precision_at_5": 0.00261,
        "recall_at_1": 0.00409,
        "recall_at_10": 0.01231,
        "recall_at_100": 0.04532,
        "recall_at_1000": 0.16908,
        "recall_at_20": 0.01669,
        "recall_at_3": 0.00715,
        "recall_at_5": 0.0092
      }
    ]
  },
  "task_name": "CoconutRetrieval"
}