{
  "dataset_revision": "d8865a1b3a269aa2f4b4059a13c1037a9adfbc5d",
  "evaluation_time": 10.635419368743896,
  "kg_co2_emissions": null,
  "mteb_version": "1.14.15",
  "scores": {
    "test": [
      {
        "cosine_accuracy": 0.89990234375,
        "cosine_accuracy_threshold": 0.8922746181488037,
        "cosine_ap": 0.10064024020894606,
        "cosine_f1": 0.18354430379746836,
        "cosine_f1_threshold": 0.7656410336494446,
        "cosine_precision": 0.10109561752988047,
        "cosine_recall": 0.9950980392156863,
        "dot_accuracy": 0.89990234375,
        "dot_accuracy_threshold": 0.8922746181488037,
        "dot_ap": 0.10064024020894607,
        "dot_f1": 0.18354430379746836,
        "dot_f1_threshold": 0.7656410336494446,
        "dot_precision": 0.10109561752988047,
        "dot_recall": 0.9950980392156863,
        "euclidean_accuracy": 0.89990234375,
        "euclidean_accuracy_threshold": 0.46416646242141724,
        "euclidean_ap": 0.10064024020894606,
        "euclidean_f1": 0.18354430379746836,
        "euclidean_f1_threshold": 0.6846296787261963,
        "euclidean_precision": 0.10109561752988047,
        "euclidean_recall": 0.9950980392156863,
        "hf_subset": "default",
        "languages": [
          "eng-Latn"
        ],
        "main_score": 0.18355293048614263,
        "manhattan_accuracy": 0.89990234375,
        "manhattan_accuracy_threshold": 11.89073371887207,
        "manhattan_ap": 0.09987904695566457,
        "manhattan_f1": 0.18355293048614263,
        "manhattan_f1_threshold": 17.389293670654297,
        "manhattan_precision": 0.10115172759138708,
        "manhattan_recall": 0.9901960784313726,
        "max_accuracy": 0.89990234375,
        "max_ap": 0.10064024020894607,
        "max_f1": 0.18355293048614263,
        "max_precision": 0.10115172759138708,
        "max_recall": 0.9950980392156863,
        "similarity_accuracy": 0.89990234375,
        "similarity_accuracy_threshold": 0.8922746181488037,
        "similarity_ap": 0.10064024020894606,
        "similarity_f1": 0.18354430379746836,
        "similarity_f1_threshold": 0.7656410336494446,
        "similarity_precision": 0.10109561752988047,
        "similarity_recall": 0.9950980392156863
      }
    ]
  },
  "task_name": "PubChemSMILESIsoTitlePC"
}