{
  "dataset_revision": "main",
  "task_name": "FSUChemRxivQest",
  "mteb_version": "0.1",
  "scores": {
    "test": [
      {
        "ndcg_at_1": 0.31926,
        "ndcg_at_3": 0.33673,
        "ndcg_at_5": 0.36984,
        "ndcg_at_10": 0.40356,
        "ndcg_at_20": 0.43638,
        "ndcg_at_100": 0.4736,
        "ndcg_at_1000": 0.48946,
        "map_at_1": 0.22211,
        "map_at_3": 0.29277,
        "map_at_5": 0.31134,
        "map_at_10": 0.326,
        "map_at_20": 0.33643,
        "map_at_100": 0.34333,
        "map_at_1000": 0.34408,
        "recall_at_1": 0.22211,
        "recall_at_3": 0.36354,
        "recall_at_5": 0.43563,
        "recall_at_10": 0.52763,
        "recall_at_20": 0.64143,
        "recall_at_100": 0.81102,
        "recall_at_1000": 0.91967,
        "precision_at_1": 0.31926,
        "precision_at_3": 0.17817,
        "precision_at_5": 0.12894,
        "precision_at_10": 0.0793,
        "precision_at_20": 0.04897,
        "precision_at_100": 0.01271,
        "precision_at_1000": 0.00146,
        "mrr_at_1": 0.319258,
        "mrr_at_3": 0.39873,
        "mrr_at_5": 0.419173,
        "mrr_at_10": 0.433814,
        "mrr_at_20": 0.441323,
        "mrr_at_100": 0.444873,
        "mrr_at_1000": 0.445142,
        "nauc_ndcg_at_1_max": 0.12608,
        "nauc_ndcg_at_1_std": -0.109892,
        "nauc_ndcg_at_1_diff1": 0.313037,
        "nauc_ndcg_at_3_max": 0.097031,
        "nauc_ndcg_at_3_std": -0.10384,
        "nauc_ndcg_at_3_diff1": 0.238216,
        "nauc_ndcg_at_5_max": 0.103701,
        "nauc_ndcg_at_5_std": -0.114036,
        "nauc_ndcg_at_5_diff1": 0.243719,
        "nauc_ndcg_at_10_max": 0.114546,
        "nauc_ndcg_at_10_std": -0.111966,
        "nauc_ndcg_at_10_diff1": 0.257251,
        "nauc_ndcg_at_20_max": 0.116987,
        "nauc_ndcg_at_20_std": -0.106256,
        "nauc_ndcg_at_20_diff1": 0.243285,
        "nauc_ndcg_at_100_max": 0.137881,
        "nauc_ndcg_at_100_std": -0.072885,
        "nauc_ndcg_at_100_diff1": 0.240331,
        "nauc_ndcg_at_1000_max": 0.131357,
        "nauc_ndcg_at_1000_std": -0.078687,
        "nauc_ndcg_at_1000_diff1": 0.241994,
        "nauc_map_at_1_max": 0.107871,
        "nauc_map_at_1_std": -0.098842,
        "nauc_map_at_1_diff1": 0.308032,
        "nauc_map_at_3_max": 0.095283,
        "nauc_map_at_3_std": -0.102293,
        "nauc_map_at_3_diff1": 0.252752,
        "nauc_map_at_5_max": 0.096788,
        "nauc_map_at_5_std": -0.108548,
        "nauc_map_at_5_diff1": 0.256096,
        "nauc_map_at_10_max": 0.101295,
        "nauc_map_at_10_std": -0.107423,
        "nauc_map_at_10_diff1": 0.260802,
        "nauc_map_at_20_max": 0.103196,
        "nauc_map_at_20_std": -0.10523,
        "nauc_map_at_20_diff1": 0.256861,
        "nauc_map_at_100_max": 0.106624,
        "nauc_map_at_100_std": -0.100516,
        "nauc_map_at_100_diff1": 0.255808,
        "nauc_map_at_1000_max": 0.106579,
        "nauc_map_at_1000_std": -0.100728,
        "nauc_map_at_1000_diff1": 0.256072,
        "nauc_recall_at_1_max": 0.107871,
        "nauc_recall_at_1_std": -0.098842,
        "nauc_recall_at_1_diff1": 0.308032,
        "nauc_recall_at_3_max": 0.073089,
        "nauc_recall_at_3_std": -0.095078,
        "nauc_recall_at_3_diff1": 0.179774,
        "nauc_recall_at_5_max": 0.084228,
        "nauc_recall_at_5_std": -0.108356,
        "nauc_recall_at_5_diff1": 0.182736,
        "nauc_recall_at_10_max": 0.109446,
        "nauc_recall_at_10_std": -0.098333,
        "nauc_recall_at_10_diff1": 0.208189,
        "nauc_recall_at_20_max": 0.108082,
        "nauc_recall_at_20_std": -0.077192,
        "nauc_recall_at_20_diff1": 0.142999,
        "nauc_recall_at_100_max": 0.254694,
        "nauc_recall_at_100_std": 0.185565,
        "nauc_recall_at_100_diff1": 0.079292,
        "nauc_recall_at_1000_max": 0.257863,
        "nauc_recall_at_1000_std": 0.330885,
        "nauc_recall_at_1000_diff1": -0.016918,
        "nauc_precision_at_1_max": 0.12608,
        "nauc_precision_at_1_std": -0.109892,
        "nauc_precision_at_1_diff1": 0.313037,
        "nauc_precision_at_3_max": 0.097905,
        "nauc_precision_at_3_std": -0.103827,
        "nauc_precision_at_3_diff1": 0.167305,
        "nauc_precision_at_5_max": 0.104691,
        "nauc_precision_at_5_std": -0.129668,
        "nauc_precision_at_5_diff1": 0.163015,
        "nauc_precision_at_10_max": 0.118049,
        "nauc_precision_at_10_std": -0.118372,
        "nauc_precision_at_10_diff1": 0.170579,
        "nauc_precision_at_20_max": 0.117932,
        "nauc_precision_at_20_std": -0.060961,
        "nauc_precision_at_20_diff1": 0.068598,
        "nauc_precision_at_100_max": 0.17666,
        "nauc_precision_at_100_std": 0.140368,
        "nauc_precision_at_100_diff1": -0.039023,
        "nauc_precision_at_1000_max": 0.11121,
        "nauc_precision_at_1000_std": 0.134619,
        "nauc_precision_at_1000_diff1": -0.100741,
        "nauc_mrr_at_1_max": 0.12608,
        "nauc_mrr_at_1_std": -0.109892,
        "nauc_mrr_at_1_diff1": 0.313037,
        "nauc_mrr_at_3_max": 0.11686,
        "nauc_mrr_at_3_std": -0.108447,
        "nauc_mrr_at_3_diff1": 0.258237,
        "nauc_mrr_at_5_max": 0.124362,
        "nauc_mrr_at_5_std": -0.114087,
        "nauc_mrr_at_5_diff1": 0.260718,
        "nauc_mrr_at_10_max": 0.128979,
        "nauc_mrr_at_10_std": -0.112635,
        "nauc_mrr_at_10_diff1": 0.267625,
        "nauc_mrr_at_20_max": 0.127541,
        "nauc_mrr_at_20_std": -0.112142,
        "nauc_mrr_at_20_diff1": 0.264753,
        "nauc_mrr_at_100_max": 0.128668,
        "nauc_mrr_at_100_std": -0.110542,
        "nauc_mrr_at_100_diff1": 0.266074,
        "nauc_mrr_at_1000_max": 0.128413,
        "nauc_mrr_at_1000_std": -0.110736,
        "nauc_mrr_at_1000_diff1": 0.266041,
        "main_score": 0.40356,
        "hf_subset": "default",
        "languages": [
          "eng-Latn"
        ]
      }
    ]
  },
  "evaluation_time": 12.100537538528442,
  "kg_co2_emissions": null
}