{
  "dataset_revision": "023e7a813e3b73d8d33551ed2aea511314d612e2",
  "evaluation_time": 179.54384994506836,
  "kg_co2_emissions": null,
  "mteb_version": "1.14.15",
  "scores": {
    "test": [
      {
        "hf_subset": "default",
        "languages": [
          "eng-Latn"
        ],
        "main_score": 0.12091,
        "map_at_1": 0.05556,
        "map_at_10": 0.08119,
        "map_at_100": 0.09888,
        "map_at_1000": 0.10022,
        "map_at_20": 0.08921,
        "map_at_3": 0.05556,
        "map_at_5": 0.06481,
        "mrr_at_1": 0.07407407407407407,
        "mrr_at_10": 0.10776014109347443,
        "mrr_at_100": 0.11723627398021881,
        "mrr_at_1000": 0.11847124630706932,
        "mrr_at_20": 0.10776014109347443,
        "mrr_at_3": 0.07407407407407407,
        "mrr_at_5": 0.08333333333333333,
        "nauc_map_at_1000_diff1": 0.2834372794839978,
        "nauc_map_at_1000_max": 0.432112091314343,
        "nauc_map_at_1000_std": 0.5104663159052729,
        "nauc_map_at_100_diff1": 0.2806270372019793,
        "nauc_map_at_100_max": 0.42725928814415703,
        "nauc_map_at_100_std": 0.5045583170884655,
        "nauc_map_at_10_diff1": 0.2841160853493593,
        "nauc_map_at_10_max": 0.48390957477946905,
        "nauc_map_at_10_std": 0.540103795946264,
        "nauc_map_at_1_diff1": 0.29912683550069347,
        "nauc_map_at_1_max": 0.5733815520439001,
        "nauc_map_at_1_std": 0.7003513282213109,
        "nauc_map_at_20_diff1": 0.2718404279698641,
        "nauc_map_at_20_max": 0.4377451396618324,
        "nauc_map_at_20_std": 0.5194645334317124,
        "nauc_map_at_3_diff1": 0.29912683550069347,
        "nauc_map_at_3_max": 0.5733815520439001,
        "nauc_map_at_3_std": 0.7003513282213109,
        "nauc_map_at_5_diff1": 0.35571907859691076,
        "nauc_map_at_5_max": 0.538555556292382,
        "nauc_map_at_5_std": 0.5545758187611203,
        "nauc_mrr_at_1000_diff1": 0.3644920731777027,
        "nauc_mrr_at_1000_max": 0.4040686419900246,
        "nauc_mrr_at_1000_std": 0.44293584744170655,
        "nauc_mrr_at_100_diff1": 0.36164612186034983,
        "nauc_mrr_at_100_max": 0.40050557184415214,
        "nauc_mrr_at_100_std": 0.4379624463445216,
        "nauc_mrr_at_10_diff1": 0.360679964597396,
        "nauc_mrr_at_10_max": 0.4044566034920944,
        "nauc_mrr_at_10_std": 0.45394778655983814,
        "nauc_mrr_at_1_diff1": 0.39816326091907367,
        "nauc_mrr_at_1_max": 0.5124360594787434,
        "nauc_mrr_at_1_std": 0.5505269923319666,
        "nauc_mrr_at_20_diff1": 0.360679964597396,
        "nauc_mrr_at_20_max": 0.4044566034920944,
        "nauc_mrr_at_20_std": 0.45394778655983814,
        "nauc_mrr_at_3_diff1": 0.39816326091907367,
        "nauc_mrr_at_3_max": 0.5124360594787434,
        "nauc_mrr_at_3_std": 0.5505269923319666,
        "nauc_mrr_at_5_diff1": 0.4311754027252004,
        "nauc_mrr_at_5_max": 0.4921208952903575,
        "nauc_mrr_at_5_std": 0.4537931889617452,
        "nauc_ndcg_at_1000_diff1": 0.29373854025149304,
        "nauc_ndcg_at_1000_max": 0.3580281609522457,
        "nauc_ndcg_at_1000_std": 0.42665621115116986,
        "nauc_ndcg_at_100_diff1": 0.26983092387085833,
        "nauc_ndcg_at_100_max": 0.30361613309137797,
        "nauc_ndcg_at_100_std": 0.34122592915847477,
        "nauc_ndcg_at_10_diff1": 0.25754681603084734,
        "nauc_ndcg_at_10_max": 0.3890746079333957,
        "nauc_ndcg_at_10_std": 0.4410152694276189,
        "nauc_ndcg_at_1_diff1": 0.39816326091907367,
        "nauc_ndcg_at_1_max": 0.5124360594787434,
        "nauc_ndcg_at_1_std": 0.5505269923319666,
        "nauc_ndcg_at_20_diff1": 0.24058698817210733,
        "nauc_ndcg_at_20_max": 0.3261649202536039,
        "nauc_ndcg_at_20_std": 0.4225137321032919,
        "nauc_ndcg_at_3_diff1": 0.3269127525400559,
        "nauc_ndcg_at_3_max": 0.5562825261735234,
        "nauc_ndcg_at_3_std": 0.6583162229566343,
        "nauc_ndcg_at_5_diff1": 0.4045338899369493,
        "nauc_ndcg_at_5_max": 0.5085156723908201,
        "nauc_ndcg_at_5_std": 0.45214818716911404,
        "nauc_precision_at_1000_diff1": 0.09331411600351477,
        "nauc_precision_at_1000_max": -0.08824793816068142,
        "nauc_precision_at_1000_std": 0.025205751356536306,
        "nauc_precision_at_100_diff1": 0.1817652784439885,
        "nauc_precision_at_100_max": 0.015035779912842806,
        "nauc_precision_at_100_std": 0.12041964097444843,
        "nauc_precision_at_10_diff1": 0.22852846400474475,
        "nauc_precision_at_10_max": 0.1734256998433983,
        "nauc_precision_at_10_std": 0.33836756488783065,
        "nauc_precision_at_1_diff1": 0.39816326091907367,
        "nauc_precision_at_1_max": 0.5124360594787434,
        "nauc_precision_at_1_std": 0.5505269923319666,
        "nauc_precision_at_20_diff1": 0.16692524740597914,
        "nauc_precision_at_20_max": 0.05741682172897658,
        "nauc_precision_at_20_std": 0.2806786629936292,
        "nauc_precision_at_3_diff1": 0.3981632609190738,
        "nauc_precision_at_3_max": 0.5124360594787433,
        "nauc_precision_at_3_std": 0.5505269923319663,
        "nauc_precision_at_5_diff1": 0.49719968633745376,
        "nauc_precision_at_5_max": 0.4514905669135863,
        "nauc_precision_at_5_std": 0.2603255822213027,
        "nauc_recall_at_1000_diff1": NaN,
        "nauc_recall_at_1000_max": NaN,
        "nauc_recall_at_1000_std": NaN,
        "nauc_recall_at_100_diff1": 0.22503483949955022,
        "nauc_recall_at_100_max": 0.15303312822893161,
        "nauc_recall_at_100_std": 0.03542586139439321,
        "nauc_recall_at_10_diff1": 0.1420749319311852,
        "nauc_recall_at_10_max": 0.29066918576555334,
        "nauc_recall_at_10_std": 0.306248076584781,
        "nauc_recall_at_1_diff1": 0.29912683550069347,
        "nauc_recall_at_1_max": 0.5733815520439001,
        "nauc_recall_at_1_std": 0.7003513282213109,
        "nauc_recall_at_20_diff1": 0.13986518791288613,
        "nauc_recall_at_20_max": 0.20959744123199434,
        "nauc_recall_at_20_std": 0.3174574169724503,
        "nauc_recall_at_3_diff1": 0.29912683550069347,
        "nauc_recall_at_3_max": 0.5733815520439001,
        "nauc_recall_at_3_std": 0.7003513282213109,
        "nauc_recall_at_5_diff1": 0.4575851161701016,
        "nauc_recall_at_5_max": 0.47586876393964894,
        "nauc_recall_at_5_std": 0.29217990173277686,
        "ndcg_at_1": 0.07407,
        "ndcg_at_10": 0.12091,
        "ndcg_at_100": 0.2035,
        "ndcg_at_1000": 0.25198,
        "ndcg_at_20": 0.13839,
        "ndcg_at_3": 0.05975,
        "ndcg_at_5": 0.0757,
        "precision_at_1": 0.07407,
        "precision_at_10": 0.02963,
        "precision_at_100": 0.00815,
        "precision_at_1000": 0.0013,
        "precision_at_20": 0.02037,
        "precision_at_3": 0.02469,
        "precision_at_5": 0.02222,
        "recall_at_1": 0.05556,
        "recall_at_10": 0.22222,
        "recall_at_100": 0.60494,
        "recall_at_1000": 1.0,
        "recall_at_20": 0.27778,
        "recall_at_3": 0.05556,
        "recall_at_5": 0.09259
      }
    ]
  },
  "task_name": "ChemNQRetrieval"
}