{
  "dataset_revision": "f39c1d16edd269f233be381216bc8146f0857124",
  "evaluation_time": 203.570383310318,
  "kg_co2_emissions": null,
  "mteb_version": "1.14.15",
  "scores": {
    "dev": [
      {
        "hf_subset": "default",
        "languages": [
          "eng-Latn"
        ],
        "main_score": 0.95387,
        "map_at_1": 0.875,
        "map_at_10": 0.9375,
        "map_at_100": 0.9375,
        "map_at_1000": 0.9375,
        "map_at_20": 0.9375,
        "map_at_3": 0.9375,
        "map_at_5": 0.9375,
        "mrr_at_1": 0.875,
        "mrr_at_10": 0.9375,
        "mrr_at_100": 0.9375,
        "mrr_at_1000": 0.9375,
        "mrr_at_20": 0.9375,
        "mrr_at_3": 0.9375,
        "mrr_at_5": 0.9375,
        "nauc_map_at_1000_diff1": 1.0,
        "nauc_map_at_1000_max": 0.3635854341736706,
        "nauc_map_at_1000_std": -0.185434173669467,
        "nauc_map_at_100_diff1": 1.0,
        "nauc_map_at_100_max": 0.3635854341736706,
        "nauc_map_at_100_std": -0.185434173669467,
        "nauc_map_at_10_diff1": 1.0,
        "nauc_map_at_10_max": 0.3635854341736706,
        "nauc_map_at_10_std": -0.185434173669467,
        "nauc_map_at_1_diff1": 1.0,
        "nauc_map_at_1_max": 0.36358543417367023,
        "nauc_map_at_1_std": -0.1854341736694668,
        "nauc_map_at_20_diff1": 1.0,
        "nauc_map_at_20_max": 0.3635854341736706,
        "nauc_map_at_20_std": -0.185434173669467,
        "nauc_map_at_3_diff1": 1.0,
        "nauc_map_at_3_max": 0.3635854341736706,
        "nauc_map_at_3_std": -0.185434173669467,
        "nauc_map_at_5_diff1": 1.0,
        "nauc_map_at_5_max": 0.3635854341736706,
        "nauc_map_at_5_std": -0.185434173669467,
        "nauc_mrr_at_1000_diff1": 1.0,
        "nauc_mrr_at_1000_max": 0.3635854341736706,
        "nauc_mrr_at_1000_std": -0.185434173669467,
        "nauc_mrr_at_100_diff1": 1.0,
        "nauc_mrr_at_100_max": 0.3635854341736706,
        "nauc_mrr_at_100_std": -0.185434173669467,
        "nauc_mrr_at_10_diff1": 1.0,
        "nauc_mrr_at_10_max": 0.3635854341736706,
        "nauc_mrr_at_10_std": -0.185434173669467,
        "nauc_mrr_at_1_diff1": 1.0,
        "nauc_mrr_at_1_max": 0.36358543417367023,
        "nauc_mrr_at_1_std": -0.1854341736694668,
        "nauc_mrr_at_20_diff1": 1.0,
        "nauc_mrr_at_20_max": 0.3635854341736706,
        "nauc_mrr_at_20_std": -0.185434173669467,
        "nauc_mrr_at_3_diff1": 1.0,
        "nauc_mrr_at_3_max": 0.3635854341736706,
        "nauc_mrr_at_3_std": -0.185434173669467,
        "nauc_mrr_at_5_diff1": 1.0,
        "nauc_mrr_at_5_max": 0.3635854341736706,
        "nauc_mrr_at_5_std": -0.185434173669467,
        "nauc_ndcg_at_1000_diff1": 1.0,
        "nauc_ndcg_at_1000_max": 0.36358543417366956,
        "nauc_ndcg_at_1000_std": -0.18543417366947146,
        "nauc_ndcg_at_100_diff1": 1.0,
        "nauc_ndcg_at_100_max": 0.36358543417366956,
        "nauc_ndcg_at_100_std": -0.18543417366947146,
        "nauc_ndcg_at_10_diff1": 1.0,
        "nauc_ndcg_at_10_max": 0.36358543417366956,
        "nauc_ndcg_at_10_std": -0.18543417366947146,
        "nauc_ndcg_at_1_diff1": 1.0,
        "nauc_ndcg_at_1_max": 0.36358543417367023,
        "nauc_ndcg_at_1_std": -0.1854341736694668,
        "nauc_ndcg_at_20_diff1": 1.0,
        "nauc_ndcg_at_20_max": 0.36358543417366956,
        "nauc_ndcg_at_20_std": -0.18543417366947146,
        "nauc_ndcg_at_3_diff1": 1.0,
        "nauc_ndcg_at_3_max": 0.36358543417366956,
        "nauc_ndcg_at_3_std": -0.18543417366947146,
        "nauc_ndcg_at_5_diff1": 1.0,
        "nauc_ndcg_at_5_max": 0.36358543417366956,
        "nauc_ndcg_at_5_std": -0.18543417366947146,
        "nauc_precision_at_1000_diff1": 1.0,
        "nauc_precision_at_1000_max": 1.0,
        "nauc_precision_at_1000_std": 1.0,
        "nauc_precision_at_100_diff1": 1.0,
        "nauc_precision_at_100_max": 1.0,
        "nauc_precision_at_100_std": 1.0,
        "nauc_precision_at_10_diff1": NaN,
        "nauc_precision_at_10_max": NaN,
        "nauc_precision_at_10_std": NaN,
        "nauc_precision_at_1_diff1": 1.0,
        "nauc_precision_at_1_max": 0.36358543417367023,
        "nauc_precision_at_1_std": -0.1854341736694668,
        "nauc_precision_at_20_diff1": NaN,
        "nauc_precision_at_20_max": NaN,
        "nauc_precision_at_20_std": NaN,
        "nauc_precision_at_3_diff1": NaN,
        "nauc_precision_at_3_max": NaN,
        "nauc_precision_at_3_std": NaN,
        "nauc_precision_at_5_diff1": NaN,
        "nauc_precision_at_5_max": NaN,
        "nauc_precision_at_5_std": NaN,
        "nauc_recall_at_1000_diff1": NaN,
        "nauc_recall_at_1000_max": NaN,
        "nauc_recall_at_1000_std": NaN,
        "nauc_recall_at_100_diff1": NaN,
        "nauc_recall_at_100_max": NaN,
        "nauc_recall_at_100_std": NaN,
        "nauc_recall_at_10_diff1": NaN,
        "nauc_recall_at_10_max": NaN,
        "nauc_recall_at_10_std": NaN,
        "nauc_recall_at_1_diff1": 1.0,
        "nauc_recall_at_1_max": 0.36358543417367023,
        "nauc_recall_at_1_std": -0.1854341736694668,
        "nauc_recall_at_20_diff1": NaN,
        "nauc_recall_at_20_max": NaN,
        "nauc_recall_at_20_std": NaN,
        "nauc_recall_at_3_diff1": NaN,
        "nauc_recall_at_3_max": NaN,
        "nauc_recall_at_3_std": NaN,
        "nauc_recall_at_5_diff1": NaN,
        "nauc_recall_at_5_max": NaN,
        "nauc_recall_at_5_std": NaN,
        "ndcg_at_1": 0.875,
        "ndcg_at_10": 0.95387,
        "ndcg_at_100": 0.95387,
        "ndcg_at_1000": 0.95387,
        "ndcg_at_20": 0.95387,
        "ndcg_at_3": 0.95387,
        "ndcg_at_5": 0.95387,
        "precision_at_1": 0.875,
        "precision_at_10": 0.1,
        "precision_at_100": 0.01,
        "precision_at_1000": 0.001,
        "precision_at_20": 0.05,
        "precision_at_3": 0.33333,
        "precision_at_5": 0.2,
        "recall_at_1": 0.875,
        "recall_at_10": 1.0,
        "recall_at_100": 1.0,
        "recall_at_1000": 1.0,
        "recall_at_20": 1.0,
        "recall_at_3": 1.0,
        "recall_at_5": 1.0
      }
    ],
    "test": [
      {
        "hf_subset": "default",
        "languages": [
          "eng-Latn"
        ],
        "main_score": 0.76852,
        "map_at_1": 0.72222,
        "map_at_10": 0.74868,
        "map_at_100": 0.75724,
        "map_at_1000": 0.75724,
        "map_at_20": 0.75665,
        "map_at_3": 0.74074,
        "map_at_5": 0.74074,
        "mrr_at_1": 0.7222222222222222,
        "mrr_at_10": 0.7486772486772486,
        "mrr_at_100": 0.757239251976094,
        "mrr_at_1000": 0.757239251976094,
        "mrr_at_20": 0.7566544566544565,
        "mrr_at_3": 0.7407407407407407,
        "mrr_at_5": 0.7407407407407407,
        "nauc_map_at_1000_diff1": 0.9412231572855398,
        "nauc_map_at_1000_max": 0.7730252713151307,
        "nauc_map_at_1000_std": -0.23286534563318573,
        "nauc_map_at_100_diff1": 0.9412231572855398,
        "nauc_map_at_100_max": 0.7730252713151307,
        "nauc_map_at_100_std": -0.23286534563318573,
        "nauc_map_at_10_diff1": 0.9370413795829103,
        "nauc_map_at_10_max": 0.7765243833063662,
        "nauc_map_at_10_std": -0.21046858604659488,
        "nauc_map_at_1_diff1": 0.9634079936109197,
        "nauc_map_at_1_max": 0.7723692070081877,
        "nauc_map_at_1_std": -0.2601524006903899,
        "nauc_map_at_20_diff1": 0.941027359031346,
        "nauc_map_at_20_max": 0.7719287429135117,
        "nauc_map_at_20_std": -0.23666103528667215,
        "nauc_map_at_3_diff1": 0.9388937193126026,
        "nauc_map_at_3_max": 0.7875874125874126,
        "nauc_map_at_3_std": -0.18550764395179212,
        "nauc_map_at_5_diff1": 0.9388937193126026,
        "nauc_map_at_5_max": 0.7875874125874126,
        "nauc_map_at_5_std": -0.18550764395179212,
        "nauc_mrr_at_1000_diff1": 0.9412231572855398,
        "nauc_mrr_at_1000_max": 0.7730252713151307,
        "nauc_mrr_at_1000_std": -0.23286534563318573,
        "nauc_mrr_at_100_diff1": 0.9412231572855398,