{
  "dataset_revision": "831d292c3959eae59e4f89b8758738feee97d6cf",
  "evaluation_time": 131.34599375724792,
  "kg_co2_emissions": null,
  "mteb_version": "1.14.15",
  "scores": {
    "test": [
      {
        "hf_subset": "default",
        "languages": [
          "eng-Latn"
        ],
        "main_score": 0.00592,
        "map_at_1": 0.00277,
        "map_at_10": 0.00456,
        "map_at_100": 0.00547,
        "map_at_1000": 0.00602,
        "map_at_20": 0.00485,
        "map_at_3": 0.00371,
        "map_at_5": 0.00404,
        "mrr_at_1": 0.0032968326857411986,
        "mrr_at_10": 0.0051953149091969325,
        "mrr_at_100": 0.006248212197059718,
        "mrr_at_1000": 0.0067656040326637265,
        "mrr_at_20": 0.005543633036202047,
        "mrr_at_3": 0.004258408885749049,
        "mrr_at_5": 0.004670512971466699,
        "nauc_map_at_1000_diff1": 0.16098420302295693,
        "nauc_map_at_1000_max": 0.20352630746376138,
        "nauc_map_at_1000_std": 0.4142705442288494,
        "nauc_map_at_100_diff1": 0.18966620644564283,
        "nauc_map_at_100_max": 0.22845589358005244,
        "nauc_map_at_100_std": 0.4077628176331562,
        "nauc_map_at_10_diff1": 0.263006989795211,
        "nauc_map_at_10_max": 0.28554959540732716,
        "nauc_map_at_10_std": 0.40528941317862677,
        "nauc_map_at_1_diff1": 0.46948178861091594,
        "nauc_map_at_1_max": 0.41073221985325026,
        "nauc_map_at_1_std": 0.44542983841362,
        "nauc_map_at_20_diff1": 0.2371202320053211,
        "nauc_map_at_20_max": 0.2724558923347602,
        "nauc_map_at_20_std": 0.40160549886884167,
        "nauc_map_at_3_diff1": 0.3258991242400974,
        "nauc_map_at_3_max": 0.34121323858214087,
        "nauc_map_at_3_std": 0.40236872262055823,
        "nauc_map_at_5_diff1": 0.3058534263697291,
        "nauc_map_at_5_max": 0.3052297715804401,
        "nauc_map_at_5_std": 0.3968232231065435,
        "nauc_mrr_at_1000_diff1": 0.13762250567737228,
        "nauc_mrr_at_1000_max": 0.16285247678377365,
        "nauc_mrr_at_1000_std": 0.3937766240050158,
        "nauc_mrr_at_100_diff1": 0.15783580233973937,
        "nauc_mrr_at_100_max": 0.18104896817441032,
        "nauc_mrr_at_100_std": 0.3909602666702412,
        "nauc_mrr_at_10_diff1": 0.22578483023495605,
        "nauc_mrr_at_10_max": 0.23678239983702873,
        "nauc_mrr_at_10_std": 0.38530756980531616,
        "nauc_mrr_at_1_diff1": 0.37896963861125504,
        "nauc_mrr_at_1_max": 0.35795427756823844,
        "nauc_mrr_at_1_std": 0.42514054416125274,
        "nauc_mrr_at_20_diff1": 0.20212047887138654,
        "nauc_mrr_at_20_max": 0.22110929107844812,
        "nauc_mrr_at_20_std": 0.38390845944630075,
        "nauc_mrr_at_3_diff1": 0.2848277753422268,
        "nauc_mrr_at_3_max": 0.2925012739419523,
        "nauc_mrr_at_3_std": 0.3878506277548611,
        "nauc_mrr_at_5_diff1": 0.2630609404435433,
        "nauc_mrr_at_5_max": 0.26061980869106244,
        "nauc_mrr_at_5_std": 0.3839741464370125,
        "nauc_ndcg_at_1000_diff1": -0.08291959768670659,
        "nauc_ndcg_at_1000_max": -0.017427281229261415,
        "nauc_ndcg_at_1000_std": 0.44490420956139576,
        "nauc_ndcg_at_100_diff1": 0.004575777145604184,
        "nauc_ndcg_at_100_max": 0.06878247829235153,
        "nauc_ndcg_at_100_std": 0.4159999414744018,
        "nauc_ndcg_at_10_diff1": 0.19005148449981585,
        "nauc_ndcg_at_10_max": 0.22848984269167508,
        "nauc_ndcg_at_10_std": 0.3910699843894632,
        "nauc_ndcg_at_1_diff1": 0.37896963861125504,
        "nauc_ndcg_at_1_max": 0.35795427756823844,
        "nauc_ndcg_at_1_std": 0.42514054416125274,
        "nauc_ndcg_at_20_diff1": 0.13699866435632582,
        "nauc_ndcg_at_20_max": 0.20109626236002692,
        "nauc_ndcg_at_20_std": 0.38688519950292505,
        "nauc_ndcg_at_3_diff1": 0.27952614974493434,
        "nauc_ndcg_at_3_max": 0.30481072704953033,
        "nauc_ndcg_at_3_std": 0.38473157100149374,
        "nauc_ndcg_at_5_diff1": 0.25608806258642647,
        "nauc_ndcg_at_5_max": 0.2596697839629365,
        "nauc_ndcg_at_5_std": 0.38031959894232775,
        "nauc_precision_at_1000_diff1": -0.13977231851083657,
        "nauc_precision_at_1000_max": -0.1026833012755352,
        "nauc_precision_at_1000_std": 0.4457106606027619,
        "nauc_precision_at_100_diff1": -0.13334556367479544,
        "nauc_precision_at_100_max": -0.0696633203067145,
        "nauc_precision_at_100_std": 0.43846408816570615,
        "nauc_precision_at_10_diff1": 0.04557826301709045,
        "nauc_precision_at_10_max": 0.11812724587335827,
        "nauc_precision_at_10_std": 0.39711372309428716,
        "nauc_precision_at_1_diff1": 0.37896963861125504,
        "nauc_precision_at_1_max": 0.35795427756823844,
        "nauc_precision_at_1_std": 0.42514054416125274,
        "nauc_precision_at_20_diff1": -0.02258172818416777,
        "nauc_precision_at_20_max": 0.07109677613605671,
        "nauc_precision_at_20_std": 0.37894250889180375,
        "nauc_precision_at_3_diff1": 0.16820832964526555,
        "nauc_precision_at_3_max": 0.20858210170695266,
        "nauc_precision_at_3_std": 0.3606664967530954,
        "nauc_precision_at_5_diff1": 0.13997605871435567,
        "nauc_precision_at_5_max": 0.13052068195576477,
        "nauc_precision_at_5_std": 0.3538024571876,
        "nauc_recall_at_1000_diff1": -0.1361646720960324,
        "nauc_recall_at_1000_max": -0.05655485337399475,
        "nauc_recall_at_1000_std": 0.45141534973400455,
        "nauc_recall_at_100_diff1": -0.10344975205559181,
        "nauc_recall_at_100_max": -0.018411699778741544,
        "nauc_recall_at_100_std": 0.427201393993704,
        "nauc_recall_at_10_diff1": 0.10146331482696161,
        "nauc_recall_at_10_max": 0.17081539376933333,
        "nauc_recall_at_10_std": 0.3737848133942411,
        "nauc_recall_at_1_diff1": 0.46948178861091594,
        "nauc_recall_at_1_max": 0.41073221985325026,
        "nauc_recall_at_1_std": 0.44542983841362,
        "nauc_recall_at_20_diff1": 0.0322059605388212,
        "nauc_recall_at_20_max": 0.1464692410560468,
        "nauc_recall_at_20_std": 0.3746811208034548,
        "nauc_recall_at_3_diff1": 0.2187712198125417,
        "nauc_recall_at_3_max": 0.28465868916229864,
        "nauc_recall_at_3_std": 0.3664988948571411,
        "nauc_recall_at_5_diff1": 0.18684600166471582,
        "nauc_recall_at_5_max": 0.20355149439116169,
        "nauc_recall_at_5_std": 0.35293387445708624,
        "ndcg_at_1": 0.0033,
        "ndcg_at_10": 0.00592,
        "ndcg_at_100": 0.01208,
        "ndcg_at_1000": 0.03153,
        "ndcg_at_20": 0.00703,
        "ndcg_at_3": 0.00416,
        "ndcg_at_5": 0.00473,
        "precision_at_1": 0.0033,
        "precision_at_10": 0.00134,
        "precision_at_100": 0.00064,
        "precision_at_1000": 0.00033,
        "precision_at_20": 0.00101,
        "precision_at_3": 0.00204,
        "precision_at_5": 0.00165,
        "recall_at_1": 0.00277,
        "recall_at_10": 0.00939,
        "recall_at_100": 0.03802,
        "recall_at_1000": 0.1815,
        "recall_at_20": 0.01326,
        "recall_at_3": 0.00482,
        "recall_at_5": 0.00609
      }
    ]
  },
  "task_name": "CoconutRetrieval"
}