{
  "dataset_revision": "5d958fb6b31055495347724d46431ba41309b03a",
  "task_name": "ChemNQRetrieval",
  "mteb_version": "1.36.8",
  "scores": {
    "test": [
      {
        "ndcg_at_1": 0.2963,
        "ndcg_at_3": 0.279,
        "ndcg_at_5": 0.33338,
        "ndcg_at_10": 0.35065,
        "ndcg_at_20": 0.39714,
        "ndcg_at_100": 0.42544,
        "ndcg_at_1000": 0.45213,
        "map_at_1": 0.25926,
        "map_at_3": 0.26543,
        "map_at_5": 0.29414,
        "map_at_10": 0.29969,
        "map_at_20": 0.31461,
        "map_at_100": 0.32095,
        "map_at_1000": 0.32222,
        "recall_at_1": 0.25926,
        "recall_at_3": 0.27778,
        "recall_at_5": 0.40741,
        "recall_at_10": 0.46296,
        "recall_at_20": 0.62346,
        "recall_at_100": 0.75309,
        "recall_at_1000": 0.95062,
        "precision_at_1": 0.2963,
        "precision_at_3": 0.11111,
        "precision_at_5": 0.0963,
        "precision_at_10": 0.05556,
        "precision_at_20": 0.04074,
        "precision_at_100": 0.01,
        "precision_at_1000": 0.00122,
        "mrr_at_1": 0.296296,
        "mrr_at_3": 0.308642,
        "mrr_at_5": 0.341975,
        "mrr_at_10": 0.349383,
        "mrr_at_20": 0.360537,
        "mrr_at_100": 0.362445,
        "mrr_at_1000": 0.3635,
        "nauc_ndcg_at_1_max": 0.258919,
        "nauc_ndcg_at_1_std": 0.100956,
        "nauc_ndcg_at_1_diff1": 0.10597,
        "nauc_ndcg_at_3_max": 0.229778,
        "nauc_ndcg_at_3_std": 0.145975,
        "nauc_ndcg_at_3_diff1": 0.105986,
        "nauc_ndcg_at_5_max": 0.244701,
        "nauc_ndcg_at_5_std": 0.145797,
        "nauc_ndcg_at_5_diff1": 0.15922,
        "nauc_ndcg_at_10_max": 0.249687,
        "nauc_ndcg_at_10_std": 0.128412,
        "nauc_ndcg_at_10_diff1": 0.199121,
        "nauc_ndcg_at_20_max": 0.240713,
        "nauc_ndcg_at_20_std": 0.138833,
        "nauc_ndcg_at_20_diff1": 0.171437,
        "nauc_ndcg_at_100_max": 0.288495,
        "nauc_ndcg_at_100_std": 0.150298,
        "nauc_ndcg_at_100_diff1": 0.178822,
        "nauc_ndcg_at_1000_max": 0.280346,
        "nauc_ndcg_at_1000_std": 0.157142,
        "nauc_ndcg_at_1000_diff1": 0.163025,
        "nauc_map_at_1_max": 0.238669,
        "nauc_map_at_1_std": 0.106603,
        "nauc_map_at_1_diff1": 0.111944,
        "nauc_map_at_3_max": 0.231105,
        "nauc_map_at_3_std": 0.129119,
        "nauc_map_at_3_diff1": 0.109428,
        "nauc_map_at_5_max": 0.238683,
        "nauc_map_at_5_std": 0.130328,
        "nauc_map_at_5_diff1": 0.136853,
        "nauc_map_at_10_max": 0.238782,
        "nauc_map_at_10_std": 0.123901,
        "nauc_map_at_10_diff1": 0.15077,
        "nauc_map_at_20_max": 0.2382,
        "nauc_map_at_20_std": 0.130266,
        "nauc_map_at_20_diff1": 0.143688,
        "nauc_map_at_100_max": 0.24441,
        "nauc_map_at_100_std": 0.127094,
        "nauc_map_at_100_diff1": 0.139863,
        "nauc_map_at_1000_max": 0.244605,
        "nauc_map_at_1000_std": 0.128257,
        "nauc_map_at_1000_diff1": 0.139582,
        "nauc_recall_at_1_max": 0.238669,
        "nauc_recall_at_1_std": 0.106603,
        "nauc_recall_at_1_diff1": 0.111944,
        "nauc_recall_at_3_max": 0.216129,
        "nauc_recall_at_3_std": 0.173707,
        "nauc_recall_at_3_diff1": 0.104447,
        "nauc_recall_at_5_max": 0.229034,
        "nauc_recall_at_5_std": 0.172355,
        "nauc_recall_at_5_diff1": 0.240208,
        "nauc_recall_at_10_max": 0.222858,
        "nauc_recall_at_10_std": 0.109118,
        "nauc_recall_at_10_diff1": 0.370778,
        "nauc_recall_at_20_max": 0.178761,
        "nauc_recall_at_20_std": 0.140624,
        "nauc_recall_at_20_diff1": 0.311915,
        "nauc_recall_at_100_max": 0.542942,
        "nauc_recall_at_100_std": 0.309632,
        "nauc_recall_at_100_diff1": 0.504869,
        "nauc_recall_at_1000_max": 0.839387,
        "nauc_recall_at_1000_std": 0.839387,
        "nauc_recall_at_1000_diff1": 0.792447,
        "nauc_precision_at_1_max": 0.258919,
        "nauc_precision_at_1_std": 0.100956,
        "nauc_precision_at_1_diff1": 0.10597,
        "nauc_precision_at_3_max": 0.216592,
        "nauc_precision_at_3_std": 0.22596,
        "nauc_precision_at_3_diff1": 0.092126,
        "nauc_precision_at_5_max": 0.27249,
        "nauc_precision_at_5_std": 0.205887,
        "nauc_precision_at_5_diff1": 0.215111,
        "nauc_precision_at_10_max": 0.348576,
        "nauc_precision_at_10_std": 0.161046,
        "nauc_precision_at_10_diff1": 0.354911,
        "nauc_precision_at_20_max": 0.209871,
        "nauc_precision_at_20_std": 0.17225,
        "nauc_precision_at_20_diff1": 0.075128,
        "nauc_precision_at_100_max": 0.362305,
        "nauc_precision_at_100_std": 0.170716,
        "nauc_precision_at_100_diff1": 0.065712,
        "nauc_precision_at_1000_max": 0.266454,
        "nauc_precision_at_1000_std": 0.140507,
        "nauc_precision_at_1000_diff1": -0.175155,
        "nauc_mrr_at_1_max": 0.258919,
        "nauc_mrr_at_1_std": 0.100956,
        "nauc_mrr_at_1_diff1": 0.10597,
        "nauc_mrr_at_3_max": 0.244634,
        "nauc_mrr_at_3_std": 0.143142,
        "nauc_mrr_at_3_diff1": 0.101298,
        "nauc_mrr_at_5_max": 0.259481,
        "nauc_mrr_at_5_std": 0.136982,
        "nauc_mrr_at_5_diff1": 0.122416,
        "nauc_mrr_at_10_max": 0.26663,
        "nauc_mrr_at_10_std": 0.132185,
        "nauc_mrr_at_10_diff1": 0.135027,
        "nauc_mrr_at_20_max": 0.260842,
        "nauc_mrr_at_20_std": 0.126828,
        "nauc_mrr_at_20_diff1": 0.12378,
        "nauc_mrr_at_100_max": 0.26332,
        "nauc_mrr_at_100_std": 0.128762,
        "nauc_mrr_at_100_diff1": 0.125096,
        "nauc_mrr_at_1000_max": 0.263667,
        "nauc_mrr_at_1000_std": 0.130031,
        "nauc_mrr_at_1000_diff1": 0.125356,
        "main_score": 0.35065,
        "hf_subset": "default",
        "languages": [
          "eng-Latn"
        ]
      }
    ]
  },
  "evaluation_time": 36.38277077674866,
  "kg_co2_emissions": null
}