{
  "dataset_revision": "831d292c3959eae59e4f89b8758738feee97d6cf",
  "task_name": "CoconutRetrieval",
  "mteb_version": "1.36.8",
  "scores": {
    "test": [
      {
        "ndcg_at_1": 0.00283,
        "ndcg_at_3": 0.0036,
        "ndcg_at_5": 0.00414,
        "ndcg_at_10": 0.00497,
        "ndcg_at_20": 0.00594,
        "ndcg_at_100": 0.00896,
        "ndcg_at_1000": 0.02148,
        "map_at_1": 0.00243,
        "map_at_3": 0.00321,
        "map_at_5": 0.00351,
        "map_at_10": 0.00386,
        "map_at_20": 0.00415,
        "map_at_100": 0.00451,
        "map_at_1000": 0.00483,
        "recall_at_1": 0.00243,
        "recall_at_3": 0.00429,
        "recall_at_5": 0.00551,
        "recall_at_10": 0.00779,
        "recall_at_20": 0.01121,
        "recall_at_100": 0.02674,
        "recall_at_1000": 0.11984,
        "precision_at_1": 0.00283,
        "precision_at_3": 0.00177,
        "precision_at_5": 0.00141,
        "precision_at_10": 0.00108,
        "precision_at_20": 0.00082,
        "precision_at_100": 0.0004,
        "precision_at_1000": 0.00021,
        "mrr_at_1": 0.002826,
        "mrr_at_3": 0.00363,
        "mrr_at_5": 0.003966,
        "mrr_at_10": 0.00436,
        "mrr_at_20": 0.004626,
        "mrr_at_100": 0.00503,
        "mrr_at_1000": 0.005393,
        "nauc_ndcg_at_1_max": 0.250519,
        "nauc_ndcg_at_1_std": 0.515537,
        "nauc_ndcg_at_1_diff1": 0.554485,
        "nauc_ndcg_at_3_max": 0.2127,
        "nauc_ndcg_at_3_std": 0.428289,
        "nauc_ndcg_at_3_diff1": 0.437571,
        "nauc_ndcg_at_5_max": 0.213834,
        "nauc_ndcg_at_5_std": 0.425144,
        "nauc_ndcg_at_5_diff1": 0.36518,
        "nauc_ndcg_at_10_max": 0.225906,
        "nauc_ndcg_at_10_std": 0.384594,
        "nauc_ndcg_at_10_diff1": 0.322206,
        "nauc_ndcg_at_20_max": 0.251849,
        "nauc_ndcg_at_20_std": 0.372809,
        "nauc_ndcg_at_20_diff1": 0.271425,
        "nauc_ndcg_at_100_max": 0.305749,
        "nauc_ndcg_at_100_std": 0.396784,
        "nauc_ndcg_at_100_diff1": 0.153886,
        "nauc_ndcg_at_1000_max": 0.291861,
        "nauc_ndcg_at_1000_std": 0.308586,
        "nauc_ndcg_at_1000_diff1": 0.06776,
        "nauc_map_at_1_max": 0.22479,
        "nauc_map_at_1_std": 0.461939,
        "nauc_map_at_1_diff1": 0.601953,
        "nauc_map_at_3_max": 0.219554,
        "nauc_map_at_3_std": 0.437508,
        "nauc_map_at_3_diff1": 0.483576,
        "nauc_map_at_5_max": 0.21517,
        "nauc_map_at_5_std": 0.432393,
        "nauc_map_at_5_diff1": 0.430938,
        "nauc_map_at_10_max": 0.224757,
        "nauc_map_at_10_std": 0.415425,
        "nauc_map_at_10_diff1": 0.397414,
        "nauc_map_at_20_max": 0.233385,
        "nauc_map_at_20_std": 0.405399,
        "nauc_map_at_20_diff1": 0.372179,
        "nauc_map_at_100_max": 0.24553,
        "nauc_map_at_100_std": 0.409038,
        "nauc_map_at_100_diff1": 0.33553,
        "nauc_map_at_1000_max": 0.250209,
        "nauc_map_at_1000_std": 0.400138,
        "nauc_map_at_1000_diff1": 0.313459,
        "nauc_recall_at_1_max": 0.22479,
        "nauc_recall_at_1_std": 0.461939,
        "nauc_recall_at_1_diff1": 0.601953,
        "nauc_recall_at_3_max": 0.185528,
        "nauc_recall_at_3_std": 0.389826,
        "nauc_recall_at_3_diff1": 0.373794,
        "nauc_recall_at_5_max": 0.203908,
        "nauc_recall_at_5_std": 0.400805,
        "nauc_recall_at_5_diff1": 0.273466,
        "nauc_recall_at_10_max": 0.221637,
        "nauc_recall_at_10_std": 0.332797,
        "nauc_recall_at_10_diff1": 0.231253,
        "nauc_recall_at_20_max": 0.27607,
        "nauc_recall_at_20_std": 0.332576,
        "nauc_recall_at_20_diff1": 0.162895,
        "nauc_recall_at_100_max": 0.359752,
        "nauc_recall_at_100_std": 0.401301,
        "nauc_recall_at_100_diff1": 0.02174,
        "nauc_recall_at_1000_max": 0.295029,
        "nauc_recall_at_1000_std": 0.273813,
        "nauc_recall_at_1000_diff1": 0.005544,
        "nauc_precision_at_1_max": 0.250519,
        "nauc_precision_at_1_std": 0.515537,
        "nauc_precision_at_1_diff1": 0.554485,
        "nauc_precision_at_3_max": 0.231371,
        "nauc_precision_at_3_std": 0.438689,
        "nauc_precision_at_3_diff1": 0.320241,
        "nauc_precision_at_5_max": 0.228172,
        "nauc_precision_at_5_std": 0.422822,
        "nauc_precision_at_5_diff1": 0.20762,
        "nauc_precision_at_10_max": 0.269362,
        "nauc_precision_at_10_std": 0.350762,
        "nauc_precision_at_10_diff1": 0.168983,
        "nauc_precision_at_20_max": 0.299643,
        "nauc_precision_at_20_std": 0.337807,
        "nauc_precision_at_20_diff1": 0.117695,
        "nauc_precision_at_100_max": 0.363797,
        "nauc_precision_at_100_std": 0.385585,
        "nauc_precision_at_100_diff1": 0.005477,
        "nauc_precision_at_1000_max": 0.281578,
        "nauc_precision_at_1000_std": 0.254641,
        "nauc_precision_at_1000_diff1": 0.004852,
        "nauc_mrr_at_1_max": 0.250519,
        "nauc_mrr_at_1_std": 0.515537,
        "nauc_mrr_at_1_diff1": 0.554485,
        "nauc_mrr_at_3_max": 0.227644,
        "nauc_mrr_at_3_std": 0.458356,
        "nauc_mrr_at_3_diff1": 0.43509,
        "nauc_mrr_at_5_max": 0.229294,
        "nauc_mrr_at_5_std": 0.454662,
        "nauc_mrr_at_5_diff1": 0.387566,
        "nauc_mrr_at_10_max": 0.23281,
        "nauc_mrr_at_10_std": 0.422638,
        "nauc_mrr_at_10_diff1": 0.364364,
        "nauc_mrr_at_20_max": 0.241813,
        "nauc_mrr_at_20_std": 0.415548,
        "nauc_mrr_at_20_diff1": 0.342454,
        "nauc_mrr_at_100_max": 0.255719,
        "nauc_mrr_at_100_std": 0.417385,
        "nauc_mrr_at_100_diff1": 0.309373,
        "nauc_mrr_at_1000_max": 0.25827,
        "nauc_mrr_at_1000_std": 0.406388,
        "nauc_mrr_at_1000_diff1": 0.289969,
        "main_score": 0.00497,
        "hf_subset": "default",
        "languages": [
          "eng-Latn"
        ]
      }
    ]
  },
  "evaluation_time": 29.291622400283813,
  "kg_co2_emissions": null
}