{
  "dataset_revision": "main",
  "task_name": "FSUChemRxivQest",
  "mteb_version": "0.1",
  "scores": {
    "test": [
      {
        "ndcg_at_1": 0.21215,
        "ndcg_at_3": 0.24747,
        "ndcg_at_5": 0.2856,
        "ndcg_at_10": 0.32287,
        "ndcg_at_20": 0.35408,
        "ndcg_at_100": 0.39758,
        "ndcg_at_1000": 0.41518,
        "map_at_1": 0.14092,
        "map_at_3": 0.20614,
        "map_at_5": 0.22744,
        "map_at_10": 0.24415,
        "map_at_20": 0.25373,
        "map_at_100": 0.26105,
        "map_at_1000": 0.26191,
        "recall_at_1": 0.14092,
        "recall_at_3": 0.2803,
        "recall_at_5": 0.36371,
        "recall_at_10": 0.4667,
        "recall_at_20": 0.57501,
        "recall_at_100": 0.77944,
        "recall_at_1000": 0.89924,
        "precision_at_1": 0.21215,
        "precision_at_3": 0.14109,
        "precision_at_5": 0.10958,
        "precision_at_10": 0.07085,
        "precision_at_20": 0.04423,
        "precision_at_100": 0.0122,
        "precision_at_1000": 0.00143,
        "mrr_at_1": 0.212152,
        "mrr_at_3": 0.295743,
        "mrr_at_5": 0.319533,
        "mrr_at_10": 0.334181,
        "mrr_at_20": 0.342162,
        "mrr_at_100": 0.346711,
        "mrr_at_1000": 0.347022,
        "nauc_ndcg_at_1_max": 0.081149,
        "nauc_ndcg_at_1_std": -0.128979,
        "nauc_ndcg_at_1_diff1": 0.275951,
        "nauc_ndcg_at_3_max": 0.080433,
        "nauc_ndcg_at_3_std": -0.117217,
        "nauc_ndcg_at_3_diff1": 0.236854,
        "nauc_ndcg_at_5_max": 0.084824,
        "nauc_ndcg_at_5_std": -0.10926,
        "nauc_ndcg_at_5_diff1": 0.22243,
        "nauc_ndcg_at_10_max": 0.079761,
        "nauc_ndcg_at_10_std": -0.099426,
        "nauc_ndcg_at_10_diff1": 0.209536,
        "nauc_ndcg_at_20_max": 0.091631,
        "nauc_ndcg_at_20_std": -0.08385,
        "nauc_ndcg_at_20_diff1": 0.20995,
        "nauc_ndcg_at_100_max": 0.109846,
        "nauc_ndcg_at_100_std": -0.047606,
        "nauc_ndcg_at_100_diff1": 0.20493,
        "nauc_ndcg_at_1000_max": 0.106806,
        "nauc_ndcg_at_1000_std": -0.057751,
        "nauc_ndcg_at_1000_diff1": 0.209482,
        "nauc_map_at_1_max": 0.059586,
        "nauc_map_at_1_std": -0.113062,
        "nauc_map_at_1_diff1": 0.271505,
        "nauc_map_at_3_max": 0.070445,
        "nauc_map_at_3_std": -0.112527,
        "nauc_map_at_3_diff1": 0.238432,
        "nauc_map_at_5_max": 0.074227,
        "nauc_map_at_5_std": -0.108914,
        "nauc_map_at_5_diff1": 0.231285,
        "nauc_map_at_10_max": 0.072699,
        "nauc_map_at_10_std": -0.104273,
        "nauc_map_at_10_diff1": 0.223875,
        "nauc_map_at_20_max": 0.076495,
        "nauc_map_at_20_std": -0.100674,
        "nauc_map_at_20_diff1": 0.225007,
        "nauc_map_at_100_max": 0.080933,
        "nauc_map_at_100_std": -0.093038,
        "nauc_map_at_100_diff1": 0.223814,
        "nauc_map_at_1000_max": 0.080781,
        "nauc_map_at_1000_std": -0.093417,
        "nauc_map_at_1000_diff1": 0.224044,
        "nauc_recall_at_1_max": 0.059586,
        "nauc_recall_at_1_std": -0.113062,
        "nauc_recall_at_1_diff1": 0.271505,
        "nauc_recall_at_3_max": 0.075813,
        "nauc_recall_at_3_std": -0.105716,
        "nauc_recall_at_3_diff1": 0.195796,
        "nauc_recall_at_5_max": 0.077317,
        "nauc_recall_at_5_std": -0.086051,
        "nauc_recall_at_5_diff1": 0.155653,
        "nauc_recall_at_10_max": 0.056061,
        "nauc_recall_at_10_std": -0.059793,
        "nauc_recall_at_10_diff1": 0.116252,
        "nauc_recall_at_20_max": 0.083868,
        "nauc_recall_at_20_std": -0.003069,
        "nauc_recall_at_20_diff1": 0.095411,
        "nauc_recall_at_100_max": 0.178247,
        "nauc_recall_at_100_std": 0.242287,
        "nauc_recall_at_100_diff1": 0.005419,
        "nauc_recall_at_1000_max": 0.208636,
        "nauc_recall_at_1000_std": 0.338087,
        "nauc_recall_at_1000_diff1": -0.083762,
        "nauc_precision_at_1_max": 0.081149,
        "nauc_precision_at_1_std": -0.128979,
        "nauc_precision_at_1_diff1": 0.275951,
        "nauc_precision_at_3_max": 0.110524,
        "nauc_precision_at_3_std": -0.1281,
        "nauc_precision_at_3_diff1": 0.229383,
        "nauc_precision_at_5_max": 0.126644,
        "nauc_precision_at_5_std": -0.110478,
        "nauc_precision_at_5_diff1": 0.202125,
        "nauc_precision_at_10_max": 0.106112,
        "nauc_precision_at_10_std": -0.063095,
        "nauc_precision_at_10_diff1": 0.134456,
        "nauc_precision_at_20_max": 0.139337,
        "nauc_precision_at_20_std": -0.001828,
        "nauc_precision_at_20_diff1": 0.115919,
        "nauc_precision_at_100_max": 0.189748,
        "nauc_precision_at_100_std": 0.176918,
        "nauc_precision_at_100_diff1": 0.03751,
        "nauc_precision_at_1000_max": 0.173771,
        "nauc_precision_at_1000_std": 0.141717,
        "nauc_precision_at_1000_diff1": 0.034101,
        "nauc_mrr_at_1_max": 0.081149,
        "nauc_mrr_at_1_std": -0.128979,
        "nauc_mrr_at_1_diff1": 0.275951,
        "nauc_mrr_at_3_max": 0.09417,
        "nauc_mrr_at_3_std": -0.127325,
        "nauc_mrr_at_3_diff1": 0.257981,
        "nauc_mrr_at_5_max": 0.096084,
        "nauc_mrr_at_5_std": -0.121163,
        "nauc_mrr_at_5_diff1": 0.250132,
        "nauc_mrr_at_10_max": 0.093963,
        "nauc_mrr_at_10_std": -0.117059,
        "nauc_mrr_at_10_diff1": 0.246435,
        "nauc_mrr_at_20_max": 0.096815,
        "nauc_mrr_at_20_std": -0.112596,
        "nauc_mrr_at_20_diff1": 0.246977,
        "nauc_mrr_at_100_max": 0.096741,
        "nauc_mrr_at_100_std": -0.112187,
        "nauc_mrr_at_100_diff1": 0.247311,
        "nauc_mrr_at_1000_max": 0.096705,
        "nauc_mrr_at_1000_std": -0.112377,
        "nauc_mrr_at_1000_diff1": 0.24743,
        "main_score": 0.32287,
        "hf_subset": "default",
        "languages": [
          "eng-Latn"
        ]
      }
    ]
  },
  "evaluation_time": 55.30608320236206,
  "kg_co2_emissions": null
}