{
  "dataset_revision": "1840e8a5ac6ec752bbdd97d543ead0189bc7c25b",
  "task_name": "ChemHotpotQARetrieval",
  "mteb_version": "1.36.8",
  "scores": {
    "train": [
      {
        "ndcg_at_1": 0.07222,
        "ndcg_at_3": 0.09603,
        "ndcg_at_5": 0.10658,
        "ndcg_at_10": 0.11883,
        "ndcg_at_20": 0.1311,
        "ndcg_at_100": 0.15644,
        "ndcg_at_1000": 0.19886,
        "map_at_1": 0.07222,
        "map_at_3": 0.09074,
        "map_at_5": 0.09644,
        "map_at_10": 0.10131,
        "map_at_20": 0.10473,
        "map_at_100": 0.10788,
        "map_at_1000": 0.10924,
        "recall_at_1": 0.07222,
        "recall_at_3": 0.11111,
        "recall_at_5": 0.13611,
        "recall_at_10": 0.175,
        "recall_at_20": 0.22222,
        "recall_at_100": 0.36111,
        "recall_at_1000": 0.70833,
        "precision_at_1": 0.07222,
        "precision_at_3": 0.03704,
        "precision_at_5": 0.02778,
        "precision_at_10": 0.01778,
        "precision_at_20": 0.01139,
        "precision_at_100": 0.00378,
        "precision_at_1000": 0.00073,
        "mrr_at_1": 0.072222,
        "mrr_at_3": 0.090741,
        "mrr_at_5": 0.09713,
        "mrr_at_10": 0.102004,
        "mrr_at_20": 0.105605,
        "mrr_at_100": 0.108918,
        "mrr_at_1000": 0.110263,
        "nauc_ndcg_at_1_max": 0.280407,
        "nauc_ndcg_at_1_std": 0.053291,
        "nauc_ndcg_at_1_diff1": 0.735114,
        "nauc_ndcg_at_3_max": 0.183123,
        "nauc_ndcg_at_3_std": 0.003504,
        "nauc_ndcg_at_3_diff1": 0.596451,
        "nauc_ndcg_at_5_max": 0.18322,
        "nauc_ndcg_at_5_std": 0.014238,
        "nauc_ndcg_at_5_diff1": 0.55069,
        "nauc_ndcg_at_10_max": 0.167679,
        "nauc_ndcg_at_10_std": 0.041527,
        "nauc_ndcg_at_10_diff1": 0.490802,
        "nauc_ndcg_at_20_max": 0.16753,
        "nauc_ndcg_at_20_std": 0.035606,
        "nauc_ndcg_at_20_diff1": 0.467902,
        "nauc_ndcg_at_100_max": 0.155712,
        "nauc_ndcg_at_100_std": 0.044693,
        "nauc_ndcg_at_100_diff1": 0.444831,
        "nauc_ndcg_at_1000_max": 0.145949,
        "nauc_ndcg_at_1000_std": 0.045079,
        "nauc_ndcg_at_1000_diff1": 0.430507,
        "nauc_map_at_1_max": 0.280407,
        "nauc_map_at_1_std": 0.053291,
        "nauc_map_at_1_diff1": 0.735114,
        "nauc_map_at_3_max": 0.198679,
        "nauc_map_at_3_std": 0.010612,
        "nauc_map_at_3_diff1": 0.618709,
        "nauc_map_at_5_max": 0.197047,
        "nauc_map_at_5_std": 0.018646,
        "nauc_map_at_5_diff1": 0.589265,
        "nauc_map_at_10_max": 0.187204,
        "nauc_map_at_10_std": 0.030439,
        "nauc_map_at_10_diff1": 0.560412,
        "nauc_map_at_20_max": 0.185139,
        "nauc_map_at_20_std": 0.028081,
        "nauc_map_at_20_diff1": 0.552309,
        "nauc_map_at_100_max": 0.181912,
        "nauc_map_at_100_std": 0.029066,
        "nauc_map_at_100_diff1": 0.549387,
        "nauc_map_at_1000_max": 0.181242,
        "nauc_map_at_1000_std": 0.029207,
        "nauc_map_at_1000_diff1": 0.548612,
        "nauc_recall_at_1_max": 0.280407,
        "nauc_recall_at_1_std": 0.053291,
        "nauc_recall_at_1_diff1": 0.735114,
        "nauc_recall_at_3_max": 0.147015,
        "nauc_recall_at_3_std": -0.012635,
        "nauc_recall_at_3_diff1": 0.544751,
        "nauc_recall_at_5_max": 0.149739,
        "nauc_recall_at_5_std": 0.007116,
        "nauc_recall_at_5_diff1": 0.457974,
        "nauc_recall_at_10_max": 0.127935,
        "nauc_recall_at_10_std": 0.072592,
        "nauc_recall_at_10_diff1": 0.337338,
        "nauc_recall_at_20_max": 0.135884,
        "nauc_recall_at_20_std": 0.05772,
        "nauc_recall_at_20_diff1": 0.297313,
        "nauc_recall_at_100_max": 0.113876,
        "nauc_recall_at_100_std": 0.086307,
        "nauc_recall_at_100_diff1": 0.237048,
        "nauc_recall_at_1000_max": 0.042629,
        "nauc_recall_at_1000_std": 0.096493,
        "nauc_recall_at_1000_diff1": 0.060545,
        "nauc_precision_at_1_max": 0.280407,
        "nauc_precision_at_1_std": 0.053291,
        "nauc_precision_at_1_diff1": 0.735114,
        "nauc_precision_at_3_max": 0.147015,
        "nauc_precision_at_3_std": -0.012635,
        "nauc_precision_at_3_diff1": 0.544751,
        "nauc_precision_at_5_max": 0.162172,
        "nauc_precision_at_5_std": 0.002466,
        "nauc_precision_at_5_diff1": 0.473369,
        "nauc_precision_at_10_max": 0.13852,
        "nauc_precision_at_10_std": 0.067937,
        "nauc_precision_at_10_diff1": 0.35158,
        "nauc_precision_at_20_max": 0.155479,
        "nauc_precision_at_20_std": 0.047283,
        "nauc_precision_at_20_diff1": 0.302194,
        "nauc_precision_at_100_max": 0.114927,
        "nauc_precision_at_100_std": 0.076011,
        "nauc_precision_at_100_diff1": 0.236445,
        "nauc_precision_at_1000_max": 0.041547,
        "nauc_precision_at_1000_std": 0.076246,
        "nauc_precision_at_1000_diff1": 0.05342,
        "nauc_mrr_at_1_max": 0.280407,
        "nauc_mrr_at_1_std": 0.053291,
        "nauc_mrr_at_1_diff1": 0.735114,
        "nauc_mrr_at_3_max": 0.198679,
        "nauc_mrr_at_3_std": 0.010612,
        "nauc_mrr_at_3_diff1": 0.618709,
        "nauc_mrr_at_5_max": 0.200998,
        "nauc_mrr_at_5_std": 0.017025,
        "nauc_mrr_at_5_diff1": 0.5938,
        "nauc_mrr_at_10_max": 0.19107,
        "nauc_mrr_at_10_std": 0.028815,
        "nauc_mrr_at_10_diff1": 0.564933,
        "nauc_mrr_at_20_max": 0.190077,
        "nauc_mrr_at_20_std": 0.025701,
        "nauc_mrr_at_20_diff1": 0.555508,
        "nauc_mrr_at_100_max": 0.186594,
        "nauc_mrr_at_100_std": 0.027713,
        "nauc_mrr_at_100_diff1": 0.552928,
        "nauc_mrr_at_1000_max": 0.185954,
        "nauc_mrr_at_1000_std": 0.027942,
        "nauc_mrr_at_1000_diff1": 0.552304,
        "main_score": 0.11883,
        "hf_subset": "default",
        "languages": [
          "eng-Latn"
        ]
      }
    ],
    "dev": [
      {
        "ndcg_at_1": 0.0,
        "ndcg_at_3": 0.07887,
        "ndcg_at_5": 0.07887,
        "ndcg_at_10": 0.11649,
        "ndcg_at_20": 0.14542,
        "ndcg_at_100": 0.18727,
        "ndcg_at_1000": 0.18727,
        "map_at_1": 0.0,
        "map_at_3": 0.0625,
        "map_at_5": 0.0625,
        "map_at_10": 0.07639,
        "map_at_20": 0.08297,
        "map_at_100": 0.08712,
        "map_at_1000": 0.08712,
        "recall_at_1": 0.0,
        "recall_at_3": 0.125,
        "recall_at_5": 0.125,
        "recall_at_10": 0.25,
        "recall_at_20": 0.375,
        "recall_at_100": 0.625,
        "recall_at_1000": 0.625,
        "precision_at_1": 0.0,
        "precision_at_3": 0.04167,
        "precision_at_5": 0.025,
        "precision_at_10": 0.025,
        "precision_at_20": 0.01875,
        "precision_at_100": 0.00625,
        "precision_at_1000": 0.00063,
        "mrr_at_1": 0.0,
        "mrr_at_3": 0.0625,
        "mrr_at_5": 0.0625,
        "mrr_at_10": 0.076389,
        "mrr_at_20": 0.082968,
        "mrr_at_100": 0.087122,
        "mrr_at_1000": 0.087122,
        "nauc_ndcg_at_1_max": NaN,
        "nauc_ndcg_at_1_std": NaN,
        "nauc_ndcg_at_1_diff1": NaN,
        "nauc_ndcg_at_3_max": -0.626096,
        "nauc_ndcg_at_3_std": -0.080323,
        "nauc_ndcg_at_3_diff1": 0.1161,
        "nauc_ndcg_at_5_max": -0.626096,
        "nauc_ndcg_at_5_std": -0.080323,
        "nauc_ndcg_at_5_diff1": 0.1161,
        "nauc_ndcg_at_10_max": -0.549707,
        "nauc_ndcg_at_10_std": 0.191705,
        "nauc_ndcg_at_10_diff1": 0.338668,
        "nauc_ndcg_at_20_max": -0.554095,
        "nauc_ndcg_at_20_std": 0.0193,
        "nauc_ndcg_at_20_diff1": 0.236342,
        "nauc_ndcg_at_100_max": -0.498073,
        "nauc_ndcg_at_100_std": -0.141401,
        "nauc_ndcg_at_100_diff1": 0.011013,
        "nauc_ndcg_at_1000_max": -0.498073,
        "nauc_ndcg_at_1000_std": -0.141401,
        "nauc_ndcg_at_1000_diff1": 0.011013,
        "nauc_map_at_1_max": NaN,
        "nauc_map_at_1_std": NaN,
        "nauc_map_at_1_diff1": NaN,