{
  "dataset_revision": "831d292c3959eae59e4f89b8758738feee97d6cf",
  "task_name": "CoconutRetrieval",
  "mteb_version": "1.36.8",
  "scores": {
    "test": [
      {
        "ndcg_at_1": 0.00059,
        "ndcg_at_3": 0.00085,
        "ndcg_at_5": 0.00093,
        "ndcg_at_10": 0.00145,
        "ndcg_at_20": 0.00195,
        "ndcg_at_100": 0.00352,
        "ndcg_at_1000": 0.01166,
        "map_at_1": 0.00049,
        "map_at_3": 0.00074,
        "map_at_5": 0.00078,
        "map_at_10": 0.001,
        "map_at_20": 0.00113,
        "map_at_100": 0.00132,
        "map_at_1000": 0.00152,
        "recall_at_1": 0.00049,
        "recall_at_3": 0.00102,
        "recall_at_5": 0.00124,
        "recall_at_10": 0.00274,
        "recall_at_20": 0.0046,
        "recall_at_100": 0.01261,
        "recall_at_1000": 0.07544,
        "precision_at_1": 0.00059,
        "precision_at_3": 0.00039,
        "precision_at_5": 0.00031,
        "precision_at_10": 0.00034,
        "precision_at_20": 0.00029,
        "precision_at_100": 0.00019,
        "precision_at_1000": 0.00012,
        "mrr_at_1": 0.000589,
        "mrr_at_3": 0.000863,
        "mrr_at_5": 0.000934,
        "mrr_at_10": 0.001155,
        "mrr_at_20": 0.0013,
        "mrr_at_100": 0.001509,
        "mrr_at_1000": 0.001711,
        "nauc_ndcg_at_1_max": -0.277273,
        "nauc_ndcg_at_1_std": 0.470942,
        "nauc_ndcg_at_1_diff1": 0.190857,
        "nauc_ndcg_at_3_max": -0.217551,
        "nauc_ndcg_at_3_std": 0.522473,
        "nauc_ndcg_at_3_diff1": 0.207185,
        "nauc_ndcg_at_5_max": -0.207767,
        "nauc_ndcg_at_5_std": 0.542937,
        "nauc_ndcg_at_5_diff1": 0.147666,
        "nauc_ndcg_at_10_max": -0.036251,
        "nauc_ndcg_at_10_std": 0.611131,
        "nauc_ndcg_at_10_diff1": 0.081596,
        "nauc_ndcg_at_20_max": 0.034683,
        "nauc_ndcg_at_20_std": 0.567311,
        "nauc_ndcg_at_20_diff1": 0.033092,
        "nauc_ndcg_at_100_max": 0.074332,
        "nauc_ndcg_at_100_std": 0.416478,
        "nauc_ndcg_at_100_diff1": 0.016503,
        "nauc_ndcg_at_1000_max": 0.139983,
        "nauc_ndcg_at_1000_std": 0.168494,
        "nauc_ndcg_at_1000_diff1": 0.007228,
        "nauc_map_at_1_max": -0.316642,
        "nauc_map_at_1_std": 0.370169,
        "nauc_map_at_1_diff1": 0.287872,
        "nauc_map_at_3_max": -0.246415,
        "nauc_map_at_3_std": 0.48812,
        "nauc_map_at_3_diff1": 0.229272,
        "nauc_map_at_5_max": -0.240561,
        "nauc_map_at_5_std": 0.506176,
        "nauc_map_at_5_diff1": 0.191055,
        "nauc_map_at_10_max": -0.128291,
        "nauc_map_at_10_std": 0.554883,
        "nauc_map_at_10_diff1": 0.148142,
        "nauc_map_at_20_max": -0.080884,
        "nauc_map_at_20_std": 0.546991,
        "nauc_map_at_20_diff1": 0.117129,
        "nauc_map_at_100_max": -0.054573,
        "nauc_map_at_100_std": 0.504953,
        "nauc_map_at_100_diff1": 0.099722,
        "nauc_map_at_1000_max": -0.026039,
        "nauc_map_at_1000_std": 0.453761,
        "nauc_map_at_1000_diff1": 0.084598,
        "nauc_recall_at_1_max": -0.316642,
        "nauc_recall_at_1_std": 0.370169,
        "nauc_recall_at_1_diff1": 0.287872,
        "nauc_recall_at_3_max": -0.177714,
        "nauc_recall_at_3_std": 0.518475,
        "nauc_recall_at_3_diff1": 0.230512,
        "nauc_recall_at_5_max": -0.171192,
        "nauc_recall_at_5_std": 0.570188,
        "nauc_recall_at_5_diff1": 0.109657,
        "nauc_recall_at_10_max": 0.071769,
        "nauc_recall_at_10_std": 0.658257,
        "nauc_recall_at_10_diff1": 0.025133,
        "nauc_recall_at_20_max": 0.145774,
        "nauc_recall_at_20_std": 0.573044,
        "nauc_recall_at_20_diff1": -0.027894,
        "nauc_recall_at_100_max": 0.131112,
        "nauc_recall_at_100_std": 0.357085,
        "nauc_recall_at_100_diff1": -0.010088,
        "nauc_recall_at_1000_max": 0.157604,
        "nauc_recall_at_1000_std": 0.103579,
        "nauc_recall_at_1000_diff1": 0.003499,
        "nauc_precision_at_1_max": -0.277273,
        "nauc_precision_at_1_std": 0.470942,
        "nauc_precision_at_1_diff1": 0.190857,
        "nauc_precision_at_3_max": -0.163787,
        "nauc_precision_at_3_std": 0.581073,
        "nauc_precision_at_3_diff1": 0.17999,
        "nauc_precision_at_5_max": -0.124077,
        "nauc_precision_at_5_std": 0.625735,
        "nauc_precision_at_5_diff1": 0.031318,
        "nauc_precision_at_10_max": 0.102708,
        "nauc_precision_at_10_std": 0.702893,
        "nauc_precision_at_10_diff1": -0.048788,
        "nauc_precision_at_20_max": 0.126968,
        "nauc_precision_at_20_std": 0.563562,
        "nauc_precision_at_20_diff1": -0.076848,
        "nauc_precision_at_100_max": 0.12747,
        "nauc_precision_at_100_std": 0.332582,
        "nauc_precision_at_100_diff1": -0.042093,
        "nauc_precision_at_1000_max": 0.1745,
        "nauc_precision_at_1000_std": 0.102376,
        "nauc_precision_at_1000_diff1": -0.002444,
        "nauc_mrr_at_1_max": -0.277273,
        "nauc_mrr_at_1_std": 0.470942,
        "nauc_mrr_at_1_diff1": 0.190857,
        "nauc_mrr_at_3_max": -0.221239,
        "nauc_mrr_at_3_std": 0.561412,
        "nauc_mrr_at_3_diff1": 0.165058,
        "nauc_mrr_at_5_max": -0.20388,
        "nauc_mrr_at_5_std": 0.577536,
        "nauc_mrr_at_5_diff1": 0.117463,
        "nauc_mrr_at_10_max": -0.113791,
        "nauc_mrr_at_10_std": 0.605132,
        "nauc_mrr_at_10_diff1": 0.093072,
        "nauc_mrr_at_20_max": -0.078238,
        "nauc_mrr_at_20_std": 0.58122,
        "nauc_mrr_at_20_diff1": 0.072287,
        "nauc_mrr_at_100_max": -0.048005,
        "nauc_mrr_at_100_std": 0.52949,
        "nauc_mrr_at_100_diff1": 0.065344,
        "nauc_mrr_at_1000_max": -0.021716,
        "nauc_mrr_at_1000_std": 0.473752,
        "nauc_mrr_at_1000_diff1": 0.056972,
        "main_score": 0.00145,
        "hf_subset": "default",
        "languages": [
          "eng-Latn"
        ]
      }
    ]
  },
  "evaluation_time": 14.175019979476929,
  "kg_co2_emissions": null
}