{
  "dataset_revision": "5d958fb6b31055495347724d46431ba41309b03a",
  "task_name": "ChemNQRetrieval",
  "mteb_version": "1.36.8",
  "scores": {
    "test": [
      {
        "ndcg_at_1": 0.07407,
        "ndcg_at_3": 0.10163,
        "ndcg_at_5": 0.11596,
        "ndcg_at_10": 0.14034,
        "ndcg_at_20": 0.15516,
        "ndcg_at_100": 0.19377,
        "ndcg_at_1000": 0.22318,
        "map_at_1": 0.05556,
        "map_at_3": 0.08642,
        "map_at_5": 0.09383,
        "map_at_10": 0.1037,
        "map_at_20": 0.10738,
        "map_at_100": 0.11246,
        "map_at_1000": 0.11346,
        "recall_at_1": 0.05556,
        "recall_at_3": 0.12963,
        "recall_at_5": 0.16667,
        "recall_at_10": 0.24074,
        "recall_at_20": 0.2963,
        "recall_at_100": 0.5,
        "recall_at_1000": 0.71605,
        "precision_at_1": 0.07407,
        "precision_at_3": 0.04938,
        "precision_at_5": 0.03704,
        "precision_at_10": 0.02963,
        "precision_at_20": 0.01852,
        "precision_at_100": 0.00593,
        "precision_at_1000": 0.00093,
        "mrr_at_1": 0.074074,
        "mrr_at_3": 0.104938,
        "mrr_at_5": 0.112346,
        "mrr_at_10": 0.120165,
        "mrr_at_20": 0.124868,
        "mrr_at_100": 0.130611,
        "mrr_at_1000": 0.131537,
        "nauc_ndcg_at_1_max": 0.139483,
        "nauc_ndcg_at_1_std": 0.339961,
        "nauc_ndcg_at_1_diff1": -0.447837,
        "nauc_ndcg_at_3_max": -0.051857,
        "nauc_ndcg_at_3_std": 0.491812,
        "nauc_ndcg_at_3_diff1": -0.336211,
        "nauc_ndcg_at_5_max": 0.08825,
        "nauc_ndcg_at_5_std": 0.367733,
        "nauc_ndcg_at_5_diff1": -0.332431,
        "nauc_ndcg_at_10_max": 0.124703,
        "nauc_ndcg_at_10_std": 0.286083,
        "nauc_ndcg_at_10_diff1": -0.209806,
        "nauc_ndcg_at_20_max": 0.202939,
        "nauc_ndcg_at_20_std": 0.359481,
        "nauc_ndcg_at_20_diff1": -0.246547,
        "nauc_ndcg_at_100_max": 0.102958,
        "nauc_ndcg_at_100_std": 0.374933,
        "nauc_ndcg_at_100_diff1": -0.288202,
        "nauc_ndcg_at_1000_max": 0.062073,
        "nauc_ndcg_at_1000_std": 0.401822,
        "nauc_ndcg_at_1000_diff1": -0.230204,
        "nauc_map_at_1_max": -0.04578,
        "nauc_map_at_1_std": 0.559974,
        "nauc_map_at_1_diff1": -0.40525,
        "nauc_map_at_3_max": -0.070309,
        "nauc_map_at_3_std": 0.5526,
        "nauc_map_at_3_diff1": -0.352102,
        "nauc_map_at_5_max": 0.018174,
        "nauc_map_at_5_std": 0.471632,
        "nauc_map_at_5_diff1": -0.348812,
        "nauc_map_at_10_max": 0.051386,
        "nauc_map_at_10_std": 0.418726,
        "nauc_map_at_10_diff1": -0.302322,
        "nauc_map_at_20_max": 0.079861,
        "nauc_map_at_20_std": 0.443418,
        "nauc_map_at_20_diff1": -0.31266,
        "nauc_map_at_100_max": 0.063792,
        "nauc_map_at_100_std": 0.444896,
        "nauc_map_at_100_diff1": -0.320233,
        "nauc_map_at_1000_max": 0.060681,
        "nauc_map_at_1000_std": 0.44824,
        "nauc_map_at_1000_diff1": -0.319202,
        "nauc_recall_at_1_max": -0.04578,
        "nauc_recall_at_1_std": 0.559974,
        "nauc_recall_at_1_diff1": -0.40525,
        "nauc_recall_at_3_max": -0.114685,
        "nauc_recall_at_3_std": 0.454017,
        "nauc_recall_at_3_diff1": -0.255067,
        "nauc_recall_at_5_max": 0.152384,
        "nauc_recall_at_5_std": 0.233566,
        "nauc_recall_at_5_diff1": -0.262107,
        "nauc_recall_at_10_max": 0.222144,
        "nauc_recall_at_10_std": 0.122316,
        "nauc_recall_at_10_diff1": -0.031157,
        "nauc_recall_at_20_max": 0.405633,
        "nauc_recall_at_20_std": 0.313012,
        "nauc_recall_at_20_diff1": -0.129235,
        "nauc_recall_at_100_max": 0.064638,
        "nauc_recall_at_100_std": 0.359674,
        "nauc_recall_at_100_diff1": -0.26435,
        "nauc_recall_at_1000_max": -0.096194,
        "nauc_recall_at_1000_std": 0.45173,
        "nauc_recall_at_1000_diff1": 0.188424,
        "nauc_precision_at_1_max": 0.139483,
        "nauc_precision_at_1_std": 0.339961,
        "nauc_precision_at_1_diff1": -0.447837,
        "nauc_precision_at_3_max": -0.00982,
        "nauc_precision_at_3_std": 0.367996,
        "nauc_precision_at_3_diff1": -0.308954,
        "nauc_precision_at_5_max": 0.219497,
        "nauc_precision_at_5_std": 0.178622,
        "nauc_precision_at_5_diff1": -0.306904,
        "nauc_precision_at_10_max": 0.259892,
        "nauc_precision_at_10_std": -0.001714,
        "nauc_precision_at_10_diff1": -0.037654,
        "nauc_precision_at_20_max": 0.412526,
        "nauc_precision_at_20_std": 0.168305,
        "nauc_precision_at_20_diff1": -0.148784,
        "nauc_precision_at_100_max": 0.118115,
        "nauc_precision_at_100_std": 0.207541,
        "nauc_precision_at_100_diff1": -0.250934,
        "nauc_precision_at_1000_max": -0.17369,
        "nauc_precision_at_1000_std": 0.18387,
        "nauc_precision_at_1000_diff1": 0.078834,
        "nauc_mrr_at_1_max": 0.139483,
        "nauc_mrr_at_1_std": 0.339961,
        "nauc_mrr_at_1_diff1": -0.447837,
        "nauc_mrr_at_3_max": 0.069817,
        "nauc_mrr_at_3_std": 0.392872,
        "nauc_mrr_at_3_diff1": -0.393009,
        "nauc_mrr_at_5_max": 0.136102,
        "nauc_mrr_at_5_std": 0.333742,
        "nauc_mrr_at_5_diff1": -0.38831,
        "nauc_mrr_at_10_max": 0.128359,
        "nauc_mrr_at_10_std": 0.307531,
        "nauc_mrr_at_10_diff1": -0.317688,
        "nauc_mrr_at_20_max": 0.153043,
        "nauc_mrr_at_20_std": 0.330455,
        "nauc_mrr_at_20_diff1": -0.330056,
        "nauc_mrr_at_100_max": 0.137326,
        "nauc_mrr_at_100_std": 0.330308,
        "nauc_mrr_at_100_diff1": -0.33456,
        "nauc_mrr_at_1000_max": 0.134561,
        "nauc_mrr_at_1000_std": 0.332576,
        "nauc_mrr_at_1000_diff1": -0.334206,
        "main_score": 0.14034,
        "hf_subset": "default",
        "languages": [
          "eng-Latn"
        ]
      }
    ]
  },
  "evaluation_time": 31.227259874343872,
  "kg_co2_emissions": null
}