{
  "dataset_revision": "1840e8a5ac6ec752bbdd97d543ead0189bc7c25b",
  "task_name": "ChemHotpotQARetrieval",
  "mteb_version": "1.36.8",
  "scores": {
    "train": [
      {
        "ndcg_at_1": 0.87778,
        "ndcg_at_3": 0.90732,
        "ndcg_at_5": 0.91426,
        "ndcg_at_10": 0.92106,
        "ndcg_at_20": 0.92419,
        "ndcg_at_100": 0.92565,
        "ndcg_at_1000": 0.92712,
        "map_at_1": 0.86111,
        "map_at_3": 0.89676,
        "map_at_5": 0.90065,
        "map_at_10": 0.90323,
        "map_at_20": 0.90438,
        "map_at_100": 0.90454,
        "map_at_1000": 0.9046,
        "recall_at_1": 0.86111,
        "recall_at_3": 0.93056,
        "recall_at_5": 0.94722,
        "recall_at_10": 0.96944,
        "recall_at_20": 0.98056,
        "recall_at_100": 0.98889,
        "recall_at_1000": 1.0,
        "precision_at_1": 0.87778,
        "precision_at_3": 0.32037,
        "precision_at_5": 0.19556,
        "precision_at_10": 0.1,
        "precision_at_20": 0.05083,
        "precision_at_100": 0.01028,
        "precision_at_1000": 0.00104,
        "mrr_at_1": 0.877778,
        "mrr_at_3": 0.90463,
        "mrr_at_5": 0.908519,
        "mrr_at_10": 0.911102,
        "mrr_at_20": 0.911499,
        "mrr_at_100": 0.911582,
        "mrr_at_1000": 0.911644,
        "nauc_ndcg_at_1_max": 0.372924,
        "nauc_ndcg_at_1_std": -0.710221,
        "nauc_ndcg_at_1_diff1": 0.92392,
        "nauc_ndcg_at_3_max": 0.190528,
        "nauc_ndcg_at_3_std": -0.832571,
        "nauc_ndcg_at_3_diff1": 0.78508,
        "nauc_ndcg_at_5_max": 0.191778,
        "nauc_ndcg_at_5_std": -0.802312,
        "nauc_ndcg_at_5_diff1": 0.770667,
        "nauc_ndcg_at_10_max": 0.14158,
        "nauc_ndcg_at_10_std": -0.784494,
        "nauc_ndcg_at_10_diff1": 0.753574,
        "nauc_ndcg_at_20_max": 0.153948,
        "nauc_ndcg_at_20_std": -0.779232,
        "nauc_ndcg_at_20_diff1": 0.780753,
        "nauc_ndcg_at_100_max": 0.168404,
        "nauc_ndcg_at_100_std": -0.779033,
        "nauc_ndcg_at_100_diff1": 0.799745,
        "nauc_ndcg_at_1000_max": 0.19481,
        "nauc_ndcg_at_1000_std": -0.786291,
        "nauc_ndcg_at_1000_diff1": 0.798671,
        "nauc_map_at_1_max": 0.191936,
        "nauc_map_at_1_std": -0.757647,
        "nauc_map_at_1_diff1": 0.803615,
        "nauc_map_at_3_max": 0.195589,
        "nauc_map_at_3_std": -0.826966,
        "nauc_map_at_3_diff1": 0.764562,
        "nauc_map_at_5_max": 0.196657,
        "nauc_map_at_5_std": -0.812804,
        "nauc_map_at_5_diff1": 0.756609,
        "nauc_map_at_10_max": 0.180667,
        "nauc_map_at_10_std": -0.806524,
        "nauc_map_at_10_diff1": 0.75104,
        "nauc_map_at_20_max": 0.185942,
        "nauc_map_at_20_std": -0.804983,
        "nauc_map_at_20_diff1": 0.759505,
        "nauc_map_at_100_max": 0.187511,
        "nauc_map_at_100_std": -0.80472,
        "nauc_map_at_100_diff1": 0.761448,
        "nauc_map_at_1000_max": 0.188265,
        "nauc_map_at_1000_std": -0.805191,
        "nauc_map_at_1000_diff1": 0.761413,
        "nauc_recall_at_1_max": 0.191936,
        "nauc_recall_at_1_std": -0.757647,
        "nauc_recall_at_1_diff1": 0.803615,
        "nauc_recall_at_3_max": 0.020224,
        "nauc_recall_at_3_std": -0.907694,
        "nauc_recall_at_3_diff1": 0.679309,
        "nauc_recall_at_5_max": -0.030739,
        "nauc_recall_at_5_std": -0.809991,
        "nauc_recall_at_5_diff1": 0.591798,
        "nauc_recall_at_10_max": -0.597106,
        "nauc_recall_at_10_std": -0.686232,
        "nauc_recall_at_10_diff1": 0.318691,
        "nauc_recall_at_20_max": -0.871615,
        "nauc_recall_at_20_std": -0.588302,
        "nauc_recall_at_20_diff1": 0.449847,
        "nauc_recall_at_100_max": -1.151727,
        "nauc_recall_at_100_std": -0.50887,
        "nauc_recall_at_100_diff1": 0.861111,
        "nauc_recall_at_1000_max": NaN,
        "nauc_recall_at_1000_std": NaN,
        "nauc_recall_at_1000_diff1": NaN,
        "nauc_precision_at_1_max": 0.372924,
        "nauc_precision_at_1_std": -0.710221,
        "nauc_precision_at_1_diff1": 0.92392,
        "nauc_precision_at_3_max": 0.249337,
        "nauc_precision_at_3_std": -0.466545,
        "nauc_precision_at_3_diff1": 0.391838,
        "nauc_precision_at_5_max": 0.26292,
        "nauc_precision_at_5_std": -0.316034,
        "nauc_precision_at_5_diff1": 0.278617,
        "nauc_precision_at_10_max": 0.085875,
        "nauc_precision_at_10_std": -0.07365,
        "nauc_precision_at_10_diff1": 0.027262,
        "nauc_precision_at_20_max": 0.158504,
        "nauc_precision_at_20_std": 0.153258,
        "nauc_precision_at_20_diff1": 0.060372,
        "nauc_precision_at_100_max": 0.264281,
        "nauc_precision_at_100_std": 0.280051,
        "nauc_precision_at_100_diff1": 0.128996,
        "nauc_precision_at_1000_max": 0.496799,
        "nauc_precision_at_1000_std": 0.409598,
        "nauc_precision_at_1000_diff1": 0.008778,
        "nauc_mrr_at_1_max": 0.372924,
        "nauc_mrr_at_1_std": -0.710221,
        "nauc_mrr_at_1_diff1": 0.92392,
        "nauc_mrr_at_3_max": 0.321389,
        "nauc_mrr_at_3_std": -0.762687,
        "nauc_mrr_at_3_diff1": 0.916876,
        "nauc_mrr_at_5_max": 0.327972,
        "nauc_mrr_at_5_std": -0.744672,
        "nauc_mrr_at_5_diff1": 0.914899,
        "nauc_mrr_at_10_max": 0.314611,
        "nauc_mrr_at_10_std": -0.735888,
        "nauc_mrr_at_10_diff1": 0.913571,
        "nauc_mrr_at_20_max": 0.312753,
        "nauc_mrr_at_20_std": -0.736674,
        "nauc_mrr_at_20_diff1": 0.913773,
        "nauc_mrr_at_100_max": 0.312934,
        "nauc_mrr_at_100_std": -0.737213,
        "nauc_mrr_at_100_diff1": 0.913955,
        "nauc_mrr_at_1000_max": 0.31383,
        "nauc_mrr_at_1000_std": -0.737669,
        "nauc_mrr_at_1000_diff1": 0.914026,
        "main_score": 0.92106,
        "hf_subset": "default",
        "languages": [
          "eng-Latn"
        ]
      }
    ],
    "dev": [
      {
        "ndcg_at_1": 0.875,
        "ndcg_at_3": 0.875,
        "ndcg_at_5": 0.875,
        "ndcg_at_10": 0.875,
        "ndcg_at_20": 0.90783,
        "ndcg_at_100": 0.90783,
        "ndcg_at_1000": 0.90783,
        "map_at_1": 0.875,
        "map_at_3": 0.875,
        "map_at_5": 0.875,
        "map_at_10": 0.875,
        "map_at_20": 0.88462,
        "map_at_100": 0.88462,
        "map_at_1000": 0.88462,
        "recall_at_1": 0.875,
        "recall_at_3": 0.875,
        "recall_at_5": 0.875,
        "recall_at_10": 0.875,
        "recall_at_20": 1.0,
        "recall_at_100": 1.0,
        "recall_at_1000": 1.0,
        "precision_at_1": 0.875,
        "precision_at_3": 0.29167,
        "precision_at_5": 0.175,
        "precision_at_10": 0.0875,
        "precision_at_20": 0.05,
        "precision_at_100": 0.01,
        "precision_at_1000": 0.001,
        "mrr_at_1": 0.875,
        "mrr_at_3": 0.875,
        "mrr_at_5": 0.875,
        "mrr_at_10": 0.875,
        "mrr_at_20": 0.884615,
        "mrr_at_100": 0.884615,
        "mrr_at_1000": 0.884615,
        "nauc_ndcg_at_1_max": 1.0,
        "nauc_ndcg_at_1_std": -0.185434,
        "nauc_ndcg_at_1_diff1": 1.0,
        "nauc_ndcg_at_3_max": 1.0,
        "nauc_ndcg_at_3_std": -0.185434,
        "nauc_ndcg_at_3_diff1": 1.0,
        "nauc_ndcg_at_5_max": 1.0,
        "nauc_ndcg_at_5_std": -0.185434,
        "nauc_ndcg_at_5_diff1": 1.0,
        "nauc_ndcg_at_10_max": 1.0,
        "nauc_ndcg_at_10_std": -0.185434,
        "nauc_ndcg_at_10_diff1": 1.0,
        "nauc_ndcg_at_20_max": 1.0,
        "nauc_ndcg_at_20_std": -0.185434,
        "nauc_ndcg_at_20_diff1": 1.0,
        "nauc_ndcg_at_100_max": 1.0,
        "nauc_ndcg_at_100_std": -0.185434,
        "nauc_ndcg_at_100_diff1": 1.0,
        "nauc_ndcg_at_1000_max": 1.0,
        "nauc_ndcg_at_1000_std": -0.185434,
        "nauc_ndcg_at_1000_diff1": 1.0,
        "nauc_map_at_1_max": 1.0,
        "nauc_map_at_1_std": -0.185434,
        "nauc_map_at_1_diff1": 1.0,
        "nauc_map_at_3_max": 1.0,
        "nauc_map_at_3_std": -0.185434,