{
  "dataset_revision": "5d958fb6b31055495347724d46431ba41309b03a",
  "task_name": "ChemNQRetrieval",
  "mteb_version": "1.36.8",
  "scores": {
    "test": [
      {
        "ndcg_at_1": 0.48148,
        "ndcg_at_3": 0.53315,
        "ndcg_at_5": 0.57744,
        "ndcg_at_10": 0.64922,
        "ndcg_at_20": 0.66509,
        "ndcg_at_100": 0.67144,
        "ndcg_at_1000": 0.67594,
        "map_at_1": 0.40123,
        "map_at_3": 0.49074,
        "map_at_5": 0.5213,
        "map_at_10": 0.55858,
        "map_at_20": 0.56452,
        "map_at_100": 0.56518,
        "map_at_1000": 0.5653,
        "recall_at_1": 0.40123,
        "recall_at_3": 0.58642,
        "recall_at_5": 0.67901,
        "recall_at_10": 0.87037,
        "recall_at_20": 0.92593,
        "recall_at_100": 0.96296,
        "recall_at_1000": 1.0,
        "precision_at_1": 0.48148,
        "precision_at_3": 0.23457,
        "precision_at_5": 0.17037,
        "precision_at_10": 0.11481,
        "precision_at_20": 0.06111,
        "precision_at_100": 0.01259,
        "precision_at_1000": 0.0013,
        "mrr_at_1": 0.481481,
        "mrr_at_3": 0.567901,
        "mrr_at_5": 0.58642,
        "mrr_at_10": 0.609568,
        "mrr_at_20": 0.612417,
        "mrr_at_100": 0.613078,
        "mrr_at_1000": 0.613203,
        "nauc_ndcg_at_1_max": 0.318403,
        "nauc_ndcg_at_1_std": 0.192921,
        "nauc_ndcg_at_1_diff1": 0.256549,
        "nauc_ndcg_at_3_max": 0.265682,
        "nauc_ndcg_at_3_std": 0.192196,
        "nauc_ndcg_at_3_diff1": 0.003952,
        "nauc_ndcg_at_5_max": 0.354078,
        "nauc_ndcg_at_5_std": 0.188272,
        "nauc_ndcg_at_5_diff1": 0.092001,
        "nauc_ndcg_at_10_max": 0.355076,
        "nauc_ndcg_at_10_std": 0.207394,
        "nauc_ndcg_at_10_diff1": 0.168414,
        "nauc_ndcg_at_20_max": 0.381486,
        "nauc_ndcg_at_20_std": 0.224468,
        "nauc_ndcg_at_20_diff1": 0.171021,
        "nauc_ndcg_at_100_max": 0.368028,
        "nauc_ndcg_at_100_std": 0.220784,
        "nauc_ndcg_at_100_diff1": 0.155734,
        "nauc_ndcg_at_1000_max": 0.36091,
        "nauc_ndcg_at_1000_std": 0.228726,
        "nauc_ndcg_at_1000_diff1": 0.15169,
        "nauc_map_at_1_max": 0.240638,
        "nauc_map_at_1_std": 0.202554,
        "nauc_map_at_1_diff1": 0.164908,
        "nauc_map_at_3_max": 0.265387,
        "nauc_map_at_3_std": 0.185149,
        "nauc_map_at_3_diff1": 0.045381,
        "nauc_map_at_5_max": 0.317114,
        "nauc_map_at_5_std": 0.194494,
        "nauc_map_at_5_diff1": 0.089996,
        "nauc_map_at_10_max": 0.308825,
        "nauc_map_at_10_std": 0.200565,
        "nauc_map_at_10_diff1": 0.121414,
        "nauc_map_at_20_max": 0.323589,
        "nauc_map_at_20_std": 0.213236,
        "nauc_map_at_20_diff1": 0.124402,
        "nauc_map_at_100_max": 0.322327,
        "nauc_map_at_100_std": 0.212902,
        "nauc_map_at_100_diff1": 0.123013,
        "nauc_map_at_1000_max": 0.322151,
        "nauc_map_at_1000_std": 0.213071,
        "nauc_map_at_1000_diff1": 0.12291,
        "nauc_recall_at_1_max": 0.240638,
        "nauc_recall_at_1_std": 0.202554,
        "nauc_recall_at_1_diff1": 0.164908,
        "nauc_recall_at_3_max": 0.207733,
        "nauc_recall_at_3_std": 0.134642,
        "nauc_recall_at_3_diff1": -0.155389,
        "nauc_recall_at_5_max": 0.407401,
        "nauc_recall_at_5_std": 0.105703,
        "nauc_recall_at_5_diff1": 0.044197,
        "nauc_recall_at_10_max": 0.501553,
        "nauc_recall_at_10_std": 0.091246,
        "nauc_recall_at_10_diff1": 0.393317,
        "nauc_recall_at_20_max": 0.795455,
        "nauc_recall_at_20_std": 0.090993,
        "nauc_recall_at_20_diff1": 0.540406,
        "nauc_recall_at_100_max": 0.723262,
        "nauc_recall_at_100_std": -0.175564,
        "nauc_recall_at_100_diff1": 0.35755,
        "nauc_recall_at_1000_max": NaN,
        "nauc_recall_at_1000_std": NaN,
        "nauc_recall_at_1000_diff1": NaN,
        "nauc_precision_at_1_max": 0.318403,
        "nauc_precision_at_1_std": 0.192921,
        "nauc_precision_at_1_diff1": 0.256549,
        "nauc_precision_at_3_max": 0.377889,
        "nauc_precision_at_3_std": 0.133294,
        "nauc_precision_at_3_diff1": -0.010729,
        "nauc_precision_at_5_max": 0.406631,
        "nauc_precision_at_5_std": 0.051389,
        "nauc_precision_at_5_diff1": 0.12583,
        "nauc_precision_at_10_max": 0.285386,
        "nauc_precision_at_10_std": 0.098824,
        "nauc_precision_at_10_diff1": 0.243913,
        "nauc_precision_at_20_max": 0.354073,
        "nauc_precision_at_20_std": 0.161137,
        "nauc_precision_at_20_diff1": 0.253568,
        "nauc_precision_at_100_max": 0.309454,
        "nauc_precision_at_100_std": 0.144073,
        "nauc_precision_at_100_diff1": 0.212762,
        "nauc_precision_at_1000_max": 0.270083,
        "nauc_precision_at_1000_std": 0.174485,
        "nauc_precision_at_1000_diff1": 0.198986,
        "nauc_mrr_at_1_max": 0.318403,
        "nauc_mrr_at_1_std": 0.192921,
        "nauc_mrr_at_1_diff1": 0.256549,
        "nauc_mrr_at_3_max": 0.29743,
        "nauc_mrr_at_3_std": 0.247968,
        "nauc_mrr_at_3_diff1": 0.086823,
        "nauc_mrr_at_5_max": 0.341724,
        "nauc_mrr_at_5_std": 0.228043,
        "nauc_mrr_at_5_diff1": 0.147593,
        "nauc_mrr_at_10_max": 0.361082,
        "nauc_mrr_at_10_std": 0.246859,
        "nauc_mrr_at_10_diff1": 0.182683,
        "nauc_mrr_at_20_max": 0.354745,
        "nauc_mrr_at_20_std": 0.239389,
        "nauc_mrr_at_20_diff1": 0.178979,
        "nauc_mrr_at_100_max": 0.353561,
        "nauc_mrr_at_100_std": 0.239116,
        "nauc_mrr_at_100_diff1": 0.177723,
        "nauc_mrr_at_1000_max": 0.3534,
        "nauc_mrr_at_1000_std": 0.239297,
        "nauc_mrr_at_1000_diff1": 0.177645,
        "main_score": 0.64922,
        "hf_subset": "default",
        "languages": [
          "eng-Latn"
        ]
      }
    ]
  },
  "evaluation_time": 53.159072160720825,
  "kg_co2_emissions": null
}