{
  "dataset_revision": "831d292c3959eae59e4f89b8758738feee97d6cf",
  "task_name": "CoconutRetrieval",
  "mteb_version": "1.36.8",
  "scores": {
    "test": [
      {
        "ndcg_at_1": 0.00412,
        "ndcg_at_3": 0.00494,
        "ndcg_at_5": 0.00597,
        "ndcg_at_10": 0.00707,
        "ndcg_at_20": 0.00873,
        "ndcg_at_100": 0.01493,
        "ndcg_at_1000": 0.03775,
        "map_at_1": 0.00348,
        "map_at_3": 0.00445,
        "map_at_5": 0.00508,
        "map_at_10": 0.00555,
        "map_at_20": 0.00601,
        "map_at_100": 0.00682,
        "map_at_1000": 0.00747,
        "recall_at_1": 0.00348,
        "recall_at_3": 0.00532,
        "recall_at_5": 0.00781,
        "recall_at_10": 0.01082,
        "recall_at_20": 0.0167,
        "recall_at_100": 0.04693,
        "recall_at_1000": 0.21567,
        "precision_at_1": 0.00412,
        "precision_at_3": 0.00247,
        "precision_at_5": 0.00217,
        "precision_at_10": 0.00161,
        "precision_at_20": 0.00129,
        "precision_at_100": 0.00079,
        "precision_at_1000": 0.00038,
        "mrr_at_1": 0.004121,
        "mrr_at_3": 0.0052,
        "mrr_at_5": 0.005877,
        "mrr_at_10": 0.006334,
        "mrr_at_20": 0.006826,
        "mrr_at_100": 0.007663,
        "mrr_at_1000": 0.008291,
        "nauc_ndcg_at_1_max": 0.379987,
        "nauc_ndcg_at_1_std": 0.339716,
        "nauc_ndcg_at_1_diff1": 0.378979,
        "nauc_ndcg_at_3_max": 0.334418,
        "nauc_ndcg_at_3_std": 0.317001,
        "nauc_ndcg_at_3_diff1": 0.339795,
        "nauc_ndcg_at_5_max": 0.282564,
        "nauc_ndcg_at_5_std": 0.286447,
        "nauc_ndcg_at_5_diff1": 0.29471,
        "nauc_ndcg_at_10_max": 0.255623,
        "nauc_ndcg_at_10_std": 0.277827,
        "nauc_ndcg_at_10_diff1": 0.235307,
        "nauc_ndcg_at_20_max": 0.212369,
        "nauc_ndcg_at_20_std": 0.279891,
        "nauc_ndcg_at_20_diff1": 0.186356,
        "nauc_ndcg_at_100_max": 0.12957,
        "nauc_ndcg_at_100_std": 0.271431,
        "nauc_ndcg_at_100_diff1": 0.109166,
        "nauc_ndcg_at_1000_max": 0.079914,
        "nauc_ndcg_at_1000_std": 0.237706,
        "nauc_ndcg_at_1000_diff1": 0.068827,
        "nauc_map_at_1_max": 0.41709,
        "nauc_map_at_1_std": 0.326076,
        "nauc_map_at_1_diff1": 0.45386,
        "nauc_map_at_3_max": 0.356463,
        "nauc_map_at_3_std": 0.314243,
        "nauc_map_at_3_diff1": 0.37678,
        "nauc_map_at_5_max": 0.318769,
        "nauc_map_at_5_std": 0.299264,
        "nauc_map_at_5_diff1": 0.34038,
        "nauc_map_at_10_max": 0.302049,
        "nauc_map_at_10_std": 0.292727,
        "nauc_map_at_10_diff1": 0.304741,
        "nauc_map_at_20_max": 0.282081,
        "nauc_map_at_20_std": 0.293942,
        "nauc_map_at_20_diff1": 0.279657,
        "nauc_map_at_100_max": 0.246837,
        "nauc_map_at_100_std": 0.289675,
        "nauc_map_at_100_diff1": 0.246802,
        "nauc_map_at_1000_max": 0.230963,
        "nauc_map_at_1000_std": 0.286277,
        "nauc_map_at_1000_diff1": 0.231432,
        "nauc_recall_at_1_max": 0.41709,
        "nauc_recall_at_1_std": 0.326076,
        "nauc_recall_at_1_diff1": 0.45386,
        "nauc_recall_at_3_max": 0.313475,
        "nauc_recall_at_3_std": 0.308569,
        "nauc_recall_at_3_diff1": 0.325176,
        "nauc_recall_at_5_max": 0.232386,
        "nauc_recall_at_5_std": 0.2593,
        "nauc_recall_at_5_diff1": 0.24828,
        "nauc_recall_at_10_max": 0.203428,
        "nauc_recall_at_10_std": 0.253429,
        "nauc_recall_at_10_diff1": 0.156068,
        "nauc_recall_at_20_max": 0.141511,
        "nauc_recall_at_20_std": 0.260126,
        "nauc_recall_at_20_diff1": 0.092062,
        "nauc_recall_at_100_max": 0.067052,
        "nauc_recall_at_100_std": 0.257234,
        "nauc_recall_at_100_diff1": 0.026351,
        "nauc_recall_at_1000_max": 0.051865,
        "nauc_recall_at_1000_std": 0.212274,
        "nauc_recall_at_1000_diff1": 0.032175,
        "nauc_precision_at_1_max": 0.379987,
        "nauc_precision_at_1_std": 0.339716,
        "nauc_precision_at_1_diff1": 0.378979,
        "nauc_precision_at_3_max": 0.265614,
        "nauc_precision_at_3_std": 0.32049,
        "nauc_precision_at_3_diff1": 0.241635,
        "nauc_precision_at_5_max": 0.199813,
        "nauc_precision_at_5_std": 0.282809,
        "nauc_precision_at_5_diff1": 0.1732,
        "nauc_precision_at_10_max": 0.157481,
        "nauc_precision_at_10_std": 0.265631,
        "nauc_precision_at_10_diff1": 0.06956,
        "nauc_precision_at_20_max": 0.097215,
        "nauc_precision_at_20_std": 0.29017,
        "nauc_precision_at_20_diff1": 0.038548,
        "nauc_precision_at_100_max": 0.035838,
        "nauc_precision_at_100_std": 0.282658,
        "nauc_precision_at_100_diff1": 0.0252,
        "nauc_precision_at_1000_max": 0.018183,
        "nauc_precision_at_1000_std": 0.221115,
        "nauc_precision_at_1000_diff1": 0.028064,
        "nauc_mrr_at_1_max": 0.379987,
        "nauc_mrr_at_1_std": 0.339716,
        "nauc_mrr_at_1_diff1": 0.378979,
        "nauc_mrr_at_3_max": 0.313846,
        "nauc_mrr_at_3_std": 0.318968,
        "nauc_mrr_at_3_diff1": 0.317772,
        "nauc_mrr_at_5_max": 0.286175,
        "nauc_mrr_at_5_std": 0.299037,
        "nauc_mrr_at_5_diff1": 0.281985,
        "nauc_mrr_at_10_max": 0.270863,
        "nauc_mrr_at_10_std": 0.294523,
        "nauc_mrr_at_10_diff1": 0.255696,
        "nauc_mrr_at_20_max": 0.254728,
        "nauc_mrr_at_20_std": 0.293956,
        "nauc_mrr_at_20_diff1": 0.236386,
        "nauc_mrr_at_100_max": 0.226485,
        "nauc_mrr_at_100_std": 0.287511,
        "nauc_mrr_at_100_diff1": 0.211989,
        "nauc_mrr_at_1000_max": 0.214132,
        "nauc_mrr_at_1000_std": 0.281835,
        "nauc_mrr_at_1000_diff1": 0.200622,
        "main_score": 0.00707,
        "hf_subset": "default",
        "languages": [
          "eng-Latn"
        ]
      }
    ]
  },
  "evaluation_time": 40.86842370033264,
  "kg_co2_emissions": null
}