{
  "dataset_revision": "main",
  "task_name": "FSUChemRxivQest",
  "mteb_version": "0.1",
  "scores": {
    "test": [
      {
        "ndcg_at_1": 0.43563,
        "ndcg_at_3": 0.43808,
        "ndcg_at_5": 0.47132,
        "ndcg_at_10": 0.50588,
        "ndcg_at_20": 0.53137,
        "ndcg_at_100": 0.56117,
        "ndcg_at_1000": 0.5721,
        "map_at_1": 0.30347,
        "map_at_3": 0.38139,
        "map_at_5": 0.40185,
        "map_at_10": 0.41824,
        "map_at_20": 0.42684,
        "map_at_100": 0.4326,
        "map_at_1000": 0.43318,
        "recall_at_1": 0.30347,
        "recall_at_3": 0.46584,
        "recall_at_5": 0.53776,
        "recall_at_10": 0.63234,
        "recall_at_20": 0.71833,
        "recall_at_100": 0.85273,
        "recall_at_1000": 0.92568,
        "precision_at_1": 0.43563,
        "precision_at_3": 0.22794,
        "precision_at_5": 0.15942,
        "precision_at_10": 0.09454,
        "precision_at_20": 0.05489,
        "precision_at_100": 0.01336,
        "precision_at_1000": 0.00147,
        "mrr_at_1": 0.435633,
        "mrr_at_3": 0.526262,
        "mrr_at_5": 0.543306,
        "mrr_at_10": 0.55575,
        "mrr_at_20": 0.560938,
        "mrr_at_100": 0.563215,
        "mrr_at_1000": 0.563339,
        "nauc_ndcg_at_1_max": 0.146263,
        "nauc_ndcg_at_1_std": -0.145601,
        "nauc_ndcg_at_1_diff1": 0.491766,
        "nauc_ndcg_at_3_max": 0.146263,
        "nauc_ndcg_at_3_std": -0.136052,
        "nauc_ndcg_at_3_diff1": 0.382894,
        "nauc_ndcg_at_5_max": 0.147797,
        "nauc_ndcg_at_5_std": -0.147114,
        "nauc_ndcg_at_5_diff1": 0.380841,
        "nauc_ndcg_at_10_max": 0.151532,
        "nauc_ndcg_at_10_std": -0.145414,
        "nauc_ndcg_at_10_diff1": 0.373422,
        "nauc_ndcg_at_20_max": 0.159352,
        "nauc_ndcg_at_20_std": -0.128068,
        "nauc_ndcg_at_20_diff1": 0.36629,
        "nauc_ndcg_at_100_max": 0.166076,
        "nauc_ndcg_at_100_std": -0.107675,
        "nauc_ndcg_at_100_diff1": 0.373854,
        "nauc_ndcg_at_1000_max": 0.163123,
        "nauc_ndcg_at_1000_std": -0.107319,
        "nauc_ndcg_at_1000_diff1": 0.381226,
        "nauc_map_at_1_max": 0.121955,
        "nauc_map_at_1_std": -0.120615,
        "nauc_map_at_1_diff1": 0.428071,
        "nauc_map_at_3_max": 0.138416,
        "nauc_map_at_3_std": -0.126058,
        "nauc_map_at_3_diff1": 0.37899,
        "nauc_map_at_5_max": 0.138279,
        "nauc_map_at_5_std": -0.132512,
        "nauc_map_at_5_diff1": 0.37886,
        "nauc_map_at_10_max": 0.140422,
        "nauc_map_at_10_std": -0.13157,
        "nauc_map_at_10_diff1": 0.377017,
        "nauc_map_at_20_max": 0.143652,
        "nauc_map_at_20_std": -0.125865,
        "nauc_map_at_20_diff1": 0.375197,
        "nauc_map_at_100_max": 0.144838,
        "nauc_map_at_100_std": -0.12241,
        "nauc_map_at_100_diff1": 0.376065,
        "nauc_map_at_1000_max": 0.144679,
        "nauc_map_at_1000_std": -0.122321,
        "nauc_map_at_1000_diff1": 0.376384,
        "nauc_recall_at_1_max": 0.121955,
        "nauc_recall_at_1_std": -0.120615,
        "nauc_recall_at_1_diff1": 0.428071,
        "nauc_recall_at_3_max": 0.133519,
        "nauc_recall_at_3_std": -0.122925,
        "nauc_recall_at_3_diff1": 0.294621,
        "nauc_recall_at_5_max": 0.130695,
        "nauc_recall_at_5_std": -0.143935,
        "nauc_recall_at_5_diff1": 0.271542,
        "nauc_recall_at_10_max": 0.129621,
        "nauc_recall_at_10_std": -0.133047,
        "nauc_recall_at_10_diff1": 0.215163,
        "nauc_recall_at_20_max": 0.151036,
        "nauc_recall_at_20_std": -0.061606,
        "nauc_recall_at_20_diff1": 0.147588,
        "nauc_recall_at_100_max": 0.194195,
        "nauc_recall_at_100_std": 0.139483,
        "nauc_recall_at_100_diff1": 0.07932,
        "nauc_recall_at_1000_max": 0.180719,
        "nauc_recall_at_1000_std": 0.328085,
        "nauc_recall_at_1000_diff1": 0.059724,
        "nauc_precision_at_1_max": 0.146263,
        "nauc_precision_at_1_std": -0.145601,
        "nauc_precision_at_1_diff1": 0.491766,
        "nauc_precision_at_3_max": 0.168503,
        "nauc_precision_at_3_std": -0.148162,
        "nauc_precision_at_3_diff1": 0.324428,
        "nauc_precision_at_5_max": 0.148636,
        "nauc_precision_at_5_std": -0.153939,
        "nauc_precision_at_5_diff1": 0.265295,
        "nauc_precision_at_10_max": 0.138603,
        "nauc_precision_at_10_std": -0.113273,
        "nauc_precision_at_10_diff1": 0.170487,
        "nauc_precision_at_20_max": 0.140995,
        "nauc_precision_at_20_std": -0.002955,
        "nauc_precision_at_20_diff1": 0.069791,
        "nauc_precision_at_100_max": 0.12767,
        "nauc_precision_at_100_std": 0.130824,
        "nauc_precision_at_100_diff1": -0.002362,
        "nauc_precision_at_1000_max": 0.087389,
        "nauc_precision_at_1000_std": 0.158508,
        "nauc_precision_at_1000_diff1": -0.017809,
        "nauc_mrr_at_1_max": 0.146263,
        "nauc_mrr_at_1_std": -0.145601,
        "nauc_mrr_at_1_diff1": 0.491766,
        "nauc_mrr_at_3_max": 0.16088,
        "nauc_mrr_at_3_std": -0.156661,
        "nauc_mrr_at_3_diff1": 0.454239,
        "nauc_mrr_at_5_max": 0.165179,
        "nauc_mrr_at_5_std": -0.161256,
        "nauc_mrr_at_5_diff1": 0.455072,
        "nauc_mrr_at_10_max": 0.164644,
        "nauc_mrr_at_10_std": -0.160439,
        "nauc_mrr_at_10_diff1": 0.451375,
        "nauc_mrr_at_20_max": 0.164543,
        "nauc_mrr_at_20_std": -0.158624,
        "nauc_mrr_at_20_diff1": 0.451303,
        "nauc_mrr_at_100_max": 0.165747,
        "nauc_mrr_at_100_std": -0.156919,
        "nauc_mrr_at_100_diff1": 0.453189,
        "nauc_mrr_at_1000_max": 0.165624,
        "nauc_mrr_at_1000_std": -0.156971,
        "nauc_mrr_at_1000_diff1": 0.453292,
        "main_score": 0.50588,
        "hf_subset": "default",
        "languages": [
          "eng-Latn"
        ]
      }
    ]
  },
  "evaluation_time": 140.2437551021576,
  "kg_co2_emissions": null
}