{
  "dataset_revision": "main",
  "task_name": "FSUChemRxivQest",
  "mteb_version": "0.1",
  "scores": {
    "test": [
      {
        "ndcg_at_1": 0.45005,
        "ndcg_at_3": 0.44854,
        "ndcg_at_5": 0.48368,
        "ndcg_at_10": 0.51758,
        "ndcg_at_20": 0.54359,
        "ndcg_at_100": 0.57142,
        "ndcg_at_1000": 0.58245,
        "map_at_1": 0.31068,
        "map_at_3": 0.39109,
        "map_at_5": 0.41199,
        "map_at_10": 0.42842,
        "map_at_20": 0.43714,
        "map_at_100": 0.44267,
        "map_at_1000": 0.44323,
        "recall_at_1": 0.31068,
        "recall_at_3": 0.47477,
        "recall_at_5": 0.55012,
        "recall_at_10": 0.64143,
        "recall_at_20": 0.73103,
        "recall_at_100": 0.85565,
        "recall_at_1000": 0.92911,
        "precision_at_1": 0.45005,
        "precision_at_3": 0.23206,
        "precision_at_5": 0.16292,
        "precision_at_10": 0.0964,
        "precision_at_20": 0.05556,
        "precision_at_100": 0.01334,
        "precision_at_1000": 0.00148,
        "mrr_at_1": 0.450051,
        "mrr_at_3": 0.541195,
        "mrr_at_5": 0.560917,
        "mrr_at_10": 0.57273,
        "mrr_at_20": 0.578175,
        "mrr_at_100": 0.580164,
        "mrr_at_1000": 0.580275,
        "nauc_ndcg_at_1_max": 0.152703,
        "nauc_ndcg_at_1_std": -0.109773,
        "nauc_ndcg_at_1_diff1": 0.473094,
        "nauc_ndcg_at_3_max": 0.139179,
        "nauc_ndcg_at_3_std": -0.129035,
        "nauc_ndcg_at_3_diff1": 0.41187,
        "nauc_ndcg_at_5_max": 0.149602,
        "nauc_ndcg_at_5_std": -0.124798,
        "nauc_ndcg_at_5_diff1": 0.400793,
        "nauc_ndcg_at_10_max": 0.144545,
        "nauc_ndcg_at_10_std": -0.118018,
        "nauc_ndcg_at_10_diff1": 0.377802,
        "nauc_ndcg_at_20_max": 0.149661,
        "nauc_ndcg_at_20_std": -0.111015,
        "nauc_ndcg_at_20_diff1": 0.388596,
        "nauc_ndcg_at_100_max": 0.159392,
        "nauc_ndcg_at_100_std": -0.083046,
        "nauc_ndcg_at_100_diff1": 0.384226,
        "nauc_ndcg_at_1000_max": 0.1535,
        "nauc_ndcg_at_1000_std": -0.084694,
        "nauc_ndcg_at_1000_diff1": 0.390568,
        "nauc_map_at_1_max": 0.141494,
        "nauc_map_at_1_std": -0.08618,
        "nauc_map_at_1_diff1": 0.427795,
        "nauc_map_at_3_max": 0.134796,
        "nauc_map_at_3_std": -0.11221,
        "nauc_map_at_3_diff1": 0.406013,
        "nauc_map_at_5_max": 0.139598,
        "nauc_map_at_5_std": -0.110381,
        "nauc_map_at_5_diff1": 0.40288,
        "nauc_map_at_10_max": 0.137836,
        "nauc_map_at_10_std": -0.108056,
        "nauc_map_at_10_diff1": 0.391207,
        "nauc_map_at_20_max": 0.138897,
        "nauc_map_at_20_std": -0.105543,
        "nauc_map_at_20_diff1": 0.393393,
        "nauc_map_at_100_max": 0.141439,
        "nauc_map_at_100_std": -0.100607,
        "nauc_map_at_100_diff1": 0.392507,
        "nauc_map_at_1000_max": 0.141158,
        "nauc_map_at_1000_std": -0.100548,
        "nauc_map_at_1000_diff1": 0.392663,
        "nauc_recall_at_1_max": 0.141494,
        "nauc_recall_at_1_std": -0.08618,
        "nauc_recall_at_1_diff1": 0.427795,
        "nauc_recall_at_3_max": 0.125774,
        "nauc_recall_at_3_std": -0.135158,
        "nauc_recall_at_3_diff1": 0.344989,
        "nauc_recall_at_5_max": 0.141196,
        "nauc_recall_at_5_std": -0.12483,
        "nauc_recall_at_5_diff1": 0.301911,
        "nauc_recall_at_10_max": 0.113144,
        "nauc_recall_at_10_std": -0.095327,
        "nauc_recall_at_10_diff1": 0.202346,
        "nauc_recall_at_20_max": 0.122242,
        "nauc_recall_at_20_std": -0.066461,
        "nauc_recall_at_20_diff1": 0.207059,
        "nauc_recall_at_100_max": 0.182202,
        "nauc_recall_at_100_std": 0.189462,
        "nauc_recall_at_100_diff1": 0.073319,
        "nauc_recall_at_1000_max": 0.116075,
        "nauc_recall_at_1000_std": 0.35401,
        "nauc_recall_at_1000_diff1": 0.075041,
        "nauc_precision_at_1_max": 0.152703,
        "nauc_precision_at_1_std": -0.109773,
        "nauc_precision_at_1_diff1": 0.473094,
        "nauc_precision_at_3_max": 0.122409,
        "nauc_precision_at_3_std": -0.166438,
        "nauc_precision_at_3_diff1": 0.374211,
        "nauc_precision_at_5_max": 0.13312,
        "nauc_precision_at_5_std": -0.133042,
        "nauc_precision_at_5_diff1": 0.287062,
        "nauc_precision_at_10_max": 0.088796,
        "nauc_precision_at_10_std": -0.084179,
        "nauc_precision_at_10_diff1": 0.125753,
        "nauc_precision_at_20_max": 0.091116,
        "nauc_precision_at_20_std": -0.022479,
        "nauc_precision_at_20_diff1": 0.092248,
        "nauc_precision_at_100_max": 0.091737,
        "nauc_precision_at_100_std": 0.150557,
        "nauc_precision_at_100_diff1": -0.041359,
        "nauc_precision_at_1000_max": 0.023071,
        "nauc_precision_at_1000_std": 0.148528,
        "nauc_precision_at_1000_diff1": -0.061769,
        "nauc_mrr_at_1_max": 0.152703,
        "nauc_mrr_at_1_std": -0.109773,
        "nauc_mrr_at_1_diff1": 0.473094,
        "nauc_mrr_at_3_max": 0.15024,
        "nauc_mrr_at_3_std": -0.140922,
        "nauc_mrr_at_3_diff1": 0.454798,
        "nauc_mrr_at_5_max": 0.157771,
        "nauc_mrr_at_5_std": -0.13626,
        "nauc_mrr_at_5_diff1": 0.445245,
        "nauc_mrr_at_10_max": 0.156266,
        "nauc_mrr_at_10_std": -0.133588,
        "nauc_mrr_at_10_diff1": 0.441701,
        "nauc_mrr_at_20_max": 0.157999,
        "nauc_mrr_at_20_std": -0.132857,
        "nauc_mrr_at_20_diff1": 0.44664,
        "nauc_mrr_at_100_max": 0.157392,
        "nauc_mrr_at_100_std": -0.131632,
        "nauc_mrr_at_100_diff1": 0.446108,
        "nauc_mrr_at_1000_max": 0.157332,
        "nauc_mrr_at_1000_std": -0.131707,
        "nauc_mrr_at_1000_diff1": 0.446178,
        "main_score": 0.51758,
        "hf_subset": "default",
        "languages": [
          "eng-Latn"
        ]
      }
    ]
  },
  "evaluation_time": 142.76955699920654,
  "kg_co2_emissions": null
}