{
  "dataset_revision": "831d292c3959eae59e4f89b8758738feee97d6cf",
  "task_name": "CoconutRetrieval",
  "mteb_version": "1.36.8",
  "scores": {
    "test": [
      {
        "ndcg_at_1": 0.00188,
        "ndcg_at_3": 0.00242,
        "ndcg_at_5": 0.00284,
        "ndcg_at_10": 0.00348,
        "ndcg_at_20": 0.00426,
        "ndcg_at_100": 0.00752,
        "ndcg_at_1000": 0.02278,
        "map_at_1": 0.00154,
        "map_at_3": 0.00213,
        "map_at_5": 0.00239,
        "map_at_10": 0.00262,
        "map_at_20": 0.00284,
        "map_at_100": 0.00325,
        "map_at_1000": 0.00365,
        "recall_at_1": 0.00154,
        "recall_at_3": 0.00285,
        "recall_at_5": 0.0038,
        "recall_at_10": 0.0056,
        "recall_at_20": 0.00824,
        "recall_at_100": 0.02427,
        "recall_at_1000": 0.13857,
        "precision_at_1": 0.00188,
        "precision_at_3": 0.00118,
        "precision_at_5": 0.00099,
        "precision_at_10": 0.00082,
        "precision_at_20": 0.00067,
        "precision_at_100": 0.0004,
        "precision_at_1000": 0.00024,
        "mrr_at_1": 0.001884,
        "mrr_at_3": 0.002531,
        "mrr_at_5": 0.002767,
        "mrr_at_10": 0.003088,
        "mrr_at_20": 0.003324,
        "mrr_at_100": 0.00379,
        "mrr_at_1000": 0.004206,
        "nauc_ndcg_at_1_max": 0.430171,
        "nauc_ndcg_at_1_std": 0.719621,
        "nauc_ndcg_at_1_diff1": 0.534474,
        "nauc_ndcg_at_3_max": 0.397396,
        "nauc_ndcg_at_3_std": 0.663461,
        "nauc_ndcg_at_3_diff1": 0.387684,
        "nauc_ndcg_at_5_max": 0.328225,
        "nauc_ndcg_at_5_std": 0.649444,
        "nauc_ndcg_at_5_diff1": 0.375436,
        "nauc_ndcg_at_10_max": 0.282455,
        "nauc_ndcg_at_10_std": 0.606013,
        "nauc_ndcg_at_10_diff1": 0.279387,
        "nauc_ndcg_at_20_max": 0.247012,
        "nauc_ndcg_at_20_std": 0.532872,
        "nauc_ndcg_at_20_diff1": 0.189297,
        "nauc_ndcg_at_100_max": 0.223205,
        "nauc_ndcg_at_100_std": 0.421834,
        "nauc_ndcg_at_100_diff1": 0.086525,
        "nauc_ndcg_at_1000_max": 0.104379,
        "nauc_ndcg_at_1000_std": 0.232175,
        "nauc_ndcg_at_1000_diff1": 0.005522,
        "nauc_map_at_1_max": 0.498369,
        "nauc_map_at_1_std": 0.806743,
        "nauc_map_at_1_diff1": 0.703412,
        "nauc_map_at_3_max": 0.43629,
        "nauc_map_at_3_std": 0.703768,
        "nauc_map_at_3_diff1": 0.451446,
        "nauc_map_at_5_max": 0.390491,
        "nauc_map_at_5_std": 0.688737,
        "nauc_map_at_5_diff1": 0.431939,
        "nauc_map_at_10_max": 0.367174,
        "nauc_map_at_10_std": 0.667322,
        "nauc_map_at_10_diff1": 0.381831,
        "nauc_map_at_20_max": 0.340689,
        "nauc_map_at_20_std": 0.627323,
        "nauc_map_at_20_diff1": 0.333827,
        "nauc_map_at_100_max": 0.324507,
        "nauc_map_at_100_std": 0.584272,
        "nauc_map_at_100_diff1": 0.283725,
        "nauc_map_at_1000_max": 0.295372,
        "nauc_map_at_1000_std": 0.541154,
        "nauc_map_at_1000_diff1": 0.251688,
        "nauc_recall_at_1_max": 0.498369,
        "nauc_recall_at_1_std": 0.806743,
        "nauc_recall_at_1_diff1": 0.703412,
        "nauc_recall_at_3_max": 0.364702,
        "nauc_recall_at_3_std": 0.61909,
        "nauc_recall_at_3_diff1": 0.31963,
        "nauc_recall_at_5_max": 0.250177,
        "nauc_recall_at_5_std": 0.604253,
        "nauc_recall_at_5_diff1": 0.322122,
        "nauc_recall_at_10_max": 0.202441,
        "nauc_recall_at_10_std": 0.547733,
        "nauc_recall_at_10_diff1": 0.168813,
        "nauc_recall_at_20_max": 0.170241,
        "nauc_recall_at_20_std": 0.440449,
        "nauc_recall_at_20_diff1": 0.05131,
        "nauc_recall_at_100_max": 0.181996,
        "nauc_recall_at_100_std": 0.33324,
        "nauc_recall_at_100_diff1": -0.010376,
        "nauc_recall_at_1000_max": 0.065714,
        "nauc_recall_at_1000_std": 0.159532,
        "nauc_recall_at_1000_diff1": -0.037465,
        "nauc_precision_at_1_max": 0.430171,
        "nauc_precision_at_1_std": 0.719621,
        "nauc_precision_at_1_diff1": 0.534474,
        "nauc_precision_at_3_max": 0.327608,
        "nauc_precision_at_3_std": 0.592652,
        "nauc_precision_at_3_diff1": 0.226044,
        "nauc_precision_at_5_max": 0.221147,
        "nauc_precision_at_5_std": 0.571652,
        "nauc_precision_at_5_diff1": 0.211778,
        "nauc_precision_at_10_max": 0.14476,
        "nauc_precision_at_10_std": 0.487276,
        "nauc_precision_at_10_diff1": 0.07883,
        "nauc_precision_at_20_max": 0.106089,
        "nauc_precision_at_20_std": 0.379254,
        "nauc_precision_at_20_diff1": -0.038331,
        "nauc_precision_at_100_max": 0.157448,
        "nauc_precision_at_100_std": 0.301996,
        "nauc_precision_at_100_diff1": -0.039057,
        "nauc_precision_at_1000_max": 0.0525,
        "nauc_precision_at_1000_std": 0.148381,
        "nauc_precision_at_1000_diff1": -0.040778,
        "nauc_mrr_at_1_max": 0.430171,
        "nauc_mrr_at_1_std": 0.719621,
        "nauc_mrr_at_1_diff1": 0.534474,
        "nauc_mrr_at_3_max": 0.365748,
        "nauc_mrr_at_3_std": 0.643013,
        "nauc_mrr_at_3_diff1": 0.362436,
        "nauc_mrr_at_5_max": 0.324805,
        "nauc_mrr_at_5_std": 0.641502,
        "nauc_mrr_at_5_diff1": 0.358697,
        "nauc_mrr_at_10_max": 0.28893,
        "nauc_mrr_at_10_std": 0.612932,
        "nauc_mrr_at_10_diff1": 0.305956,
        "nauc_mrr_at_20_max": 0.281668,
        "nauc_mrr_at_20_std": 0.586919,
        "nauc_mrr_at_20_diff1": 0.266697,
        "nauc_mrr_at_100_max": 0.271386,
        "nauc_mrr_at_100_std": 0.549218,
        "nauc_mrr_at_100_diff1": 0.226295,
        "nauc_mrr_at_1000_max": 0.249896,
        "nauc_mrr_at_1000_std": 0.511558,
        "nauc_mrr_at_1000_diff1": 0.203284,
        "main_score": 0.00348,
        "hf_subset": "default",
        "languages": [
          "eng-Latn"
        ]
      }
    ]
  },
  "evaluation_time": 16.9239981174469,
  "kg_co2_emissions": null
}