{
  "dataset_revision": "main",
  "task_name": "FSUChemRxivQest",
  "mteb_version": "0.1",
  "scores": {
    "test": [
      {
        "ndcg_at_1": 0.38929,
        "ndcg_at_3": 0.40445,
        "ndcg_at_5": 0.43521,
        "ndcg_at_10": 0.4718,
        "ndcg_at_20": 0.50009,
        "ndcg_at_100": 0.53324,
        "ndcg_at_1000": 0.54494,
        "map_at_1": 0.27566,
        "map_at_3": 0.35193,
        "map_at_5": 0.3707,
        "map_at_10": 0.38723,
        "map_at_20": 0.39655,
        "map_at_100": 0.40269,
        "map_at_1000": 0.40325,
        "recall_at_1": 0.27566,
        "recall_at_3": 0.43306,
        "recall_at_5": 0.49949,
        "recall_at_10": 0.59955,
        "recall_at_20": 0.69636,
        "recall_at_100": 0.84775,
        "recall_at_1000": 0.92739,
        "precision_at_1": 0.38929,
        "precision_at_3": 0.21044,
        "precision_at_5": 0.14727,
        "precision_at_10": 0.0896,
        "precision_at_20": 0.05283,
        "precision_at_100": 0.01322,
        "precision_at_1000": 0.00147,
        "mrr_at_1": 0.389289,
        "mrr_at_3": 0.482149,
        "mrr_at_5": 0.498318,
        "mrr_at_10": 0.512814,
        "mrr_at_20": 0.519172,
        "mrr_at_100": 0.521852,
        "mrr_at_1000": 0.52195,
        "nauc_ndcg_at_1_max": 0.147285,
        "nauc_ndcg_at_1_std": -0.125029,
        "nauc_ndcg_at_1_diff1": 0.409079,
        "nauc_ndcg_at_3_max": 0.118061,
        "nauc_ndcg_at_3_std": -0.106922,
        "nauc_ndcg_at_3_diff1": 0.299251,
        "nauc_ndcg_at_5_max": 0.122419,
        "nauc_ndcg_at_5_std": -0.112148,
        "nauc_ndcg_at_5_diff1": 0.301114,
        "nauc_ndcg_at_10_max": 0.124487,
        "nauc_ndcg_at_10_std": -0.111312,
        "nauc_ndcg_at_10_diff1": 0.299555,
        "nauc_ndcg_at_20_max": 0.142682,
        "nauc_ndcg_at_20_std": -0.099034,
        "nauc_ndcg_at_20_diff1": 0.309329,
        "nauc_ndcg_at_100_max": 0.15555,
        "nauc_ndcg_at_100_std": -0.069929,
        "nauc_ndcg_at_100_diff1": 0.308115,
        "nauc_ndcg_at_1000_max": 0.148852,
        "nauc_ndcg_at_1000_std": -0.075693,
        "nauc_ndcg_at_1000_diff1": 0.3129,
        "nauc_map_at_1_max": 0.12057,
        "nauc_map_at_1_std": -0.106745,
        "nauc_map_at_1_diff1": 0.364787,
        "nauc_map_at_3_max": 0.112443,
        "nauc_map_at_3_std": -0.105201,
        "nauc_map_at_3_diff1": 0.303591,
        "nauc_map_at_5_max": 0.11549,
        "nauc_map_at_5_std": -0.10797,
        "nauc_map_at_5_diff1": 0.304385,
        "nauc_map_at_10_max": 0.116889,
        "nauc_map_at_10_std": -0.105918,
        "nauc_map_at_10_diff1": 0.304152,
        "nauc_map_at_20_max": 0.123385,
        "nauc_map_at_20_std": -0.101745,
        "nauc_map_at_20_diff1": 0.307386,
        "nauc_map_at_100_max": 0.125713,
        "nauc_map_at_100_std": -0.096951,
        "nauc_map_at_100_diff1": 0.307516,
        "nauc_map_at_1000_max": 0.125429,
        "nauc_map_at_1000_std": -0.097081,
        "nauc_map_at_1000_diff1": 0.307715,
        "nauc_recall_at_1_max": 0.12057,
        "nauc_recall_at_1_std": -0.106745,
        "nauc_recall_at_1_diff1": 0.364787,
        "nauc_recall_at_3_max": 0.094626,
        "nauc_recall_at_3_std": -0.089246,
        "nauc_recall_at_3_diff1": 0.219909,
        "nauc_recall_at_5_max": 0.098113,
        "nauc_recall_at_5_std": -0.099122,
        "nauc_recall_at_5_diff1": 0.216779,
        "nauc_recall_at_10_max": 0.094048,
        "nauc_recall_at_10_std": -0.08738,
        "nauc_recall_at_10_diff1": 0.187064,
        "nauc_recall_at_20_max": 0.14398,
        "nauc_recall_at_20_std": -0.034348,
        "nauc_recall_at_20_diff1": 0.188835,
        "nauc_recall_at_100_max": 0.253269,
        "nauc_recall_at_100_std": 0.252974,
        "nauc_recall_at_100_diff1": 0.094243,
        "nauc_recall_at_1000_max": 0.223885,
        "nauc_recall_at_1000_std": 0.384575,
        "nauc_recall_at_1000_diff1": 0.085702,
        "nauc_precision_at_1_max": 0.147285,
        "nauc_precision_at_1_std": -0.125029,
        "nauc_precision_at_1_diff1": 0.409079,
        "nauc_precision_at_3_max": 0.118386,
        "nauc_precision_at_3_std": -0.10927,
        "nauc_precision_at_3_diff1": 0.2348,
        "nauc_precision_at_5_max": 0.119591,
        "nauc_precision_at_5_std": -0.111138,
        "nauc_precision_at_5_diff1": 0.207295,
        "nauc_precision_at_10_max": 0.10671,
        "nauc_precision_at_10_std": -0.091049,
        "nauc_precision_at_10_diff1": 0.140751,
        "nauc_precision_at_20_max": 0.15387,
        "nauc_precision_at_20_std": -0.012853,
        "nauc_precision_at_20_diff1": 0.102013,
        "nauc_precision_at_100_max": 0.178817,
        "nauc_precision_at_100_std": 0.166981,
        "nauc_precision_at_100_diff1": -0.008241,
        "nauc_precision_at_1000_max": 0.102088,
        "nauc_precision_at_1000_std": 0.130416,
        "nauc_precision_at_1000_diff1": -0.034432,
        "nauc_mrr_at_1_max": 0.147285,
        "nauc_mrr_at_1_std": -0.125029,
        "nauc_mrr_at_1_diff1": 0.409079,
        "nauc_mrr_at_3_max": 0.144672,
        "nauc_mrr_at_3_std": -0.120412,
        "nauc_mrr_at_3_diff1": 0.355118,
        "nauc_mrr_at_5_max": 0.147788,
        "nauc_mrr_at_5_std": -0.123047,
        "nauc_mrr_at_5_diff1": 0.357385,
        "nauc_mrr_at_10_max": 0.147823,
        "nauc_mrr_at_10_std": -0.126379,
        "nauc_mrr_at_10_diff1": 0.358232,
        "nauc_mrr_at_20_max": 0.151494,
        "nauc_mrr_at_20_std": -0.123934,
        "nauc_mrr_at_20_diff1": 0.361315,
        "nauc_mrr_at_100_max": 0.151725,
        "nauc_mrr_at_100_std": -0.122712,
        "nauc_mrr_at_100_diff1": 0.362231,
        "nauc_mrr_at_1000_max": 0.151609,
        "nauc_mrr_at_1000_std": -0.122733,
        "nauc_mrr_at_1000_diff1": 0.362268,
        "main_score": 0.4718,
        "hf_subset": "default",
        "languages": [
          "eng-Latn"
        ]
      }
    ]
  },
  "evaluation_time": 20.863436460494995,
  "kg_co2_emissions": null
}