{
  "dataset_revision": "831d292c3959eae59e4f89b8758738feee97d6cf",
  "task_name": "CoconutRetrieval",
  "mteb_version": "1.36.8",
  "scores": {
    "test": [
      {
        "ndcg_at_1": 0.00235,
        "ndcg_at_3": 0.003,
        "ndcg_at_5": 0.00323,
        "ndcg_at_10": 0.00394,
        "ndcg_at_20": 0.00457,
        "ndcg_at_100": 0.00808,
        "ndcg_at_1000": 0.02443,
        "map_at_1": 0.00195,
        "map_at_3": 0.00264,
        "map_at_5": 0.0028,
        "map_at_10": 0.00308,
        "map_at_20": 0.00327,
        "map_at_100": 0.00368,
        "map_at_1000": 0.00413,
        "recall_at_1": 0.00195,
        "recall_at_3": 0.00344,
        "recall_at_5": 0.00398,
        "recall_at_10": 0.00595,
        "recall_at_20": 0.00807,
        "recall_at_100": 0.02534,
        "recall_at_1000": 0.14631,
        "precision_at_1": 0.00235,
        "precision_at_3": 0.00161,
        "precision_at_5": 0.0012,
        "precision_at_10": 0.00093,
        "precision_at_20": 0.00067,
        "precision_at_100": 0.00046,
        "precision_at_1000": 0.00027,
        "mrr_at_1": 0.002355,
        "mrr_at_3": 0.003061,
        "mrr_at_5": 0.003232,
        "mrr_at_10": 0.003568,
        "mrr_at_20": 0.003762,
        "mrr_at_100": 0.004221,
        "mrr_at_1000": 0.004649,
        "nauc_ndcg_at_1_max": 0.530354,
        "nauc_ndcg_at_1_std": 0.496893,
        "nauc_ndcg_at_1_diff1": 0.670815,
        "nauc_ndcg_at_3_max": 0.356892,
        "nauc_ndcg_at_3_std": 0.350432,
        "nauc_ndcg_at_3_diff1": 0.484301,
        "nauc_ndcg_at_5_max": 0.349598,
        "nauc_ndcg_at_5_std": 0.328268,
        "nauc_ndcg_at_5_diff1": 0.497894,
        "nauc_ndcg_at_10_max": 0.263718,
        "nauc_ndcg_at_10_std": 0.26084,
        "nauc_ndcg_at_10_diff1": 0.372618,
        "nauc_ndcg_at_20_max": 0.232761,
        "nauc_ndcg_at_20_std": 0.225727,
        "nauc_ndcg_at_20_diff1": 0.336986,
        "nauc_ndcg_at_100_max": 0.105578,
        "nauc_ndcg_at_100_std": 0.12849,
        "nauc_ndcg_at_100_diff1": 0.174126,
        "nauc_ndcg_at_1000_max": -0.005379,
        "nauc_ndcg_at_1000_std": 0.057869,
        "nauc_ndcg_at_1000_diff1": 0.077797,
        "nauc_map_at_1_max": 0.58199,
        "nauc_map_at_1_std": 0.534693,
        "nauc_map_at_1_diff1": 0.753406,
        "nauc_map_at_3_max": 0.420358,
        "nauc_map_at_3_std": 0.412855,
        "nauc_map_at_3_diff1": 0.562421,
        "nauc_map_at_5_max": 0.407326,
        "nauc_map_at_5_std": 0.391051,
        "nauc_map_at_5_diff1": 0.554838,
        "nauc_map_at_10_max": 0.357371,
        "nauc_map_at_10_std": 0.35152,
        "nauc_map_at_10_diff1": 0.488187,
        "nauc_map_at_20_max": 0.339156,
        "nauc_map_at_20_std": 0.330258,
        "nauc_map_at_20_diff1": 0.46183,
        "nauc_map_at_100_max": 0.295045,
        "nauc_map_at_100_std": 0.296291,
        "nauc_map_at_100_diff1": 0.405068,
        "nauc_map_at_1000_max": 0.255883,
        "nauc_map_at_1000_std": 0.267255,
        "nauc_map_at_1000_diff1": 0.366193,
        "nauc_recall_at_1_max": 0.58199,
        "nauc_recall_at_1_std": 0.534693,
        "nauc_recall_at_1_diff1": 0.753406,
        "nauc_recall_at_3_max": 0.280406,
        "nauc_recall_at_3_std": 0.275651,
        "nauc_recall_at_3_diff1": 0.409406,
        "nauc_recall_at_5_max": 0.282898,
        "nauc_recall_at_5_std": 0.254613,
        "nauc_recall_at_5_diff1": 0.432327,
        "nauc_recall_at_10_max": 0.134751,
        "nauc_recall_at_10_std": 0.143235,
        "nauc_recall_at_10_diff1": 0.221996,
        "nauc_recall_at_20_max": 0.107569,
        "nauc_recall_at_20_std": 0.106196,
        "nauc_recall_at_20_diff1": 0.202936,
        "nauc_recall_at_100_max": -0.007267,
        "nauc_recall_at_100_std": 0.026316,
        "nauc_recall_at_100_diff1": 0.040915,
        "nauc_recall_at_1000_max": -0.047628,
        "nauc_recall_at_1000_std": 0.019289,
        "nauc_recall_at_1000_diff1": 0.030345,
        "nauc_precision_at_1_max": 0.530354,
        "nauc_precision_at_1_std": 0.496893,
        "nauc_precision_at_1_diff1": 0.670815,
        "nauc_precision_at_3_max": 0.215349,
        "nauc_precision_at_3_std": 0.235671,
        "nauc_precision_at_3_diff1": 0.294721,
        "nauc_precision_at_5_max": 0.185407,
        "nauc_precision_at_5_std": 0.17578,
        "nauc_precision_at_5_diff1": 0.310172,
        "nauc_precision_at_10_max": 0.111657,
        "nauc_precision_at_10_std": 0.126212,
        "nauc_precision_at_10_diff1": 0.135338,
        "nauc_precision_at_20_max": 0.085789,
        "nauc_precision_at_20_std": 0.095013,
        "nauc_precision_at_20_diff1": 0.113318,
        "nauc_precision_at_100_max": -0.023274,
        "nauc_precision_at_100_std": 0.037894,
        "nauc_precision_at_100_diff1": 0.002919,
        "nauc_precision_at_1000_max": -0.067393,
        "nauc_precision_at_1000_std": 0.022092,
        "nauc_precision_at_1000_diff1": 0.005965,
        "nauc_mrr_at_1_max": 0.530354,
        "nauc_mrr_at_1_std": 0.496893,
        "nauc_mrr_at_1_diff1": 0.670815,
        "nauc_mrr_at_3_max": 0.358597,
        "nauc_mrr_at_3_std": 0.343985,
        "nauc_mrr_at_3_diff1": 0.492012,
        "nauc_mrr_at_5_max": 0.354628,
        "nauc_mrr_at_5_std": 0.328127,
        "nauc_mrr_at_5_diff1": 0.504061,
        "nauc_mrr_at_10_max": 0.313687,
        "nauc_mrr_at_10_std": 0.295842,
        "nauc_mrr_at_10_diff1": 0.435492,
        "nauc_mrr_at_20_max": 0.300913,
        "nauc_mrr_at_20_std": 0.282759,
        "nauc_mrr_at_20_diff1": 0.420003,
        "nauc_mrr_at_100_max": 0.263827,
        "nauc_mrr_at_100_std": 0.25368,
        "nauc_mrr_at_100_diff1": 0.369866,
        "nauc_mrr_at_1000_max": 0.233828,
        "nauc_mrr_at_1000_std": 0.233507,
        "nauc_mrr_at_1000_diff1": 0.341431,
        "main_score": 0.00394,
        "hf_subset": "default",
        "languages": [
          "eng-Latn"
        ]
      }
    ]
  },
  "evaluation_time": 73.94384479522705,
  "kg_co2_emissions": null
}