{
  "dataset_revision": "831d292c3959eae59e4f89b8758738feee97d6cf",
  "task_name": "CoconutRetrieval",
  "mteb_version": "1.36.8",
  "scores": {
    "test": [
      {
        "ndcg_at_1": 0.00259,
        "ndcg_at_3": 0.00339,
        "ndcg_at_5": 0.00373,
        "ndcg_at_10": 0.0044,
        "ndcg_at_20": 0.00492,
        "ndcg_at_100": 0.00849,
        "ndcg_at_1000": 0.02554,
        "map_at_1": 0.00235,
        "map_at_3": 0.00306,
        "map_at_5": 0.00327,
        "map_at_10": 0.00352,
        "map_at_20": 0.00368,
        "map_at_100": 0.0041,
        "map_at_1000": 0.00453,
        "recall_at_1": 0.00235,
        "recall_at_3": 0.00395,
        "recall_at_5": 0.00474,
        "recall_at_10": 0.00664,
        "recall_at_20": 0.00842,
        "recall_at_100": 0.02635,
        "recall_at_1000": 0.15525,
        "precision_at_1": 0.00259,
        "precision_at_3": 0.00157,
        "precision_at_5": 0.00115,
        "precision_at_10": 0.00089,
        "precision_at_20": 0.00061,
        "precision_at_100": 0.00043,
        "precision_at_1000": 0.00027,
        "mrr_at_1": 0.00259,
        "mrr_at_3": 0.003415,
        "mrr_at_5": 0.003603,
        "mrr_at_10": 0.003898,
        "mrr_at_20": 0.004049,
        "mrr_at_100": 0.004556,
        "mrr_at_1000": 0.005001,
        "nauc_ndcg_at_1_max": 0.457404,
        "nauc_ndcg_at_1_std": 0.23958,
        "nauc_ndcg_at_1_diff1": 0.620351,
        "nauc_ndcg_at_3_max": 0.383466,
        "nauc_ndcg_at_3_std": 0.119214,
        "nauc_ndcg_at_3_diff1": 0.495273,
        "nauc_ndcg_at_5_max": 0.371335,
        "nauc_ndcg_at_5_std": 0.122518,
        "nauc_ndcg_at_5_diff1": 0.432805,
        "nauc_ndcg_at_10_max": 0.359069,
        "nauc_ndcg_at_10_std": 0.115765,
        "nauc_ndcg_at_10_diff1": 0.387828,
        "nauc_ndcg_at_20_max": 0.336983,
        "nauc_ndcg_at_20_std": 0.102408,
        "nauc_ndcg_at_20_diff1": 0.362694,
        "nauc_ndcg_at_100_max": 0.185888,
        "nauc_ndcg_at_100_std": 0.073041,
        "nauc_ndcg_at_100_diff1": 0.195835,
        "nauc_ndcg_at_1000_max": 0.08845,
        "nauc_ndcg_at_1000_std": 0.051092,
        "nauc_ndcg_at_1000_diff1": 0.072927,
        "nauc_map_at_1_max": 0.48188,
        "nauc_map_at_1_std": 0.210587,
        "nauc_map_at_1_diff1": 0.604924,
        "nauc_map_at_3_max": 0.406592,
        "nauc_map_at_3_std": 0.140922,
        "nauc_map_at_3_diff1": 0.517386,
        "nauc_map_at_5_max": 0.394173,
        "nauc_map_at_5_std": 0.143254,
        "nauc_map_at_5_diff1": 0.477051,
        "nauc_map_at_10_max": 0.389068,
        "nauc_map_at_10_std": 0.13667,
        "nauc_map_at_10_diff1": 0.450174,
        "nauc_map_at_20_max": 0.379688,
        "nauc_map_at_20_std": 0.130132,
        "nauc_map_at_20_diff1": 0.440536,
        "nauc_map_at_100_max": 0.339683,
        "nauc_map_at_100_std": 0.120028,
        "nauc_map_at_100_diff1": 0.391144,
        "nauc_map_at_1000_max": 0.312172,
        "nauc_map_at_1000_std": 0.11487,
        "nauc_map_at_1000_diff1": 0.356387,
        "nauc_recall_at_1_max": 0.48188,
        "nauc_recall_at_1_std": 0.210587,
        "nauc_recall_at_1_diff1": 0.604924,
        "nauc_recall_at_3_max": 0.354937,
        "nauc_recall_at_3_std": 0.062172,
        "nauc_recall_at_3_diff1": 0.452719,
        "nauc_recall_at_5_max": 0.336506,
        "nauc_recall_at_5_std": 0.082408,
        "nauc_recall_at_5_diff1": 0.346207,
        "nauc_recall_at_10_max": 0.325969,
        "nauc_recall_at_10_std": 0.073544,
        "nauc_recall_at_10_diff1": 0.285418,
        "nauc_recall_at_20_max": 0.297163,
        "nauc_recall_at_20_std": 0.06452,
        "nauc_recall_at_20_diff1": 0.252663,
        "nauc_recall_at_100_max": 0.085175,
        "nauc_recall_at_100_std": 0.045563,
        "nauc_recall_at_100_diff1": 0.063326,
        "nauc_recall_at_1000_max": 0.046605,
        "nauc_recall_at_1000_std": 0.04188,
        "nauc_recall_at_1000_diff1": 0.014002,
        "nauc_precision_at_1_max": 0.457404,
        "nauc_precision_at_1_std": 0.23958,
        "nauc_precision_at_1_diff1": 0.620351,
        "nauc_precision_at_3_max": 0.355047,
        "nauc_precision_at_3_std": 0.095356,
        "nauc_precision_at_3_diff1": 0.454524,
        "nauc_precision_at_5_max": 0.343855,
        "nauc_precision_at_5_std": 0.092388,
        "nauc_precision_at_5_diff1": 0.345211,
        "nauc_precision_at_10_max": 0.324004,
        "nauc_precision_at_10_std": 0.107912,
        "nauc_precision_at_10_diff1": 0.272176,
        "nauc_precision_at_20_max": 0.25146,
        "nauc_precision_at_20_std": 0.056918,
        "nauc_precision_at_20_diff1": 0.240047,
        "nauc_precision_at_100_max": 0.021023,
        "nauc_precision_at_100_std": 0.027963,
        "nauc_precision_at_100_diff1": 0.034459,
        "nauc_precision_at_1000_max": 0.010499,
        "nauc_precision_at_1000_std": 0.020283,
        "nauc_precision_at_1000_diff1": 0.003521,
        "nauc_mrr_at_1_max": 0.457404,
        "nauc_mrr_at_1_std": 0.23958,
        "nauc_mrr_at_1_diff1": 0.620351,
        "nauc_mrr_at_3_max": 0.37768,
        "nauc_mrr_at_3_std": 0.14767,
        "nauc_mrr_at_3_diff1": 0.51198,
        "nauc_mrr_at_5_max": 0.375349,
        "nauc_mrr_at_5_std": 0.145221,
        "nauc_mrr_at_5_diff1": 0.47139,
        "nauc_mrr_at_10_max": 0.358956,
        "nauc_mrr_at_10_std": 0.14616,
        "nauc_mrr_at_10_diff1": 0.449582,
        "nauc_mrr_at_20_max": 0.349262,
        "nauc_mrr_at_20_std": 0.137798,
        "nauc_mrr_at_20_diff1": 0.43635,
        "nauc_mrr_at_100_max": 0.312069,
        "nauc_mrr_at_100_std": 0.127637,
        "nauc_mrr_at_100_diff1": 0.384406,
        "nauc_mrr_at_1000_max": 0.29054,
        "nauc_mrr_at_1000_std": 0.120235,
        "nauc_mrr_at_1000_diff1": 0.354315,
        "main_score": 0.0044,
        "hf_subset": "default",
        "languages": [
          "eng-Latn"
        ]
      }
    ]
  },
  "evaluation_time": 29.31782054901123,
  "kg_co2_emissions": null
}