{
  "dataset_revision": "1840e8a5ac6ec752bbdd97d543ead0189bc7c25b",
  "task_name": "ChemHotpotQARetrieval",
  "mteb_version": "1.36.8",
  "scores": {
    "train": [
      {
        "ndcg_at_1": 0.72222,
        "ndcg_at_3": 0.77457,
        "ndcg_at_5": 0.78966,
        "ndcg_at_10": 0.79534,
        "ndcg_at_20": 0.80114,
        "ndcg_at_100": 0.81383,
        "ndcg_at_1000": 0.81938,
        "map_at_1": 0.70833,
        "map_at_3": 0.75741,
        "map_at_5": 0.7663,
        "map_at_10": 0.76881,
        "map_at_20": 0.7705,
        "map_at_100": 0.77262,
        "map_at_1000": 0.77286,
        "recall_at_1": 0.70833,
        "recall_at_3": 0.81389,
        "recall_at_5": 0.85,
        "recall_at_10": 0.86667,
        "recall_at_20": 0.88889,
        "recall_at_100": 0.95278,
        "recall_at_1000": 0.99444,
        "precision_at_1": 0.72222,
        "precision_at_3": 0.27963,
        "precision_at_5": 0.17556,
        "precision_at_10": 0.08944,
        "precision_at_20": 0.04583,
        "precision_at_100": 0.00983,
        "precision_at_1000": 0.00103,
        "mrr_at_1": 0.722222,
        "mrr_at_3": 0.768519,
        "mrr_at_5": 0.776019,
        "mrr_at_10": 0.778532,
        "mrr_at_20": 0.78022,
        "mrr_at_100": 0.782146,
        "mrr_at_1000": 0.782294,
        "nauc_ndcg_at_1_max": 0.67066,
        "nauc_ndcg_at_1_std": -0.067204,
        "nauc_ndcg_at_1_diff1": 0.946335,
        "nauc_ndcg_at_3_max": 0.614788,
        "nauc_ndcg_at_3_std": -0.086866,
        "nauc_ndcg_at_3_diff1": 0.86168,
        "nauc_ndcg_at_5_max": 0.587552,
        "nauc_ndcg_at_5_std": -0.13436,
        "nauc_ndcg_at_5_diff1": 0.858783,
        "nauc_ndcg_at_10_max": 0.585563,
        "nauc_ndcg_at_10_std": -0.122315,
        "nauc_ndcg_at_10_diff1": 0.855096,
        "nauc_ndcg_at_20_max": 0.579707,
        "nauc_ndcg_at_20_std": -0.133701,
        "nauc_ndcg_at_20_diff1": 0.849963,
        "nauc_ndcg_at_100_max": 0.581659,
        "nauc_ndcg_at_100_std": -0.126617,
        "nauc_ndcg_at_100_diff1": 0.848449,
        "nauc_ndcg_at_1000_max": 0.591561,
        "nauc_ndcg_at_1000_std": -0.122905,
        "nauc_ndcg_at_1000_diff1": 0.8632,
        "nauc_map_at_1_max": 0.576575,
        "nauc_map_at_1_std": -0.134437,
        "nauc_map_at_1_diff1": 0.879662,
        "nauc_map_at_3_max": 0.604235,
        "nauc_map_at_3_std": -0.100928,
        "nauc_map_at_3_diff1": 0.856591,
        "nauc_map_at_5_max": 0.589927,
        "nauc_map_at_5_std": -0.125509,
        "nauc_map_at_5_diff1": 0.854694,
        "nauc_map_at_10_max": 0.589002,
        "nauc_map_at_10_std": -0.120762,
        "nauc_map_at_10_diff1": 0.853138,
        "nauc_map_at_20_max": 0.587352,
        "nauc_map_at_20_std": -0.124094,
        "nauc_map_at_20_diff1": 0.851793,
        "nauc_map_at_100_max": 0.586864,
        "nauc_map_at_100_std": -0.123559,
        "nauc_map_at_100_diff1": 0.851632,
        "nauc_map_at_1000_max": 0.587335,
        "nauc_map_at_1000_std": -0.123189,
        "nauc_map_at_1000_diff1": 0.85228,
        "nauc_recall_at_1_max": 0.576575,
        "nauc_recall_at_1_std": -0.134437,
        "nauc_recall_at_1_diff1": 0.879662,
        "nauc_recall_at_3_max": 0.585082,
        "nauc_recall_at_3_std": -0.078274,
        "nauc_recall_at_3_diff1": 0.803151,
        "nauc_recall_at_5_max": 0.491539,
        "nauc_recall_at_5_std": -0.231433,
        "nauc_recall_at_5_diff1": 0.782903,
        "nauc_recall_at_10_max": 0.473616,
        "nauc_recall_at_10_std": -0.190526,
        "nauc_recall_at_10_diff1": 0.75922,
        "nauc_recall_at_20_max": 0.419442,
        "nauc_recall_at_20_std": -0.268318,
        "nauc_recall_at_20_diff1": 0.710182,
        "nauc_recall_at_100_max": 0.285687,
        "nauc_recall_at_100_std": -0.280579,
        "nauc_recall_at_100_diff1": 0.477481,
        "nauc_recall_at_1000_max": 0.122782,
        "nauc_recall_at_1000_std": -1.151727,
        "nauc_recall_at_1000_diff1": 0.869281,
        "nauc_precision_at_1_max": 0.67066,
        "nauc_precision_at_1_std": -0.067204,
        "nauc_precision_at_1_diff1": 0.946335,
        "nauc_precision_at_3_max": 0.681711,
        "nauc_precision_at_3_std": 0.039663,
        "nauc_precision_at_3_diff1": 0.779267,
        "nauc_precision_at_5_max": 0.557869,
        "nauc_precision_at_5_std": -0.0776,
        "nauc_precision_at_5_diff1": 0.686671,
        "nauc_precision_at_10_max": 0.548763,
        "nauc_precision_at_10_std": -0.027,
        "nauc_precision_at_10_diff1": 0.656676,
        "nauc_precision_at_20_max": 0.513963,
        "nauc_precision_at_20_std": -0.068641,
        "nauc_precision_at_20_diff1": 0.599634,
        "nauc_precision_at_100_max": 0.409906,
        "nauc_precision_at_100_std": 0.058558,
        "nauc_precision_at_100_diff1": 0.248144,
        "nauc_precision_at_1000_max": 0.386596,
        "nauc_precision_at_1000_std": 0.308987,
        "nauc_precision_at_1000_diff1": 0.148206,
        "nauc_mrr_at_1_max": 0.67066,
        "nauc_mrr_at_1_std": -0.067204,
        "nauc_mrr_at_1_diff1": 0.946335,
        "nauc_mrr_at_3_max": 0.664165,
        "nauc_mrr_at_3_std": -0.058448,
        "nauc_mrr_at_3_diff1": 0.923435,
        "nauc_mrr_at_5_max": 0.651897,
        "nauc_mrr_at_5_std": -0.081139,
        "nauc_mrr_at_5_diff1": 0.924056,
        "nauc_mrr_at_10_max": 0.651619,
        "nauc_mrr_at_10_std": -0.075738,
        "nauc_mrr_at_10_diff1": 0.923203,
        "nauc_mrr_at_20_max": 0.650373,
        "nauc_mrr_at_20_std": -0.078857,
        "nauc_mrr_at_20_diff1": 0.922329,
        "nauc_mrr_at_100_max": 0.650701,
        "nauc_mrr_at_100_std": -0.076738,
        "nauc_mrr_at_100_diff1": 0.923117,
        "nauc_mrr_at_1000_max": 0.650715,
        "nauc_mrr_at_1000_std": -0.076784,
        "nauc_mrr_at_1000_diff1": 0.923231,
        "main_score": 0.79534,
        "hf_subset": "default",
        "languages": [
          "eng-Latn"
        ]
      }
    ],
    "dev": [
      {
        "ndcg_at_1": 0.875,
        "ndcg_at_3": 0.875,
        "ndcg_at_5": 0.875,
        "ndcg_at_10": 0.875,
        "ndcg_at_20": 0.875,
        "ndcg_at_100": 0.89804,
        "ndcg_at_1000": 0.89804,
        "map_at_1": 0.875,
        "map_at_3": 0.875,
        "map_at_5": 0.875,
        "map_at_10": 0.875,
        "map_at_20": 0.875,
        "map_at_100": 0.87798,
        "map_at_1000": 0.87798,
        "recall_at_1": 0.875,
        "recall_at_3": 0.875,
        "recall_at_5": 0.875,
        "recall_at_10": 0.875,
        "recall_at_20": 0.875,
        "recall_at_100": 1.0,
        "recall_at_1000": 1.0,
        "precision_at_1": 0.875,
        "precision_at_3": 0.29167,
        "precision_at_5": 0.175,
        "precision_at_10": 0.0875,
        "precision_at_20": 0.04375,
        "precision_at_100": 0.01,
        "precision_at_1000": 0.001,
        "mrr_at_1": 0.875,
        "mrr_at_3": 0.875,
        "mrr_at_5": 0.875,
        "mrr_at_10": 0.875,
        "mrr_at_20": 0.875,
        "mrr_at_100": 0.877976,
        "mrr_at_1000": 0.877976,
        "nauc_ndcg_at_1_max": 0.865546,
        "nauc_ndcg_at_1_std": -1.126611,
        "nauc_ndcg_at_1_diff1": 1.0,
        "nauc_ndcg_at_3_max": 0.865546,
        "nauc_ndcg_at_3_std": -1.126611,
        "nauc_ndcg_at_3_diff1": 1.0,
        "nauc_ndcg_at_5_max": 0.865546,
        "nauc_ndcg_at_5_std": -1.126611,
        "nauc_ndcg_at_5_diff1": 1.0,
        "nauc_ndcg_at_10_max": 0.865546,
        "nauc_ndcg_at_10_std": -1.126611,
        "nauc_ndcg_at_10_diff1": 1.0,
        "nauc_ndcg_at_20_max": 0.865546,
        "nauc_ndcg_at_20_std": -1.126611,
        "nauc_ndcg_at_20_diff1": 1.0,
        "nauc_ndcg_at_100_max": 0.865546,
        "nauc_ndcg_at_100_std": -1.126611,
        "nauc_ndcg_at_100_diff1": 1.0,
        "nauc_ndcg_at_1000_max": 0.865546,
        "nauc_ndcg_at_1000_std": -1.126611,
        "nauc_ndcg_at_1000_diff1": 1.0,
        "nauc_map_at_1_max": 0.865546,
        "nauc_map_at_1_std": -1.126611,
        "nauc_map_at_1_diff1": 1.0,