{
  "dataset_revision": "831d292c3959eae59e4f89b8758738feee97d6cf",
  "task_name": "CoconutRetrieval",
  "mteb_version": "1.36.8",
  "scores": {
    "test": [
      {
        "ndcg_at_1": 0.00247,
        "ndcg_at_3": 0.00295,
        "ndcg_at_5": 0.00346,
        "ndcg_at_10": 0.00436,
        "ndcg_at_20": 0.00535,
        "ndcg_at_100": 0.00854,
        "ndcg_at_1000": 0.02156,
        "map_at_1": 0.00218,
        "map_at_3": 0.0027,
        "map_at_5": 0.00298,
        "map_at_10": 0.00336,
        "map_at_20": 0.00364,
        "map_at_100": 0.00403,
        "map_at_1000": 0.00437,
        "recall_at_1": 0.00218,
        "recall_at_3": 0.00323,
        "recall_at_5": 0.00433,
        "recall_at_10": 0.00688,
        "recall_at_20": 0.01042,
        "recall_at_100": 0.02611,
        "recall_at_1000": 0.12445,
        "precision_at_1": 0.00247,
        "precision_at_3": 0.00133,
        "precision_at_5": 0.00118,
        "precision_at_10": 0.00093,
        "precision_at_20": 0.00074,
        "precision_at_100": 0.00042,
        "precision_at_1000": 0.00021,
        "mrr_at_1": 0.002473,
        "mrr_at_3": 0.00312,
        "mrr_at_5": 0.003473,
        "mrr_at_10": 0.003875,
        "mrr_at_20": 0.004169,
        "mrr_at_100": 0.004624,
        "mrr_at_1000": 0.004992,
        "nauc_ndcg_at_1_max": 0.490849,
        "nauc_ndcg_at_1_std": 0.429451,
        "nauc_ndcg_at_1_diff1": 0.482983,
        "nauc_ndcg_at_3_max": 0.492546,
        "nauc_ndcg_at_3_std": 0.455099,
        "nauc_ndcg_at_3_diff1": 0.491229,
        "nauc_ndcg_at_5_max": 0.479493,
        "nauc_ndcg_at_5_std": 0.43134,
        "nauc_ndcg_at_5_diff1": 0.411537,
        "nauc_ndcg_at_10_max": 0.399781,
        "nauc_ndcg_at_10_std": 0.351577,
        "nauc_ndcg_at_10_diff1": 0.31326,
        "nauc_ndcg_at_20_max": 0.387614,
        "nauc_ndcg_at_20_std": 0.333307,
        "nauc_ndcg_at_20_diff1": 0.274306,
        "nauc_ndcg_at_100_max": 0.350387,
        "nauc_ndcg_at_100_std": 0.268796,
        "nauc_ndcg_at_100_diff1": 0.165348,
        "nauc_ndcg_at_1000_max": 0.280139,
        "nauc_ndcg_at_1000_std": 0.172455,
        "nauc_ndcg_at_1000_diff1": 0.076707,
        "nauc_map_at_1_max": 0.487705,
        "nauc_map_at_1_std": 0.457123,
        "nauc_map_at_1_diff1": 0.531839,
        "nauc_map_at_3_max": 0.493989,
        "nauc_map_at_3_std": 0.466293,
        "nauc_map_at_3_diff1": 0.509224,
        "nauc_map_at_5_max": 0.484881,
        "nauc_map_at_5_std": 0.449323,
        "nauc_map_at_5_diff1": 0.456165,
        "nauc_map_at_10_max": 0.440021,
        "nauc_map_at_10_std": 0.403691,
        "nauc_map_at_10_diff1": 0.399235,
        "nauc_map_at_20_max": 0.435584,
        "nauc_map_at_20_std": 0.395749,
        "nauc_map_at_20_diff1": 0.37805,
        "nauc_map_at_100_max": 0.419369,
        "nauc_map_at_100_std": 0.374271,
        "nauc_map_at_100_diff1": 0.337691,
        "nauc_map_at_1000_max": 0.4072,
        "nauc_map_at_1000_std": 0.355993,
        "nauc_map_at_1000_diff1": 0.313131,
        "nauc_recall_at_1_max": 0.487705,
        "nauc_recall_at_1_std": 0.457123,
        "nauc_recall_at_1_diff1": 0.531839,
        "nauc_recall_at_3_max": 0.495484,
        "nauc_recall_at_3_std": 0.469848,
        "nauc_recall_at_3_diff1": 0.487733,
        "nauc_recall_at_5_max": 0.465514,
        "nauc_recall_at_5_std": 0.423096,
        "nauc_recall_at_5_diff1": 0.352593,
        "nauc_recall_at_10_max": 0.318937,
        "nauc_recall_at_10_std": 0.27037,
        "nauc_recall_at_10_diff1": 0.192324,
        "nauc_recall_at_20_max": 0.317969,
        "nauc_recall_at_20_std": 0.251321,
        "nauc_recall_at_20_diff1": 0.163198,
        "nauc_recall_at_100_max": 0.311315,
        "nauc_recall_at_100_std": 0.203066,
        "nauc_recall_at_100_diff1": 0.059844,
        "nauc_recall_at_1000_max": 0.240383,
        "nauc_recall_at_1000_std": 0.118516,
        "nauc_recall_at_1000_diff1": 0.025754,
        "nauc_precision_at_1_max": 0.490849,
        "nauc_precision_at_1_std": 0.429451,
        "nauc_precision_at_1_diff1": 0.482983,
        "nauc_precision_at_3_max": 0.499991,
        "nauc_precision_at_3_std": 0.43655,
        "nauc_precision_at_3_diff1": 0.460396,
        "nauc_precision_at_5_max": 0.496456,
        "nauc_precision_at_5_std": 0.402265,
        "nauc_precision_at_5_diff1": 0.306353,
        "nauc_precision_at_10_max": 0.379989,
        "nauc_precision_at_10_std": 0.312157,
        "nauc_precision_at_10_diff1": 0.184565,
        "nauc_precision_at_20_max": 0.365131,
        "nauc_precision_at_20_std": 0.311616,
        "nauc_precision_at_20_diff1": 0.144368,
        "nauc_precision_at_100_max": 0.299786,
        "nauc_precision_at_100_std": 0.199923,
        "nauc_precision_at_100_diff1": 0.031227,
        "nauc_precision_at_1000_max": 0.236236,
        "nauc_precision_at_1000_std": 0.12601,
        "nauc_precision_at_1000_diff1": 0.010474,
        "nauc_mrr_at_1_max": 0.490849,
        "nauc_mrr_at_1_std": 0.429451,
        "nauc_mrr_at_1_diff1": 0.482983,
        "nauc_mrr_at_3_max": 0.48388,
        "nauc_mrr_at_3_std": 0.418855,
        "nauc_mrr_at_3_diff1": 0.458906,
        "nauc_mrr_at_5_max": 0.482077,
        "nauc_mrr_at_5_std": 0.407943,
        "nauc_mrr_at_5_diff1": 0.411431,
        "nauc_mrr_at_10_max": 0.44377,
        "nauc_mrr_at_10_std": 0.372098,
        "nauc_mrr_at_10_diff1": 0.359989,
        "nauc_mrr_at_20_max": 0.43405,
        "nauc_mrr_at_20_std": 0.36335,
        "nauc_mrr_at_20_diff1": 0.341075,
        "nauc_mrr_at_100_max": 0.41696,
        "nauc_mrr_at_100_std": 0.340741,
        "nauc_mrr_at_100_diff1": 0.306711,
        "nauc_mrr_at_1000_max": 0.404965,
        "nauc_mrr_at_1000_std": 0.324442,
        "nauc_mrr_at_1000_diff1": 0.286998,
        "main_score": 0.00436,
        "hf_subset": "default",
        "languages": [
          "eng-Latn"
        ]
      }
    ]
  },
  "evaluation_time": 29.2214035987854,
  "kg_co2_emissions": null
}