{
  "dataset_revision": "main",
  "task_name": "FSUChemRxivQest",
  "mteb_version": "0.1",
  "scores": {
    "test": [
      {
        "ndcg_at_1": 0.39444,
        "ndcg_at_3": 0.40376,
        "ndcg_at_5": 0.43653,
        "ndcg_at_10": 0.4741,
        "ndcg_at_20": 0.50288,
        "ndcg_at_100": 0.5367,
        "ndcg_at_1000": 0.54862,
        "map_at_1": 0.2748,
        "map_at_3": 0.35181,
        "map_at_5": 0.37073,
        "map_at_10": 0.38819,
        "map_at_20": 0.39762,
        "map_at_100": 0.40407,
        "map_at_1000": 0.40465,
        "recall_at_1": 0.2748,
        "recall_at_3": 0.43169,
        "recall_at_5": 0.50223,
        "recall_at_10": 0.60453,
        "recall_at_20": 0.70288,
        "recall_at_100": 0.85736,
        "recall_at_1000": 0.93821,
        "precision_at_1": 0.39444,
        "precision_at_3": 0.20941,
        "precision_at_5": 0.1483,
        "precision_at_10": 0.09073,
        "precision_at_20": 0.05376,
        "precision_at_100": 0.01344,
        "precision_at_1000": 0.0015,
        "mrr_at_1": 0.394439,
        "mrr_at_3": 0.482149,
        "mrr_at_5": 0.501407,
        "mrr_at_10": 0.515452,
        "mrr_at_20": 0.521782,
        "mrr_at_100": 0.524444,
        "mrr_at_1000": 0.524557,
        "nauc_ndcg_at_1_max": 0.148665,
        "nauc_ndcg_at_1_std": -0.130757,
        "nauc_ndcg_at_1_diff1": 0.396011,
        "nauc_ndcg_at_3_max": 0.145971,
        "nauc_ndcg_at_3_std": -0.139766,
        "nauc_ndcg_at_3_diff1": 0.328873,
        "nauc_ndcg_at_5_max": 0.149164,
        "nauc_ndcg_at_5_std": -0.139092,
        "nauc_ndcg_at_5_diff1": 0.3235,
        "nauc_ndcg_at_10_max": 0.149643,
        "nauc_ndcg_at_10_std": -0.138326,
        "nauc_ndcg_at_10_diff1": 0.315638,
        "nauc_ndcg_at_20_max": 0.162489,
        "nauc_ndcg_at_20_std": -0.118053,
        "nauc_ndcg_at_20_diff1": 0.3154,
        "nauc_ndcg_at_100_max": 0.172782,
        "nauc_ndcg_at_100_std": -0.099186,
        "nauc_ndcg_at_100_diff1": 0.32197,
        "nauc_ndcg_at_1000_max": 0.165937,
        "nauc_ndcg_at_1000_std": -0.105912,
        "nauc_ndcg_at_1000_diff1": 0.324413,
        "nauc_map_at_1_max": 0.14161,
        "nauc_map_at_1_std": -0.089958,
        "nauc_map_at_1_diff1": 0.354649,
        "nauc_map_at_3_max": 0.140153,
        "nauc_map_at_3_std": -0.122696,
        "nauc_map_at_3_diff1": 0.324249,
        "nauc_map_at_5_max": 0.142296,
        "nauc_map_at_5_std": -0.120485,
        "nauc_map_at_5_diff1": 0.321329,
        "nauc_map_at_10_max": 0.144327,
        "nauc_map_at_10_std": -0.119922,
        "nauc_map_at_10_diff1": 0.317603,
        "nauc_map_at_20_max": 0.148905,
        "nauc_map_at_20_std": -0.114537,
        "nauc_map_at_20_diff1": 0.31806,
        "nauc_map_at_100_max": 0.151051,
        "nauc_map_at_100_std": -0.111422,
        "nauc_map_at_100_diff1": 0.3193,
        "nauc_map_at_1000_max": 0.150844,
        "nauc_map_at_1000_std": -0.111538,
        "nauc_map_at_1000_diff1": 0.319375,
        "nauc_recall_at_1_max": 0.14161,
        "nauc_recall_at_1_std": -0.089958,
        "nauc_recall_at_1_diff1": 0.354649,
        "nauc_recall_at_3_max": 0.128208,
        "nauc_recall_at_3_std": -0.137879,
        "nauc_recall_at_3_diff1": 0.264288,
        "nauc_recall_at_5_max": 0.129905,
        "nauc_recall_at_5_std": -0.13331,
        "nauc_recall_at_5_diff1": 0.240297,
        "nauc_recall_at_10_max": 0.113994,
        "nauc_recall_at_10_std": -0.126078,
        "nauc_recall_at_10_diff1": 0.18996,
        "nauc_recall_at_20_max": 0.149283,
        "nauc_recall_at_20_std": -0.035894,
        "nauc_recall_at_20_diff1": 0.151561,
        "nauc_recall_at_100_max": 0.228785,
        "nauc_recall_at_100_std": 0.181346,
        "nauc_recall_at_100_diff1": 0.100245,
        "nauc_recall_at_1000_max": 0.151037,
        "nauc_recall_at_1000_std": 0.269251,
        "nauc_recall_at_1000_diff1": 0.021959,
        "nauc_precision_at_1_max": 0.148665,
        "nauc_precision_at_1_std": -0.130757,
        "nauc_precision_at_1_diff1": 0.396011,
        "nauc_precision_at_3_max": 0.157349,
        "nauc_precision_at_3_std": -0.190384,
        "nauc_precision_at_3_diff1": 0.305042,
        "nauc_precision_at_5_max": 0.148751,
        "nauc_precision_at_5_std": -0.175597,
        "nauc_precision_at_5_diff1": 0.25544,
        "nauc_precision_at_10_max": 0.128809,
        "nauc_precision_at_10_std": -0.117579,
        "nauc_precision_at_10_diff1": 0.161531,
        "nauc_precision_at_20_max": 0.142484,
        "nauc_precision_at_20_std": -0.013903,
        "nauc_precision_at_20_diff1": 0.090768,
        "nauc_precision_at_100_max": 0.13973,
        "nauc_precision_at_100_std": 0.125022,
        "nauc_precision_at_100_diff1": 0.013767,
        "nauc_precision_at_1000_max": 0.054221,
        "nauc_precision_at_1000_std": 0.090263,
        "nauc_precision_at_1000_diff1": -0.03438,
        "nauc_mrr_at_1_max": 0.148665,
        "nauc_mrr_at_1_std": -0.130757,
        "nauc_mrr_at_1_diff1": 0.396011,
        "nauc_mrr_at_3_max": 0.159577,
        "nauc_mrr_at_3_std": -0.160306,
        "nauc_mrr_at_3_diff1": 0.377237,
        "nauc_mrr_at_5_max": 0.161338,
        "nauc_mrr_at_5_std": -0.162504,
        "nauc_mrr_at_5_diff1": 0.376098,
        "nauc_mrr_at_10_max": 0.158789,
        "nauc_mrr_at_10_std": -0.163289,
        "nauc_mrr_at_10_diff1": 0.374421,
        "nauc_mrr_at_20_max": 0.160936,
        "nauc_mrr_at_20_std": -0.158598,
        "nauc_mrr_at_20_diff1": 0.37488,
        "nauc_mrr_at_100_max": 0.161127,
        "nauc_mrr_at_100_std": -0.157986,
        "nauc_mrr_at_100_diff1": 0.375687,
        "nauc_mrr_at_1000_max": 0.161017,
        "nauc_mrr_at_1000_std": -0.158104,
        "nauc_mrr_at_1000_diff1": 0.37572,
        "main_score": 0.4741,
        "hf_subset": "default",
        "languages": [
          "eng-Latn"
        ]
      }
    ]
  },
  "evaluation_time": 54.90857768058777,
  "kg_co2_emissions": null
}