{
  "dataset_revision": "main",
  "task_name": "FSUChemRxivQest",
  "mteb_version": "0.1",
  "scores": {
    "test": [
      {
        "ndcg_at_1": 0.44902,
        "ndcg_at_3": 0.45244,
        "ndcg_at_5": 0.48836,
        "ndcg_at_10": 0.52237,
        "ndcg_at_20": 0.54944,
        "ndcg_at_100": 0.57938,
        "ndcg_at_1000": 0.58977,
        "map_at_1": 0.31377,
        "map_at_3": 0.39756,
        "map_at_5": 0.41903,
        "map_at_10": 0.4345,
        "map_at_20": 0.44375,
        "map_at_100": 0.44986,
        "map_at_1000": 0.45041,
        "recall_at_1": 0.31377,
        "recall_at_3": 0.48026,
        "recall_at_5": 0.55613,
        "recall_at_10": 0.64813,
        "recall_at_20": 0.74133,
        "recall_at_100": 0.87436,
        "recall_at_1000": 0.94301,
        "precision_at_1": 0.44902,
        "precision_at_3": 0.23275,
        "precision_at_5": 0.16457,
        "precision_at_10": 0.09701,
        "precision_at_20": 0.05633,
        "precision_at_100": 0.0137,
        "precision_at_1000": 0.0015,
        "mrr_at_1": 0.449022,
        "mrr_at_3": 0.53759,
        "mrr_at_5": 0.558239,
        "mrr_at_10": 0.572009,
        "mrr_at_20": 0.576976,
        "mrr_at_100": 0.578943,
        "mrr_at_1000": 0.579026,
        "nauc_ndcg_at_1_max": 0.150892,
        "nauc_ndcg_at_1_std": -0.176661,
        "nauc_ndcg_at_1_diff1": 0.428147,
        "nauc_ndcg_at_3_max": 0.149933,
        "nauc_ndcg_at_3_std": -0.177174,
        "nauc_ndcg_at_3_diff1": 0.339143,
        "nauc_ndcg_at_5_max": 0.142163,
        "nauc_ndcg_at_5_std": -0.175949,
        "nauc_ndcg_at_5_diff1": 0.327042,
        "nauc_ndcg_at_10_max": 0.145398,
        "nauc_ndcg_at_10_std": -0.159933,
        "nauc_ndcg_at_10_diff1": 0.315415,
        "nauc_ndcg_at_20_max": 0.15736,
        "nauc_ndcg_at_20_std": -0.147222,
        "nauc_ndcg_at_20_diff1": 0.313393,
        "nauc_ndcg_at_100_max": 0.165724,
        "nauc_ndcg_at_100_std": -0.137924,
        "nauc_ndcg_at_100_diff1": 0.323827,
        "nauc_ndcg_at_1000_max": 0.162624,
        "nauc_ndcg_at_1000_std": -0.141188,
        "nauc_ndcg_at_1000_diff1": 0.330773,
        "nauc_map_at_1_max": 0.137034,
        "nauc_map_at_1_std": -0.155572,
        "nauc_map_at_1_diff1": 0.374081,
        "nauc_map_at_3_max": 0.144414,
        "nauc_map_at_3_std": -0.166944,
        "nauc_map_at_3_diff1": 0.334384,
        "nauc_map_at_5_max": 0.139004,
        "nauc_map_at_5_std": -0.168918,
        "nauc_map_at_5_diff1": 0.329662,
        "nauc_map_at_10_max": 0.140817,
        "nauc_map_at_10_std": -0.161278,
        "nauc_map_at_10_diff1": 0.324481,
        "nauc_map_at_20_max": 0.145299,
        "nauc_map_at_20_std": -0.156178,
        "nauc_map_at_20_diff1": 0.32347,
        "nauc_map_at_100_max": 0.147142,
        "nauc_map_at_100_std": -0.155061,
        "nauc_map_at_100_diff1": 0.325553,
        "nauc_map_at_1000_max": 0.146987,
        "nauc_map_at_1000_std": -0.155119,
        "nauc_map_at_1000_diff1": 0.325806,
        "nauc_recall_at_1_max": 0.137034,
        "nauc_recall_at_1_std": -0.155572,
        "nauc_recall_at_1_diff1": 0.374081,
        "nauc_recall_at_3_max": 0.13877,
        "nauc_recall_at_3_std": -0.162771,
        "nauc_recall_at_3_diff1": 0.262229,
        "nauc_recall_at_5_max": 0.112872,
        "nauc_recall_at_5_std": -0.152573,
        "nauc_recall_at_5_diff1": 0.216983,
        "nauc_recall_at_10_max": 0.107846,
        "nauc_recall_at_10_std": -0.093332,
        "nauc_recall_at_10_diff1": 0.150238,
        "nauc_recall_at_20_max": 0.139397,
        "nauc_recall_at_20_std": -0.023932,
        "nauc_recall_at_20_diff1": 0.08985,
        "nauc_recall_at_100_max": 0.215633,
        "nauc_recall_at_100_std": 0.156448,
        "nauc_recall_at_100_diff1": 0.037228,
        "nauc_recall_at_1000_max": 0.249428,
        "nauc_recall_at_1000_std": 0.309201,
        "nauc_recall_at_1000_diff1": 0.056214,
        "nauc_precision_at_1_max": 0.150892,
        "nauc_precision_at_1_std": -0.176661,
        "nauc_precision_at_1_diff1": 0.428147,
        "nauc_precision_at_3_max": 0.139077,
        "nauc_precision_at_3_std": -0.185605,
        "nauc_precision_at_3_diff1": 0.284396,
        "nauc_precision_at_5_max": 0.100728,
        "nauc_precision_at_5_std": -0.150337,
        "nauc_precision_at_5_diff1": 0.201035,
        "nauc_precision_at_10_max": 0.087349,
        "nauc_precision_at_10_std": -0.073461,
        "nauc_precision_at_10_diff1": 0.103837,
        "nauc_precision_at_20_max": 0.106063,
        "nauc_precision_at_20_std": 0.020981,
        "nauc_precision_at_20_diff1": 0.02521,
        "nauc_precision_at_100_max": 0.090698,
        "nauc_precision_at_100_std": 0.114152,
        "nauc_precision_at_100_diff1": -0.02684,
        "nauc_precision_at_1000_max": 0.035837,
        "nauc_precision_at_1000_std": 0.109927,
        "nauc_precision_at_1000_diff1": -0.033201,
        "nauc_mrr_at_1_max": 0.150892,
        "nauc_mrr_at_1_std": -0.176661,
        "nauc_mrr_at_1_diff1": 0.428147,
        "nauc_mrr_at_3_max": 0.159205,
        "nauc_mrr_at_3_std": -0.193978,
        "nauc_mrr_at_3_diff1": 0.401323,
        "nauc_mrr_at_5_max": 0.158443,
        "nauc_mrr_at_5_std": -0.189114,
        "nauc_mrr_at_5_diff1": 0.39411,
        "nauc_mrr_at_10_max": 0.160054,
        "nauc_mrr_at_10_std": -0.184888,
        "nauc_mrr_at_10_diff1": 0.392925,
        "nauc_mrr_at_20_max": 0.160677,
        "nauc_mrr_at_20_std": -0.184689,
        "nauc_mrr_at_20_diff1": 0.394503,
        "nauc_mrr_at_100_max": 0.160635,
        "nauc_mrr_at_100_std": -0.184969,
        "nauc_mrr_at_100_diff1": 0.395869,
        "nauc_mrr_at_1000_max": 0.16059,
        "nauc_mrr_at_1000_std": -0.184961,
        "nauc_mrr_at_1000_diff1": 0.395889,
        "main_score": 0.52237,
        "hf_subset": "default",
        "languages": [
          "eng-Latn"
        ]
      }
    ]
  },
  "evaluation_time": 173.95078134536743,
  "kg_co2_emissions": null
}