{
  "dataset_revision": "5d958fb6b31055495347724d46431ba41309b03a",
  "task_name": "ChemNQRetrieval",
  "mteb_version": "1.36.8",
  "scores": {
    "test": [
      {
        "ndcg_at_1": 0.22222,
        "ndcg_at_3": 0.36408,
        "ndcg_at_5": 0.41031,
        "ndcg_at_10": 0.44354,
        "ndcg_at_20": 0.47215,
        "ndcg_at_100": 0.50951,
        "ndcg_at_1000": 0.51681,
        "map_at_1": 0.16667,
        "map_at_3": 0.31481,
        "map_at_5": 0.34074,
        "map_at_10": 0.3572,
        "map_at_20": 0.36474,
        "map_at_100": 0.37169,
        "map_at_1000": 0.37208,
        "recall_at_1": 0.16667,
        "recall_at_3": 0.46296,
        "recall_at_5": 0.57407,
        "recall_at_10": 0.66667,
        "recall_at_20": 0.77778,
        "recall_at_100": 0.95062,
        "recall_at_1000": 1.0,
        "precision_at_1": 0.22222,
        "precision_at_3": 0.19753,
        "precision_at_5": 0.14074,
        "precision_at_10": 0.08148,
        "precision_at_20": 0.04815,
        "precision_at_100": 0.01222,
        "precision_at_1000": 0.0013,
        "mrr_at_1": 0.222222,
        "mrr_at_3": 0.358025,
        "mrr_at_5": 0.383951,
        "mrr_at_10": 0.396296,
        "mrr_at_20": 0.402972,
        "mrr_at_100": 0.407683,
        "mrr_at_1000": 0.40794,
        "nauc_ndcg_at_1_max": 0.196952,
        "nauc_ndcg_at_1_std": -0.212413,
        "nauc_ndcg_at_1_diff1": 0.330784,
        "nauc_ndcg_at_3_max": 0.33567,
        "nauc_ndcg_at_3_std": -0.059114,
        "nauc_ndcg_at_3_diff1": 0.526426,
        "nauc_ndcg_at_5_max": 0.397525,
        "nauc_ndcg_at_5_std": -0.097578,
        "nauc_ndcg_at_5_diff1": 0.52584,
        "nauc_ndcg_at_10_max": 0.373921,
        "nauc_ndcg_at_10_std": -0.063184,
        "nauc_ndcg_at_10_diff1": 0.472015,
        "nauc_ndcg_at_20_max": 0.356047,
        "nauc_ndcg_at_20_std": -0.113354,
        "nauc_ndcg_at_20_diff1": 0.460951,
        "nauc_ndcg_at_100_max": 0.378624,
        "nauc_ndcg_at_100_std": -0.064323,
        "nauc_ndcg_at_100_diff1": 0.48564,
        "nauc_ndcg_at_1000_max": 0.361744,
        "nauc_ndcg_at_1000_std": -0.083791,
        "nauc_ndcg_at_1000_diff1": 0.473339,
        "nauc_map_at_1_max": 0.149543,
        "nauc_map_at_1_std": -0.168381,
        "nauc_map_at_1_diff1": 0.240703,
        "nauc_map_at_3_max": 0.321035,
        "nauc_map_at_3_std": -0.086869,
        "nauc_map_at_3_diff1": 0.465915,
        "nauc_map_at_5_max": 0.359424,
        "nauc_map_at_5_std": -0.108135,
        "nauc_map_at_5_diff1": 0.464148,
        "nauc_map_at_10_max": 0.348575,
        "nauc_map_at_10_std": -0.088798,
        "nauc_map_at_10_diff1": 0.437943,
        "nauc_map_at_20_max": 0.34416,
        "nauc_map_at_20_std": -0.103235,
        "nauc_map_at_20_diff1": 0.439745,
        "nauc_map_at_100_max": 0.350303,
        "nauc_map_at_100_std": -0.089766,
        "nauc_map_at_100_diff1": 0.443334,
        "nauc_map_at_1000_max": 0.349493,
        "nauc_map_at_1000_std": -0.090729,
        "nauc_map_at_1000_diff1": 0.442754,
        "nauc_recall_at_1_max": 0.149543,
        "nauc_recall_at_1_std": -0.168381,
        "nauc_recall_at_1_diff1": 0.240703,
        "nauc_recall_at_3_max": 0.354495,
        "nauc_recall_at_3_std": 0.027588,
        "nauc_recall_at_3_diff1": 0.587596,
        "nauc_recall_at_5_max": 0.464625,
        "nauc_recall_at_5_std": -0.05113,
        "nauc_recall_at_5_diff1": 0.56891,
        "nauc_recall_at_10_max": 0.405741,
        "nauc_recall_at_10_std": 0.050477,
        "nauc_recall_at_10_diff1": 0.421224,
        "nauc_recall_at_20_max": 0.343801,
        "nauc_recall_at_20_std": -0.169798,
        "nauc_recall_at_20_diff1": 0.382474,
        "nauc_recall_at_100_max": 0.900735,
        "nauc_recall_at_100_std": 0.518162,
        "nauc_recall_at_100_diff1": 0.88902,
        "nauc_recall_at_1000_max": NaN,
        "nauc_recall_at_1000_std": NaN,
        "nauc_recall_at_1000_diff1": NaN,
        "nauc_precision_at_1_max": 0.196952,
        "nauc_precision_at_1_std": -0.212413,
        "nauc_precision_at_1_diff1": 0.330784,
        "nauc_precision_at_3_max": 0.324694,
        "nauc_precision_at_3_std": -0.052391,
        "nauc_precision_at_3_diff1": 0.517112,
        "nauc_precision_at_5_max": 0.41492,
        "nauc_precision_at_5_std": -0.119684,
        "nauc_precision_at_5_diff1": 0.512815,
        "nauc_precision_at_10_max": 0.318804,
        "nauc_precision_at_10_std": 0.003928,
        "nauc_precision_at_10_diff1": 0.334796,
        "nauc_precision_at_20_max": 0.294477,
        "nauc_precision_at_20_std": -0.129637,
        "nauc_precision_at_20_diff1": 0.302133,
        "nauc_precision_at_100_max": 0.131403,
        "nauc_precision_at_100_std": -0.138337,
        "nauc_precision_at_100_diff1": 0.119708,
        "nauc_precision_at_1000_max": -0.05551,
        "nauc_precision_at_1000_std": -0.257795,
        "nauc_precision_at_1000_diff1": -0.036742,
        "nauc_mrr_at_1_max": 0.196952,
        "nauc_mrr_at_1_std": -0.212413,
        "nauc_mrr_at_1_diff1": 0.330784,
        "nauc_mrr_at_3_max": 0.305239,
        "nauc_mrr_at_3_std": -0.100178,
        "nauc_mrr_at_3_diff1": 0.518997,
        "nauc_mrr_at_5_max": 0.339758,
        "nauc_mrr_at_5_std": -0.120051,
        "nauc_mrr_at_5_diff1": 0.519188,
        "nauc_mrr_at_10_max": 0.325723,
        "nauc_mrr_at_10_std": -0.118422,
        "nauc_mrr_at_10_diff1": 0.49631,
        "nauc_mrr_at_20_max": 0.321896,
        "nauc_mrr_at_20_std": -0.128426,
        "nauc_mrr_at_20_diff1": 0.486912,
        "nauc_mrr_at_100_max": 0.326419,
        "nauc_mrr_at_100_std": -0.115908,
        "nauc_mrr_at_100_diff1": 0.495146,
        "nauc_mrr_at_1000_max": 0.325955,
        "nauc_mrr_at_1000_std": -0.116314,
        "nauc_mrr_at_1000_diff1": 0.494713,
        "main_score": 0.44354,
        "hf_subset": "default",
        "languages": [
          "eng-Latn"
        ]
      }
    ]
  },
  "evaluation_time": 21.966440677642822,
  "kg_co2_emissions": null
}