{
  "dataset_revision": "831d292c3959eae59e4f89b8758738feee97d6cf",
  "task_name": "CoconutRetrieval",
  "mteb_version": "1.36.8",
  "scores": {
    "test": [
      {
        "ndcg_at_1": 0.00188,
        "ndcg_at_3": 0.00202,
        "ndcg_at_5": 0.0022,
        "ndcg_at_10": 0.00262,
        "ndcg_at_20": 0.00316,
        "ndcg_at_100": 0.00527,
        "ndcg_at_1000": 0.01784,
        "map_at_1": 0.00157,
        "map_at_3": 0.00186,
        "map_at_5": 0.00195,
        "map_at_10": 0.00213,
        "map_at_20": 0.00228,
        "map_at_100": 0.00252,
        "map_at_1000": 0.00283,
        "recall_at_1": 0.00157,
        "recall_at_3": 0.00226,
        "recall_at_5": 0.00267,
        "recall_at_10": 0.00383,
        "recall_at_20": 0.00572,
        "recall_at_100": 0.01601,
        "recall_at_1000": 0.11052,
        "precision_at_1": 0.00188,
        "precision_at_3": 0.0009,
        "precision_at_5": 0.00064,
        "precision_at_10": 0.00049,
        "precision_at_20": 0.0004,
        "precision_at_100": 0.00028,
        "precision_at_1000": 0.0002,
        "mrr_at_1": 0.001884,
        "mrr_at_3": 0.002139,
        "mrr_at_5": 0.002245,
        "mrr_at_10": 0.002453,
        "mrr_at_20": 0.002617,
        "mrr_at_100": 0.002926,
        "mrr_at_1000": 0.003254,
        "nauc_ndcg_at_1_max": 0.491461,
        "nauc_ndcg_at_1_std": 0.497738,
        "nauc_ndcg_at_1_diff1": 0.434274,
        "nauc_ndcg_at_3_max": 0.397133,
        "nauc_ndcg_at_3_std": 0.515766,
        "nauc_ndcg_at_3_diff1": 0.310326,
        "nauc_ndcg_at_5_max": 0.389624,
        "nauc_ndcg_at_5_std": 0.486589,
        "nauc_ndcg_at_5_diff1": 0.275219,
        "nauc_ndcg_at_10_max": 0.34169,
        "nauc_ndcg_at_10_std": 0.463742,
        "nauc_ndcg_at_10_diff1": 0.216705,
        "nauc_ndcg_at_20_max": 0.293094,
        "nauc_ndcg_at_20_std": 0.456276,
        "nauc_ndcg_at_20_diff1": 0.158363,
        "nauc_ndcg_at_100_max": 0.18637,
        "nauc_ndcg_at_100_std": 0.333631,
        "nauc_ndcg_at_100_diff1": 0.009319,
        "nauc_ndcg_at_1000_max": 0.037225,
        "nauc_ndcg_at_1000_std": 0.112915,
        "nauc_ndcg_at_1000_diff1": -0.084197,
        "nauc_map_at_1_max": 0.507857,
        "nauc_map_at_1_std": 0.490145,
        "nauc_map_at_1_diff1": 0.45721,
        "nauc_map_at_3_max": 0.435081,
        "nauc_map_at_3_std": 0.516821,
        "nauc_map_at_3_diff1": 0.360521,
        "nauc_map_at_5_max": 0.428267,
        "nauc_map_at_5_std": 0.497768,
        "nauc_map_at_5_diff1": 0.336705,
        "nauc_map_at_10_max": 0.396972,
        "nauc_map_at_10_std": 0.484144,
        "nauc_map_at_10_diff1": 0.301655,
        "nauc_map_at_20_max": 0.376016,
        "nauc_map_at_20_std": 0.479468,
        "nauc_map_at_20_diff1": 0.27347,
        "nauc_map_at_100_max": 0.346544,
        "nauc_map_at_100_std": 0.453276,
        "nauc_map_at_100_diff1": 0.228982,
        "nauc_map_at_1000_max": 0.308399,
        "nauc_map_at_1000_std": 0.410018,
        "nauc_map_at_1000_diff1": 0.189491,
        "nauc_recall_at_1_max": 0.507857,
        "nauc_recall_at_1_std": 0.490145,
        "nauc_recall_at_1_diff1": 0.45721,
        "nauc_recall_at_3_max": 0.330697,
        "nauc_recall_at_3_std": 0.516122,
        "nauc_recall_at_3_diff1": 0.21507,
        "nauc_recall_at_5_max": 0.336879,
        "nauc_recall_at_5_std": 0.455208,
        "nauc_recall_at_5_diff1": 0.164628,
        "nauc_recall_at_10_max": 0.261765,
        "nauc_recall_at_10_std": 0.414598,
        "nauc_recall_at_10_diff1": 0.093711,
        "nauc_recall_at_20_max": 0.186476,
        "nauc_recall_at_20_std": 0.420502,
        "nauc_recall_at_20_diff1": 0.02607,
        "nauc_recall_at_100_max": 0.085489,
        "nauc_recall_at_100_std": 0.249334,
        "nauc_recall_at_100_diff1": -0.136808,
        "nauc_recall_at_1000_max": -0.005443,
        "nauc_recall_at_1000_std": 0.045428,
        "nauc_recall_at_1000_diff1": -0.122469,
        "nauc_precision_at_1_max": 0.491461,
        "nauc_precision_at_1_std": 0.497738,
        "nauc_precision_at_1_diff1": 0.434274,
        "nauc_precision_at_3_max": 0.332765,
        "nauc_precision_at_3_std": 0.542937,
        "nauc_precision_at_3_diff1": 0.223538,
        "nauc_precision_at_5_max": 0.320882,
        "nauc_precision_at_5_std": 0.496787,
        "nauc_precision_at_5_diff1": 0.170057,
        "nauc_precision_at_10_max": 0.257653,
        "nauc_precision_at_10_std": 0.490679,
        "nauc_precision_at_10_diff1": 0.060098,
        "nauc_precision_at_20_max": 0.202358,
        "nauc_precision_at_20_std": 0.468674,
        "nauc_precision_at_20_diff1": -0.023823,
        "nauc_precision_at_100_max": 0.05736,
        "nauc_precision_at_100_std": 0.219744,
        "nauc_precision_at_100_diff1": -0.153488,
        "nauc_precision_at_1000_max": -0.039694,
        "nauc_precision_at_1000_std": 0.044518,
        "nauc_precision_at_1000_diff1": -0.134074,
        "nauc_mrr_at_1_max": 0.491461,
        "nauc_mrr_at_1_std": 0.497738,
        "nauc_mrr_at_1_diff1": 0.434274,
        "nauc_mrr_at_3_max": 0.405376,
        "nauc_mrr_at_3_std": 0.512205,
        "nauc_mrr_at_3_diff1": 0.326392,
        "nauc_mrr_at_5_max": 0.394243,
        "nauc_mrr_at_5_std": 0.49905,
        "nauc_mrr_at_5_diff1": 0.302875,
        "nauc_mrr_at_10_max": 0.37118,
        "nauc_mrr_at_10_std": 0.485531,
        "nauc_mrr_at_10_diff1": 0.267305,
        "nauc_mrr_at_20_max": 0.350251,
        "nauc_mrr_at_20_std": 0.477695,
        "nauc_mrr_at_20_diff1": 0.241448,
        "nauc_mrr_at_100_max": 0.313464,
        "nauc_mrr_at_100_std": 0.438455,
        "nauc_mrr_at_100_diff1": 0.197144,
        "nauc_mrr_at_1000_max": 0.279252,
        "nauc_mrr_at_1000_std": 0.39659,
        "nauc_mrr_at_1000_diff1": 0.164259,
        "main_score": 0.00262,
        "hf_subset": "default",
        "languages": [
          "eng-Latn"
        ]
      }
    ]
  },
  "evaluation_time": 24.561577081680298,
  "kg_co2_emissions": null
}