{
  "dataset_revision": "main",
  "task_name": "FSUChemRxivQest",
  "mteb_version": "0.1",
  "scores": {
    "test": [
      {
        "ndcg_at_1": 0.09475,
        "ndcg_at_3": 0.09486,
        "ndcg_at_5": 0.10758,
        "ndcg_at_10": 0.12004,
        "ndcg_at_20": 0.12968,
        "ndcg_at_100": 0.15366,
        "ndcg_at_1000": 0.18564,
        "map_at_1": 0.06505,
        "map_at_3": 0.08102,
        "map_at_5": 0.08762,
        "map_at_10": 0.09218,
        "map_at_20": 0.0948,
        "map_at_100": 0.098,
        "map_at_1000": 0.09908,
        "recall_at_1": 0.06505,
        "recall_at_3": 0.10058,
        "recall_at_5": 0.12873,
        "recall_at_10": 0.16341,
        "recall_at_20": 0.19688,
        "recall_at_100": 0.31565,
        "recall_at_1000": 0.54823,
        "precision_at_1": 0.09475,
        "precision_at_3": 0.04978,
        "precision_at_5": 0.03831,
        "precision_at_10": 0.02461,
        "precision_at_20": 0.01498,
        "precision_at_100": 0.00484,
        "precision_at_1000": 0.00085,
        "mrr_at_1": 0.094748,
        "mrr_at_3": 0.117576,
        "mrr_at_5": 0.126279,
        "mrr_at_10": 0.133011,
        "mrr_at_20": 0.136238,
        "mrr_at_100": 0.13941,
        "mrr_at_1000": 0.140408,
        "nauc_ndcg_at_1_max": 0.141856,
        "nauc_ndcg_at_1_std": 0.114807,
        "nauc_ndcg_at_1_diff1": 0.388128,
        "nauc_ndcg_at_3_max": 0.103081,
        "nauc_ndcg_at_3_std": 0.183825,
        "nauc_ndcg_at_3_diff1": 0.326773,
        "nauc_ndcg_at_5_max": 0.107123,
        "nauc_ndcg_at_5_std": 0.163802,
        "nauc_ndcg_at_5_diff1": 0.293002,
        "nauc_ndcg_at_10_max": 0.124698,
        "nauc_ndcg_at_10_std": 0.169516,
        "nauc_ndcg_at_10_diff1": 0.277756,
        "nauc_ndcg_at_20_max": 0.128514,
        "nauc_ndcg_at_20_std": 0.168046,
        "nauc_ndcg_at_20_diff1": 0.27931,
        "nauc_ndcg_at_100_max": 0.131875,
        "nauc_ndcg_at_100_std": 0.183549,
        "nauc_ndcg_at_100_diff1": 0.267392,
        "nauc_ndcg_at_1000_max": 0.134907,
        "nauc_ndcg_at_1000_std": 0.194139,
        "nauc_ndcg_at_1000_diff1": 0.262772,
        "nauc_map_at_1_max": 0.115582,
        "nauc_map_at_1_std": 0.135976,
        "nauc_map_at_1_diff1": 0.379946,
        "nauc_map_at_3_max": 0.097352,
        "nauc_map_at_3_std": 0.183849,
        "nauc_map_at_3_diff1": 0.336657,
        "nauc_map_at_5_max": 0.101168,
        "nauc_map_at_5_std": 0.170035,
        "nauc_map_at_5_diff1": 0.314391,
        "nauc_map_at_10_max": 0.10899,
        "nauc_map_at_10_std": 0.17205,
        "nauc_map_at_10_diff1": 0.305879,
        "nauc_map_at_20_max": 0.110357,
        "nauc_map_at_20_std": 0.171099,
        "nauc_map_at_20_diff1": 0.305946,
        "nauc_map_at_100_max": 0.111628,
        "nauc_map_at_100_std": 0.175021,
        "nauc_map_at_100_diff1": 0.304096,
        "nauc_map_at_1000_max": 0.111583,
        "nauc_map_at_1000_std": 0.17574,
        "nauc_map_at_1000_diff1": 0.303914,
        "nauc_recall_at_1_max": 0.115582,
        "nauc_recall_at_1_std": 0.135976,
        "nauc_recall_at_1_diff1": 0.379946,
        "nauc_recall_at_3_max": 0.081134,
        "nauc_recall_at_3_std": 0.219128,
        "nauc_recall_at_3_diff1": 0.29688,
        "nauc_recall_at_5_max": 0.089186,
        "nauc_recall_at_5_std": 0.16812,
        "nauc_recall_at_5_diff1": 0.231169,
        "nauc_recall_at_10_max": 0.127114,
        "nauc_recall_at_10_std": 0.175501,
        "nauc_recall_at_10_diff1": 0.19887,
        "nauc_recall_at_20_max": 0.133412,
        "nauc_recall_at_20_std": 0.168001,
        "nauc_recall_at_20_diff1": 0.207793,
        "nauc_recall_at_100_max": 0.131205,
        "nauc_recall_at_100_std": 0.1911,
        "nauc_recall_at_100_diff1": 0.164673,
        "nauc_recall_at_1000_max": 0.141335,
        "nauc_recall_at_1000_std": 0.220295,
        "nauc_recall_at_1000_diff1": 0.124555,
        "nauc_precision_at_1_max": 0.141856,
        "nauc_precision_at_1_std": 0.114807,
        "nauc_precision_at_1_diff1": 0.388128,
        "nauc_precision_at_3_max": 0.115185,
        "nauc_precision_at_3_std": 0.195138,
        "nauc_precision_at_3_diff1": 0.295966,
        "nauc_precision_at_5_max": 0.116947,
        "nauc_precision_at_5_std": 0.158836,
        "nauc_precision_at_5_diff1": 0.234319,
        "nauc_precision_at_10_max": 0.151999,
        "nauc_precision_at_10_std": 0.178332,
        "nauc_precision_at_10_diff1": 0.210517,
        "nauc_precision_at_20_max": 0.162163,
        "nauc_precision_at_20_std": 0.17818,
        "nauc_precision_at_20_diff1": 0.222902,
        "nauc_precision_at_100_max": 0.150411,
        "nauc_precision_at_100_std": 0.217615,
        "nauc_precision_at_100_diff1": 0.172458,
        "nauc_precision_at_1000_max": 0.143199,
        "nauc_precision_at_1000_std": 0.21981,
        "nauc_precision_at_1000_diff1": 0.122716,
        "nauc_mrr_at_1_max": 0.141856,
        "nauc_mrr_at_1_std": 0.114807,
        "nauc_mrr_at_1_diff1": 0.388128,
        "nauc_mrr_at_3_max": 0.130306,
        "nauc_mrr_at_3_std": 0.146341,
        "nauc_mrr_at_3_diff1": 0.338952,
        "nauc_mrr_at_5_max": 0.131277,
        "nauc_mrr_at_5_std": 0.139451,
        "nauc_mrr_at_5_diff1": 0.320223,
        "nauc_mrr_at_10_max": 0.140026,
        "nauc_mrr_at_10_std": 0.142724,
        "nauc_mrr_at_10_diff1": 0.314288,
        "nauc_mrr_at_20_max": 0.141183,
        "nauc_mrr_at_20_std": 0.142597,
        "nauc_mrr_at_20_diff1": 0.313634,
        "nauc_mrr_at_100_max": 0.141377,
        "nauc_mrr_at_100_std": 0.145042,
        "nauc_mrr_at_100_diff1": 0.31222,
        "nauc_mrr_at_1000_max": 0.141318,
        "nauc_mrr_at_1000_std": 0.145407,
        "nauc_mrr_at_1000_diff1": 0.312141,
        "main_score": 0.12004,
        "hf_subset": "default",
        "languages": [
          "eng-Latn"
        ]
      }
    ]
  },
  "evaluation_time": 53.346701860427856,
  "kg_co2_emissions": null
}