{
  "dataset_revision": "main",
  "task_name": "FSUChemRxivQest",
  "mteb_version": "0.1",
  "scores": {
    "test": [
      {
        "ndcg_at_1": 0.37384,
        "ndcg_at_3": 0.39229,
        "ndcg_at_5": 0.42149,
        "ndcg_at_10": 0.45674,
        "ndcg_at_20": 0.4794,
        "ndcg_at_100": 0.50971,
        "ndcg_at_1000": 0.5243,
        "map_at_1": 0.26382,
        "map_at_3": 0.33968,
        "map_at_5": 0.35645,
        "map_at_10": 0.37262,
        "map_at_20": 0.38027,
        "map_at_100": 0.38532,
        "map_at_1000": 0.386,
        "recall_at_1": 0.26382,
        "recall_at_3": 0.42465,
        "recall_at_5": 0.48764,
        "recall_at_10": 0.58325,
        "recall_at_20": 0.66066,
        "recall_at_100": 0.80227,
        "recall_at_1000": 0.90233,
        "precision_at_1": 0.37384,
        "precision_at_3": 0.20563,
        "precision_at_5": 0.14336,
        "precision_at_10": 0.08702,
        "precision_at_20": 0.0501,
        "precision_at_100": 0.01245,
        "precision_at_1000": 0.00143,
        "mrr_at_1": 0.373841,
        "mrr_at_3": 0.466186,
        "mrr_at_5": 0.483488,
        "mrr_at_10": 0.497365,
        "mrr_at_20": 0.501938,
        "mrr_at_100": 0.504937,
        "mrr_at_1000": 0.505163,
        "nauc_ndcg_at_1_max": 0.232121,
        "nauc_ndcg_at_1_std": -0.104889,
        "nauc_ndcg_at_1_diff1": 0.468884,
        "nauc_ndcg_at_3_max": 0.183504,
        "nauc_ndcg_at_3_std": -0.13102,
        "nauc_ndcg_at_3_diff1": 0.360852,
        "nauc_ndcg_at_5_max": 0.185739,
        "nauc_ndcg_at_5_std": -0.139297,
        "nauc_ndcg_at_5_diff1": 0.349636,
        "nauc_ndcg_at_10_max": 0.211624,
        "nauc_ndcg_at_10_std": -0.116624,
        "nauc_ndcg_at_10_diff1": 0.352599,
        "nauc_ndcg_at_20_max": 0.217021,
        "nauc_ndcg_at_20_std": -0.104314,
        "nauc_ndcg_at_20_diff1": 0.355478,
        "nauc_ndcg_at_100_max": 0.234005,
        "nauc_ndcg_at_100_std": -0.074636,
        "nauc_ndcg_at_100_diff1": 0.354208,
        "nauc_ndcg_at_1000_max": 0.229297,
        "nauc_ndcg_at_1000_std": -0.079796,
        "nauc_ndcg_at_1000_diff1": 0.360506,
        "nauc_map_at_1_max": 0.202523,
        "nauc_map_at_1_std": -0.100564,
        "nauc_map_at_1_diff1": 0.418999,
        "nauc_map_at_3_max": 0.186067,
        "nauc_map_at_3_std": -0.121944,
        "nauc_map_at_3_diff1": 0.365736,
        "nauc_map_at_5_max": 0.186561,
        "nauc_map_at_5_std": -0.126599,
        "nauc_map_at_5_diff1": 0.358894,
        "nauc_map_at_10_max": 0.198106,
        "nauc_map_at_10_std": -0.115986,
        "nauc_map_at_10_diff1": 0.359119,
        "nauc_map_at_20_max": 0.200475,
        "nauc_map_at_20_std": -0.111036,
        "nauc_map_at_20_diff1": 0.359939,
        "nauc_map_at_100_max": 0.203196,
        "nauc_map_at_100_std": -0.10668,
        "nauc_map_at_100_diff1": 0.359763,
        "nauc_map_at_1000_max": 0.203133,
        "nauc_map_at_1000_std": -0.106823,
        "nauc_map_at_1000_diff1": 0.360016,
        "nauc_recall_at_1_max": 0.202523,
        "nauc_recall_at_1_std": -0.100564,
        "nauc_recall_at_1_diff1": 0.418999,
        "nauc_recall_at_3_max": 0.139613,
        "nauc_recall_at_3_std": -0.133096,
        "nauc_recall_at_3_diff1": 0.274055,
        "nauc_recall_at_5_max": 0.138155,
        "nauc_recall_at_5_std": -0.148808,
        "nauc_recall_at_5_diff1": 0.238198,
        "nauc_recall_at_10_max": 0.195722,
        "nauc_recall_at_10_std": -0.076053,
        "nauc_recall_at_10_diff1": 0.216066,
        "nauc_recall_at_20_max": 0.201569,
        "nauc_recall_at_20_std": -0.026928,
        "nauc_recall_at_20_diff1": 0.198648,
        "nauc_recall_at_100_max": 0.304186,
        "nauc_recall_at_100_std": 0.215788,
        "nauc_recall_at_100_diff1": 0.106849,
        "nauc_recall_at_1000_max": 0.291127,
        "nauc_recall_at_1000_std": 0.349555,
        "nauc_recall_at_1000_diff1": 0.059711,
        "nauc_precision_at_1_max": 0.232121,
        "nauc_precision_at_1_std": -0.104889,
        "nauc_precision_at_1_diff1": 0.468884,
        "nauc_precision_at_3_max": 0.168159,
        "nauc_precision_at_3_std": -0.144539,
        "nauc_precision_at_3_diff1": 0.30994,
        "nauc_precision_at_5_max": 0.148839,
        "nauc_precision_at_5_std": -0.15324,
        "nauc_precision_at_5_diff1": 0.244282,
        "nauc_precision_at_10_max": 0.196838,
        "nauc_precision_at_10_std": -0.059372,
        "nauc_precision_at_10_diff1": 0.185187,
        "nauc_precision_at_20_max": 0.184137,
        "nauc_precision_at_20_std": 0.015585,
        "nauc_precision_at_20_diff1": 0.131394,
        "nauc_precision_at_100_max": 0.215211,
        "nauc_precision_at_100_std": 0.204892,
        "nauc_precision_at_100_diff1": 0.02619,
        "nauc_precision_at_1000_max": 0.129582,
        "nauc_precision_at_1000_std": 0.192257,
        "nauc_precision_at_1000_diff1": -0.013545,
        "nauc_mrr_at_1_max": 0.232121,
        "nauc_mrr_at_1_std": -0.104889,
        "nauc_mrr_at_1_diff1": 0.468884,
        "nauc_mrr_at_3_max": 0.209837,
        "nauc_mrr_at_3_std": -0.132829,
        "nauc_mrr_at_3_diff1": 0.414515,
        "nauc_mrr_at_5_max": 0.214077,
        "nauc_mrr_at_5_std": -0.135827,
        "nauc_mrr_at_5_diff1": 0.411038,
        "nauc_mrr_at_10_max": 0.222118,
        "nauc_mrr_at_10_std": -0.130027,
        "nauc_mrr_at_10_diff1": 0.416511,
        "nauc_mrr_at_20_max": 0.221871,
        "nauc_mrr_at_20_std": -0.129234,
        "nauc_mrr_at_20_diff1": 0.417524,
        "nauc_mrr_at_100_max": 0.222467,
        "nauc_mrr_at_100_std": -0.127445,
        "nauc_mrr_at_100_diff1": 0.417532,
        "nauc_mrr_at_1000_max": 0.222329,
        "nauc_mrr_at_1000_std": -0.127606,
        "nauc_mrr_at_1000_diff1": 0.417633,
        "main_score": 0.45674,
        "hf_subset": "default",
        "languages": [
          "eng-Latn"
        ]
      }
    ]
  },
  "evaluation_time": 49.12567114830017,
  "kg_co2_emissions": null
}