{
  "dataset_revision": "5d958fb6b31055495347724d46431ba41309b03a",
  "task_name": "ChemNQRetrieval",
  "mteb_version": "1.36.8",
  "scores": {
    "test": [
      {
        "ndcg_at_1": 0.2963,
        "ndcg_at_3": 0.48314,
        "ndcg_at_5": 0.52482,
        "ndcg_at_10": 0.5756,
        "ndcg_at_20": 0.5865,
        "ndcg_at_100": 0.60062,
        "ndcg_at_1000": 0.60589,
        "map_at_1": 0.22222,
        "map_at_3": 0.41667,
        "map_at_5": 0.44444,
        "map_at_10": 0.46548,
        "map_at_20": 0.47074,
        "map_at_100": 0.47397,
        "map_at_1000": 0.47425,
        "recall_at_1": 0.22222,
        "recall_at_3": 0.62963,
        "recall_at_5": 0.72222,
        "recall_at_10": 0.8642,
        "recall_at_20": 0.89506,
        "recall_at_100": 0.96296,
        "recall_at_1000": 1.0,
        "precision_at_1": 0.2963,
        "precision_at_3": 0.25926,
        "precision_at_5": 0.17778,
        "precision_at_10": 0.10741,
        "precision_at_20": 0.05741,
        "precision_at_100": 0.01259,
        "precision_at_1000": 0.0013,
        "mrr_at_1": 0.296296,
        "mrr_at_3": 0.462963,
        "mrr_at_5": 0.481481,
        "mrr_at_10": 0.507451,
        "mrr_at_20": 0.507451,
        "mrr_at_100": 0.507854,
        "mrr_at_1000": 0.508141,
        "nauc_ndcg_at_1_max": -0.049553,
        "nauc_ndcg_at_1_std": -0.221441,
        "nauc_ndcg_at_1_diff1": 0.302953,
        "nauc_ndcg_at_3_max": 0.228603,
        "nauc_ndcg_at_3_std": -0.272373,
        "nauc_ndcg_at_3_diff1": 0.251456,
        "nauc_ndcg_at_5_max": 0.146404,
        "nauc_ndcg_at_5_std": -0.342822,
        "nauc_ndcg_at_5_diff1": 0.288887,
        "nauc_ndcg_at_10_max": 0.146309,
        "nauc_ndcg_at_10_std": -0.361747,
        "nauc_ndcg_at_10_diff1": 0.270882,
        "nauc_ndcg_at_20_max": 0.117804,
        "nauc_ndcg_at_20_std": -0.323552,
        "nauc_ndcg_at_20_diff1": 0.243094,
        "nauc_ndcg_at_100_max": 0.13576,
        "nauc_ndcg_at_100_std": -0.277486,
        "nauc_ndcg_at_100_diff1": 0.232569,
        "nauc_ndcg_at_1000_max": 0.11767,
        "nauc_ndcg_at_1000_std": -0.287142,
        "nauc_ndcg_at_1000_diff1": 0.23552,
        "nauc_map_at_1_max": -0.063754,
        "nauc_map_at_1_std": -0.313326,
        "nauc_map_at_1_diff1": 0.20222,
        "nauc_map_at_3_max": 0.156974,
        "nauc_map_at_3_std": -0.311364,
        "nauc_map_at_3_diff1": 0.235458,
        "nauc_map_at_5_max": 0.110414,
        "nauc_map_at_5_std": -0.332952,
        "nauc_map_at_5_diff1": 0.252716,
        "nauc_map_at_10_max": 0.100536,
        "nauc_map_at_10_std": -0.343774,
        "nauc_map_at_10_diff1": 0.242351,
        "nauc_map_at_20_max": 0.088284,
        "nauc_map_at_20_std": -0.324094,
        "nauc_map_at_20_diff1": 0.230507,
        "nauc_map_at_100_max": 0.096926,
        "nauc_map_at_100_std": -0.315859,
        "nauc_map_at_100_diff1": 0.229516,
        "nauc_map_at_1000_max": 0.096086,
        "nauc_map_at_1000_std": -0.316327,
        "nauc_map_at_1000_diff1": 0.229642,
        "nauc_recall_at_1_max": -0.063754,
        "nauc_recall_at_1_std": -0.313326,
        "nauc_recall_at_1_diff1": 0.20222,
        "nauc_recall_at_3_max": 0.451303,
        "nauc_recall_at_3_std": -0.2955,
        "nauc_recall_at_3_diff1": 0.276619,
        "nauc_recall_at_5_max": 0.280943,
        "nauc_recall_at_5_std": -0.514725,
        "nauc_recall_at_5_diff1": 0.385668,
        "nauc_recall_at_10_max": 0.419448,
        "nauc_recall_at_10_std": -0.733855,
        "nauc_recall_at_10_diff1": 0.40374,
        "nauc_recall_at_20_max": 0.345377,
        "nauc_recall_at_20_std": -0.661187,
        "nauc_recall_at_20_diff1": 0.327991,
        "nauc_recall_at_100_max": 0.867647,
        "nauc_recall_at_100_std": 0.113206,
        "nauc_recall_at_100_diff1": 0.113206,
        "nauc_recall_at_1000_max": NaN,
        "nauc_recall_at_1000_std": NaN,
        "nauc_recall_at_1000_diff1": NaN,
        "nauc_precision_at_1_max": -0.049553,
        "nauc_precision_at_1_std": -0.221441,
        "nauc_precision_at_1_diff1": 0.302953,
        "nauc_precision_at_3_max": 0.320593,
        "nauc_precision_at_3_std": -0.123755,
        "nauc_precision_at_3_diff1": 0.370248,
        "nauc_precision_at_5_max": 0.188136,
        "nauc_precision_at_5_std": -0.134797,
        "nauc_precision_at_5_diff1": 0.382433,
        "nauc_precision_at_10_max": 0.285212,
        "nauc_precision_at_10_std": -0.034915,
        "nauc_precision_at_10_diff1": 0.373374,
        "nauc_precision_at_20_max": 0.110006,
        "nauc_precision_at_20_std": 0.106447,
        "nauc_precision_at_20_diff1": 0.175113,
        "nauc_precision_at_100_max": 0.122751,
        "nauc_precision_at_100_std": 0.319146,
        "nauc_precision_at_100_diff1": 0.035247,
        "nauc_precision_at_1000_max": 0.051879,
        "nauc_precision_at_1000_std": 0.33874,
        "nauc_precision_at_1000_diff1": 0.02783,
        "nauc_mrr_at_1_max": -0.049553,
        "nauc_mrr_at_1_std": -0.221441,
        "nauc_mrr_at_1_diff1": 0.302953,
        "nauc_mrr_at_3_max": 0.131744,
        "nauc_mrr_at_3_std": -0.158136,
        "nauc_mrr_at_3_diff1": 0.243439,
        "nauc_mrr_at_5_max": 0.080741,
        "nauc_mrr_at_5_std": -0.22027,
        "nauc_mrr_at_5_diff1": 0.267336,
        "nauc_mrr_at_10_max": 0.074563,
        "nauc_mrr_at_10_std": -0.219924,
        "nauc_mrr_at_10_diff1": 0.253201,
        "nauc_mrr_at_20_max": 0.074563,
        "nauc_mrr_at_20_std": -0.219924,
        "nauc_mrr_at_20_diff1": 0.253201,
        "nauc_mrr_at_100_max": 0.073653,
        "nauc_mrr_at_100_std": -0.218537,
        "nauc_mrr_at_100_diff1": 0.252776,
        "nauc_mrr_at_1000_max": 0.072857,
        "nauc_mrr_at_1000_std": -0.218869,
        "nauc_mrr_at_1000_diff1": 0.252916,
        "main_score": 0.5756,
        "hf_subset": "default",
        "languages": [
          "eng-Latn"
        ]
      }
    ]
  },
  "evaluation_time": 542.221033334732,
  "kg_co2_emissions": null
}