{
  "dataset_revision": "main",
  "task_name": "FSUChemRxivQest",
  "mteb_version": "0.1",
  "scores": {
    "test": [
      {
        "ndcg_at_1": 0.41298,
        "ndcg_at_3": 0.42212,
        "ndcg_at_5": 0.46136,
        "ndcg_at_10": 0.49871,
        "ndcg_at_20": 0.5231,
        "ndcg_at_100": 0.55491,
        "ndcg_at_1000": 0.56615,
        "map_at_1": 0.28836,
        "map_at_3": 0.36683,
        "map_at_5": 0.39037,
        "map_at_10": 0.40808,
        "map_at_20": 0.41637,
        "map_at_100": 0.42256,
        "map_at_1000": 0.42311,
        "recall_at_1": 0.28836,
        "recall_at_3": 0.45022,
        "recall_at_5": 0.5357,
        "recall_at_10": 0.6368,
        "recall_at_20": 0.72039,
        "recall_at_100": 0.8632,
        "recall_at_1000": 0.93889,
        "precision_at_1": 0.41298,
        "precision_at_3": 0.22039,
        "precision_at_5": 0.1586,
        "precision_at_10": 0.09557,
        "precision_at_20": 0.05489,
        "precision_at_100": 0.01351,
        "precision_at_1000": 0.0015,
        "mrr_at_1": 0.412976,
        "mrr_at_3": 0.506522,
        "mrr_at_5": 0.527532,
        "mrr_at_10": 0.5413,
        "mrr_at_20": 0.545932,
        "mrr_at_100": 0.548437,
        "mrr_at_1000": 0.54855,
        "nauc_ndcg_at_1_max": 0.13147,
        "nauc_ndcg_at_1_std": -0.172696,
        "nauc_ndcg_at_1_diff1": 0.410854,
        "nauc_ndcg_at_3_max": 0.149117,
        "nauc_ndcg_at_3_std": -0.167441,
        "nauc_ndcg_at_3_diff1": 0.347936,
        "nauc_ndcg_at_5_max": 0.151823,
        "nauc_ndcg_at_5_std": -0.165117,
        "nauc_ndcg_at_5_diff1": 0.338075,
        "nauc_ndcg_at_10_max": 0.151058,
        "nauc_ndcg_at_10_std": -0.157828,
        "nauc_ndcg_at_10_diff1": 0.326591,
        "nauc_ndcg_at_20_max": 0.158844,
        "nauc_ndcg_at_20_std": -0.155288,
        "nauc_ndcg_at_20_diff1": 0.330185,
        "nauc_ndcg_at_100_max": 0.163312,
        "nauc_ndcg_at_100_std": -0.134135,
        "nauc_ndcg_at_100_diff1": 0.338233,
        "nauc_ndcg_at_1000_max": 0.162844,
        "nauc_ndcg_at_1000_std": -0.134506,
        "nauc_ndcg_at_1000_diff1": 0.345049,
        "nauc_map_at_1_max": 0.125085,
        "nauc_map_at_1_std": -0.143092,
        "nauc_map_at_1_diff1": 0.379824,
        "nauc_map_at_3_max": 0.138455,
        "nauc_map_at_3_std": -0.15594,
        "nauc_map_at_3_diff1": 0.34234,
        "nauc_map_at_5_max": 0.139244,
        "nauc_map_at_5_std": -0.157083,
        "nauc_map_at_5_diff1": 0.339149,
        "nauc_map_at_10_max": 0.139462,
        "nauc_map_at_10_std": -0.153455,
        "nauc_map_at_10_diff1": 0.332197,
        "nauc_map_at_20_max": 0.142292,
        "nauc_map_at_20_std": -0.152143,
        "nauc_map_at_20_diff1": 0.333762,
        "nauc_map_at_100_max": 0.143184,
        "nauc_map_at_100_std": -0.148273,
        "nauc_map_at_100_diff1": 0.335835,
        "nauc_map_at_1000_max": 0.14318,
        "nauc_map_at_1000_std": -0.148233,
        "nauc_map_at_1000_diff1": 0.33615,
        "nauc_recall_at_1_max": 0.125085,
        "nauc_recall_at_1_std": -0.143092,
        "nauc_recall_at_1_diff1": 0.379824,
        "nauc_recall_at_3_max": 0.14648,
        "nauc_recall_at_3_std": -0.154579,
        "nauc_recall_at_3_diff1": 0.285188,
        "nauc_recall_at_5_max": 0.145742,
        "nauc_recall_at_5_std": -0.1421,
        "nauc_recall_at_5_diff1": 0.243993,
        "nauc_recall_at_10_max": 0.13292,
        "nauc_recall_at_10_std": -0.107789,
        "nauc_recall_at_10_diff1": 0.182153,
        "nauc_recall_at_20_max": 0.157462,
        "nauc_recall_at_20_std": -0.085136,
        "nauc_recall_at_20_diff1": 0.159565,
        "nauc_recall_at_100_max": 0.195698,
        "nauc_recall_at_100_std": 0.13784,
        "nauc_recall_at_100_diff1": 0.106749,
        "nauc_recall_at_1000_max": 0.265225,
        "nauc_recall_at_1000_std": 0.357342,
        "nauc_recall_at_1000_diff1": 0.145327,
        "nauc_precision_at_1_max": 0.13147,
        "nauc_precision_at_1_std": -0.172696,
        "nauc_precision_at_1_diff1": 0.410854,
        "nauc_precision_at_3_max": 0.15965,
        "nauc_precision_at_3_std": -0.207159,
        "nauc_precision_at_3_diff1": 0.323657,
        "nauc_precision_at_5_max": 0.14295,
        "nauc_precision_at_5_std": -0.163271,
        "nauc_precision_at_5_diff1": 0.243953,
        "nauc_precision_at_10_max": 0.111625,
        "nauc_precision_at_10_std": -0.105516,
        "nauc_precision_at_10_diff1": 0.132199,
        "nauc_precision_at_20_max": 0.116097,
        "nauc_precision_at_20_std": -0.059951,
        "nauc_precision_at_20_diff1": 0.08267,
        "nauc_precision_at_100_max": 0.097463,
        "nauc_precision_at_100_std": 0.093529,
        "nauc_precision_at_100_diff1": 0.01013,
        "nauc_precision_at_1000_max": 0.074426,
        "nauc_precision_at_1000_std": 0.115268,
        "nauc_precision_at_1000_diff1": 0.004532,
        "nauc_mrr_at_1_max": 0.13147,
        "nauc_mrr_at_1_std": -0.172696,
        "nauc_mrr_at_1_diff1": 0.410854,
        "nauc_mrr_at_3_max": 0.158979,
        "nauc_mrr_at_3_std": -0.18632,
        "nauc_mrr_at_3_diff1": 0.395053,
        "nauc_mrr_at_5_max": 0.161176,
        "nauc_mrr_at_5_std": -0.181094,
        "nauc_mrr_at_5_diff1": 0.387036,
        "nauc_mrr_at_10_max": 0.15972,
        "nauc_mrr_at_10_std": -0.180374,
        "nauc_mrr_at_10_diff1": 0.387938,
        "nauc_mrr_at_20_max": 0.159179,
        "nauc_mrr_at_20_std": -0.181218,
        "nauc_mrr_at_20_diff1": 0.389049,
        "nauc_mrr_at_100_max": 0.159092,
        "nauc_mrr_at_100_std": -0.180234,
        "nauc_mrr_at_100_diff1": 0.389709,
        "nauc_mrr_at_1000_max": 0.158938,
        "nauc_mrr_at_1000_std": -0.180212,
        "nauc_mrr_at_1000_diff1": 0.389703,
        "main_score": 0.49871,
        "hf_subset": "default",
        "languages": [
          "eng-Latn"
        ]
      }
    ]
  },
  "evaluation_time": 54.437073707580566,
  "kg_co2_emissions": null
}