{
  "dataset_revision": "023e7a813e3b73d8d33551ed2aea511314d612e2",
  "evaluation_time": 443.89767384529114,
  "kg_co2_emissions": null,
  "mteb_version": "1.14.15",
  "scores": {
    "test": [
      {
        "hf_subset": "default",
        "languages": [
          "eng-Latn"
        ],
        "main_score": 0.55096,
        "map_at_1": 0.25309,
        "map_at_10": 0.45071,
        "map_at_100": 0.45721,
        "map_at_1000": 0.45744,
        "map_at_20": 0.45419,
        "map_at_3": 0.39815,
        "map_at_5": 0.42407,
        "mrr_at_1": 0.3333333333333333,
        "mrr_at_10": 0.48774250440917116,
        "mrr_at_100": 0.493142947587392,
        "mrr_at_1000": 0.4933773592142087,
        "mrr_at_20": 0.4926491204268982,
        "mrr_at_3": 0.4506172839506173,
        "mrr_at_5": 0.46728395061728395,
        "nauc_map_at_1000_diff1": 0.10018077271636111,
        "nauc_map_at_1000_max": 0.1759859238832146,
        "nauc_map_at_1000_std": 0.05053197227879805,
        "nauc_map_at_100_diff1": 0.10067904797194363,
        "nauc_map_at_100_max": 0.1766448842005194,
        "nauc_map_at_100_std": 0.05093625623822553,
        "nauc_map_at_10_diff1": 0.11459715900470528,
        "nauc_map_at_10_max": 0.17496139086204487,
        "nauc_map_at_10_std": 0.04141529690308829,
        "nauc_map_at_1_diff1": -0.03220811748821931,
        "nauc_map_at_1_max": 0.12698386122587163,
        "nauc_map_at_1_std": 0.028514584288155922,
        "nauc_map_at_20_diff1": 0.10467150719434978,
        "nauc_map_at_20_max": 0.17572353548626007,
        "nauc_map_at_20_std": 0.04420557483993079,
        "nauc_map_at_3_diff1": 0.1006294439073142,
        "nauc_map_at_3_max": 0.14599227599428422,
        "nauc_map_at_3_std": 0.0421182795308127,
        "nauc_map_at_5_diff1": 0.06706154109640045,
        "nauc_map_at_5_max": 0.14129487103707233,
        "nauc_map_at_5_std": 0.07655940871517787,
        "nauc_mrr_at_1000_diff1": 0.12992371219517723,
        "nauc_mrr_at_1000_max": 0.21170743832069128,
        "nauc_mrr_at_1000_std": 0.024676518651231917,
        "nauc_mrr_at_100_diff1": 0.13037836363815408,
        "nauc_mrr_at_100_max": 0.21231147540820217,
        "nauc_mrr_at_100_std": 0.025083711419442215,
        "nauc_mrr_at_10_diff1": 0.14256047647573614,
        "nauc_mrr_at_10_max": 0.204999141022362,
        "nauc_mrr_at_10_std": 0.013592250838208265,
        "nauc_mrr_at_1_diff1": 0.04878118660673875,
        "nauc_mrr_at_1_max": 0.18879034465469316,
        "nauc_mrr_at_1_std": -0.003772706458981753,
        "nauc_mrr_at_20_diff1": 0.12988529077354075,
        "nauc_mrr_at_20_max": 0.21254554942372914,
        "nauc_mrr_at_20_std": 0.024120415993637158,
        "nauc_mrr_at_3_diff1": 0.154590483833909,
        "nauc_mrr_at_3_max": 0.19768248230147623,
        "nauc_mrr_at_3_std": 0.047742756481409625,
        "nauc_mrr_at_5_diff1": 0.11797796933769306,
        "nauc_mrr_at_5_max": 0.2031279021283805,
        "nauc_mrr_at_5_std": 0.045963728168442346,
        "nauc_ndcg_at_1000_diff1": 0.12888454506619007,
        "nauc_ndcg_at_1000_max": 0.21531101290801027,
        "nauc_ndcg_at_1000_std": 0.061956348987896995,
        "nauc_ndcg_at_100_diff1": 0.14135855703123676,
        "nauc_ndcg_at_100_max": 0.23177903201639116,
        "nauc_ndcg_at_100_std": 0.07232635223544134,
        "nauc_ndcg_at_10_diff1": 0.19942868866646513,
        "nauc_ndcg_at_10_max": 0.22164873685470604,
        "nauc_ndcg_at_10_std": 0.01660986808844599,
        "nauc_ndcg_at_1_diff1": 0.04878118660673875,
        "nauc_ndcg_at_1_max": 0.18879034465469316,
        "nauc_ndcg_at_1_std": -0.003772706458981753,
        "nauc_ndcg_at_20_diff1": 0.15508907739288538,
        "nauc_ndcg_at_20_max": 0.22752835816014588,
        "nauc_ndcg_at_20_std": 0.028578992349046997,
        "nauc_ndcg_at_3_diff1": 0.1651690633127354,
        "nauc_ndcg_at_3_max": 0.18060771570519246,
        "nauc_ndcg_at_3_std": 0.06882174656986909,
        "nauc_ndcg_at_5_diff1": 0.10251390352625393,
        "nauc_ndcg_at_5_max": 0.1774242839283006,
        "nauc_ndcg_at_5_std": 0.1053409744897315,
        "nauc_precision_at_1000_diff1": 0.018207764273646697,
        "nauc_precision_at_1000_max": 0.18729774529388976,
        "nauc_precision_at_1000_std": 0.33476575840957323,
        "nauc_precision_at_100_diff1": 0.07946146701536423,
        "nauc_precision_at_100_max": 0.25790368954522197,
        "nauc_precision_at_100_std": 0.3539930417098639,
        "nauc_precision_at_10_diff1": 0.36444477298725225,
        "nauc_precision_at_10_max": 0.29201191323425024,
        "nauc_precision_at_10_std": 0.09754962258514126,
        "nauc_precision_at_1_diff1": 0.04878118660673875,
        "nauc_precision_at_1_max": 0.18879034465469316,
        "nauc_precision_at_1_std": -0.003772706458981753,
        "nauc_precision_at_20_diff1": 0.24115696137418627,
        "nauc_precision_at_20_max": 0.37025310638226056,
        "nauc_precision_at_20_std": 0.20680279795760848,
        "nauc_precision_at_3_diff1": 0.25755281313923567,
        "nauc_precision_at_3_max": 0.22190010083959877,
        "nauc_precision_at_3_std": 0.1815393039796965,
        "nauc_precision_at_5_diff1": 0.15209840842162886,
        "nauc_precision_at_5_max": 0.18216737305364472,
        "nauc_precision_at_5_std": 0.2572277356900886,
        "nauc_recall_at_1000_diff1": NaN,
        "nauc_recall_at_1000_max": NaN,
        "nauc_recall_at_1000_std": NaN,
        "nauc_recall_at_100_diff1": 0.7232620320855635,
        "nauc_recall_at_100_max": 1.0,
        "nauc_recall_at_100_std": 0.5560793695468637,
        "nauc_recall_at_10_diff1": 0.5968657061037954,
        "nauc_recall_at_10_max": 0.36702180196638556,
        "nauc_recall_at_10_std": -0.18235269054046976,
        "nauc_recall_at_1_diff1": -0.03220811748821931,
        "nauc_recall_at_1_max": 0.12698386122587163,
        "nauc_recall_at_1_std": 0.028514584288155922,
        "nauc_recall_at_20_diff1": 0.39345011136149155,
        "nauc_recall_at_20_max": 0.3985712269839588,
        "nauc_recall_at_20_std": -0.26116421128278766,
        "nauc_recall_at_3_diff1": 0.2930891287012068,
        "nauc_recall_at_3_max": 0.2173058485188472,
        "nauc_recall_at_3_std": 0.11627075835473569,
        "nauc_recall_at_5_diff1": 0.14494828631968448,
        "nauc_recall_at_5_max": 0.20797846544115503,
        "nauc_recall_at_5_std": 0.19047524135976684,
        "ndcg_at_1": 0.33333,
        "ndcg_at_10": 0.55096,
        "ndcg_at_100": 0.58238,
        "ndcg_at_1000": 0.58744,
        "ndcg_at_20": 0.56564,
        "ndcg_at_3": 0.45422,
        "ndcg_at_5": 0.49428,
        "precision_at_1": 0.33333,
        "precision_at_10": 0.1037,
        "precision_at_100": 0.01259,
        "precision_at_1000": 0.0013,
        "precision_at_20": 0.05556,
        "precision_at_3": 0.24691,
        "precision_at_5": 0.17037,
        "recall_at_1": 0.25309,
        "recall_at_10": 0.82716,
        "recall_at_100": 0.96296,
        "recall_at_1000": 1.0,
        "recall_at_20": 0.88272,
        "recall_at_3": 0.5679,
        "recall_at_5": 0.66049
      }
    ]
  },
  "task_name": "ChemNQRetrieval"
}