{
  "dataset_revision": "831d292c3959eae59e4f89b8758738feee97d6cf",
  "evaluation_time": 263.44048523902893,
  "kg_co2_emissions": null,
  "mteb_version": "1.14.2",
  "scores": {
    "test": [
      {
        "hf_subset": "default",
        "languages": [
          "eng-Latn"
        ],
        "main_score": 0.00815,
        "map_at_1": 0.00393,
        "map_at_10": 0.00636,
        "map_at_100": 0.00754,
        "map_at_1000": 0.00806,
        "map_at_20": 0.00679,
        "map_at_3": 0.00518,
        "map_at_5": 0.00577,
        "mrr_at_1": 0.005180737077593312,
        "mrr_at_10": 0.0075707538794787125,
        "mrr_at_100": 0.008810051456766759,
        "mrr_at_1000": 0.00930597015268878,
        "mrr_at_20": 0.008029029431995054,
        "mrr_at_3": 0.0064955453510734335,
        "mrr_at_5": 0.007090152674751758,
        "nauc_map_at_1000_diff1": 0.5061437747819343,
        "nauc_map_at_1000_max": 0.04724305619053955,
        "nauc_map_at_1000_std": 0.5768144980218654,
        "nauc_map_at_100_diff1": 0.5289107399431207,
        "nauc_map_at_100_max": 0.04221804499240696,
        "nauc_map_at_100_std": 0.5878338526399387,
        "nauc_map_at_10_diff1": 0.6001814261547852,
        "nauc_map_at_10_max": 0.035645779247489164,
        "nauc_map_at_10_std": 0.6181614444382527,
        "nauc_map_at_1_diff1": 0.780529932866915,
        "nauc_map_at_1_max": 0.03869297540069025,
        "nauc_map_at_1_std": 0.6624084187980088,
        "nauc_map_at_20_diff1": 0.567492367035504,
        "nauc_map_at_20_max": 0.0371712661635832,
        "nauc_map_at_20_std": 0.6026469481155939,
        "nauc_map_at_3_diff1": 0.6708371270909179,
        "nauc_map_at_3_max": 0.03437217003086498,
        "nauc_map_at_3_std": 0.6298507265828669,
        "nauc_map_at_5_diff1": 0.626847579237437,
        "nauc_map_at_5_max": 0.03556475494348906,
        "nauc_map_at_5_std": 0.6176898694118822,
        "nauc_mrr_at_1000_diff1": 0.46585414755074206,
        "nauc_mrr_at_1000_max": 0.06270252874397912,
        "nauc_mrr_at_1000_std": 0.58768523804709,
        "nauc_mrr_at_100_diff1": 0.48203593249722243,
        "nauc_mrr_at_100_max": 0.06038267619414247,
        "nauc_mrr_at_100_std": 0.5991073964083314,
        "nauc_mrr_at_10_diff1": 0.5396865511502158,
        "nauc_mrr_at_10_max": 0.059334666145669554,
        "nauc_mrr_at_10_std": 0.6323251276813892,
        "nauc_mrr_at_1_diff1": 0.657960819036472,
        "nauc_mrr_at_1_max": 0.06102355092118541,
        "nauc_mrr_at_1_std": 0.6596965531393489,
        "nauc_mrr_at_20_diff1": 0.5103821080349418,
        "nauc_mrr_at_20_max": 0.06160686791130747,
        "nauc_mrr_at_20_std": 0.6199197714785397,
        "nauc_mrr_at_3_diff1": 0.5870015485562803,
        "nauc_mrr_at_3_max": 0.05673188434655356,
        "nauc_mrr_at_3_std": 0.6403779828485169,
        "nauc_mrr_at_5_diff1": 0.5537369380285858,
        "nauc_mrr_at_5_max": 0.06341987757016891,
        "nauc_mrr_at_5_std": 0.6353104727858508,
        "nauc_ndcg_at_1000_diff1": 0.22924073176645932,
        "nauc_ndcg_at_1000_max": 0.0811242006948857,
        "nauc_ndcg_at_1000_std": 0.42493303692477075,
        "nauc_ndcg_at_100_diff1": 0.3529768342566005,
        "nauc_ndcg_at_100_max": 0.06171965263279347,
        "nauc_ndcg_at_100_std": 0.5203737216711494,
        "nauc_ndcg_at_10_diff1": 0.5338272442088976,
        "nauc_ndcg_at_10_max": 0.04054117105455912,
        "nauc_ndcg_at_10_std": 0.6143877318408555,
        "nauc_ndcg_at_1_diff1": 0.657960819036472,
        "nauc_ndcg_at_1_max": 0.06102355092118541,
        "nauc_ndcg_at_1_std": 0.6596965531393489,
        "nauc_ndcg_at_20_diff1": 0.46264589427393715,
        "nauc_ndcg_at_20_max": 0.04369497897571882,
        "nauc_ndcg_at_20_std": 0.5784629440154547,
        "nauc_ndcg_at_3_diff1": 0.6155562379228751,
        "nauc_ndcg_at_3_max": 0.03556932416972484,
        "nauc_ndcg_at_3_std": 0.6233494341429892,
        "nauc_ndcg_at_5_diff1": 0.568336945853424,
        "nauc_ndcg_at_5_max": 0.041726606923825876,
        "nauc_ndcg_at_5_std": 0.6118387920181587,
        "nauc_precision_at_1000_diff1": 0.12546592083291502,
        "nauc_precision_at_1000_max": 0.08331677742252017,
        "nauc_precision_at_1000_std": 0.34266367861245456,
        "nauc_precision_at_100_diff1": 0.21522049642845834,
        "nauc_precision_at_100_max": 0.10089199271382625,
        "nauc_precision_at_100_std": 0.47551890044856376,
        "nauc_precision_at_10_diff1": 0.36561560142817845,
        "nauc_precision_at_10_max": 0.07020555540729635,
        "nauc_precision_at_10_std": 0.6139124098367215,
        "nauc_precision_at_1_diff1": 0.657960819036472,
        "nauc_precision_at_1_max": 0.06102355092118541,
        "nauc_precision_at_1_std": 0.6596965531393489,
        "nauc_precision_at_20_diff1": 0.2734255757729935,
        "nauc_precision_at_20_max": 0.08702873910643076,
        "nauc_precision_at_20_std": 0.5430561647207663,
        "nauc_precision_at_3_diff1": 0.4802360113941726,
        "nauc_precision_at_3_max": 0.04319963979436997,
        "nauc_precision_at_3_std": 0.6066892106348165,
        "nauc_precision_at_5_diff1": 0.41097693461807216,
        "nauc_precision_at_5_max": 0.067477926195267,
        "nauc_precision_at_5_std": 0.6017164756856404,
        "nauc_recall_at_1000_diff1": 0.13229406774807564,
        "nauc_recall_at_1000_max": 0.09309097198515968,
        "nauc_recall_at_1000_std": 0.35550905904195074,
        "nauc_recall_at_100_diff1": 0.2402009862917526,
        "nauc_recall_at_100_max": 0.06949845240215959,
        "nauc_recall_at_100_std": 0.4620330597110053,
        "nauc_recall_at_10_diff1": 0.4704262086460082,
        "nauc_recall_at_10_max": 0.02946312936306712,
        "nauc_recall_at_10_std": 0.5990693628269628,
        "nauc_recall_at_1_diff1": 0.780529932866915,
        "nauc_recall_at_1_max": 0.03869297540069025,
        "nauc_recall_at_1_std": 0.6624084187980088,
        "nauc_recall_at_20_diff1": 0.35461879220786086,
        "nauc_recall_at_20_max": 0.03049890684686116,
        "nauc_recall_at_20_std": 0.533085253843473,
        "nauc_recall_at_3_diff1": 0.6091401793873075,
        "nauc_recall_at_3_max": 0.022020755779867698,
        "nauc_recall_at_3_std": 0.610243801173778,
        "nauc_recall_at_5_diff1": 0.5089904959379394,
        "nauc_recall_at_5_max": 0.032628656444851155,
        "nauc_recall_at_5_std": 0.5857424317908763,
        "ndcg_at_1": 0.00518,
        "ndcg_at_10": 0.00815,
        "ndcg_at_100": 0.01561,
        "ndcg_at_1000": 0.03359,
        "ndcg_at_20": 0.00964,
        "ndcg_at_3": 0.00596,
        "ndcg_at_5": 0.00687,
        "precision_at_1": 0.00518,
        "precision_at_10": 0.00178,
        "precision_at_100": 0.0008,
        "precision_at_1000": 0.00032,
        "precision_at_20": 0.00136,
        "precision_at_3": 0.00306,
        "precision_at_5": 0.00252,
        "recall_at_1": 0.00393,
        "recall_at_10": 0.01241,
        "recall_at_100": 0.0466,
        "recall_at_1000": 0.17805,
        "recall_at_20": 0.01749,
        "recall_at_3": 0.00651,
        "recall_at_5": 0.00879
      }
    ]
  },
  "task_name": "CoconutRetrieval"
}