{
  "dataset_revision": "eeaad4bb9ec83058589faec127cdcb38fc7bfb2e",
  "evaluation_time": 69.29307436943054,
  "kg_co2_emissions": null,
  "mteb_version": "1.14.15",
  "scores": {
    "test": [
      {
        "cosine_accuracy": 0.984375,
        "cosine_accuracy_threshold": 0.9484095256983089,
        "cosine_ap": 0.9431899132349182,
        "cosine_f1": 0.92,
        "cosine_f1_threshold": 0.9484095256983089,
        "cosine_precision": 0.9435897435897436,
        "cosine_recall": 0.8975609756097561,
        "dot_accuracy": 0.984375,
        "dot_accuracy_threshold": 0.9484094917220958,
        "dot_ap": 0.9431899132349182,
        "dot_f1": 0.92,
        "dot_f1_threshold": 0.9484094917220958,
        "dot_precision": 0.9435897435897436,
        "dot_recall": 0.8975609756097561,
        "euclidean_accuracy": 0.984375,
        "euclidean_accuracy_threshold": 0.32121402085677964,
        "euclidean_ap": 0.9431899132349182,
        "euclidean_f1": 0.92,
        "euclidean_f1_threshold": 0.32121402085677964,
        "euclidean_precision": 0.9435897435897436,
        "euclidean_recall": 0.8975609756097561,
        "hf_subset": "default",
        "languages": [
          "eng-Latn"
        ],
        "main_score": 0.92,
        "manhattan_accuracy": 0.984375,
        "manhattan_accuracy_threshold": 9.69441211943415,
        "manhattan_ap": 0.9429756210073046,
        "manhattan_f1": 0.9195979899497487,
        "manhattan_f1_threshold": 9.97431848567855,
        "manhattan_precision": 0.9481865284974094,
        "manhattan_recall": 0.8926829268292683,
        "max_accuracy": 0.984375,
        "max_ap": 0.9431899132349182,
        "max_f1": 0.92,
        "max_precision": 0.9481865284974094,
        "max_recall": 0.8975609756097561,
        "similarity_accuracy": 0.984375,
        "similarity_accuracy_threshold": 0.9484095256983089,
        "similarity_ap": 0.9431899132349182,
        "similarity_f1": 0.92,
        "similarity_f1_threshold": 0.9484095256983089,
        "similarity_precision": 0.9435897435897436,
        "similarity_recall": 0.8975609756097561
      }
    ]
  },
  "task_name": "PubChemAISentenceParaphrasePC"
}