{
  "dataset_revision": "f39c1d16edd269f233be381216bc8146f0857124",
  "evaluation_time": 18.539443254470825,
  "kg_co2_emissions": null,
  "mteb_version": "1.14.15",
  "scores": {
    "dev": [
      {
        "hf_subset": "default",
        "languages": [
          "eng-Latn"
        ],
        "main_score": 0.875,
        "map_at_1": 0.875,
        "map_at_10": 0.875,
        "map_at_100": 0.875,
        "map_at_1000": 0.87568,
        "map_at_20": 0.875,
        "map_at_3": 0.875,
        "map_at_5": 0.875,
        "mrr_at_1": 0.875,
        "mrr_at_10": 0.875,
        "mrr_at_100": 0.875,
        "mrr_at_1000": 0.8756830601092896,
        "mrr_at_20": 0.875,
        "mrr_at_3": 0.875,
        "mrr_at_5": 0.875,
        "nauc_map_at_1000_diff1": 1.0,
        "nauc_map_at_1000_max": 1.0,
        "nauc_map_at_1000_std": -1.1266106442577037,
        "nauc_map_at_100_diff1": 1.0,
        "nauc_map_at_100_max": 1.0,
        "nauc_map_at_100_std": -1.1266106442577013,
        "nauc_map_at_10_diff1": 1.0,
        "nauc_map_at_10_max": 1.0,
        "nauc_map_at_10_std": -1.1266106442577013,
        "nauc_map_at_1_diff1": 1.0,
        "nauc_map_at_1_max": 1.0,
        "nauc_map_at_1_std": -1.1266106442577013,
        "nauc_map_at_20_diff1": 1.0,
        "nauc_map_at_20_max": 1.0,
        "nauc_map_at_20_std": -1.1266106442577013,
        "nauc_map_at_3_diff1": 1.0,
        "nauc_map_at_3_max": 1.0,
        "nauc_map_at_3_std": -1.1266106442577013,
        "nauc_map_at_5_diff1": 1.0,
        "nauc_map_at_5_max": 1.0,
        "nauc_map_at_5_std": -1.1266106442577013,
        "nauc_mrr_at_1000_diff1": 1.0,
        "nauc_mrr_at_1000_max": 1.0,
        "nauc_mrr_at_1000_std": -1.1266106442577037,
        "nauc_mrr_at_100_diff1": 1.0,
        "nauc_mrr_at_100_max": 1.0,
        "nauc_mrr_at_100_std": -1.1266106442577013,
        "nauc_mrr_at_10_diff1": 1.0,
        "nauc_mrr_at_10_max": 1.0,
        "nauc_mrr_at_10_std": -1.1266106442577013,
        "nauc_mrr_at_1_diff1": 1.0,
        "nauc_mrr_at_1_max": 1.0,
        "nauc_mrr_at_1_std": -1.1266106442577013,
        "nauc_mrr_at_20_diff1": 1.0,
        "nauc_mrr_at_20_max": 1.0,
        "nauc_mrr_at_20_std": -1.1266106442577013,
        "nauc_mrr_at_3_diff1": 1.0,
        "nauc_mrr_at_3_max": 1.0,
        "nauc_mrr_at_3_std": -1.1266106442577013,
        "nauc_mrr_at_5_diff1": 1.0,
        "nauc_mrr_at_5_max": 1.0,
        "nauc_mrr_at_5_std": -1.1266106442577013,
        "nauc_ndcg_at_1000_diff1": 1.0,
        "nauc_ndcg_at_1000_max": 1.0,
        "nauc_ndcg_at_1000_std": -1.126610644257703,
        "nauc_ndcg_at_100_diff1": 1.0,
        "nauc_ndcg_at_100_max": 1.0,
        "nauc_ndcg_at_100_std": -1.1266106442577013,
        "nauc_ndcg_at_10_diff1": 1.0,
        "nauc_ndcg_at_10_max": 1.0,
        "nauc_ndcg_at_10_std": -1.1266106442577013,
        "nauc_ndcg_at_1_diff1": 1.0,
        "nauc_ndcg_at_1_max": 1.0,
        "nauc_ndcg_at_1_std": -1.1266106442577013,
        "nauc_ndcg_at_20_diff1": 1.0,
        "nauc_ndcg_at_20_max": 1.0,
        "nauc_ndcg_at_20_std": -1.1266106442577013,
        "nauc_ndcg_at_3_diff1": 1.0,
        "nauc_ndcg_at_3_max": 1.0,
        "nauc_ndcg_at_3_std": -1.1266106442577013,
        "nauc_ndcg_at_5_diff1": 1.0,
        "nauc_ndcg_at_5_max": 1.0,
        "nauc_ndcg_at_5_std": -1.1266106442577013,
        "nauc_precision_at_1000_diff1": 1.0,
        "nauc_precision_at_1000_max": 1.0,
        "nauc_precision_at_1000_std": 1.0,
        "nauc_precision_at_100_diff1": 1.0,
        "nauc_precision_at_100_max": 1.0,
        "nauc_precision_at_100_std": -1.126610644257707,
        "nauc_precision_at_10_diff1": 1.0,
        "nauc_precision_at_10_max": 1.0,
        "nauc_precision_at_10_std": -1.1266106442577044,
        "nauc_precision_at_1_diff1": 1.0,
        "nauc_precision_at_1_max": 1.0,
        "nauc_precision_at_1_std": -1.1266106442577013,
        "nauc_precision_at_20_diff1": 1.0,
        "nauc_precision_at_20_max": 1.0,
        "nauc_precision_at_20_std": -1.1266106442577044,
        "nauc_precision_at_3_diff1": 1.0,
        "nauc_precision_at_3_max": 1.0,
        "nauc_precision_at_3_std": -1.126610644257703,
        "nauc_precision_at_5_diff1": 1.0,
        "nauc_precision_at_5_max": 1.0,
        "nauc_precision_at_5_std": -1.1266106442577044,
        "nauc_recall_at_1000_diff1": NaN,
        "nauc_recall_at_1000_max": NaN,
        "nauc_recall_at_1000_std": NaN,
        "nauc_recall_at_100_diff1": 1.0,
        "nauc_recall_at_100_max": 1.0,
        "nauc_recall_at_100_std": -1.1266106442577013,
        "nauc_recall_at_10_diff1": 1.0,
        "nauc_recall_at_10_max": 1.0,
        "nauc_recall_at_10_std": -1.1266106442577013,
        "nauc_recall_at_1_diff1": 1.0,
        "nauc_recall_at_1_max": 1.0,
        "nauc_recall_at_1_std": -1.1266106442577013,
        "nauc_recall_at_20_diff1": 1.0,
        "nauc_recall_at_20_max": 1.0,
        "nauc_recall_at_20_std": -1.1266106442577013,
        "nauc_recall_at_3_diff1": 1.0,
        "nauc_recall_at_3_max": 1.0,
        "nauc_recall_at_3_std": -1.1266106442577013,
        "nauc_recall_at_5_diff1": 1.0,
        "nauc_recall_at_5_max": 1.0,
        "nauc_recall_at_5_std": -1.1266106442577013,
        "ndcg_at_1": 0.875,
        "ndcg_at_10": 0.875,
        "ndcg_at_100": 0.875,
        "ndcg_at_1000": 0.89161,
        "ndcg_at_20": 0.875,
        "ndcg_at_3": 0.875,
        "ndcg_at_5": 0.875,
        "precision_at_1": 0.875,
        "precision_at_10": 0.0875,
        "precision_at_100": 0.00875,
        "precision_at_1000": 0.001,
        "precision_at_20": 0.04375,
        "precision_at_3": 0.29167,
        "precision_at_5": 0.175,
        "recall_at_1": 0.875,
        "recall_at_10": 0.875,
        "recall_at_100": 0.875,
        "recall_at_1000": 1.0,
        "recall_at_20": 0.875,
        "recall_at_3": 0.875,
        "recall_at_5": 0.875
      }
    ],
    "test": [
      {
        "hf_subset": "default",
        "languages": [
          "eng-Latn"
        ],
        "main_score": 0.59854,
        "map_at_1": 0.5,
        "map_at_10": 0.55926,
        "map_at_100": 0.56346,
        "map_at_1000": 0.56408,
        "map_at_20": 0.56235,
        "map_at_3": 0.53704,
        "map_at_5": 0.55926,
        "mrr_at_1": 0.5,
        "mrr_at_10": 0.5592592592592593,
        "mrr_at_100": 0.5634567901234568,
        "mrr_at_1000": 0.56408101478171,
        "mrr_at_20": 0.5623456790123458,
        "mrr_at_3": 0.537037037037037,
        "mrr_at_5": 0.5592592592592593,
        "nauc_map_at_1000_diff1": 0.8135944256134605,
        "nauc_map_at_1000_max": 0.44205704480594044,
        "nauc_map_at_1000_std": -0.09543813665367522,
        "nauc_map_at_100_diff1": 0.8133006728112576,
        "nauc_map_at_100_max": 0.442294468691668,
        "nauc_map_at_100_std": -0.09463228138156017,
        "nauc_map_at_10_diff1": 0.8140284049066846,
        "nauc_map_at_10_max": 0.44235100048393555,
        "nauc_map_at_10_std": -0.09820583668230658,
        "nauc_map_at_1_diff1": 0.8607912348044133,
        "nauc_map_at_1_max": 0.476498038637783,
        "nauc_map_at_1_std": -0.1018163360303525,
        "nauc_map_at_20_diff1": 0.8112934122585709,
        "nauc_map_at_20_max": 0.4370562097270916,
        "nauc_map_at_20_std": -0.1000904793831096,
        "nauc_map_at_3_diff1": 0.8356303992670578,
        "nauc_map_at_3_max": 0.449011136019978,
        "nauc_map_at_3_std": -0.103285997478484,
        "nauc_map_at_5_diff1": 0.8140284049066846,
        "nauc_map_at_5_max": 0.44235100048393555,
        "nauc_map_at_5_std": -0.09820583668230658,
        "nauc_mrr_at_1000_diff1": 0.8135944256134605,
        "nauc_mrr_at_1000_max": 0.44205704480594044,
        "nauc_mrr_at_1000_std": -0.09543813665367522,
        "nauc_mrr_at_100_diff1": 0.8133006728112576,
        "nauc_mrr_at_100_max": 0.442294468691668,
        "nauc_mrr_at_100_std": -0.09463228138156017,
        "nauc_mrr_at_10_diff1": 0.8140284049066846,
        "nauc_mrr_at_10_max": 0.44235100048393555,