{
  "dataset_revision": "023e7a813e3b73d8d33551ed2aea511314d612e2",
  "evaluation_time": 13.988370895385742,
  "kg_co2_emissions": null,
  "mteb_version": "1.14.15",
  "scores": {
    "test": [
      {
        "hf_subset": "default",
        "languages": [
          "eng-Latn"
        ],
        "main_score": 0.56998,
        "map_at_1": 0.32716,
        "map_at_10": 0.48549,
        "map_at_100": 0.5004,
        "map_at_1000": 0.50064,
        "map_at_20": 0.49812,
        "map_at_3": 0.42284,
        "map_at_5": 0.46852,
        "mrr_at_1": 0.4074074074074074,
        "mrr_at_10": 0.5305555555555557,
        "mrr_at_100": 0.5385124582166136,
        "mrr_at_1000": 0.538751406842659,
        "mrr_at_20": 0.5362373737373738,
        "mrr_at_3": 0.4876543209876543,
        "mrr_at_5": 0.5135802469135803,
        "nauc_map_at_1000_diff1": 0.3637378488715335,
        "nauc_map_at_1000_max": 0.23350651992908542,
        "nauc_map_at_1000_std": 0.2101055677489985,
        "nauc_map_at_100_diff1": 0.3640176024455532,
        "nauc_map_at_100_max": 0.23388760932812602,
        "nauc_map_at_100_std": 0.2098054698935659,
        "nauc_map_at_10_diff1": 0.3619503820844348,
        "nauc_map_at_10_max": 0.22748206821528288,
        "nauc_map_at_10_std": 0.21933733637235217,
        "nauc_map_at_1_diff1": 0.31717801281530184,
        "nauc_map_at_1_max": 0.14617348098877567,
        "nauc_map_at_1_std": 0.22223137674099203,
        "nauc_map_at_20_diff1": 0.35947451613235754,
        "nauc_map_at_20_max": 0.23871365773010925,
        "nauc_map_at_20_std": 0.21218400961464412,
        "nauc_map_at_3_diff1": 0.3981532165099653,
        "nauc_map_at_3_max": 0.246251540810044,
        "nauc_map_at_3_std": 0.23242930499702702,
        "nauc_map_at_5_diff1": 0.368063203423303,
        "nauc_map_at_5_max": 0.2370295403421952,
        "nauc_map_at_5_std": 0.2058923424427129,
        "nauc_mrr_at_1000_diff1": 0.39296552023531767,
        "nauc_mrr_at_1000_max": 0.18833893536376017,
        "nauc_mrr_at_1000_std": 0.1568330145034431,
        "nauc_mrr_at_100_diff1": 0.3932183989012637,
        "nauc_mrr_at_100_max": 0.1887484784083568,
        "nauc_mrr_at_100_std": 0.1565785276792911,
        "nauc_mrr_at_10_diff1": 0.3903394144614259,
        "nauc_mrr_at_10_max": 0.18534402911490613,
        "nauc_mrr_at_10_std": 0.16528800725461842,
        "nauc_mrr_at_1_diff1": 0.38939413585061033,
        "nauc_mrr_at_1_max": 0.07272513454769156,
        "nauc_mrr_at_1_std": 0.08478496081237671,
        "nauc_mrr_at_20_diff1": 0.3885365072824057,
        "nauc_mrr_at_20_max": 0.19382415819020923,
        "nauc_mrr_at_20_std": 0.15930429497290424,
        "nauc_mrr_at_3_diff1": 0.42056310559517807,
        "nauc_mrr_at_3_max": 0.20096162801403783,
        "nauc_mrr_at_3_std": 0.1925589172902475,
        "nauc_mrr_at_5_diff1": 0.3953406677191014,
        "nauc_mrr_at_5_max": 0.19635740354525727,
        "nauc_mrr_at_5_std": 0.1539771617356068,
        "nauc_ndcg_at_1000_diff1": 0.36257868466414384,
        "nauc_ndcg_at_1000_max": 0.25202066957151104,
        "nauc_ndcg_at_1000_std": 0.20007203314076571,
        "nauc_ndcg_at_100_diff1": 0.3699083848514324,
        "nauc_ndcg_at_100_max": 0.26159709700507944,
        "nauc_ndcg_at_100_std": 0.19243846916402793,
        "nauc_ndcg_at_10_diff1": 0.33987654980691717,
        "nauc_ndcg_at_10_max": 0.25937644775615054,
        "nauc_ndcg_at_10_std": 0.23141699128746773,
        "nauc_ndcg_at_1_diff1": 0.38939413585061033,
        "nauc_ndcg_at_1_max": 0.07272513454769156,
        "nauc_ndcg_at_1_std": 0.08478496081237671,
        "nauc_ndcg_at_20_diff1": 0.32551992776465233,
        "nauc_ndcg_at_20_max": 0.2950636165323537,
        "nauc_ndcg_at_20_std": 0.2063921466825326,
        "nauc_ndcg_at_3_diff1": 0.41213844639714864,
        "nauc_ndcg_at_3_max": 0.2811124885598678,
        "nauc_ndcg_at_3_std": 0.24940738481682384,
        "nauc_ndcg_at_5_diff1": 0.35978911021855187,
        "nauc_ndcg_at_5_max": 0.2791242168900218,
        "nauc_ndcg_at_5_std": 0.1959494033876758,
        "nauc_precision_at_1000_diff1": 0.06079634848761414,
        "nauc_precision_at_1000_max": 0.02896266792676619,
        "nauc_precision_at_1000_std": -0.13554495013642542,
        "nauc_precision_at_100_diff1": 0.11835004032700909,
        "nauc_precision_at_100_max": 0.08928200617845818,
        "nauc_precision_at_100_std": -0.13902172391948553,
        "nauc_precision_at_10_diff1": 0.14570392304040017,
        "nauc_precision_at_10_max": 0.13876881189776785,
        "nauc_precision_at_10_std": 0.05117151407333846,
        "nauc_precision_at_1_diff1": 0.38939413585061033,
        "nauc_precision_at_1_max": 0.07272513454769156,
        "nauc_precision_at_1_std": 0.08478496081237671,
        "nauc_precision_at_20_diff1": 0.025771932062415064,
        "nauc_precision_at_20_max": 0.20361605085383508,
        "nauc_precision_at_20_std": -0.057419407927418814,
        "nauc_precision_at_3_diff1": 0.4125685026495377,
        "nauc_precision_at_3_max": 0.285118600455593,
        "nauc_precision_at_3_std": 0.13450253147462757,
        "nauc_precision_at_5_diff1": 0.21305991473871597,
        "nauc_precision_at_5_max": 0.19027500702503347,
        "nauc_precision_at_5_std": 0.0144950886215681,
        "nauc_recall_at_1000_diff1": NaN,
        "nauc_recall_at_1000_max": NaN,
        "nauc_recall_at_1000_std": NaN,
        "nauc_recall_at_100_diff1": 0.7232620320855635,
        "nauc_recall_at_100_max": 0.7232620320855635,
        "nauc_recall_at_100_std": -0.1755639870964916,
        "nauc_recall_at_10_diff1": 0.13920506021331414,
        "nauc_recall_at_10_max": 0.4376507065036734,
        "nauc_recall_at_10_std": 0.3359826200079468,
        "nauc_recall_at_1_diff1": 0.31717801281530184,
        "nauc_recall_at_1_max": 0.14617348098877567,
        "nauc_recall_at_1_std": 0.22223137674099203,
        "nauc_recall_at_20_diff1": -0.09693487626923956,
        "nauc_recall_at_20_max": 0.8155080213903743,
        "nauc_recall_at_20_std": 0.2162906752690035,
        "nauc_recall_at_3_diff1": 0.4161274471387429,
        "nauc_recall_at_3_max": 0.40031316570507036,
        "nauc_recall_at_3_std": 0.3109609707902188,
        "nauc_recall_at_5_diff1": 0.2765974370196712,
        "nauc_recall_at_5_max": 0.4595002096538723,
        "nauc_recall_at_5_std": 0.18613009558380178,
        "ndcg_at_1": 0.40741,
        "ndcg_at_10": 0.56998,
        "ndcg_at_100": 0.61638,
        "ndcg_at_1000": 0.62146,
        "ndcg_at_20": 0.60181,
        "ndcg_at_3": 0.46139,
        "ndcg_at_5": 0.53191,
        "precision_at_1": 0.40741,
        "precision_at_10": 0.1,
        "precision_at_100": 0.01259,
        "precision_at_1000": 0.0013,
        "precision_at_20": 0.05926,
        "precision_at_3": 0.22222,
        "precision_at_5": 0.17778,
        "recall_at_1": 0.32716,
        "recall_at_10": 0.78395,
        "recall_at_100": 0.96296,
        "recall_at_1000": 1.0,
        "recall_at_20": 0.88889,
        "recall_at_3": 0.51235,
        "recall_at_5": 0.67284
      }
    ]
  },
  "task_name": "ChemNQRetrieval"
}