{
  "dataset_revision": "831d292c3959eae59e4f89b8758738feee97d6cf",
  "evaluation_time": 38.587700605392456,
  "kg_co2_emissions": null,
  "mteb_version": "1.14.15",
  "scores": {
    "test": [
      {
        "hf_subset": "default",
        "languages": [
          "eng-Latn"
        ],
        "main_score": 0.00373,
        "map_at_1": 0.002,
        "map_at_10": 0.00297,
        "map_at_100": 0.00354,
        "map_at_1000": 0.00387,
        "map_at_20": 0.0032,
        "map_at_3": 0.0026,
        "map_at_5": 0.00273,
        "mrr_at_1": 0.0021193924408336277,
        "mrr_at_10": 0.003294963732971503,
        "mrr_at_100": 0.003976516378572576,
        "mrr_at_1000": 0.004321580874037336,
        "mrr_at_20": 0.0035664820131740445,
        "mrr_at_3": 0.0027669845755327917,
        "mrr_at_5": 0.00299069822206523,
        "nauc_map_at_1000_diff1": 0.13204655425496534,
        "nauc_map_at_1000_max": 0.2127438943483792,
        "nauc_map_at_1000_std": 0.5519629003305653,
        "nauc_map_at_100_diff1": 0.15922422765672622,
        "nauc_map_at_100_max": 0.20881667998530798,
        "nauc_map_at_100_std": 0.5771740052285415,
        "nauc_map_at_10_diff1": 0.23321068495147812,
        "nauc_map_at_10_max": 0.20043703052607098,
        "nauc_map_at_10_std": 0.6095204245325441,
        "nauc_map_at_1_diff1": 0.3967226155166549,
        "nauc_map_at_1_max": 0.3262292595474669,
        "nauc_map_at_1_std": 0.660766045964788,
        "nauc_map_at_20_diff1": 0.20334956541165394,
        "nauc_map_at_20_max": 0.2022837987576419,
        "nauc_map_at_20_std": 0.5915353881152786,
        "nauc_map_at_3_diff1": 0.2910597481745968,
        "nauc_map_at_3_max": 0.22802623204005942,
        "nauc_map_at_3_std": 0.6268549801992026,
        "nauc_map_at_5_diff1": 0.27440116873929227,
        "nauc_map_at_5_max": 0.22273742765359061,
        "nauc_map_at_5_std": 0.6105415055760804,
        "nauc_mrr_at_1000_diff1": 0.08737992401026375,
        "nauc_mrr_at_1000_max": 0.2109254658030858,
        "nauc_mrr_at_1000_std": 0.5531859538674546,
        "nauc_mrr_at_100_diff1": 0.10733947238244235,
        "nauc_mrr_at_100_max": 0.2099881379095146,
        "nauc_mrr_at_100_std": 0.5774499845890837,
        "nauc_mrr_at_10_diff1": 0.1837530325885855,
        "nauc_mrr_at_10_max": 0.19529533823070205,
        "nauc_mrr_at_10_std": 0.6070453743532299,
        "nauc_mrr_at_1_diff1": 0.3909306078328417,
        "nauc_mrr_at_1_max": 0.3199189944530783,
        "nauc_mrr_at_1_std": 0.6796123767445218,
        "nauc_mrr_at_20_diff1": 0.14990386109815276,
        "nauc_mrr_at_20_max": 0.19998398316230812,
        "nauc_mrr_at_20_std": 0.5954431535110909,
        "nauc_mrr_at_3_diff1": 0.25030163462717325,
        "nauc_mrr_at_3_max": 0.2166152759822627,
        "nauc_mrr_at_3_std": 0.6340175839765259,
        "nauc_mrr_at_5_diff1": 0.22215581537167406,
        "nauc_mrr_at_5_max": 0.2062406315850695,
        "nauc_mrr_at_5_std": 0.6137640196024862,
        "nauc_ndcg_at_1000_diff1": -0.12532356993344335,
        "nauc_ndcg_at_1000_max": 0.22846949128672844,
        "nauc_ndcg_at_1000_std": 0.3555140306530438,
        "nauc_ndcg_at_100_diff1": -0.051508513536849286,
        "nauc_ndcg_at_100_max": 0.20969246525992338,
        "nauc_ndcg_at_100_std": 0.4898732360535856,
        "nauc_ndcg_at_10_diff1": 0.14796541232593177,
        "nauc_ndcg_at_10_max": 0.15812871838692338,
        "nauc_ndcg_at_10_std": 0.5891265830084415,
        "nauc_ndcg_at_1_diff1": 0.3909306078328417,
        "nauc_ndcg_at_1_max": 0.3199189944530783,
        "nauc_ndcg_at_1_std": 0.6796123767445218,
        "nauc_ndcg_at_20_diff1": 0.08036443741101011,
        "nauc_ndcg_at_20_max": 0.1713854653991536,
        "nauc_ndcg_at_20_std": 0.5505148850641192,
        "nauc_ndcg_at_3_diff1": 0.2504945648158046,
        "nauc_ndcg_at_3_max": 0.2051410814345176,
        "nauc_ndcg_at_3_std": 0.6238906598324228,
        "nauc_ndcg_at_5_diff1": 0.22205292926133074,
        "nauc_ndcg_at_5_max": 0.19565320353972085,
        "nauc_ndcg_at_5_std": 0.5938545245770528,
        "nauc_precision_at_1000_diff1": -0.19612667583795615,
        "nauc_precision_at_1000_max": 0.24314228316584727,
        "nauc_precision_at_1000_std": 0.3050270958415879,
        "nauc_precision_at_100_diff1": -0.20193080886006123,
        "nauc_precision_at_100_max": 0.25526151030396466,
        "nauc_precision_at_100_std": 0.4350304817817145,
        "nauc_precision_at_10_diff1": -0.00942932724601409,
        "nauc_precision_at_10_max": 0.11119778063239315,
        "nauc_precision_at_10_std": 0.5480129975955547,
        "nauc_precision_at_1_diff1": 0.3909306078328417,
        "nauc_precision_at_1_max": 0.3199189944530783,
        "nauc_precision_at_1_std": 0.6796123767445218,
        "nauc_precision_at_20_diff1": -0.08968695777900511,
        "nauc_precision_at_20_max": 0.18884258151997188,
        "nauc_precision_at_20_std": 0.4939372246432402,
        "nauc_precision_at_3_diff1": 0.1677933807458265,
        "nauc_precision_at_3_max": 0.18433138249963468,
        "nauc_precision_at_3_std": 0.6262781247102385,
        "nauc_precision_at_5_diff1": 0.10735118331533719,
        "nauc_precision_at_5_max": 0.1648276074864268,
        "nauc_precision_at_5_std": 0.5649001703350166,
        "nauc_recall_at_1000_diff1": -0.1657087258207171,
        "nauc_recall_at_1000_max": 0.2292151256052895,
        "nauc_recall_at_1000_std": 0.2950543776658621,
        "nauc_recall_at_100_diff1": -0.18027695765959909,
        "nauc_recall_at_100_max": 0.20953648627599483,
        "nauc_recall_at_100_std": 0.41970163737795246,
        "nauc_recall_at_10_diff1": 0.03769727723562721,
        "nauc_recall_at_10_max": 0.08586602256606894,
        "nauc_recall_at_10_std": 0.5596005743729564,
        "nauc_recall_at_1_diff1": 0.3967226155166549,
        "nauc_recall_at_1_max": 0.3262292595474669,
        "nauc_recall_at_1_std": 0.660766045964788,
        "nauc_recall_at_20_diff1": -0.04832361370745606,
        "nauc_recall_at_20_max": 0.1285220741950711,
        "nauc_recall_at_20_std": 0.49373227464288816,
        "nauc_recall_at_3_diff1": 0.19549396221335522,
        "nauc_recall_at_3_max": 0.15768271754040455,
        "nauc_recall_at_3_std": 0.6115385403061011,
        "nauc_recall_at_5_diff1": 0.15477799630513187,
        "nauc_recall_at_5_max": 0.15143100393592832,
        "nauc_recall_at_5_std": 0.5570601130140926,
        "ndcg_at_1": 0.00212,
        "ndcg_at_10": 0.00373,
        "ndcg_at_100": 0.00754,
        "ndcg_at_1000": 0.02026,
        "ndcg_at_20": 0.00462,
        "ndcg_at_3": 0.00283,
        "ndcg_at_5": 0.0031,
        "precision_at_1": 0.00212,
        "precision_at_10": 0.00077,
        "precision_at_100": 0.00038,
        "precision_at_1000": 0.00021,
        "precision_at_20": 0.00064,
        "precision_at_3": 0.00126,
        "precision_at_5": 0.00097,
        "recall_at_1": 0.002,
        "recall_at_10": 0.00568,
        "recall_at_100": 0.02353,
        "recall_at_1000": 0.11838,
        "recall_at_20": 0.00892,
        "recall_at_3": 0.00331,
        "recall_at_5": 0.0039
      }
    ]
  },
  "task_name": "CoconutRetrieval"
}