{
  "dataset_revision": "1840e8a5ac6ec752bbdd97d543ead0189bc7c25b",
  "task_name": "ChemHotpotQARetrieval",
  "mteb_version": "1.36.8",
  "scores": {
    "train": [
      {
        "ndcg_at_1": 0.66667,
        "ndcg_at_3": 0.72311,
        "ndcg_at_5": 0.73195,
        "ndcg_at_10": 0.74267,
        "ndcg_at_20": 0.74969,
        "ndcg_at_100": 0.76427,
        "ndcg_at_1000": 0.77153,
        "map_at_1": 0.64722,
        "map_at_3": 0.70463,
        "map_at_5": 0.70935,
        "map_at_10": 0.71373,
        "map_at_20": 0.71565,
        "map_at_100": 0.71759,
        "map_at_1000": 0.71778,
        "recall_at_1": 0.64722,
        "recall_at_3": 0.76389,
        "recall_at_5": 0.78611,
        "recall_at_10": 0.81944,
        "recall_at_20": 0.84722,
        "recall_at_100": 0.92778,
        "recall_at_1000": 0.98889,
        "precision_at_1": 0.66667,
        "precision_at_3": 0.26296,
        "precision_at_5": 0.16222,
        "precision_at_10": 0.08444,
        "precision_at_20": 0.04361,
        "precision_at_100": 0.00961,
        "precision_at_1000": 0.00102,
        "mrr_at_1": 0.666667,
        "mrr_at_3": 0.718519,
        "mrr_at_5": 0.723241,
        "mrr_at_10": 0.727621,
        "mrr_at_20": 0.729537,
        "mrr_at_100": 0.730996,
        "mrr_at_1000": 0.731193,
        "nauc_ndcg_at_1_max": 0.663518,
        "nauc_ndcg_at_1_std": 0.061865,
        "nauc_ndcg_at_1_diff1": 0.849159,
        "nauc_ndcg_at_3_max": 0.582493,
        "nauc_ndcg_at_3_std": 0.007608,
        "nauc_ndcg_at_3_diff1": 0.761967,
        "nauc_ndcg_at_5_max": 0.563001,
        "nauc_ndcg_at_5_std": -0.018787,
        "nauc_ndcg_at_5_diff1": 0.752674,
        "nauc_ndcg_at_10_max": 0.549131,
        "nauc_ndcg_at_10_std": -0.033762,
        "nauc_ndcg_at_10_diff1": 0.754045,
        "nauc_ndcg_at_20_max": 0.549342,
        "nauc_ndcg_at_20_std": -0.018115,
        "nauc_ndcg_at_20_diff1": 0.750398,
        "nauc_ndcg_at_100_max": 0.565433,
        "nauc_ndcg_at_100_std": -0.004936,
        "nauc_ndcg_at_100_diff1": 0.755669,
        "nauc_ndcg_at_1000_max": 0.564039,
        "nauc_ndcg_at_1000_std": -0.008664,
        "nauc_ndcg_at_1000_diff1": 0.756575,
        "nauc_map_at_1_max": 0.568063,
        "nauc_map_at_1_std": -0.004299,
        "nauc_map_at_1_diff1": 0.787953,
        "nauc_map_at_3_max": 0.578138,
        "nauc_map_at_3_std": 0.007743,
        "nauc_map_at_3_diff1": 0.760223,
        "nauc_map_at_5_max": 0.568336,
        "nauc_map_at_5_std": -0.005146,
        "nauc_map_at_5_diff1": 0.755804,
        "nauc_map_at_10_max": 0.563233,
        "nauc_map_at_10_std": -0.010658,
        "nauc_map_at_10_diff1": 0.756264,
        "nauc_map_at_20_max": 0.563317,
        "nauc_map_at_20_std": -0.006815,
        "nauc_map_at_20_diff1": 0.755408,
        "nauc_map_at_100_max": 0.56541,
        "nauc_map_at_100_std": -0.005649,
        "nauc_map_at_100_diff1": 0.75625,
        "nauc_map_at_1000_max": 0.56535,
        "nauc_map_at_1000_std": -0.005819,
        "nauc_map_at_1000_diff1": 0.756289,
        "nauc_recall_at_1_max": 0.568063,
        "nauc_recall_at_1_std": -0.004299,
        "nauc_recall_at_1_diff1": 0.787953,
        "nauc_recall_at_3_max": 0.521537,
        "nauc_recall_at_3_std": -0.037405,
        "nauc_recall_at_3_diff1": 0.697957,
        "nauc_recall_at_5_max": 0.458582,
        "nauc_recall_at_5_std": -0.121162,
        "nauc_recall_at_5_diff1": 0.663798,
        "nauc_recall_at_10_max": 0.378575,
        "nauc_recall_at_10_std": -0.197468,
        "nauc_recall_at_10_diff1": 0.647037,
        "nauc_recall_at_20_max": 0.352414,
        "nauc_recall_at_20_std": -0.130749,
        "nauc_recall_at_20_diff1": 0.607636,
        "nauc_recall_at_100_max": 0.414171,
        "nauc_recall_at_100_std": -0.007613,
        "nauc_recall_at_100_diff1": 0.555627,
        "nauc_recall_at_1000_max": -0.592904,
        "nauc_recall_at_1000_std": -0.445845,
        "nauc_recall_at_1000_diff1": -0.435341,
        "nauc_precision_at_1_max": 0.663518,
        "nauc_precision_at_1_std": 0.061865,
        "nauc_precision_at_1_diff1": 0.849159,
        "nauc_precision_at_3_max": 0.627517,
        "nauc_precision_at_3_std": 0.083125,
        "nauc_precision_at_3_diff1": 0.703176,
        "nauc_precision_at_5_max": 0.575648,
        "nauc_precision_at_5_std": 0.012524,
        "nauc_precision_at_5_diff1": 0.670963,
        "nauc_precision_at_10_max": 0.523334,
        "nauc_precision_at_10_std": -0.040202,
        "nauc_precision_at_10_diff1": 0.663707,
        "nauc_precision_at_20_max": 0.521238,
        "nauc_precision_at_20_std": 0.048151,
        "nauc_precision_at_20_diff1": 0.628802,
        "nauc_precision_at_100_max": 0.530481,
        "nauc_precision_at_100_std": 0.24563,
        "nauc_precision_at_100_diff1": 0.412752,
        "nauc_precision_at_1000_max": 0.454734,
        "nauc_precision_at_1000_std": 0.44246,
        "nauc_precision_at_1000_diff1": 0.046397,
        "nauc_mrr_at_1_max": 0.663518,
        "nauc_mrr_at_1_std": 0.061865,
        "nauc_mrr_at_1_diff1": 0.849159,
        "nauc_mrr_at_3_max": 0.647267,
        "nauc_mrr_at_3_std": 0.050718,
        "nauc_mrr_at_3_diff1": 0.822791,
        "nauc_mrr_at_5_max": 0.638134,
        "nauc_mrr_at_5_std": 0.038027,
        "nauc_mrr_at_5_diff1": 0.819121,
        "nauc_mrr_at_10_max": 0.633992,
        "nauc_mrr_at_10_std": 0.033033,
        "nauc_mrr_at_10_diff1": 0.820619,
        "nauc_mrr_at_20_max": 0.634582,
        "nauc_mrr_at_20_std": 0.037313,
        "nauc_mrr_at_20_diff1": 0.820192,
        "nauc_mrr_at_100_max": 0.635648,
        "nauc_mrr_at_100_std": 0.037788,
        "nauc_mrr_at_100_diff1": 0.820494,
        "nauc_mrr_at_1000_max": 0.635646,
        "nauc_mrr_at_1000_std": 0.03765,
        "nauc_mrr_at_1000_diff1": 0.820589,
        "main_score": 0.74267,
        "hf_subset": "default",
        "languages": [
          "eng-Latn"
        ]
      }
    ],
    "dev": [
      {
        "ndcg_at_1": 0.75,
        "ndcg_at_3": 0.82887,
        "ndcg_at_5": 0.82887,
        "ndcg_at_10": 0.82887,
        "ndcg_at_20": 0.82887,
        "ndcg_at_100": 0.85546,
        "ndcg_at_1000": 0.85546,
        "map_at_1": 0.75,
        "map_at_3": 0.8125,
        "map_at_5": 0.8125,
        "map_at_10": 0.8125,
        "map_at_20": 0.8125,
        "map_at_100": 0.8175,
        "map_at_1000": 0.8175,
        "recall_at_1": 0.75,
        "recall_at_3": 0.875,
        "recall_at_5": 0.875,
        "recall_at_10": 0.875,
        "recall_at_20": 0.875,
        "recall_at_100": 1.0,
        "recall_at_1000": 1.0,
        "precision_at_1": 0.75,
        "precision_at_3": 0.29167,
        "precision_at_5": 0.175,
        "precision_at_10": 0.0875,
        "precision_at_20": 0.04375,
        "precision_at_100": 0.01,
        "precision_at_1000": 0.001,
        "mrr_at_1": 0.75,
        "mrr_at_3": 0.8125,
        "mrr_at_5": 0.8125,
        "mrr_at_10": 0.8125,
        "mrr_at_20": 0.8125,
        "mrr_at_100": 0.8175,
        "mrr_at_1000": 0.8175,
        "nauc_ndcg_at_1_max": 1.0,
        "nauc_ndcg_at_1_std": 0.831832,
        "nauc_ndcg_at_1_diff1": 0.490691,
        "nauc_ndcg_at_3_max": 1.0,
        "nauc_ndcg_at_3_std": 0.697937,
        "nauc_ndcg_at_3_diff1": 0.519922,
        "nauc_ndcg_at_5_max": 1.0,
        "nauc_ndcg_at_5_std": 0.697937,
        "nauc_ndcg_at_5_diff1": 0.519922,
        "nauc_ndcg_at_10_max": 1.0,
        "nauc_ndcg_at_10_std": 0.697937,
        "nauc_ndcg_at_10_diff1": 0.519922,
        "nauc_ndcg_at_20_max": 1.0,
        "nauc_ndcg_at_20_std": 0.697937,
        "nauc_ndcg_at_20_diff1": 0.519922,
        "nauc_ndcg_at_100_max": 1.0,
        "nauc_ndcg_at_100_std": 0.726025,
        "nauc_ndcg_at_100_diff1": 0.51379,
        "nauc_ndcg_at_1000_max": 1.0,
        "nauc_ndcg_at_1000_std": 0.726025,
        "nauc_ndcg_at_1000_diff1": 0.51379,
        "nauc_map_at_1_max": 1.0,
        "nauc_map_at_1_std": 0.831832,
        "nauc_map_at_1_diff1": 0.490691,