{
  "dataset_revision": "831d292c3959eae59e4f89b8758738feee97d6cf",
  "task_name": "CoconutRetrieval",
  "mteb_version": "1.36.8",
  "scores": {
    "test": [
      {
        "ndcg_at_1": 0.00235,
        "ndcg_at_3": 0.00303,
        "ndcg_at_5": 0.00366,
        "ndcg_at_10": 0.00419,
        "ndcg_at_20": 0.0047,
        "ndcg_at_100": 0.00753,
        "ndcg_at_1000": 0.01982,
        "map_at_1": 0.00203,
        "map_at_3": 0.00269,
        "map_at_5": 0.00306,
        "map_at_10": 0.00327,
        "map_at_20": 0.00343,
        "map_at_100": 0.00375,
        "map_at_1000": 0.00404,
        "recall_at_1": 0.00203,
        "recall_at_3": 0.00352,
        "recall_at_5": 0.00504,
        "recall_at_10": 0.00659,
        "recall_at_20": 0.00831,
        "recall_at_100": 0.02237,
        "recall_at_1000": 0.11665,
        "precision_at_1": 0.00235,
        "precision_at_3": 0.00145,
        "precision_at_5": 0.00125,
        "precision_at_10": 0.00084,
        "precision_at_20": 0.00059,
        "precision_at_100": 0.00037,
        "precision_at_1000": 0.0002,
        "mrr_at_1": 0.002355,
        "mrr_at_3": 0.003081,
        "mrr_at_5": 0.003464,
        "mrr_at_10": 0.003696,
        "mrr_at_20": 0.00384,
        "mrr_at_100": 0.004233,
        "mrr_at_1000": 0.004552,
        "nauc_ndcg_at_1_max": 0.801053,
        "nauc_ndcg_at_1_std": 0.564697,
        "nauc_ndcg_at_1_diff1": 0.743768,
        "nauc_ndcg_at_3_max": 0.735341,
        "nauc_ndcg_at_3_std": 0.5478,
        "nauc_ndcg_at_3_diff1": 0.691225,
        "nauc_ndcg_at_5_max": 0.644983,
        "nauc_ndcg_at_5_std": 0.485945,
        "nauc_ndcg_at_5_diff1": 0.583872,
        "nauc_ndcg_at_10_max": 0.586036,
        "nauc_ndcg_at_10_std": 0.42695,
        "nauc_ndcg_at_10_diff1": 0.506338,
        "nauc_ndcg_at_20_max": 0.569946,
        "nauc_ndcg_at_20_std": 0.404001,
        "nauc_ndcg_at_20_diff1": 0.482102,
        "nauc_ndcg_at_100_max": 0.501059,
        "nauc_ndcg_at_100_std": 0.330132,
        "nauc_ndcg_at_100_diff1": 0.337882,
        "nauc_ndcg_at_1000_max": 0.253503,
        "nauc_ndcg_at_1000_std": 0.149535,
        "nauc_ndcg_at_1000_diff1": 0.152165,
        "nauc_map_at_1_max": 0.818461,
        "nauc_map_at_1_std": 0.640155,
        "nauc_map_at_1_diff1": 0.80642,
        "nauc_map_at_3_max": 0.77113,
        "nauc_map_at_3_std": 0.594373,
        "nauc_map_at_3_diff1": 0.739399,
        "nauc_map_at_5_max": 0.697384,
        "nauc_map_at_5_std": 0.537178,
        "nauc_map_at_5_diff1": 0.65194,
        "nauc_map_at_10_max": 0.662118,
        "nauc_map_at_10_std": 0.502827,
        "nauc_map_at_10_diff1": 0.607259,
        "nauc_map_at_20_max": 0.646661,
        "nauc_map_at_20_std": 0.482878,
        "nauc_map_at_20_diff1": 0.587761,
        "nauc_map_at_100_max": 0.627086,
        "nauc_map_at_100_std": 0.461967,
        "nauc_map_at_100_diff1": 0.547887,
        "nauc_map_at_1000_max": 0.593226,
        "nauc_map_at_1000_std": 0.43449,
        "nauc_map_at_1000_diff1": 0.513034,
        "nauc_recall_at_1_max": 0.818461,
        "nauc_recall_at_1_std": 0.640155,
        "nauc_recall_at_1_diff1": 0.80642,
        "nauc_recall_at_3_max": 0.697426,
        "nauc_recall_at_3_std": 0.528685,
        "nauc_recall_at_3_diff1": 0.673146,
        "nauc_recall_at_5_max": 0.549046,
        "nauc_recall_at_5_std": 0.42146,
        "nauc_recall_at_5_diff1": 0.492664,
        "nauc_recall_at_10_max": 0.459109,
        "nauc_recall_at_10_std": 0.327688,
        "nauc_recall_at_10_diff1": 0.370267,
        "nauc_recall_at_20_max": 0.459194,
        "nauc_recall_at_20_std": 0.315108,
        "nauc_recall_at_20_diff1": 0.352561,
        "nauc_recall_at_100_max": 0.41415,
        "nauc_recall_at_100_std": 0.244159,
        "nauc_recall_at_100_diff1": 0.194158,
        "nauc_recall_at_1000_max": 0.142252,
        "nauc_recall_at_1000_std": 0.069213,
        "nauc_recall_at_1000_diff1": 0.056546,
        "nauc_precision_at_1_max": 0.801053,
        "nauc_precision_at_1_std": 0.564697,
        "nauc_precision_at_1_diff1": 0.743768,
        "nauc_precision_at_3_max": 0.664313,
        "nauc_precision_at_3_std": 0.453039,
        "nauc_precision_at_3_diff1": 0.586328,
        "nauc_precision_at_5_max": 0.521919,
        "nauc_precision_at_5_std": 0.359961,
        "nauc_precision_at_5_diff1": 0.411072,
        "nauc_precision_at_10_max": 0.449958,
        "nauc_precision_at_10_std": 0.275519,
        "nauc_precision_at_10_diff1": 0.299892,
        "nauc_precision_at_20_max": 0.43979,
        "nauc_precision_at_20_std": 0.244087,
        "nauc_precision_at_20_diff1": 0.29035,
        "nauc_precision_at_100_max": 0.384387,
        "nauc_precision_at_100_std": 0.210462,
        "nauc_precision_at_100_diff1": 0.147113,
        "nauc_precision_at_1000_max": 0.151112,
        "nauc_precision_at_1000_std": 0.061765,
        "nauc_precision_at_1000_diff1": 0.054191,
        "nauc_mrr_at_1_max": 0.801053,
        "nauc_mrr_at_1_std": 0.564697,
        "nauc_mrr_at_1_diff1": 0.743768,
        "nauc_mrr_at_3_max": 0.751888,
        "nauc_mrr_at_3_std": 0.527741,
        "nauc_mrr_at_3_diff1": 0.675455,
        "nauc_mrr_at_5_max": 0.695057,
        "nauc_mrr_at_5_std": 0.491378,
        "nauc_mrr_at_5_diff1": 0.604264,
        "nauc_mrr_at_10_max": 0.663613,
        "nauc_mrr_at_10_std": 0.460262,
        "nauc_mrr_at_10_diff1": 0.562314,
        "nauc_mrr_at_20_max": 0.657913,
        "nauc_mrr_at_20_std": 0.454245,
        "nauc_mrr_at_20_diff1": 0.55725,
        "nauc_mrr_at_100_max": 0.632771,
        "nauc_mrr_at_100_std": 0.430878,
        "nauc_mrr_at_100_diff1": 0.514522,
        "nauc_mrr_at_1000_max": 0.600138,
        "nauc_mrr_at_1000_std": 0.405136,
        "nauc_mrr_at_1000_diff1": 0.483883,
        "main_score": 0.00419,
        "hf_subset": "default",
        "languages": [
          "eng-Latn"
        ]
      }
    ]
  },
  "evaluation_time": 31.430654287338257,
  "kg_co2_emissions": null
}