{
  "dataset_revision": "023e7a813e3b73d8d33551ed2aea511314d612e2",
  "evaluation_time": 1391.8234059810638,
  "kg_co2_emissions": null,
  "mteb_version": "1.14.2",
  "scores": {
    "test": [
      {
        "hf_subset": "default",
        "languages": [
          "eng-Latn"
        ],
        "main_score": 0.47874,
        "map_at_1": 0.12346,
        "map_at_10": 0.36519,
        "map_at_100": 0.37312,
        "map_at_1000": 0.37357,
        "map_at_20": 0.36856,
        "map_at_3": 0.33333,
        "map_at_5": 0.35185,
        "mrr_at_1": 0.18518518518518517,
        "mrr_at_10": 0.41265432098765437,
        "mrr_at_100": 0.4148481905243231,
        "mrr_at_1000": 0.4152971243065902,
        "mrr_at_20": 0.41265432098765437,
        "mrr_at_3": 0.39506172839506176,
        "mrr_at_5": 0.404320987654321,
        "nauc_map_at_1000_diff1": 0.10312366000747931,
        "nauc_map_at_1000_max": 0.6673557018364225,
        "nauc_map_at_1000_std": 0.02608041627450991,
        "nauc_map_at_100_diff1": 0.10472530828748022,
        "nauc_map_at_100_max": 0.6680131327082266,
        "nauc_map_at_100_std": 0.02760846072095398,
        "nauc_map_at_10_diff1": 0.09230104852452026,
        "nauc_map_at_10_max": 0.6356491282264872,
        "nauc_map_at_10_std": -0.001056310774721848,
        "nauc_map_at_1_diff1": 0.12609381412739198,
        "nauc_map_at_1_max": 0.8307178490865478,
        "nauc_map_at_1_std": 0.0724865097466048,
        "nauc_map_at_20_diff1": 0.09162170100910194,
        "nauc_map_at_20_max": 0.6600401410303214,
        "nauc_map_at_20_std": 0.024342528065736436,
        "nauc_map_at_3_diff1": 0.0004046377890248219,
        "nauc_map_at_3_max": 0.6210984089307036,
        "nauc_map_at_3_std": -0.01129641122688437,
        "nauc_map_at_5_diff1": 0.07151612452348742,
        "nauc_map_at_5_max": 0.6418385903543227,
        "nauc_map_at_5_std": 0.001959140404939694,
        "nauc_mrr_at_1000_diff1": 0.17458736306227138,
        "nauc_mrr_at_1000_max": 0.5862022796310574,
        "nauc_mrr_at_1000_std": 0.02185704536699058,
        "nauc_mrr_at_100_diff1": 0.1758035696073187,
        "nauc_mrr_at_100_max": 0.5868833483638755,
        "nauc_mrr_at_100_std": 0.023136528935333214,
        "nauc_mrr_at_10_diff1": 0.1739920829902684,
        "nauc_mrr_at_10_max": 0.583136880065366,
        "nauc_mrr_at_10_std": 0.01978048907577937,
        "nauc_mrr_at_1_diff1": 0.19125358204565368,
        "nauc_mrr_at_1_max": 0.6854552892228012,
        "nauc_mrr_at_1_std": 0.030039974157117302,
        "nauc_mrr_at_20_diff1": 0.1739920829902684,
        "nauc_mrr_at_20_max": 0.583136880065366,
        "nauc_mrr_at_20_std": 0.01978048907577937,
        "nauc_mrr_at_3_diff1": 0.15112657305039823,
        "nauc_mrr_at_3_max": 0.55938083639067,
        "nauc_mrr_at_3_std": 0.03844292942700903,
        "nauc_mrr_at_5_diff1": 0.1736170188711465,
        "nauc_mrr_at_5_max": 0.5689905250057791,
        "nauc_mrr_at_5_std": 0.01074430487304561,
        "nauc_ndcg_at_1000_diff1": 0.16250417086488245,
        "nauc_ndcg_at_1000_max": 0.6600543170181917,
        "nauc_ndcg_at_1000_std": 0.04703327011661199,
        "nauc_ndcg_at_100_diff1": 0.1964217571791797,
        "nauc_ndcg_at_100_max": 0.6763035236589799,
        "nauc_ndcg_at_100_std": 0.07839028202151073,
        "nauc_ndcg_at_10_diff1": 0.1474764880788223,
        "nauc_ndcg_at_10_max": 0.6047145034435238,
        "nauc_ndcg_at_10_std": -0.0012211131126727932,
        "nauc_ndcg_at_1_diff1": 0.19125358204565368,
        "nauc_ndcg_at_1_max": 0.6854552892228012,
        "nauc_ndcg_at_1_std": 0.030039974157117302,
        "nauc_ndcg_at_20_diff1": 0.14729458033462264,
        "nauc_ndcg_at_20_max": 0.6504640398483644,
        "nauc_ndcg_at_20_std": 0.04706330373998351,
        "nauc_ndcg_at_3_diff1": 0.025718279614977826,
        "nauc_ndcg_at_3_max": 0.5678583304105377,
        "nauc_ndcg_at_3_std": -0.000306592190882212,
        "nauc_ndcg_at_5_diff1": 0.11481255646072079,
        "nauc_ndcg_at_5_max": 0.5945290146607874,
        "nauc_ndcg_at_5_std": -0.008819817833787028,
        "nauc_precision_at_1000_diff1": 0.40011784587382915,
        "nauc_precision_at_1000_max": 0.19348233630217365,
        "nauc_precision_at_1000_std": 0.1994263845396759,
        "nauc_precision_at_100_diff1": 0.4738986014530592,
        "nauc_precision_at_100_max": 0.32241794737874946,
        "nauc_precision_at_100_std": 0.2760584370207389,
        "nauc_precision_at_10_diff1": 0.3936740407138815,
        "nauc_precision_at_10_max": 0.36408289351071976,
        "nauc_precision_at_10_std": 0.0582910256486024,
        "nauc_precision_at_1_diff1": 0.19125358204565368,
        "nauc_precision_at_1_max": 0.6854552892228012,
        "nauc_precision_at_1_std": 0.030039974157117302,
        "nauc_precision_at_20_diff1": 0.3674959570368479,
        "nauc_precision_at_20_max": 0.4413444186187602,
        "nauc_precision_at_20_std": 0.19001525133318367,
        "nauc_precision_at_3_diff1": 0.20536743968928065,
        "nauc_precision_at_3_max": 0.3932688150108347,
        "nauc_precision_at_3_std": -0.06785968829215218,
        "nauc_precision_at_5_diff1": 0.3433620400083859,
        "nauc_precision_at_5_max": 0.36374023389299864,
        "nauc_precision_at_5_std": -0.031955603264626785,
        "nauc_recall_at_1000_diff1": NaN,
        "nauc_recall_at_1000_max": NaN,
        "nauc_recall_at_1000_std": NaN,
        "nauc_recall_at_100_diff1": 0.861631016042783,
        "nauc_recall_at_100_max": 1.0,
        "nauc_recall_at_100_std": 0.6787749788910783,
        "nauc_recall_at_10_diff1": 0.1935178039523539,
        "nauc_recall_at_10_max": 0.48926631699233614,
        "nauc_recall_at_10_std": -0.053293406729067676,
        "nauc_recall_at_1_diff1": 0.12609381412739198,
        "nauc_recall_at_1_max": 0.8307178490865478,
        "nauc_recall_at_1_std": 0.0724865097466048,
        "nauc_recall_at_20_diff1": 0.1960241688085219,
        "nauc_recall_at_20_max": 0.6355552855411151,
        "nauc_recall_at_20_std": 0.10582795186855554,
        "nauc_recall_at_3_diff1": -0.07328917579011109,
        "nauc_recall_at_3_max": 0.3716056865810666,
        "nauc_recall_at_3_std": -0.00663883401743804,
        "nauc_recall_at_5_diff1": 0.081645586859094,
        "nauc_recall_at_5_max": 0.4087743808808664,
        "nauc_recall_at_5_std": -0.04388737223112753,
        "ndcg_at_1": 0.18519,
        "ndcg_at_10": 0.47874,
        "ndcg_at_100": 0.51231,
        "ndcg_at_1000": 0.52226,
        "ndcg_at_20": 0.48508,
        "ndcg_at_3": 0.42269,
        "ndcg_at_5": 0.44842,
        "precision_at_1": 0.18519,
        "precision_at_10": 0.1,
        "precision_at_100": 0.01222,
        "precision_at_1000": 0.0013,
        "precision_at_20": 0.05185,
        "precision_at_3": 0.25926,
        "precision_at_5": 0.17037,
        "recall_at_1": 0.12346,
        "recall_at_10": 0.76543,
        "recall_at_100": 0.92593,
        "recall_at_1000": 1.0,
        "recall_at_20": 0.78395,
        "recall_at_3": 0.62346,
        "recall_at_5": 0.67901
      }
    ]
  },
  "task_name": "ChemNQRetrieval"
}