{
  "dataset_revision": "831d292c3959eae59e4f89b8758738feee97d6cf",
  "evaluation_time": 1448.548413515091,
  "kg_co2_emissions": null,
  "mteb_version": "1.14.2",
  "scores": {
    "test": [
      {
        "hf_subset": "default",
        "languages": [
          "eng-Latn"
        ],
        "main_score": 0.00821,
        "map_at_1": 0.00378,
        "map_at_10": 0.00636,
        "map_at_100": 0.00781,
        "map_at_1000": 0.00845,
        "map_at_20": 0.0069,
        "map_at_3": 0.00539,
        "map_at_5": 0.00573,
        "mrr_at_1": 0.0043565289061580125,
        "mrr_at_10": 0.0072499948603798854,
        "mrr_at_100": 0.008716947448449437,
        "mrr_at_1000": 0.009272042534253384,
        "mrr_at_20": 0.007855433995742048,
        "mrr_at_3": 0.0060245692531104055,
        "mrr_at_5": 0.006430786137603517,
        "nauc_map_at_1000_diff1": 0.37232205203372126,
        "nauc_map_at_1000_max": 0.04108931963703422,
        "nauc_map_at_1000_std": 0.358722871927089,
        "nauc_map_at_100_diff1": 0.39401439599155397,
        "nauc_map_at_100_max": 0.03304384284031057,
        "nauc_map_at_100_std": 0.36154801164198014,
        "nauc_map_at_10_diff1": 0.46929084602287907,
        "nauc_map_at_10_max": 0.01302429780312263,
        "nauc_map_at_10_std": 0.35184555862946465,
        "nauc_map_at_1_diff1": 0.6144725858200925,
        "nauc_map_at_1_max": -0.0556473090929323,
        "nauc_map_at_1_std": 0.3420853924844805,
        "nauc_map_at_20_diff1": 0.43063243765094456,
        "nauc_map_at_20_max": 0.01881987914610968,
        "nauc_map_at_20_std": 0.35606974507074,
        "nauc_map_at_3_diff1": 0.5415508188398735,
        "nauc_map_at_3_max": -0.023012862825108883,
        "nauc_map_at_3_std": 0.34687788056455615,
        "nauc_map_at_5_diff1": 0.5218674154374282,
        "nauc_map_at_5_max": -0.004400298985259781,
        "nauc_map_at_5_std": 0.3504648900683628,
        "nauc_mrr_at_1000_diff1": 0.3294883649924745,
        "nauc_mrr_at_1000_max": 0.03058837704002164,
        "nauc_mrr_at_1000_std": 0.3209555090775137,
        "nauc_mrr_at_100_diff1": 0.3426144186586338,
        "nauc_mrr_at_100_max": 0.024071658384748815,
        "nauc_mrr_at_100_std": 0.3227303710266477,
        "nauc_mrr_at_10_diff1": 0.3995688811898285,
        "nauc_mrr_at_10_max": 0.00841726261185514,
        "nauc_mrr_at_10_std": 0.32341324321418824,
        "nauc_mrr_at_1_diff1": 0.5873138068950823,
        "nauc_mrr_at_1_max": -0.06248982641881299,
        "nauc_mrr_at_1_std": 0.3203796896581024,
        "nauc_mrr_at_20_diff1": 0.3685817596359323,
        "nauc_mrr_at_20_max": 0.014583130092193142,
        "nauc_mrr_at_20_std": 0.3226649332918011,
        "nauc_mrr_at_3_diff1": 0.4844474410475937,
        "nauc_mrr_at_3_max": -0.01879175335284427,
        "nauc_mrr_at_3_std": 0.3342128678168024,
        "nauc_mrr_at_5_diff1": 0.4527581212619115,
        "nauc_mrr_at_5_max": -0.009379333691385066,
        "nauc_mrr_at_5_std": 0.32507027431338303,
        "nauc_ndcg_at_1000_diff1": 0.14542780165273161,
        "nauc_ndcg_at_1000_max": 0.10985184401043048,
        "nauc_ndcg_at_1000_std": 0.3192177168815755,
        "nauc_ndcg_at_100_diff1": 0.2246213137303256,
        "nauc_ndcg_at_100_max": 0.07933359373529773,
        "nauc_ndcg_at_100_std": 0.3594448323827889,
        "nauc_ndcg_at_10_diff1": 0.37884833392124195,
        "nauc_ndcg_at_10_max": 0.0449345442414544,
        "nauc_ndcg_at_10_std": 0.3509145188365447,
        "nauc_ndcg_at_1_diff1": 0.5873138068950823,
        "nauc_ndcg_at_1_max": -0.06248982641881299,
        "nauc_ndcg_at_1_std": 0.3203796896581024,
        "nauc_ndcg_at_20_diff1": 0.30269641655581364,
        "nauc_ndcg_at_20_max": 0.05288408842928644,
        "nauc_ndcg_at_20_std": 0.3552542867265539,
        "nauc_ndcg_at_3_diff1": 0.49738099187006796,
        "nauc_ndcg_at_3_max": -0.006211641298014987,
        "nauc_ndcg_at_3_std": 0.3479378303089653,
        "nauc_ndcg_at_5_diff1": 0.4694922079613079,
        "nauc_ndcg_at_5_max": 0.012374380408715515,
        "nauc_ndcg_at_5_std": 0.3499525048053942,
        "nauc_precision_at_1000_diff1": 0.05591333099896596,
        "nauc_precision_at_1000_max": 0.1271738539229427,
        "nauc_precision_at_1000_std": 0.2747464538325362,
        "nauc_precision_at_100_diff1": 0.08775413694177207,
        "nauc_precision_at_100_max": 0.11736719130303182,
        "nauc_precision_at_100_std": 0.35673956977941496,
        "nauc_precision_at_10_diff1": 0.19081565817417712,
        "nauc_precision_at_10_max": 0.08034686510098453,
        "nauc_precision_at_10_std": 0.3374584486954577,
        "nauc_precision_at_1_diff1": 0.5873138068950823,
        "nauc_precision_at_1_max": -0.06248982641881299,
        "nauc_precision_at_1_std": 0.3203796896581024,
        "nauc_precision_at_20_diff1": 0.11409471058852397,
        "nauc_precision_at_20_max": 0.09939340192199948,
        "nauc_precision_at_20_std": 0.3608311384602238,
        "nauc_precision_at_3_diff1": 0.4110735120679949,
        "nauc_precision_at_3_max": 0.005757434593850627,
        "nauc_precision_at_3_std": 0.3471617563221302,
        "nauc_precision_at_5_diff1": 0.347387574957347,
        "nauc_precision_at_5_max": 0.04677498076583089,
        "nauc_precision_at_5_std": 0.3319489276088888,
        "nauc_recall_at_1000_diff1": 0.0883440192712675,
        "nauc_recall_at_1000_max": 0.12413583204804554,
        "nauc_recall_at_1000_std": 0.29859616234594155,
        "nauc_recall_at_100_diff1": 0.14218598256084736,
        "nauc_recall_at_100_max": 0.10262168351029512,
        "nauc_recall_at_100_std": 0.3657864425707722,
        "nauc_recall_at_10_diff1": 0.2869581325685274,
        "nauc_recall_at_10_max": 0.10343227403229704,
        "nauc_recall_at_10_std": 0.36708833172274824,
        "nauc_recall_at_1_diff1": 0.6144725858200925,
        "nauc_recall_at_1_max": -0.0556473090929323,
        "nauc_recall_at_1_std": 0.3420853924844805,
        "nauc_recall_at_20_diff1": 0.17832462096586293,
        "nauc_recall_at_20_max": 0.09142475537076686,
        "nauc_recall_at_20_std": 0.3672236431383973,
        "nauc_recall_at_3_diff1": 0.47443107889807623,
        "nauc_recall_at_3_max": 0.013630760310613107,
        "nauc_recall_at_3_std": 0.3625388054959051,
        "nauc_recall_at_5_diff1": 0.4197278080912334,
        "nauc_recall_at_5_max": 0.04883742136671836,
        "nauc_recall_at_5_std": 0.36994322124300794,
        "ndcg_at_1": 0.00436,
        "ndcg_at_10": 0.00821,
        "ndcg_at_100": 0.0171,
        "ndcg_at_1000": 0.03862,
        "ndcg_at_20": 0.01013,
        "ndcg_at_3": 0.00616,
        "ndcg_at_5": 0.00663,
        "precision_at_1": 0.00436,
        "precision_at_10": 0.00193,
        "precision_at_100": 0.00095,
        "precision_at_1000": 0.00039,
        "precision_at_20": 0.00158,
        "precision_at_3": 0.00314,
        "precision_at_5": 0.00238,
        "recall_at_1": 0.00378,
        "recall_at_10": 0.0127,
        "recall_at_100": 0.05309,
        "recall_at_1000": 0.20894,
        "recall_at_20": 0.01923,
        "recall_at_3": 0.0073,
        "recall_at_5": 0.00848
      }
    ]
  },
  "task_name": "CoconutRetrieval"
}