{
  "dataset_revision": "dcd82d56e7a8388db23aa962c99d59fe9a2ba7e3",
  "evaluation_time": 244.7673704624176,
  "kg_co2_emissions": null,
  "mteb_version": "1.14.2",
  "scores": {
    "test": [
      {
        "cosine_accuracy": 0.9423828125,
        "cosine_accuracy_threshold": 0.7016964888871191,
        "cosine_ap": 0.6219358654709499,
        "cosine_f1": 0.6265060240963856,
        "cosine_f1_threshold": 0.6316492980076647,
        "cosine_precision": 0.8125,
        "cosine_recall": 0.5098039215686274,
        "dot_accuracy": 0.9326171875,
        "dot_accuracy_threshold": 320.8337648788205,
        "dot_ap": 0.5665466362465724,
        "dot_f1": 0.5465116279069767,
        "dot_f1_threshold": 285.496178332976,
        "dot_precision": 0.6714285714285714,
        "dot_recall": 0.46078431372549017,
        "euclidean_accuracy": 0.943359375,
        "euclidean_accuracy_threshold": 16.79372750739387,
        "euclidean_ap": 0.6183865456180192,
        "euclidean_f1": 0.6261398176291794,
        "euclidean_f1_threshold": 17.691965335643758,
        "euclidean_precision": 0.824,
        "euclidean_recall": 0.5049019607843137,
        "hf_subset": "default",
        "languages": [
          "eng-Latn"
        ],
        "main_score": 0.6265060240963856,
        "manhattan_accuracy": 0.94287109375,
        "manhattan_accuracy_threshold": 514.204739881282,
        "manhattan_ap": 0.6174957111609011,
        "manhattan_f1": 0.6219512195121951,
        "manhattan_f1_threshold": 541.8834610799111,
        "manhattan_precision": 0.8225806451612904,
        "manhattan_recall": 0.5,
        "max_accuracy": 0.943359375,
        "max_ap": 0.6219358654709499,
        "max_f1": 0.6265060240963856,
        "max_precision": 0.824,
        "max_recall": 0.5098039215686274,
        "similarity_accuracy": 0.9423828125,
        "similarity_accuracy_threshold": 0.7016964888871191,
        "similarity_ap": 0.6219358654709499,
        "similarity_f1": 0.6265060240963856,
        "similarity_f1_threshold": 0.6316492980076647,
        "similarity_precision": 0.8125,
        "similarity_recall": 0.5098039215686274
      }
    ]
  },
  "task_name": "PubChemSynonymPC"
}