{
  "dataset_revision": "023e7a813e3b73d8d33551ed2aea511314d612e2",
  "evaluation_time": 50.52114939689636,
  "kg_co2_emissions": null,
  "mteb_version": "1.14.15",
  "scores": {
    "test": [
      {
        "hf_subset": "default",
        "languages": [
          "eng-Latn"
        ],
        "main_score": 0.04461,
        "map_at_1": 0.03704,
        "map_at_10": 0.03968,
        "map_at_100": 0.04452,
        "map_at_1000": 0.0454,
        "map_at_20": 0.04163,
        "map_at_3": 0.03704,
        "map_at_5": 0.03704,
        "mrr_at_1": 0.037037037037037035,
        "mrr_at_10": 0.042328042328042326,
        "mrr_at_100": 0.047992991932947454,
        "mrr_at_1000": 0.04859633349946371,
        "mrr_at_20": 0.04427736006683375,
        "mrr_at_3": 0.037037037037037035,
        "mrr_at_5": 0.037037037037037035,
        "nauc_map_at_1000_diff1": 0.8138233830402074,
        "nauc_map_at_1000_max": -0.20140332468245892,
        "nauc_map_at_1000_std": 0.8837528941504676,
        "nauc_map_at_100_diff1": 0.8167231120815375,
        "nauc_map_at_100_max": -0.19850903960227992,
        "nauc_map_at_100_std": 0.8894713208138518,
        "nauc_map_at_10_diff1": 0.8949602454219379,
        "nauc_map_at_10_max": -0.25238725298840836,
        "nauc_map_at_10_std": 0.9196130373706429,
        "nauc_map_at_1_diff1": 1.0,
        "nauc_map_at_1_max": -0.3200772380000244,
        "nauc_map_at_1_std": 1.0,
        "nauc_map_at_20_diff1": 0.8577873770252422,
        "nauc_map_at_20_max": -0.19374704716286414,
        "nauc_map_at_20_std": 0.923376975420178,
        "nauc_map_at_3_diff1": 1.0,
        "nauc_map_at_3_max": -0.3200772380000244,
        "nauc_map_at_3_std": 1.0,
        "nauc_map_at_5_diff1": 1.0,
        "nauc_map_at_5_max": -0.3200772380000244,
        "nauc_map_at_5_std": 1.0,
        "nauc_mrr_at_1000_diff1": 0.7408274210034927,
        "nauc_mrr_at_1000_max": -0.14795373755708086,
        "nauc_mrr_at_1000_std": 0.8121649652861566,
        "nauc_mrr_at_100_diff1": 0.7398499967596904,
        "nauc_mrr_at_100_max": -0.14861119941856257,
        "nauc_mrr_at_100_std": 0.8163170987907057,
        "nauc_mrr_at_10_diff1": 0.803050460166134,
        "nauc_mrr_at_10_max": -0.19315851610324447,
        "nauc_mrr_at_10_std": 0.8492744450699555,
        "nauc_mrr_at_1_diff1": 1.0,
        "nauc_mrr_at_1_max": -0.3200772380000244,
        "nauc_mrr_at_1_std": 1.0,
        "nauc_mrr_at_20_diff1": 0.7721449549553453,
        "nauc_mrr_at_20_max": -0.14062952482825888,
        "nauc_mrr_at_20_std": 0.8559101613247375,
        "nauc_mrr_at_3_diff1": 1.0,
        "nauc_mrr_at_3_max": -0.3200772380000244,
        "nauc_mrr_at_3_std": 1.0,
        "nauc_mrr_at_5_diff1": 1.0,
        "nauc_mrr_at_5_max": -0.3200772380000244,
        "nauc_mrr_at_5_std": 1.0,
        "nauc_ndcg_at_1000_diff1": 0.4914465892607272,
        "nauc_ndcg_at_1000_max": -0.08699379310411573,
        "nauc_ndcg_at_1000_std": 0.564823387431244,
        "nauc_ndcg_at_100_diff1": 0.48099960855179946,
        "nauc_ndcg_at_100_max": -0.05768344075772452,
        "nauc_ndcg_at_100_std": 0.6837445751287947,
        "nauc_ndcg_at_10_diff1": 0.7326229992348444,
        "nauc_ndcg_at_10_max": -0.14777347313551448,
        "nauc_ndcg_at_10_std": 0.7953762834386212,
        "nauc_ndcg_at_1_diff1": 1.0,
        "nauc_ndcg_at_1_max": -0.3200772380000244,
        "nauc_ndcg_at_1_std": 1.0,
        "nauc_ndcg_at_20_diff1": 0.6308432812341316,
        "nauc_ndcg_at_20_max": 0.03719453151525031,
        "nauc_ndcg_at_20_std": 0.828352163647096,
        "nauc_ndcg_at_3_diff1": 1.0,
        "nauc_ndcg_at_3_max": -0.3200772380000244,
        "nauc_ndcg_at_3_std": 1.0,
        "nauc_ndcg_at_5_diff1": 1.0,
        "nauc_ndcg_at_5_max": -0.3200772380000244,
        "nauc_ndcg_at_5_std": 1.0,
        "nauc_precision_at_1000_diff1": 0.14777545761765457,
        "nauc_precision_at_1000_max": -0.11478122133102377,
        "nauc_precision_at_1000_std": 0.05432243850877836,
        "nauc_precision_at_100_diff1": 0.1118122201167082,
        "nauc_precision_at_100_max": 0.05146709203322998,
        "nauc_precision_at_100_std": 0.37815700332505264,
        "nauc_precision_at_10_diff1": 0.2122018406645359,
        "nauc_precision_at_10_max": 0.1875976495870952,
        "nauc_precision_at_10_std": 0.39709778027982273,
        "nauc_precision_at_1_diff1": 1.0,
        "nauc_precision_at_1_max": -0.3200772380000244,
        "nauc_precision_at_1_std": 1.0,
        "nauc_precision_at_20_diff1": 0.17515255533100144,
        "nauc_precision_at_20_max": 0.4583984330580633,
        "nauc_precision_at_20_std": 0.5980651868532151,
        "nauc_precision_at_3_diff1": 1.0,
        "nauc_precision_at_3_max": -0.32007723800002436,
        "nauc_precision_at_3_std": 1.0,
        "nauc_precision_at_5_diff1": 1.0,
        "nauc_precision_at_5_max": -0.3200772380000244,
        "nauc_precision_at_5_std": 1.0,
        "nauc_recall_at_1000_diff1": 0.18640043618713456,
        "nauc_recall_at_1000_max": -0.029522520875100027,
        "nauc_recall_at_1000_std": 0.1441587846530293,
        "nauc_recall_at_100_diff1": 0.08805055062320984,
        "nauc_recall_at_100_max": 0.03419788748247638,
        "nauc_recall_at_100_std": 0.4701768131089503,
        "nauc_recall_at_10_diff1": 0.4748012271096904,
        "nauc_recall_at_10_max": 0.018372687058055344,
        "nauc_recall_at_10_std": 0.5980651868532149,
        "nauc_recall_at_1_diff1": 1.0,
        "nauc_recall_at_1_max": -0.3200772380000244,
        "nauc_recall_at_1_std": 1.0,
        "nauc_recall_at_20_diff1": 0.3253023301313876,
        "nauc_recall_at_20_max": 0.4110236122348331,
        "nauc_recall_at_20_std": 0.758839112111929,
        "nauc_recall_at_3_diff1": 1.0,
        "nauc_recall_at_3_max": -0.3200772380000244,
        "nauc_recall_at_3_std": 1.0,
        "nauc_recall_at_5_diff1": 1.0,
        "nauc_recall_at_5_max": -0.3200772380000244,
        "nauc_recall_at_5_std": 1.0,
        "ndcg_at_1": 0.03704,
        "ndcg_at_10": 0.04461,
        "ndcg_at_100": 0.07536,
        "ndcg_at_1000": 0.10386,
        "ndcg_at_20": 0.05318,
        "ndcg_at_3": 0.03704,
        "ndcg_at_5": 0.03704,
        "precision_at_1": 0.03704,
        "precision_at_10": 0.00741,
        "precision_at_100": 0.00259,
        "precision_at_1000": 0.00056,
        "precision_at_20": 0.00556,
        "precision_at_3": 0.01235,
        "precision_at_5": 0.00741,
        "recall_at_1": 0.03704,
        "recall_at_10": 0.05556,
        "recall_at_100": 0.2037,
        "recall_at_1000": 0.42593,
        "recall_at_20": 0.09259,
        "recall_at_3": 0.03704,
        "recall_at_5": 0.03704
      }
    ]
  },
  "task_name": "ChemNQRetrieval"
}