{
  "dataset_revision": "831d292c3959eae59e4f89b8758738feee97d6cf",
  "evaluation_time": 61.00635623931885,
  "kg_co2_emissions": null,
  "mteb_version": "1.14.15",
  "scores": {
    "test": [
      {
        "hf_subset": "default",
        "languages": [
          "eng-Latn"
        ],
        "main_score": 0.00179,
        "map_at_1": 0.00059,
        "map_at_10": 0.00116,
        "map_at_100": 0.0015,
        "map_at_1000": 0.00174,
        "map_at_20": 0.00125,
        "map_at_3": 0.00073,
        "map_at_5": 0.00091,
        "mrr_at_1": 0.0007064641469445425,
        "mrr_at_10": 0.001343216355579478,
        "mrr_at_100": 0.0017596139122402817,
        "mrr_at_1000": 0.0020272497711208075,
        "mrr_at_20": 0.001453125844388326,
        "mrr_at_3": 0.0008830801836806782,
        "mrr_at_5": 0.0010596962204168139,
        "nauc_map_at_1000_diff1": -0.4603459099709636,
        "nauc_map_at_1000_max": 0.8429833114138288,
        "nauc_map_at_1000_std": 0.3836118615529699,
        "nauc_map_at_100_diff1": -0.49159147714651685,
        "nauc_map_at_100_max": 0.8977261104557125,
        "nauc_map_at_100_std": 0.4119770750032428,
        "nauc_map_at_10_diff1": -0.5215008927342897,
        "nauc_map_at_10_max": 0.9431921033991778,
        "nauc_map_at_10_std": 0.46835776392623885,
        "nauc_map_at_1_diff1": -0.5747110243030531,
        "nauc_map_at_1_max": 0.9323630467760573,
        "nauc_map_at_1_std": 0.6443770722314168,
        "nauc_map_at_20_diff1": -0.5232634087504076,
        "nauc_map_at_20_max": 0.9320264203892982,
        "nauc_map_at_20_std": 0.46787152115578634,
        "nauc_map_at_3_diff1": -0.5677857353418261,
        "nauc_map_at_3_max": 0.9451592271157222,
        "nauc_map_at_3_std": 0.5078336859187902,
        "nauc_map_at_5_diff1": -0.5651298912671122,
        "nauc_map_at_5_max": 0.9472413675735639,
        "nauc_map_at_5_std": 0.4955581547067837,
        "nauc_mrr_at_1000_diff1": -0.44412920347164864,
        "nauc_mrr_at_1000_max": 0.8199051180365184,
        "nauc_mrr_at_1000_std": 0.35766887971294586,
        "nauc_mrr_at_100_diff1": -0.47595357776312464,
        "nauc_mrr_at_100_max": 0.8720918709632127,
        "nauc_mrr_at_100_std": 0.38550572461199456,
        "nauc_mrr_at_10_diff1": -0.5103879670665105,
        "nauc_mrr_at_10_max": 0.9399749267129821,
        "nauc_mrr_at_10_std": 0.43937402437070155,
        "nauc_mrr_at_1_diff1": -0.574711024303053,
        "nauc_mrr_at_1_max": 0.9436358723133808,
        "nauc_mrr_at_1_std": 0.5857253063941839,
        "nauc_mrr_at_20_diff1": -0.511159543014238,
        "nauc_mrr_at_20_max": 0.9271998717807759,
        "nauc_mrr_at_20_std": 0.4419609306991331,
        "nauc_mrr_at_3_diff1": -0.5633227713445911,
        "nauc_mrr_at_3_max": 0.9549086978507049,
        "nauc_mrr_at_3_std": 0.48095792738394605,
        "nauc_mrr_at_5_diff1": -0.5600037767399881,
        "nauc_mrr_at_5_max": 0.9473979041436713,
        "nauc_mrr_at_5_std": 0.4398127269470845,
        "nauc_ndcg_at_1000_diff1": -0.28135500025233307,
        "nauc_ndcg_at_1000_max": 0.5698374845446909,
        "nauc_ndcg_at_1000_std": 0.20361653181857955,
        "nauc_ndcg_at_100_diff1": -0.4063223207957664,
        "nauc_ndcg_at_100_max": 0.8045966543923597,
        "nauc_ndcg_at_100_std": 0.2687244079612328,
        "nauc_ndcg_at_10_diff1": -0.4863661215469431,
        "nauc_ndcg_at_10_max": 0.9403696748231574,
        "nauc_ndcg_at_10_std": 0.420126883985902,
        "nauc_ndcg_at_1_diff1": -0.574711024303053,
        "nauc_ndcg_at_1_max": 0.9436358723133808,
        "nauc_ndcg_at_1_std": 0.5857253063941839,
        "nauc_ndcg_at_20_diff1": -0.49442722975265274,
        "nauc_ndcg_at_20_max": 0.9174200282102333,
        "nauc_ndcg_at_20_std": 0.42617709908594575,
        "nauc_ndcg_at_3_diff1": -0.5634411659634159,
        "nauc_ndcg_at_3_max": 0.9514825322757818,
        "nauc_ndcg_at_3_std": 0.46975007568269567,
        "nauc_ndcg_at_5_diff1": -0.5597340013299814,
        "nauc_ndcg_at_5_max": 0.9486739264288654,
        "nauc_ndcg_at_5_std": 0.44281364412602947,
        "nauc_precision_at_1000_diff1": -0.22962721109504247,
        "nauc_precision_at_1000_max": 0.460070470645052,
        "nauc_precision_at_1000_std": 0.18113581412678684,
        "nauc_precision_at_100_diff1": -0.3531828965214108,
        "nauc_precision_at_100_max": 0.6856250041281455,
        "nauc_precision_at_100_std": 0.18411720558517986,
        "nauc_precision_at_10_diff1": -0.4351143389864439,
        "nauc_precision_at_10_max": 0.9288136834118069,
        "nauc_precision_at_10_std": 0.36654064341640014,
        "nauc_precision_at_1_diff1": -0.574711024303053,
        "nauc_precision_at_1_max": 0.9436358723133808,
        "nauc_precision_at_1_std": 0.5857253063941839,
        "nauc_precision_at_20_diff1": -0.4587409657955964,
        "nauc_precision_at_20_max": 0.861507710886462,
        "nauc_precision_at_20_std": 0.36668730071609246,
        "nauc_precision_at_3_diff1": -0.5490874551465136,
        "nauc_precision_at_3_max": 0.9661815233880283,
        "nauc_precision_at_3_std": 0.40426438637218476,
        "nauc_precision_at_5_diff1": -0.5474331161941087,
        "nauc_precision_at_5_max": 0.9436469306080025,
        "nauc_precision_at_5_std": 0.3717762253065795,
        "nauc_recall_at_1000_diff1": -0.24963069390500556,
        "nauc_recall_at_1000_max": 0.5285245851903329,
        "nauc_recall_at_1000_std": 0.17272116862569742,
        "nauc_recall_at_100_diff1": -0.3649656491005522,
        "nauc_recall_at_100_max": 0.7759777384890043,
        "nauc_recall_at_100_std": 0.19489871458489472,
        "nauc_recall_at_10_diff1": -0.45352267134392726,
        "nauc_recall_at_10_max": 0.9401651390880096,
        "nauc_recall_at_10_std": 0.3795229616407104,
        "nauc_recall_at_1_diff1": -0.5747110243030531,
        "nauc_recall_at_1_max": 0.9323630467760573,
        "nauc_recall_at_1_std": 0.6443770722314168,
        "nauc_recall_at_20_diff1": -0.47519081610759284,
        "nauc_recall_at_20_max": 0.912160420351808,
        "nauc_recall_at_20_std": 0.40293724822573607,
        "nauc_recall_at_3_diff1": -0.5586962935802159,
        "nauc_recall_at_3_max": 0.9577269042350355,
        "nauc_recall_at_3_std": 0.40011833018708987,
        "nauc_recall_at_5_diff1": -0.555189471832794,
        "nauc_recall_at_5_max": 0.9533606891318736,
        "nauc_recall_at_5_std": 0.3912359243772621,
        "ndcg_at_1": 0.00071,
        "ndcg_at_10": 0.00179,
        "ndcg_at_100": 0.00419,
        "ndcg_at_1000": 0.01364,
        "ndcg_at_20": 0.00212,
        "ndcg_at_3": 0.00082,
        "ndcg_at_5": 0.00114,
        "precision_at_1": 0.00071,
        "precision_at_10": 0.00045,
        "precision_at_100": 0.00023,
        "precision_at_1000": 0.00015,
        "precision_at_20": 0.00031,
        "precision_at_3": 0.00039,
        "precision_at_5": 0.00042,
        "recall_at_1": 0.00059,
        "recall_at_10": 0.00366,
        "recall_at_100": 0.01517,
        "recall_at_1000": 0.08516,
        "recall_at_20": 0.00481,
        "recall_at_3": 0.00094,
        "recall_at_5": 0.00171
      }
    ]
  },
  "task_name": "CoconutRetrieval"
}