{
  "dataset_revision": "eeaad4bb9ec83058589faec127cdcb38fc7bfb2e",
  "evaluation_time": 3.329268455505371,
  "kg_co2_emissions": null,
  "mteb_version": "1.14.15",
  "scores": {
    "test": [
      {
        "cosine_accuracy": 0.9677734375,
        "cosine_accuracy_threshold": 0.9439898729324341,
        "cosine_ap": 0.8973873362875139,
        "cosine_f1": 0.8428571428571429,
        "cosine_f1_threshold": 0.9433874487876892,
        "cosine_precision": 0.8232558139534883,
        "cosine_recall": 0.8634146341463415,
        "dot_accuracy": 0.921875,
        "dot_accuracy_threshold": 288.21893310546875,
        "dot_ap": 0.47776411351314185,
        "dot_f1": 0.4754098360655738,
        "dot_f1_threshold": 279.1640625,
        "dot_precision": 0.5403726708074534,
        "dot_recall": 0.424390243902439,
        "euclidean_accuracy": 0.9609375,
        "euclidean_accuracy_threshold": 5.436534881591797,
        "euclidean_ap": 0.8677158993696691,
        "euclidean_f1": 0.801980198019802,
        "euclidean_f1_threshold": 5.531091690063477,
        "euclidean_precision": 0.8140703517587939,
        "euclidean_recall": 0.7902439024390244,
        "hf_subset": "default",
        "languages": [
          "eng-Latn"
        ],
        "main_score": 0.8428571428571429,
        "manhattan_accuracy": 0.96044921875,
        "manhattan_accuracy_threshold": 121.44202423095703,
        "manhattan_ap": 0.860972839942468,
        "manhattan_f1": 0.8000000000000002,
        "manhattan_f1_threshold": 121.44202423095703,
        "manhattan_precision": 0.81,
        "manhattan_recall": 0.7902439024390244,
        "max_accuracy": 0.9677734375,
        "max_ap": 0.8973873362875139,
        "max_f1": 0.8428571428571429,
        "max_precision": 0.8232558139534883,
        "max_recall": 0.8634146341463415,
        "similarity_accuracy": 0.9677734375,
        "similarity_accuracy_threshold": 0.9439898729324341,
        "similarity_ap": 0.8973873362875139,
        "similarity_f1": 0.8428571428571429,
        "similarity_f1_threshold": 0.9433874487876892,
        "similarity_precision": 0.8232558139534883,
        "similarity_recall": 0.8634146341463415
      }
    ]
  },
  "task_name": "PubChemAISentenceParaphrasePC"
}