{
  "dataset_revision": "main",
  "task_name": "FSUChemRxivQest",
  "mteb_version": "0.1",
  "scores": {
    "test": [
      {
        "ndcg_at_1": 0.44181,
        "ndcg_at_3": 0.44465,
        "ndcg_at_5": 0.48283,
        "ndcg_at_10": 0.51645,
        "ndcg_at_20": 0.54507,
        "ndcg_at_100": 0.57335,
        "ndcg_at_1000": 0.58355,
        "map_at_1": 0.30793,
        "map_at_3": 0.38855,
        "map_at_5": 0.41132,
        "map_at_10": 0.42737,
        "map_at_20": 0.43689,
        "map_at_100": 0.44249,
        "map_at_1000": 0.44301,
        "recall_at_1": 0.30793,
        "recall_at_3": 0.47116,
        "recall_at_5": 0.55304,
        "recall_at_10": 0.64384,
        "recall_at_20": 0.74356,
        "recall_at_100": 0.86972,
        "recall_at_1000": 0.93821,
        "precision_at_1": 0.44181,
        "precision_at_3": 0.22932,
        "precision_at_5": 0.16334,
        "precision_at_10": 0.0966,
        "precision_at_20": 0.05659,
        "precision_at_100": 0.01363,
        "precision_at_1000": 0.00149,
        "mrr_at_1": 0.441813,
        "mrr_at_3": 0.533642,
        "mrr_at_5": 0.554961,
        "mrr_at_10": 0.56696,
        "mrr_at_20": 0.572438,
        "mrr_at_100": 0.5744,
        "mrr_at_1000": 0.574482,
        "nauc_ndcg_at_1_max": 0.245818,
        "nauc_ndcg_at_1_std": -0.127259,
        "nauc_ndcg_at_1_diff1": 0.485368,
        "nauc_ndcg_at_3_max": 0.190082,
        "nauc_ndcg_at_3_std": -0.148813,
        "nauc_ndcg_at_3_diff1": 0.368264,
        "nauc_ndcg_at_5_max": 0.193682,
        "nauc_ndcg_at_5_std": -0.155915,
        "nauc_ndcg_at_5_diff1": 0.362419,
        "nauc_ndcg_at_10_max": 0.199575,
        "nauc_ndcg_at_10_std": -0.145733,
        "nauc_ndcg_at_10_diff1": 0.359189,
        "nauc_ndcg_at_20_max": 0.20218,
        "nauc_ndcg_at_20_std": -0.133107,
        "nauc_ndcg_at_20_diff1": 0.350999,
        "nauc_ndcg_at_100_max": 0.219287,
        "nauc_ndcg_at_100_std": -0.106193,
        "nauc_ndcg_at_100_diff1": 0.365713,
        "nauc_ndcg_at_1000_max": 0.218653,
        "nauc_ndcg_at_1000_std": -0.107707,
        "nauc_ndcg_at_1000_diff1": 0.366789,
        "nauc_map_at_1_max": 0.206389,
        "nauc_map_at_1_std": -0.098897,
        "nauc_map_at_1_diff1": 0.430901,
        "nauc_map_at_3_max": 0.182574,
        "nauc_map_at_3_std": -0.133238,
        "nauc_map_at_3_diff1": 0.369635,
        "nauc_map_at_5_max": 0.186717,
        "nauc_map_at_5_std": -0.136783,
        "nauc_map_at_5_diff1": 0.365801,
        "nauc_map_at_10_max": 0.19,
        "nauc_map_at_10_std": -0.131424,
        "nauc_map_at_10_diff1": 0.362916,
        "nauc_map_at_20_max": 0.191293,
        "nauc_map_at_20_std": -0.128461,
        "nauc_map_at_20_diff1": 0.361381,
        "nauc_map_at_100_max": 0.1948,
        "nauc_map_at_100_std": -0.123833,
        "nauc_map_at_100_diff1": 0.364147,
        "nauc_map_at_1000_max": 0.19486,
        "nauc_map_at_1000_std": -0.123819,
        "nauc_map_at_1000_diff1": 0.364135,
        "nauc_recall_at_1_max": 0.206389,
        "nauc_recall_at_1_std": -0.098897,
        "nauc_recall_at_1_diff1": 0.430901,
        "nauc_recall_at_3_max": 0.144928,
        "nauc_recall_at_3_std": -0.159309,
        "nauc_recall_at_3_diff1": 0.277654,
        "nauc_recall_at_5_max": 0.141551,
        "nauc_recall_at_5_std": -0.169304,
        "nauc_recall_at_5_diff1": 0.246039,
        "nauc_recall_at_10_max": 0.140781,
        "nauc_recall_at_10_std": -0.139919,
        "nauc_recall_at_10_diff1": 0.21291,
        "nauc_recall_at_20_max": 0.128874,
        "nauc_recall_at_20_std": -0.076864,
        "nauc_recall_at_20_diff1": 0.130717,
        "nauc_recall_at_100_max": 0.230098,
        "nauc_recall_at_100_std": 0.201681,
        "nauc_recall_at_100_diff1": 0.120098,
        "nauc_recall_at_1000_max": 0.276339,
        "nauc_recall_at_1000_std": 0.41365,
        "nauc_recall_at_1000_diff1": 0.031013,
        "nauc_precision_at_1_max": 0.245818,
        "nauc_precision_at_1_std": -0.127259,
        "nauc_precision_at_1_diff1": 0.485368,
        "nauc_precision_at_3_max": 0.178534,
        "nauc_precision_at_3_std": -0.181045,
        "nauc_precision_at_3_diff1": 0.300098,
        "nauc_precision_at_5_max": 0.169677,
        "nauc_precision_at_5_std": -0.179539,
        "nauc_precision_at_5_diff1": 0.237462,
        "nauc_precision_at_10_max": 0.145072,
        "nauc_precision_at_10_std": -0.106758,
        "nauc_precision_at_10_diff1": 0.133182,
        "nauc_precision_at_20_max": 0.121912,
        "nauc_precision_at_20_std": -0.020613,
        "nauc_precision_at_20_diff1": 0.025457,
        "nauc_precision_at_100_max": 0.133947,
        "nauc_precision_at_100_std": 0.154963,
        "nauc_precision_at_100_diff1": -0.024156,
        "nauc_precision_at_1000_max": 0.095553,
        "nauc_precision_at_1000_std": 0.161922,
        "nauc_precision_at_1000_diff1": -0.079271,
        "nauc_mrr_at_1_max": 0.245818,
        "nauc_mrr_at_1_std": -0.127259,
        "nauc_mrr_at_1_diff1": 0.485368,
        "nauc_mrr_at_3_max": 0.237485,
        "nauc_mrr_at_3_std": -0.154243,
        "nauc_mrr_at_3_diff1": 0.432248,
        "nauc_mrr_at_5_max": 0.236816,
        "nauc_mrr_at_5_std": -0.159651,
        "nauc_mrr_at_5_diff1": 0.433006,
        "nauc_mrr_at_10_max": 0.239348,
        "nauc_mrr_at_10_std": -0.155428,
        "nauc_mrr_at_10_diff1": 0.435555,
        "nauc_mrr_at_20_max": 0.239396,
        "nauc_mrr_at_20_std": -0.153447,
        "nauc_mrr_at_20_diff1": 0.435092,
        "nauc_mrr_at_100_max": 0.23997,
        "nauc_mrr_at_100_std": -0.152382,
        "nauc_mrr_at_100_diff1": 0.436252,
        "nauc_mrr_at_1000_max": 0.239889,
        "nauc_mrr_at_1000_std": -0.152416,
        "nauc_mrr_at_1000_diff1": 0.436248,
        "main_score": 0.51645,
        "hf_subset": "default",
        "languages": [
          "eng-Latn"
        ]
      }
    ]
  },
  "evaluation_time": 71.00639700889587,
  "kg_co2_emissions": null
}