{
  "dataset_revision": "831d292c3959eae59e4f89b8758738feee97d6cf",
  "task_name": "CoconutRetrieval",
  "mteb_version": "1.36.8",
  "scores": {
    "test": [
      {
        "ndcg_at_1": 0.00247,
        "ndcg_at_3": 0.00296,
        "ndcg_at_5": 0.00334,
        "ndcg_at_10": 0.00411,
        "ndcg_at_20": 0.00512,
        "ndcg_at_100": 0.00836,
        "ndcg_at_1000": 0.02457,
        "map_at_1": 0.00211,
        "map_at_3": 0.00268,
        "map_at_5": 0.00289,
        "map_at_10": 0.00319,
        "map_at_20": 0.00347,
        "map_at_100": 0.00385,
        "map_at_1000": 0.00427,
        "recall_at_1": 0.00211,
        "recall_at_3": 0.00337,
        "recall_at_5": 0.00433,
        "recall_at_10": 0.00665,
        "recall_at_20": 0.01027,
        "recall_at_100": 0.02586,
        "recall_at_1000": 0.14865,
        "precision_at_1": 0.00247,
        "precision_at_3": 0.00133,
        "precision_at_5": 0.00104,
        "precision_at_10": 0.00081,
        "precision_at_20": 0.00067,
        "precision_at_100": 0.00043,
        "precision_at_1000": 0.00025,
        "mrr_at_1": 0.002473,
        "mrr_at_3": 0.003002,
        "mrr_at_5": 0.003267,
        "mrr_at_10": 0.003615,
        "mrr_at_20": 0.003936,
        "mrr_at_100": 0.004421,
        "mrr_at_1000": 0.004865,
        "nauc_ndcg_at_1_max": 0.320463,
        "nauc_ndcg_at_1_std": 0.59344,
        "nauc_ndcg_at_1_diff1": 0.638257,
        "nauc_ndcg_at_3_max": 0.204257,
        "nauc_ndcg_at_3_std": 0.583017,
        "nauc_ndcg_at_3_diff1": 0.614814,
        "nauc_ndcg_at_5_max": 0.156725,
        "nauc_ndcg_at_5_std": 0.599047,
        "nauc_ndcg_at_5_diff1": 0.55777,
        "nauc_ndcg_at_10_max": 0.160154,
        "nauc_ndcg_at_10_std": 0.549191,
        "nauc_ndcg_at_10_diff1": 0.44822,
        "nauc_ndcg_at_20_max": 0.159122,
        "nauc_ndcg_at_20_std": 0.446715,
        "nauc_ndcg_at_20_diff1": 0.34747,
        "nauc_ndcg_at_100_max": 0.175205,
        "nauc_ndcg_at_100_std": 0.320928,
        "nauc_ndcg_at_100_diff1": 0.203225,
        "nauc_ndcg_at_1000_max": 0.111271,
        "nauc_ndcg_at_1000_std": 0.208462,
        "nauc_ndcg_at_1000_diff1": 0.053196,
        "nauc_map_at_1_max": 0.307887,
        "nauc_map_at_1_std": 0.678379,
        "nauc_map_at_1_diff1": 0.744861,
        "nauc_map_at_3_max": 0.228931,
        "nauc_map_at_3_std": 0.623255,
        "nauc_map_at_3_diff1": 0.671831,
        "nauc_map_at_5_max": 0.201395,
        "nauc_map_at_5_std": 0.624035,
        "nauc_map_at_5_diff1": 0.624766,
        "nauc_map_at_10_max": 0.198423,
        "nauc_map_at_10_std": 0.59864,
        "nauc_map_at_10_diff1": 0.564466,
        "nauc_map_at_20_max": 0.192291,
        "nauc_map_at_20_std": 0.551402,
        "nauc_map_at_20_diff1": 0.51364,
        "nauc_map_at_100_max": 0.194234,
        "nauc_map_at_100_std": 0.509963,
        "nauc_map_at_100_diff1": 0.463319,
        "nauc_map_at_1000_max": 0.183096,
        "nauc_map_at_1000_std": 0.477883,
        "nauc_map_at_1000_diff1": 0.418624,
        "nauc_recall_at_1_max": 0.307887,
        "nauc_recall_at_1_std": 0.678379,
        "nauc_recall_at_1_diff1": 0.744861,
        "nauc_recall_at_3_max": 0.137658,
        "nauc_recall_at_3_std": 0.577575,
        "nauc_recall_at_3_diff1": 0.582459,
        "nauc_recall_at_5_max": 0.074383,
        "nauc_recall_at_5_std": 0.593059,
        "nauc_recall_at_5_diff1": 0.460519,
        "nauc_recall_at_10_max": 0.109481,
        "nauc_recall_at_10_std": 0.502224,
        "nauc_recall_at_10_diff1": 0.283905,
        "nauc_recall_at_20_max": 0.122073,
        "nauc_recall_at_20_std": 0.329654,
        "nauc_recall_at_20_diff1": 0.163201,
        "nauc_recall_at_100_max": 0.164896,
        "nauc_recall_at_100_std": 0.204147,
        "nauc_recall_at_100_diff1": 0.045806,
        "nauc_recall_at_1000_max": 0.083699,
        "nauc_recall_at_1000_std": 0.159531,
        "nauc_recall_at_1000_diff1": -0.023602,
        "nauc_precision_at_1_max": 0.320463,
        "nauc_precision_at_1_std": 0.59344,
        "nauc_precision_at_1_diff1": 0.638257,
        "nauc_precision_at_3_max": 0.170184,
        "nauc_precision_at_3_std": 0.508626,
        "nauc_precision_at_3_diff1": 0.503335,
        "nauc_precision_at_5_max": 0.098911,
        "nauc_precision_at_5_std": 0.540893,
        "nauc_precision_at_5_diff1": 0.422722,
        "nauc_precision_at_10_max": 0.120689,
        "nauc_precision_at_10_std": 0.465032,
        "nauc_precision_at_10_diff1": 0.262214,
        "nauc_precision_at_20_max": 0.14534,
        "nauc_precision_at_20_std": 0.314653,
        "nauc_precision_at_20_diff1": 0.141939,
        "nauc_precision_at_100_max": 0.196645,
        "nauc_precision_at_100_std": 0.184948,
        "nauc_precision_at_100_diff1": 0.018486,
        "nauc_precision_at_1000_max": 0.107601,
        "nauc_precision_at_1000_std": 0.121781,
        "nauc_precision_at_1000_diff1": -0.022387,
        "nauc_mrr_at_1_max": 0.320463,
        "nauc_mrr_at_1_std": 0.59344,
        "nauc_mrr_at_1_diff1": 0.638257,
        "nauc_mrr_at_3_max": 0.219498,
        "nauc_mrr_at_3_std": 0.552938,
        "nauc_mrr_at_3_diff1": 0.591641,
        "nauc_mrr_at_5_max": 0.190128,
        "nauc_mrr_at_5_std": 0.559943,
        "nauc_mrr_at_5_diff1": 0.555803,
        "nauc_mrr_at_10_max": 0.191129,
        "nauc_mrr_at_10_std": 0.535424,
        "nauc_mrr_at_10_diff1": 0.504777,
        "nauc_mrr_at_20_max": 0.192405,
        "nauc_mrr_at_20_std": 0.497161,
        "nauc_mrr_at_20_diff1": 0.455338,
        "nauc_mrr_at_100_max": 0.192658,
        "nauc_mrr_at_100_std": 0.453539,
        "nauc_mrr_at_100_diff1": 0.404019,
        "nauc_mrr_at_1000_max": 0.18429,
        "nauc_mrr_at_1000_std": 0.426096,
        "nauc_mrr_at_1000_diff1": 0.368426,
        "main_score": 0.00411,
        "hf_subset": "default",
        "languages": [
          "eng-Latn"
        ]
      }
    ]
  },
  "evaluation_time": 31.976166486740112,
  "kg_co2_emissions": null
}