{
  "dataset_revision": "main",
  "task_name": "FSUChemRxivQest",
  "mteb_version": "0.1",
  "scores": {
    "test": [
      {
        "ndcg_at_1": 0.28939,
        "ndcg_at_3": 0.29141,
        "ndcg_at_5": 0.32646,
        "ndcg_at_10": 0.36408,
        "ndcg_at_20": 0.39509,
        "ndcg_at_100": 0.43467,
        "ndcg_at_1000": 0.45461,
        "map_at_1": 0.19894,
        "map_at_3": 0.25401,
        "map_at_5": 0.27375,
        "map_at_10": 0.29057,
        "map_at_20": 0.30042,
        "map_at_100": 0.30737,
        "map_at_1000": 0.30831,
        "recall_at_1": 0.19894,
        "recall_at_3": 0.31136,
        "recall_at_5": 0.38603,
        "recall_at_10": 0.48781,
        "recall_at_20": 0.59561,
        "recall_at_100": 0.77875,
        "recall_at_1000": 0.91607,
        "precision_at_1": 0.28939,
        "precision_at_3": 0.15379,
        "precision_at_5": 0.11617,
        "precision_at_10": 0.07467,
        "precision_at_20": 0.04588,
        "precision_at_100": 0.01219,
        "precision_at_1000": 0.00146,
        "mrr_at_1": 0.289392,
        "mrr_at_3": 0.348266,
        "mrr_at_5": 0.370666,
        "mrr_at_10": 0.386302,
        "mrr_at_20": 0.393773,
        "mrr_at_100": 0.39798,
        "mrr_at_1000": 0.398372,
        "nauc_ndcg_at_1_max": 0.100254,
        "nauc_ndcg_at_1_std": -0.08817,
        "nauc_ndcg_at_1_diff1": 0.301921,
        "nauc_ndcg_at_3_max": 0.102434,
        "nauc_ndcg_at_3_std": -0.082006,
        "nauc_ndcg_at_3_diff1": 0.25019,
        "nauc_ndcg_at_5_max": 0.103734,
        "nauc_ndcg_at_5_std": -0.084159,
        "nauc_ndcg_at_5_diff1": 0.240764,
        "nauc_ndcg_at_10_max": 0.114705,
        "nauc_ndcg_at_10_std": -0.076625,
        "nauc_ndcg_at_10_diff1": 0.243556,
        "nauc_ndcg_at_20_max": 0.137329,
        "nauc_ndcg_at_20_std": -0.060145,
        "nauc_ndcg_at_20_diff1": 0.249002,
        "nauc_ndcg_at_100_max": 0.150152,
        "nauc_ndcg_at_100_std": -0.038217,
        "nauc_ndcg_at_100_diff1": 0.243137,
        "nauc_ndcg_at_1000_max": 0.144935,
        "nauc_ndcg_at_1000_std": -0.039104,
        "nauc_ndcg_at_1000_diff1": 0.24608,
        "nauc_map_at_1_max": 0.077458,
        "nauc_map_at_1_std": -0.080448,
        "nauc_map_at_1_diff1": 0.295663,
        "nauc_map_at_3_max": 0.09632,
        "nauc_map_at_3_std": -0.077801,
        "nauc_map_at_3_diff1": 0.254346,
        "nauc_map_at_5_max": 0.096795,
        "nauc_map_at_5_std": -0.079831,
        "nauc_map_at_5_diff1": 0.249634,
        "nauc_map_at_10_max": 0.10064,
        "nauc_map_at_10_std": -0.079277,
        "nauc_map_at_10_diff1": 0.252034,
        "nauc_map_at_20_max": 0.108466,
        "nauc_map_at_20_std": -0.07405,
        "nauc_map_at_20_diff1": 0.253755,
        "nauc_map_at_100_max": 0.111328,
        "nauc_map_at_100_std": -0.069863,
        "nauc_map_at_100_diff1": 0.252116,
        "nauc_map_at_1000_max": 0.111145,
        "nauc_map_at_1000_std": -0.069749,
        "nauc_map_at_1000_diff1": 0.252403,
        "nauc_recall_at_1_max": 0.077458,
        "nauc_recall_at_1_std": -0.080448,
        "nauc_recall_at_1_diff1": 0.295663,
        "nauc_recall_at_3_max": 0.099807,
        "nauc_recall_at_3_std": -0.074278,
        "nauc_recall_at_3_diff1": 0.206334,
        "nauc_recall_at_5_max": 0.096266,
        "nauc_recall_at_5_std": -0.078429,
        "nauc_recall_at_5_diff1": 0.183218,
        "nauc_recall_at_10_max": 0.118046,
        "nauc_recall_at_10_std": -0.055657,
        "nauc_recall_at_10_diff1": 0.184314,
        "nauc_recall_at_20_max": 0.190913,
        "nauc_recall_at_20_std": 0.002833,
        "nauc_recall_at_20_diff1": 0.192758,
        "nauc_recall_at_100_max": 0.287553,
        "nauc_recall_at_100_std": 0.174422,
        "nauc_recall_at_100_diff1": 0.127838,
        "nauc_recall_at_1000_max": 0.394328,
        "nauc_recall_at_1000_std": 0.415528,
        "nauc_recall_at_1000_diff1": 0.085727,
        "nauc_precision_at_1_max": 0.100254,
        "nauc_precision_at_1_std": -0.08817,
        "nauc_precision_at_1_diff1": 0.301921,
        "nauc_precision_at_3_max": 0.122646,
        "nauc_precision_at_3_std": -0.086977,
        "nauc_precision_at_3_diff1": 0.219799,
        "nauc_precision_at_5_max": 0.12641,
        "nauc_precision_at_5_std": -0.082252,
        "nauc_precision_at_5_diff1": 0.184611,
        "nauc_precision_at_10_max": 0.132546,
        "nauc_precision_at_10_std": -0.054759,
        "nauc_precision_at_10_diff1": 0.159225,
        "nauc_precision_at_20_max": 0.193262,
        "nauc_precision_at_20_std": 0.007681,
        "nauc_precision_at_20_diff1": 0.142896,
        "nauc_precision_at_100_max": 0.223168,
        "nauc_precision_at_100_std": 0.132323,
        "nauc_precision_at_100_diff1": 0.040274,
        "nauc_precision_at_1000_max": 0.170821,
        "nauc_precision_at_1000_std": 0.155918,
        "nauc_precision_at_1000_diff1": -0.017389,
        "nauc_mrr_at_1_max": 0.100254,
        "nauc_mrr_at_1_std": -0.08817,
        "nauc_mrr_at_1_diff1": 0.301921,
        "nauc_mrr_at_3_max": 0.108684,
        "nauc_mrr_at_3_std": -0.090965,
        "nauc_mrr_at_3_diff1": 0.271205,
        "nauc_mrr_at_5_max": 0.111369,
        "nauc_mrr_at_5_std": -0.090464,
        "nauc_mrr_at_5_diff1": 0.264453,
        "nauc_mrr_at_10_max": 0.12018,
        "nauc_mrr_at_10_std": -0.082829,
        "nauc_mrr_at_10_diff1": 0.263621,
        "nauc_mrr_at_20_max": 0.12404,
        "nauc_mrr_at_20_std": -0.078853,
        "nauc_mrr_at_20_diff1": 0.265214,
        "nauc_mrr_at_100_max": 0.123803,
        "nauc_mrr_at_100_std": -0.078808,
        "nauc_mrr_at_100_diff1": 0.26569,
        "nauc_mrr_at_1000_max": 0.123564,
        "nauc_mrr_at_1000_std": -0.07891,
        "nauc_mrr_at_1000_diff1": 0.265698,
        "main_score": 0.36408,
        "hf_subset": "default",
        "languages": [
          "eng-Latn"
        ]
      }
    ]
  },
  "evaluation_time": 54.704607009887695,
  "kg_co2_emissions": null
}