{
  "dataset_revision": "1840e8a5ac6ec752bbdd97d543ead0189bc7c25b",
  "task_name": "ChemHotpotQARetrieval",
  "mteb_version": "1.36.8",
  "scores": {
    "train": [
      {
        "ndcg_at_1": 0.73889,
        "ndcg_at_3": 0.77927,
        "ndcg_at_5": 0.78141,
        "ndcg_at_10": 0.79414,
        "ndcg_at_20": 0.80161,
        "ndcg_at_100": 0.81327,
        "ndcg_at_1000": 0.81999,
        "map_at_1": 0.71944,
        "map_at_3": 0.76481,
        "map_at_5": 0.76593,
        "map_at_10": 0.77127,
        "map_at_20": 0.77369,
        "map_at_100": 0.77524,
        "map_at_1000": 0.77553,
        "recall_at_1": 0.71944,
        "recall_at_3": 0.80833,
        "recall_at_5": 0.81389,
        "recall_at_10": 0.85278,
        "recall_at_20": 0.88056,
        "recall_at_100": 0.94444,
        "recall_at_1000": 0.99444,
        "precision_at_1": 0.73889,
        "precision_at_3": 0.27778,
        "precision_at_5": 0.16778,
        "precision_at_10": 0.08778,
        "precision_at_20": 0.04556,
        "precision_at_100": 0.00978,
        "precision_at_1000": 0.00103,
        "mrr_at_1": 0.738889,
        "mrr_at_3": 0.778704,
        "mrr_at_5": 0.779815,
        "mrr_at_10": 0.785154,
        "mrr_at_20": 0.786785,
        "mrr_at_100": 0.788166,
        "mrr_at_1000": 0.788415,
        "nauc_ndcg_at_1_max": 0.636251,
        "nauc_ndcg_at_1_std": -0.159627,
        "nauc_ndcg_at_1_diff1": 0.858018,
        "nauc_ndcg_at_3_max": 0.547864,
        "nauc_ndcg_at_3_std": -0.251142,
        "nauc_ndcg_at_3_diff1": 0.742779,
        "nauc_ndcg_at_5_max": 0.547019,
        "nauc_ndcg_at_5_std": -0.26134,
        "nauc_ndcg_at_5_diff1": 0.748448,
        "nauc_ndcg_at_10_max": 0.540235,
        "nauc_ndcg_at_10_std": -0.268288,
        "nauc_ndcg_at_10_diff1": 0.745561,
        "nauc_ndcg_at_20_max": 0.55051,
        "nauc_ndcg_at_20_std": -0.232047,
        "nauc_ndcg_at_20_diff1": 0.745645,
        "nauc_ndcg_at_100_max": 0.541142,
        "nauc_ndcg_at_100_std": -0.258978,
        "nauc_ndcg_at_100_diff1": 0.747079,
        "nauc_ndcg_at_1000_max": 0.554847,
        "nauc_ndcg_at_1000_std": -0.237173,
        "nauc_ndcg_at_1000_diff1": 0.757637,
        "nauc_map_at_1_max": 0.53843,
        "nauc_map_at_1_std": -0.233018,
        "nauc_map_at_1_diff1": 0.784987,
        "nauc_map_at_3_max": 0.537114,
        "nauc_map_at_3_std": -0.256954,
        "nauc_map_at_3_diff1": 0.7387,
        "nauc_map_at_5_max": 0.536652,
        "nauc_map_at_5_std": -0.261957,
        "nauc_map_at_5_diff1": 0.741448,
        "nauc_map_at_10_max": 0.533542,
        "nauc_map_at_10_std": -0.263704,
        "nauc_map_at_10_diff1": 0.740004,
        "nauc_map_at_20_max": 0.536599,
        "nauc_map_at_20_std": -0.253353,
        "nauc_map_at_20_diff1": 0.740548,
        "nauc_map_at_100_max": 0.535939,
        "nauc_map_at_100_std": -0.256437,
        "nauc_map_at_100_diff1": 0.740796,
        "nauc_map_at_1000_max": 0.53638,
        "nauc_map_at_1000_std": -0.255636,
        "nauc_map_at_1000_diff1": 0.741197,
        "nauc_recall_at_1_max": 0.53843,
        "nauc_recall_at_1_std": -0.233018,
        "nauc_recall_at_1_diff1": 0.784987,
        "nauc_recall_at_3_max": 0.492792,
        "nauc_recall_at_3_std": -0.306395,
        "nauc_recall_at_3_diff1": 0.667151,
        "nauc_recall_at_5_max": 0.487644,
        "nauc_recall_at_5_std": -0.337089,
        "nauc_recall_at_5_diff1": 0.680118,
        "nauc_recall_at_10_max": 0.448035,
        "nauc_recall_at_10_std": -0.390389,
        "nauc_recall_at_10_diff1": 0.653375,
        "nauc_recall_at_20_max": 0.492701,
        "nauc_recall_at_20_std": -0.206676,
        "nauc_recall_at_20_diff1": 0.636179,
        "nauc_recall_at_100_max": 0.248039,
        "nauc_recall_at_100_std": -0.630859,
        "nauc_recall_at_100_diff1": 0.530626,
        "nauc_recall_at_1000_max": 0.722222,
        "nauc_recall_at_1000_std": 0.722222,
        "nauc_recall_at_1000_diff1": 0.869281,
        "nauc_precision_at_1_max": 0.636251,
        "nauc_precision_at_1_std": -0.159627,
        "nauc_precision_at_1_diff1": 0.858018,
        "nauc_precision_at_3_max": 0.568329,
        "nauc_precision_at_3_std": -0.174616,
        "nauc_precision_at_3_diff1": 0.650906,
        "nauc_precision_at_5_max": 0.566495,
        "nauc_precision_at_5_std": -0.201279,
        "nauc_precision_at_5_diff1": 0.664421,
        "nauc_precision_at_10_max": 0.546798,
        "nauc_precision_at_10_std": -0.221014,
        "nauc_precision_at_10_diff1": 0.63541,
        "nauc_precision_at_20_max": 0.515423,
        "nauc_precision_at_20_std": 0.023152,
        "nauc_precision_at_20_diff1": 0.511926,
        "nauc_precision_at_100_max": 0.34777,
        "nauc_precision_at_100_std": -0.043257,
        "nauc_precision_at_100_diff1": 0.320497,
        "nauc_precision_at_1000_max": 0.465658,
        "nauc_precision_at_1000_std": 0.607382,
        "nauc_precision_at_1000_diff1": 0.22578,
        "nauc_mrr_at_1_max": 0.636251,
        "nauc_mrr_at_1_std": -0.159627,
        "nauc_mrr_at_1_diff1": 0.858018,
        "nauc_mrr_at_3_max": 0.624556,
        "nauc_mrr_at_3_std": -0.179335,
        "nauc_mrr_at_3_diff1": 0.823466,
        "nauc_mrr_at_5_max": 0.624494,
        "nauc_mrr_at_5_std": -0.184213,
        "nauc_mrr_at_5_diff1": 0.826761,
        "nauc_mrr_at_10_max": 0.623311,
        "nauc_mrr_at_10_std": -0.184203,
        "nauc_mrr_at_10_diff1": 0.82727,
        "nauc_mrr_at_20_max": 0.624883,
        "nauc_mrr_at_20_std": -0.176145,
        "nauc_mrr_at_20_diff1": 0.826742,
        "nauc_mrr_at_100_max": 0.623993,
        "nauc_mrr_at_100_std": -0.179668,
        "nauc_mrr_at_100_diff1": 0.826997,
        "nauc_mrr_at_1000_max": 0.624054,
        "nauc_mrr_at_1000_std": -0.179105,
        "nauc_mrr_at_1000_diff1": 0.826977,
        "main_score": 0.79414,
        "hf_subset": "default",
        "languages": [
          "eng-Latn"
        ]
      }
    ],
    "dev": [
      {
        "ndcg_at_1": 0.875,
        "ndcg_at_3": 0.875,
        "ndcg_at_5": 0.92883,
        "ndcg_at_10": 0.92883,
        "ndcg_at_20": 0.92883,
        "ndcg_at_100": 0.92883,
        "ndcg_at_1000": 0.92883,
        "map_at_1": 0.875,
        "map_at_3": 0.875,
        "map_at_5": 0.90625,
        "map_at_10": 0.90625,
        "map_at_20": 0.90625,
        "map_at_100": 0.90625,
        "map_at_1000": 0.90625,
        "recall_at_1": 0.875,
        "recall_at_3": 0.875,
        "recall_at_5": 1.0,
        "recall_at_10": 1.0,
        "recall_at_20": 1.0,
        "recall_at_100": 1.0,
        "recall_at_1000": 1.0,
        "precision_at_1": 0.875,
        "precision_at_3": 0.29167,
        "precision_at_5": 0.2,
        "precision_at_10": 0.1,
        "precision_at_20": 0.05,
        "precision_at_100": 0.01,
        "precision_at_1000": 0.001,
        "mrr_at_1": 0.875,
        "mrr_at_3": 0.875,
        "mrr_at_5": 0.90625,
        "mrr_at_10": 0.90625,
        "mrr_at_20": 0.90625,
        "mrr_at_100": 0.90625,
        "mrr_at_1000": 0.90625,
        "nauc_ndcg_at_1_max": 0.865546,
        "nauc_ndcg_at_1_std": 0.363585,
        "nauc_ndcg_at_1_diff1": 0.865546,
        "nauc_ndcg_at_3_max": 0.865546,
        "nauc_ndcg_at_3_std": 0.363585,
        "nauc_ndcg_at_3_diff1": 0.865546,
        "nauc_ndcg_at_5_max": 0.865546,
        "nauc_ndcg_at_5_std": 0.363585,
        "nauc_ndcg_at_5_diff1": 0.865546,
        "nauc_ndcg_at_10_max": 0.865546,
        "nauc_ndcg_at_10_std": 0.363585,
        "nauc_ndcg_at_10_diff1": 0.865546,
        "nauc_ndcg_at_20_max": 0.865546,
        "nauc_ndcg_at_20_std": 0.363585,
        "nauc_ndcg_at_20_diff1": 0.865546,
        "nauc_ndcg_at_100_max": 0.865546,
        "nauc_ndcg_at_100_std": 0.363585,
        "nauc_ndcg_at_100_diff1": 0.865546,
        "nauc_ndcg_at_1000_max": 0.865546,
        "nauc_ndcg_at_1000_std": 0.363585,
        "nauc_ndcg_at_1000_diff1": 0.865546,
        "nauc_map_at_1_max": 0.865546,
        "nauc_map_at_1_std": 0.363585,