{
  "dataset_revision": "5d958fb6b31055495347724d46431ba41309b03a",
  "task_name": "ChemNQRetrieval",
  "mteb_version": "1.36.8",
  "scores": {
    "test": [
      {
        "ndcg_at_1": 0.25926,
        "ndcg_at_3": 0.43475,
        "ndcg_at_5": 0.50726,
        "ndcg_at_10": 0.54375,
        "ndcg_at_20": 0.56499,
        "ndcg_at_100": 0.56825,
        "ndcg_at_1000": 0.57798,
        "map_at_1": 0.18519,
        "map_at_3": 0.36728,
        "map_at_5": 0.4142,
        "map_at_10": 0.42937,
        "map_at_20": 0.43806,
        "map_at_100": 0.43901,
        "map_at_1000": 0.43939,
        "recall_at_1": 0.18519,
        "recall_at_3": 0.57407,
        "recall_at_5": 0.73457,
        "recall_at_10": 0.83951,
        "recall_at_20": 0.91358,
        "recall_at_100": 0.92593,
        "recall_at_1000": 1.0,
        "precision_at_1": 0.25926,
        "precision_at_3": 0.23457,
        "precision_at_5": 0.18519,
        "precision_at_10": 0.10741,
        "precision_at_20": 0.05926,
        "precision_at_100": 0.01222,
        "precision_at_1000": 0.0013,
        "mrr_at_1": 0.259259,
        "mrr_at_3": 0.425926,
        "mrr_at_5": 0.459259,
        "mrr_at_10": 0.473545,
        "mrr_at_20": 0.475494,
        "mrr_at_100": 0.475494,
        "mrr_at_1000": 0.475875,
        "nauc_ndcg_at_1_max": 0.11453,
        "nauc_ndcg_at_1_std": -0.14591,
        "nauc_ndcg_at_1_diff1": 0.456743,
        "nauc_ndcg_at_3_max": 0.531614,
        "nauc_ndcg_at_3_std": 0.100583,
        "nauc_ndcg_at_3_diff1": 0.613215,
        "nauc_ndcg_at_5_max": 0.452252,
        "nauc_ndcg_at_5_std": -0.009406,
        "nauc_ndcg_at_5_diff1": 0.596124,
        "nauc_ndcg_at_10_max": 0.417316,
        "nauc_ndcg_at_10_std": -0.053872,
        "nauc_ndcg_at_10_diff1": 0.570193,
        "nauc_ndcg_at_20_max": 0.399847,
        "nauc_ndcg_at_20_std": 0.003886,
        "nauc_ndcg_at_20_diff1": 0.59424,
        "nauc_ndcg_at_100_max": 0.393507,
        "nauc_ndcg_at_100_std": -0.001377,
        "nauc_ndcg_at_100_diff1": 0.595464,
        "nauc_ndcg_at_1000_max": 0.374863,
        "nauc_ndcg_at_1000_std": -0.005429,
        "nauc_ndcg_at_1000_diff1": 0.57676,
        "nauc_map_at_1_max": 0.130745,
        "nauc_map_at_1_std": -0.254516,
        "nauc_map_at_1_diff1": 0.411933,
        "nauc_map_at_3_max": 0.453015,
        "nauc_map_at_3_std": 0.017081,
        "nauc_map_at_3_diff1": 0.578417,
        "nauc_map_at_5_max": 0.39129,
        "nauc_map_at_5_std": -0.059024,
        "nauc_map_at_5_diff1": 0.56758,
        "nauc_map_at_10_max": 0.370448,
        "nauc_map_at_10_std": -0.085877,
        "nauc_map_at_10_diff1": 0.556453,
        "nauc_map_at_20_max": 0.36728,
        "nauc_map_at_20_std": -0.04843,
        "nauc_map_at_20_diff1": 0.559207,
        "nauc_map_at_100_max": 0.365578,
        "nauc_map_at_100_std": -0.049906,
        "nauc_map_at_100_diff1": 0.559408,
        "nauc_map_at_1000_max": 0.36492,
        "nauc_map_at_1000_std": -0.050081,
        "nauc_map_at_1000_diff1": 0.558745,
        "nauc_recall_at_1_max": 0.130745,
        "nauc_recall_at_1_std": -0.254516,
        "nauc_recall_at_1_diff1": 0.411933,
        "nauc_recall_at_3_max": 0.734875,
        "nauc_recall_at_3_std": 0.25514,
        "nauc_recall_at_3_diff1": 0.593184,
        "nauc_recall_at_5_max": 0.714298,
        "nauc_recall_at_5_std": 0.064304,
        "nauc_recall_at_5_diff1": 0.631132,
        "nauc_recall_at_10_max": 0.687249,
        "nauc_recall_at_10_std": -0.106154,
        "nauc_recall_at_10_diff1": 0.519351,
        "nauc_recall_at_20_max": 0.785141,
        "nauc_recall_at_20_std": 0.129073,
        "nauc_recall_at_20_diff1": 0.908221,
        "nauc_recall_at_100_max": 0.795455,
        "nauc_recall_at_100_std": 0.090993,
        "nauc_recall_at_100_diff1": 1.0,
        "nauc_recall_at_1000_max": NaN,
        "nauc_recall_at_1000_std": NaN,
        "nauc_recall_at_1000_diff1": NaN,
        "nauc_precision_at_1_max": 0.11453,
        "nauc_precision_at_1_std": -0.14591,
        "nauc_precision_at_1_diff1": 0.456743,
        "nauc_precision_at_3_max": 0.629035,
        "nauc_precision_at_3_std": 0.348333,
        "nauc_precision_at_3_diff1": 0.587375,
        "nauc_precision_at_5_max": 0.391825,
        "nauc_precision_at_5_std": 0.126735,
        "nauc_precision_at_5_diff1": 0.487558,
        "nauc_precision_at_10_max": 0.261613,
        "nauc_precision_at_10_std": 0.121783,
        "nauc_precision_at_10_diff1": 0.322858,
        "nauc_precision_at_20_max": 0.166797,
        "nauc_precision_at_20_std": 0.349849,
        "nauc_precision_at_20_diff1": 0.299481,
        "nauc_precision_at_100_max": 0.085821,
        "nauc_precision_at_100_std": 0.272685,
        "nauc_precision_at_100_diff1": 0.229311,
        "nauc_precision_at_1000_max": -0.049214,
        "nauc_precision_at_1000_std": 0.307259,
        "nauc_precision_at_1000_diff1": 0.082659,
        "nauc_mrr_at_1_max": 0.11453,
        "nauc_mrr_at_1_std": -0.14591,
        "nauc_mrr_at_1_diff1": 0.456743,
        "nauc_mrr_at_3_max": 0.347829,
        "nauc_mrr_at_3_std": 0.054101,
        "nauc_mrr_at_3_diff1": 0.577789,
        "nauc_mrr_at_5_max": 0.314913,
        "nauc_mrr_at_5_std": 0.011592,
        "nauc_mrr_at_5_diff1": 0.570153,
        "nauc_mrr_at_10_max": 0.30326,
        "nauc_mrr_at_10_std": 0.005133,
        "nauc_mrr_at_10_diff1": 0.559383,
        "nauc_mrr_at_20_max": 0.298481,
        "nauc_mrr_at_20_std": -0.001691,
        "nauc_mrr_at_20_diff1": 0.564424,
        "nauc_mrr_at_100_max": 0.298481,
        "nauc_mrr_at_100_std": -0.001691,
        "nauc_mrr_at_100_diff1": 0.564424,
        "nauc_mrr_at_1000_max": 0.297806,
        "nauc_mrr_at_1000_std": -0.001782,
        "nauc_mrr_at_1000_diff1": 0.56384,
        "main_score": 0.54375,
        "hf_subset": "default",
        "languages": [
          "eng-Latn"
        ]
      }
    ]
  },
  "evaluation_time": 523.5353901386261,
  "kg_co2_emissions": null
}