{
  "dataset_revision": "831d292c3959eae59e4f89b8758738feee97d6cf",
  "task_name": "CoconutRetrieval",
  "mteb_version": "1.36.8",
  "scores": {
    "test": [
      {
        "ndcg_at_1": 0.00389,
        "ndcg_at_3": 0.00441,
        "ndcg_at_5": 0.00509,
        "ndcg_at_10": 0.00613,
        "ndcg_at_20": 0.00749,
        "ndcg_at_100": 0.01303,
        "ndcg_at_1000": 0.03567,
        "map_at_1": 0.00343,
        "map_at_3": 0.00395,
        "map_at_5": 0.00439,
        "map_at_10": 0.00487,
        "map_at_20": 0.00524,
        "map_at_100": 0.00598,
        "map_at_1000": 0.00662,
        "recall_at_1": 0.00343,
        "recall_at_3": 0.00468,
        "recall_at_5": 0.0063,
        "recall_at_10": 0.00913,
        "recall_at_20": 0.01388,
        "recall_at_100": 0.04029,
        "recall_at_1000": 0.20672,
        "precision_at_1": 0.00389,
        "precision_at_3": 0.00208,
        "precision_at_5": 0.00184,
        "precision_at_10": 0.00139,
        "precision_at_20": 0.00109,
        "precision_at_100": 0.00073,
        "precision_at_1000": 0.00039,
        "mrr_at_1": 0.003886,
        "mrr_at_3": 0.004671,
        "mrr_at_5": 0.005124,
        "mrr_at_10": 0.005575,
        "mrr_at_20": 0.006019,
        "mrr_at_100": 0.006732,
        "mrr_at_1000": 0.007291,
        "nauc_ndcg_at_1_max": 0.092545,
        "nauc_ndcg_at_1_std": 0.118263,
        "nauc_ndcg_at_1_diff1": 0.60628,
        "nauc_ndcg_at_3_max": 0.101645,
        "nauc_ndcg_at_3_std": 0.137572,
        "nauc_ndcg_at_3_diff1": 0.559589,
        "nauc_ndcg_at_5_max": 0.069755,
        "nauc_ndcg_at_5_std": 0.137396,
        "nauc_ndcg_at_5_diff1": 0.487264,
        "nauc_ndcg_at_10_max": 0.05555,
        "nauc_ndcg_at_10_std": 0.159528,
        "nauc_ndcg_at_10_diff1": 0.407185,
        "nauc_ndcg_at_20_max": 0.040512,
        "nauc_ndcg_at_20_std": 0.159214,
        "nauc_ndcg_at_20_diff1": 0.348349,
        "nauc_ndcg_at_100_max": 0.11135,
        "nauc_ndcg_at_100_std": 0.25168,
        "nauc_ndcg_at_100_diff1": 0.237596,
        "nauc_ndcg_at_1000_max": 0.202433,
        "nauc_ndcg_at_1000_std": 0.363138,
        "nauc_ndcg_at_1000_diff1": 0.148952,
        "nauc_map_at_1_max": 0.096687,
        "nauc_map_at_1_std": 0.075977,
        "nauc_map_at_1_diff1": 0.650672,
        "nauc_map_at_3_max": 0.099752,
        "nauc_map_at_3_std": 0.106591,
        "nauc_map_at_3_diff1": 0.598115,
        "nauc_map_at_5_max": 0.081475,
        "nauc_map_at_5_std": 0.115418,
        "nauc_map_at_5_diff1": 0.548107,
        "nauc_map_at_10_max": 0.073255,
        "nauc_map_at_10_std": 0.133945,
        "nauc_map_at_10_diff1": 0.495483,
        "nauc_map_at_20_max": 0.067431,
        "nauc_map_at_20_std": 0.137066,
        "nauc_map_at_20_diff1": 0.468088,
        "nauc_map_at_100_max": 0.082921,
        "nauc_map_at_100_std": 0.167074,
        "nauc_map_at_100_diff1": 0.420568,
        "nauc_map_at_1000_max": 0.099609,
        "nauc_map_at_1000_std": 0.191058,
        "nauc_map_at_1000_diff1": 0.392777,
        "nauc_recall_at_1_max": 0.096687,
        "nauc_recall_at_1_std": 0.075977,
        "nauc_recall_at_1_diff1": 0.650672,
        "nauc_recall_at_3_max": 0.091866,
        "nauc_recall_at_3_std": 0.131144,
        "nauc_recall_at_3_diff1": 0.52947,
        "nauc_recall_at_5_max": 0.031848,
        "nauc_recall_at_5_std": 0.129651,
        "nauc_recall_at_5_diff1": 0.399835,
        "nauc_recall_at_10_max": 0.009323,
        "nauc_recall_at_10_std": 0.157954,
        "nauc_recall_at_10_diff1": 0.281436,
        "nauc_recall_at_20_max": -0.010182,
        "nauc_recall_at_20_std": 0.151893,
        "nauc_recall_at_20_diff1": 0.213735,
        "nauc_recall_at_100_max": 0.131335,
        "nauc_recall_at_100_std": 0.295415,
        "nauc_recall_at_100_diff1": 0.12356,
        "nauc_recall_at_1000_max": 0.236339,
        "nauc_recall_at_1000_std": 0.409746,
        "nauc_recall_at_1000_diff1": 0.093686,
        "nauc_precision_at_1_max": 0.092545,
        "nauc_precision_at_1_std": 0.118263,
        "nauc_precision_at_1_diff1": 0.60628,
        "nauc_precision_at_3_max": 0.13648,
        "nauc_precision_at_3_std": 0.233496,
        "nauc_precision_at_3_diff1": 0.484415,
        "nauc_precision_at_5_max": 0.08412,
        "nauc_precision_at_5_std": 0.253518,
        "nauc_precision_at_5_diff1": 0.339777,
        "nauc_precision_at_10_max": 0.070723,
        "nauc_precision_at_10_std": 0.300797,
        "nauc_precision_at_10_diff1": 0.250082,
        "nauc_precision_at_20_max": 0.051066,
        "nauc_precision_at_20_std": 0.261652,
        "nauc_precision_at_20_diff1": 0.186011,
        "nauc_precision_at_100_max": 0.17806,
        "nauc_precision_at_100_std": 0.362008,
        "nauc_precision_at_100_diff1": 0.134493,
        "nauc_precision_at_1000_max": 0.232535,
        "nauc_precision_at_1000_std": 0.403684,
        "nauc_precision_at_1000_diff1": 0.08654,
        "nauc_mrr_at_1_max": 0.092545,
        "nauc_mrr_at_1_std": 0.118263,
        "nauc_mrr_at_1_diff1": 0.60628,
        "nauc_mrr_at_3_max": 0.107601,
        "nauc_mrr_at_3_std": 0.169848,
        "nauc_mrr_at_3_diff1": 0.55172,
        "nauc_mrr_at_5_max": 0.086743,
        "nauc_mrr_at_5_std": 0.17037,
        "nauc_mrr_at_5_diff1": 0.497199,
        "nauc_mrr_at_10_max": 0.083001,
        "nauc_mrr_at_10_std": 0.179043,
        "nauc_mrr_at_10_diff1": 0.457434,
        "nauc_mrr_at_20_max": 0.075461,
        "nauc_mrr_at_20_std": 0.177482,
        "nauc_mrr_at_20_diff1": 0.427259,
        "nauc_mrr_at_100_max": 0.086077,
        "nauc_mrr_at_100_std": 0.195594,
        "nauc_mrr_at_100_diff1": 0.392599,
        "nauc_mrr_at_1000_max": 0.096876,
        "nauc_mrr_at_1000_std": 0.209541,
        "nauc_mrr_at_1000_diff1": 0.37271,
        "main_score": 0.00613,
        "hf_subset": "default",
        "languages": [
          "eng-Latn"
        ]
      }
    ]
  },
  "evaluation_time": 249.5694591999054,
  "kg_co2_emissions": null
}