{
  "dataset_revision": "023e7a813e3b73d8d33551ed2aea511314d612e2",
  "evaluation_time": 20.37993311882019,
  "kg_co2_emissions": null,
  "mteb_version": "1.14.15",
  "scores": {
    "test": [
      {
        "hf_subset": "default",
        "languages": [
          "eng-Latn"
        ],
        "main_score": 0.46433,
        "map_at_1": 0.14198,
        "map_at_10": 0.3519,
        "map_at_100": 0.36254,
        "map_at_1000": 0.3627,
        "map_at_20": 0.35761,
        "map_at_3": 0.2963,
        "map_at_5": 0.32685,
        "mrr_at_1": 0.2222222222222222,
        "mrr_at_10": 0.4131687242798354,
        "mrr_at_100": 0.42044135562654084,
        "mrr_at_1000": 0.4205976300444187,
        "mrr_at_20": 0.41653572764683877,
        "mrr_at_3": 0.3827160493827161,
        "mrr_at_5": 0.4012345679012346,
        "nauc_map_at_1000_diff1": -0.08971445225080944,
        "nauc_map_at_1000_max": 0.24447444313474148,
        "nauc_map_at_1000_std": -0.06989894803339831,
        "nauc_map_at_100_diff1": -0.08941169697369938,
        "nauc_map_at_100_max": 0.24489627146205292,
        "nauc_map_at_100_std": -0.07023924406168733,
        "nauc_map_at_10_diff1": -0.11488813980313042,
        "nauc_map_at_10_max": 0.22379896762345386,
        "nauc_map_at_10_std": -0.08998639967613031,
        "nauc_map_at_1_diff1": -0.008649751547399843,
        "nauc_map_at_1_max": 0.21011071382232305,
        "nauc_map_at_1_std": -0.24794312208576988,
        "nauc_map_at_20_diff1": -0.09500463690151727,
        "nauc_map_at_20_max": 0.2503427444798523,
        "nauc_map_at_20_std": -0.06566976954303302,
        "nauc_map_at_3_diff1": -0.16906514840382916,
        "nauc_map_at_3_max": 0.25587020698132595,
        "nauc_map_at_3_std": -0.0672282945900931,
        "nauc_map_at_5_diff1": -0.12124764777387526,
        "nauc_map_at_5_max": 0.22449184073036593,
        "nauc_map_at_5_std": -0.05060088030904482,
        "nauc_mrr_at_1000_diff1": 0.03808517728680038,
        "nauc_mrr_at_1000_max": 0.2074523807910165,
        "nauc_mrr_at_1000_std": -0.0975601475773128,
        "nauc_mrr_at_100_diff1": 0.03825516475460922,
        "nauc_mrr_at_100_max": 0.20780367091259347,
        "nauc_mrr_at_100_std": -0.09781292880414191,
        "nauc_mrr_at_10_diff1": 0.01445703824250443,
        "nauc_mrr_at_10_max": 0.19100895351218142,
        "nauc_mrr_at_10_std": -0.11205549959753391,
        "nauc_mrr_at_1_diff1": 0.16717145815966275,
        "nauc_mrr_at_1_max": 0.18594807802355134,
        "nauc_mrr_at_1_std": -0.204343530147893,
        "nauc_mrr_at_20_diff1": 0.034253256443612025,
        "nauc_mrr_at_20_max": 0.21225148489614742,
        "nauc_mrr_at_20_std": -0.0932956720297168,
        "nauc_mrr_at_3_diff1": 0.052520020222245306,
        "nauc_mrr_at_3_max": 0.22827628689569307,
        "nauc_mrr_at_3_std": -0.044962255627293675,
        "nauc_mrr_at_5_diff1": 0.017403282306889825,
        "nauc_mrr_at_5_max": 0.18405232125504295,
        "nauc_mrr_at_5_std": -0.08334197976636908,
        "nauc_ndcg_at_1000_diff1": -0.039151576549427164,
        "nauc_ndcg_at_1000_max": 0.2629119095800577,
        "nauc_ndcg_at_1000_std": -0.047772427944074665,
        "nauc_ndcg_at_100_diff1": -0.0303497476162061,
        "nauc_ndcg_at_100_max": 0.27632949149719266,
        "nauc_ndcg_at_100_std": -0.059417563856354674,
        "nauc_ndcg_at_10_diff1": -0.12318068008161595,
        "nauc_ndcg_at_10_max": 0.2335711768363797,
        "nauc_ndcg_at_10_std": -0.09608258559733947,
        "nauc_ndcg_at_1_diff1": 0.16717145815966275,
        "nauc_ndcg_at_1_max": 0.18594807802355134,
        "nauc_ndcg_at_1_std": -0.204343530147893,
        "nauc_ndcg_at_20_diff1": -0.06132115908195037,
        "nauc_ndcg_at_20_max": 0.31605863434040327,
        "nauc_ndcg_at_20_std": -0.021693641051153078,
        "nauc_ndcg_at_3_diff1": -0.15017229980161742,
        "nauc_ndcg_at_3_max": 0.28153114811566415,
        "nauc_ndcg_at_3_std": 0.014560754823346003,
        "nauc_ndcg_at_5_diff1": -0.12561370281329462,
        "nauc_ndcg_at_5_max": 0.2206560512144189,
        "nauc_ndcg_at_5_std": 0.0009939144602839848,
        "nauc_precision_at_1000_diff1": 0.44386047921928806,
        "nauc_precision_at_1000_max": 0.166588820276494,
        "nauc_precision_at_1000_std": 0.2597590534922626,
        "nauc_precision_at_100_diff1": 0.43636199397502373,
        "nauc_precision_at_100_max": 0.22749535599871723,
        "nauc_precision_at_100_std": 0.18744338418850143,
        "nauc_precision_at_10_diff1": 0.07973015814258207,
        "nauc_precision_at_10_max": 0.17387519534913468,
        "nauc_precision_at_10_std": 0.006165598161789656,
        "nauc_precision_at_1_diff1": 0.16717145815966275,
        "nauc_precision_at_1_max": 0.18594807802355134,
        "nauc_precision_at_1_std": -0.204343530147893,
        "nauc_precision_at_20_diff1": 0.27023186011582484,
        "nauc_precision_at_20_max": 0.3721244972203751,
        "nauc_precision_at_20_std": 0.2367269484670041,
        "nauc_precision_at_3_diff1": -0.07069676736709958,
        "nauc_precision_at_3_max": 0.35608691315250524,
        "nauc_precision_at_3_std": 0.24887194975668764,
        "nauc_precision_at_5_diff1": 0.04376889237676772,
        "nauc_precision_at_5_max": 0.1899968908036588,
        "nauc_precision_at_5_std": 0.20924272706908306,
        "nauc_recall_at_1000_diff1": NaN,
        "nauc_recall_at_1000_max": NaN,
        "nauc_recall_at_1000_std": NaN,
        "nauc_recall_at_100_diff1": 0.35754995778215537,
        "nauc_recall_at_100_max": 0.8676470588235302,
        "nauc_recall_at_100_std": -0.572622810625901,
        "nauc_recall_at_10_diff1": -0.3194899169402758,
        "nauc_recall_at_10_max": 0.3010437792569026,
        "nauc_recall_at_10_std": -0.1606738569707046,
        "nauc_recall_at_1_diff1": -0.008649751547399843,
        "nauc_recall_at_1_max": 0.21011071382232305,
        "nauc_recall_at_1_std": -0.24794312208576988,
        "nauc_recall_at_20_diff1": -0.12720305527165873,
        "nauc_recall_at_20_max": 0.6431192397785698,
        "nauc_recall_at_20_std": 0.11748805129631226,
        "nauc_recall_at_3_diff1": -0.2491763881546212,
        "nauc_recall_at_3_max": 0.2851283780631922,
        "nauc_recall_at_3_std": 0.16342512866961084,
        "nauc_recall_at_5_diff1": -0.2302178960536278,
        "nauc_recall_at_5_max": 0.19594400209492505,
        "nauc_recall_at_5_std": 0.13704820990670222,
        "ndcg_at_1": 0.22222,
        "ndcg_at_10": 0.46433,
        "ndcg_at_100": 0.51247,
        "ndcg_at_1000": 0.51716,
        "ndcg_at_20": 0.48128,
        "ndcg_at_3": 0.3667,
        "ndcg_at_5": 0.411,
        "precision_at_1": 0.22222,
        "precision_at_10": 0.0963,
        "precision_at_100": 0.01259,
        "precision_at_1000": 0.0013,
        "precision_at_20": 0.0537,
        "precision_at_3": 0.19753,
        "precision_at_5": 0.14815,
        "recall_at_1": 0.14198,
        "recall_at_10": 0.74691,
        "recall_at_100": 0.96296,
        "recall_at_1000": 1.0,
        "recall_at_20": 0.80247,
        "recall_at_3": 0.49383,
        "recall_at_5": 0.58642
      }
    ]
  },
  "task_name": "ChemNQRetrieval"
}