{
  "dataset_revision": "831d292c3959eae59e4f89b8758738feee97d6cf",
  "evaluation_time": 41.80220437049866,
  "kg_co2_emissions": null,
  "mteb_version": "1.14.15",
  "scores": {
    "test": [
      {
        "hf_subset": "default",
        "languages": [
          "eng-Latn"
        ],
        "main_score": 0.00348,
        "map_at_1": 0.00154,
        "map_at_10": 0.00262,
        "map_at_100": 0.00325,
        "map_at_1000": 0.00365,
        "map_at_20": 0.00284,
        "map_at_3": 0.00213,
        "map_at_5": 0.00239,
        "mrr_at_1": 0.0018839043918521135,
        "mrr_at_10": 0.0030883977281010123,
        "mrr_at_100": 0.0037899743866128843,
        "mrr_at_1000": 0.004205951234706286,
        "mrr_at_20": 0.0033237872766072817,
        "mrr_at_3": 0.0025314965265512772,
        "mrr_at_5": 0.002766984575532791,
        "nauc_map_at_1000_diff1": 0.2516892163066183,
        "nauc_map_at_1000_max": 0.29537065195136686,
        "nauc_map_at_1000_std": 0.5411528944340298,
        "nauc_map_at_100_diff1": 0.2837246628438109,
        "nauc_map_at_100_max": 0.3245071344555504,
        "nauc_map_at_100_std": 0.5842719237691074,
        "nauc_map_at_10_diff1": 0.3818305011541299,
        "nauc_map_at_10_max": 0.3671738343043391,
        "nauc_map_at_10_std": 0.6673217460230568,
        "nauc_map_at_1_diff1": 0.7034120451259701,
        "nauc_map_at_1_max": 0.4983687330916055,
        "nauc_map_at_1_std": 0.8067433981582334,
        "nauc_map_at_20_diff1": 0.3338271585024566,
        "nauc_map_at_20_max": 0.3406894450602891,
        "nauc_map_at_20_std": 0.6273230241818534,
        "nauc_map_at_3_diff1": 0.45144595773396595,
        "nauc_map_at_3_max": 0.4362901449600655,
        "nauc_map_at_3_std": 0.7037677366495013,
        "nauc_map_at_5_diff1": 0.4319390887184805,
        "nauc_map_at_5_max": 0.3904913655103744,
        "nauc_map_at_5_std": 0.6887371001434989,
        "nauc_mrr_at_1000_diff1": 0.20328532867365942,
        "nauc_mrr_at_1000_max": 0.24989436750352018,
        "nauc_mrr_at_1000_std": 0.5115566941121557,
        "nauc_mrr_at_100_diff1": 0.22629515181344825,
        "nauc_mrr_at_100_max": 0.27138644309290283,
        "nauc_mrr_at_100_std": 0.5492177918175458,
        "nauc_mrr_at_10_diff1": 0.30595597817086156,
        "nauc_mrr_at_10_max": 0.2889300203295214,
        "nauc_mrr_at_10_std": 0.6129316750396518,
        "nauc_mrr_at_1_diff1": 0.5344744031599927,
        "nauc_mrr_at_1_max": 0.43017080031504223,
        "nauc_mrr_at_1_std": 0.7196210485187996,
        "nauc_mrr_at_20_diff1": 0.2666974755021935,
        "nauc_mrr_at_20_max": 0.2816683143222734,
        "nauc_mrr_at_20_std": 0.5869190394594197,
        "nauc_mrr_at_3_diff1": 0.362436377727758,
        "nauc_mrr_at_3_max": 0.3657481347004842,
        "nauc_mrr_at_3_std": 0.6430131192001486,
        "nauc_mrr_at_5_diff1": 0.35869683771441524,
        "nauc_mrr_at_5_max": 0.3248047948309712,
        "nauc_mrr_at_5_std": 0.6415022954482889,
        "nauc_ndcg_at_1000_diff1": 0.005523019498181846,
        "nauc_ndcg_at_1000_max": 0.10437777628430761,
        "nauc_ndcg_at_1000_std": 0.23217488141180706,
        "nauc_ndcg_at_100_diff1": 0.086524924409763,
        "nauc_ndcg_at_100_max": 0.22320477941859784,
        "nauc_ndcg_at_100_std": 0.4218344776308395,
        "nauc_ndcg_at_10_diff1": 0.2793866865343223,
        "nauc_ndcg_at_10_max": 0.28245455621741095,
        "nauc_ndcg_at_10_std": 0.6060133117911398,
        "nauc_ndcg_at_1_diff1": 0.5344744031599927,
        "nauc_ndcg_at_1_max": 0.43017080031504223,
        "nauc_ndcg_at_1_std": 0.7196210485187996,
        "nauc_ndcg_at_20_diff1": 0.18929683688817953,
        "nauc_ndcg_at_20_max": 0.24701231162013695,
        "nauc_ndcg_at_20_std": 0.5328721382093875,
        "nauc_ndcg_at_3_diff1": 0.3876840525041015,
        "nauc_ndcg_at_3_max": 0.3973962505558183,
        "nauc_ndcg_at_3_std": 0.6634613212435707,
        "nauc_ndcg_at_5_diff1": 0.3754358449972071,
        "nauc_ndcg_at_5_max": 0.32822539502402903,
        "nauc_ndcg_at_5_std": 0.6494439105719803,
        "nauc_precision_at_1000_diff1": -0.040778236852174105,
        "nauc_precision_at_1000_max": 0.052500361273664,
        "nauc_precision_at_1000_std": 0.14838054873720413,
        "nauc_precision_at_100_diff1": -0.03905722256187718,
        "nauc_precision_at_100_max": 0.15744845434608395,
        "nauc_precision_at_100_std": 0.301996096568504,
        "nauc_precision_at_10_diff1": 0.07883002400714632,
        "nauc_precision_at_10_max": 0.14476008004557778,
        "nauc_precision_at_10_std": 0.4872761936203781,
        "nauc_precision_at_1_diff1": 0.5344744031599927,
        "nauc_precision_at_1_max": 0.43017080031504223,
        "nauc_precision_at_1_std": 0.7196210485187996,
        "nauc_precision_at_20_diff1": -0.03833076120439293,
        "nauc_precision_at_20_max": 0.10608903293203636,
        "nauc_precision_at_20_std": 0.37925374191165706,
        "nauc_precision_at_3_diff1": 0.2260444939058522,
        "nauc_precision_at_3_max": 0.32760785131550746,
        "nauc_precision_at_3_std": 0.5926515478957067,
        "nauc_precision_at_5_diff1": 0.21177797674037274,
        "nauc_precision_at_5_max": 0.22114669407567963,
        "nauc_precision_at_5_std": 0.571651719056439,
        "nauc_recall_at_1000_diff1": -0.03746504457067333,
        "nauc_recall_at_1000_max": 0.06571442793542388,
        "nauc_recall_at_1000_std": 0.15953249862642357,
        "nauc_recall_at_100_diff1": -0.010375972550318828,
        "nauc_recall_at_100_max": 0.1819963610440293,
        "nauc_recall_at_100_std": 0.3332403291747036,
        "nauc_recall_at_10_diff1": 0.16881275380500926,
        "nauc_recall_at_10_max": 0.20244119179428763,
        "nauc_recall_at_10_std": 0.547733105300688,
        "nauc_recall_at_1_diff1": 0.7034120451259701,
        "nauc_recall_at_1_max": 0.4983687330916055,
        "nauc_recall_at_1_std": 0.8067433981582334,
        "nauc_recall_at_20_diff1": 0.05131039471957363,
        "nauc_recall_at_20_max": 0.17024092813169422,
        "nauc_recall_at_20_std": 0.4404492610503829,
        "nauc_recall_at_3_diff1": 0.3196304744359092,
        "nauc_recall_at_3_max": 0.3647018921476934,
        "nauc_recall_at_3_std": 0.6190897340915454,
        "nauc_recall_at_5_diff1": 0.3221215085710116,
        "nauc_recall_at_5_max": 0.25017718469625744,
        "nauc_recall_at_5_std": 0.6042525887602533,
        "ndcg_at_1": 0.00188,
        "ndcg_at_10": 0.00348,
        "ndcg_at_100": 0.00752,
        "ndcg_at_1000": 0.02278,
        "ndcg_at_20": 0.00426,
        "ndcg_at_3": 0.00242,
        "ndcg_at_5": 0.00284,
        "precision_at_1": 0.00188,
        "precision_at_10": 0.00082,
        "precision_at_100": 0.0004,
        "precision_at_1000": 0.00024,
        "precision_at_20": 0.00067,
        "precision_at_3": 0.00118,
        "precision_at_5": 0.00099,
        "recall_at_1": 0.00154,
        "recall_at_10": 0.0056,
        "recall_at_100": 0.02427,
        "recall_at_1000": 0.13857,
        "recall_at_20": 0.00824,
        "recall_at_3": 0.00285,
        "recall_at_5": 0.0038
      }
    ]
  },
  "task_name": "CoconutRetrieval"
}