{
  "dataset_revision": "023e7a813e3b73d8d33551ed2aea511314d612e2",
  "evaluation_time": 58.31671714782715,
  "kg_co2_emissions": null,
  "mteb_version": "1.14.15",
  "scores": {
    "test": [
      {
        "hf_subset": "default",
        "languages": [
          "eng-Latn"
        ],
        "main_score": 0.6507,
        "map_at_1": 0.2963,
        "map_at_10": 0.54233,
        "map_at_100": 0.54488,
        "map_at_1000": 0.54505,
        "map_at_20": 0.54428,
        "map_at_3": 0.48971,
        "map_at_5": 0.52305,
        "mrr_at_1": 0.37037037037037035,
        "mrr_at_10": 0.591710758377425,
        "mrr_at_100": 0.5936600761162164,
        "mrr_at_1000": 0.593829970781524,
        "mrr_at_20": 0.5936600761162164,
        "mrr_at_3": 0.5679012345679012,
        "mrr_at_5": 0.5864197530864198,
        "nauc_map_at_1000_diff1": 0.2094579800075857,
        "nauc_map_at_1000_max": 0.37680714184037517,
        "nauc_map_at_1000_std": 0.023254296272875313,
        "nauc_map_at_100_diff1": 0.209559078487056,
        "nauc_map_at_100_max": 0.3769295262524464,
        "nauc_map_at_100_std": 0.023118568285163402,
        "nauc_map_at_10_diff1": 0.210001561687144,
        "nauc_map_at_10_max": 0.3815283591028442,
        "nauc_map_at_10_std": 0.02288974687167723,
        "nauc_map_at_1_diff1": 0.20587831826157557,
        "nauc_map_at_1_max": 0.19127391486064654,
        "nauc_map_at_1_std": -0.10238055347051646,
        "nauc_map_at_20_diff1": 0.20884741322270683,
        "nauc_map_at_20_max": 0.37885526061883507,
        "nauc_map_at_20_std": 0.024442085483164327,
        "nauc_map_at_3_diff1": 0.11255107964052888,
        "nauc_map_at_3_max": 0.3613491723537156,
        "nauc_map_at_3_std": 0.0623278943534767,
        "nauc_map_at_5_diff1": 0.18809264147271743,
        "nauc_map_at_5_max": 0.3577433289770362,
        "nauc_map_at_5_std": 0.046723754391129114,
        "nauc_mrr_at_1000_diff1": 0.32152579691838157,
        "nauc_mrr_at_1000_max": 0.45479427298189895,
        "nauc_mrr_at_1000_std": -0.07478630371728205,
        "nauc_mrr_at_100_diff1": 0.3215492661954139,
        "nauc_mrr_at_100_max": 0.4548602589183795,
        "nauc_mrr_at_100_std": -0.07485195908060532,
        "nauc_mrr_at_10_diff1": 0.3218163732231886,
        "nauc_mrr_at_10_max": 0.4568516651031047,
        "nauc_mrr_at_10_std": -0.07559919168305895,
        "nauc_mrr_at_1_diff1": 0.3723733983796107,
        "nauc_mrr_at_1_max": 0.34791300246435347,
        "nauc_mrr_at_1_std": -0.19334239441375983,
        "nauc_mrr_at_20_diff1": 0.3215492661954139,
        "nauc_mrr_at_20_max": 0.4548602589183795,
        "nauc_mrr_at_20_std": -0.07485195908060532,
        "nauc_mrr_at_3_diff1": 0.25815672742296547,
        "nauc_mrr_at_3_max": 0.47741145732203377,
        "nauc_mrr_at_3_std": -0.007044286304506096,
        "nauc_mrr_at_5_diff1": 0.3297413427727456,
        "nauc_mrr_at_5_max": 0.46757399805135125,
        "nauc_mrr_at_5_std": -0.054365705522634804,
        "nauc_ndcg_at_1000_diff1": 0.25187507909379453,
        "nauc_ndcg_at_1000_max": 0.4170919377792087,
        "nauc_ndcg_at_1000_std": 0.002941839147953036,
        "nauc_ndcg_at_100_diff1": 0.25438876498093427,
        "nauc_ndcg_at_100_max": 0.4203980285934168,
        "nauc_ndcg_at_100_std": -0.0013042747986375329,
        "nauc_ndcg_at_10_diff1": 0.25419220143521,
        "nauc_ndcg_at_10_max": 0.4433576841221251,
        "nauc_ndcg_at_10_std": -0.0006769803185306079,
        "nauc_ndcg_at_1_diff1": 0.3723733983796107,
        "nauc_ndcg_at_1_max": 0.34791300246435347,
        "nauc_ndcg_at_1_std": -0.19334239441375983,
        "nauc_ndcg_at_20_diff1": 0.24980500212562903,
        "nauc_ndcg_at_20_max": 0.4314766583961795,
        "nauc_ndcg_at_20_std": 0.006746402139729378,
        "nauc_ndcg_at_3_diff1": 0.09369832700249348,
        "nauc_ndcg_at_3_max": 0.4263457873126477,
        "nauc_ndcg_at_3_std": 0.10455193528093581,
        "nauc_ndcg_at_5_diff1": 0.23345187097181824,
        "nauc_ndcg_at_5_max": 0.41976054831083337,
        "nauc_ndcg_at_5_std": 0.061552051465691336,
        "nauc_precision_at_1000_diff1": 0.3337294315589637,
        "nauc_precision_at_1000_max": 0.13190524087647137,
        "nauc_precision_at_1000_std": -0.06845483687173075,
        "nauc_precision_at_100_diff1": 0.33579891117073174,
        "nauc_precision_at_100_max": 0.16875663966161317,
        "nauc_precision_at_100_std": -0.07776026533065993,
        "nauc_precision_at_10_diff1": 0.3756742967516138,
        "nauc_precision_at_10_max": 0.34026688759505963,
        "nauc_precision_at_10_std": -0.04776132900687547,
        "nauc_precision_at_1_diff1": 0.3723733983796107,
        "nauc_precision_at_1_max": 0.34791300246435347,
        "nauc_precision_at_1_std": -0.19334239441375983,
        "nauc_precision_at_20_diff1": 0.3775288160796838,
        "nauc_precision_at_20_max": 0.3010780432895392,
        "nauc_precision_at_20_std": -0.034684300376738454,
        "nauc_precision_at_3_diff1": 0.21037054851876755,
        "nauc_precision_at_3_max": 0.503032954479378,
        "nauc_precision_at_3_std": 0.13310586009921438,
        "nauc_precision_at_5_diff1": 0.3930382933969272,
        "nauc_precision_at_5_max": 0.3690151412596628,
        "nauc_precision_at_5_std": 0.0795453370165055,
        "nauc_recall_at_1000_diff1": NaN,
        "nauc_recall_at_1000_max": NaN,
        "nauc_recall_at_1000_std": NaN,
        "nauc_recall_at_100_diff1": 0.35754995778215537,
        "nauc_recall_at_100_max": 0.5560793695468637,
        "nauc_recall_at_100_std": -0.1755639870964916,
        "nauc_recall_at_10_diff1": 0.28139082279949096,
        "nauc_recall_at_10_max": 0.6911463149853239,
        "nauc_recall_at_10_std": -0.07104350757601491,
        "nauc_recall_at_1_diff1": 0.20587831826157557,
        "nauc_recall_at_1_max": 0.19127391486064654,
        "nauc_recall_at_1_std": -0.10238055347051646,
        "nauc_recall_at_20_diff1": 0.22427147156249186,
        "nauc_recall_at_20_max": 0.667059527160145,
        "nauc_recall_at_20_std": 0.007346852064345439,
        "nauc_recall_at_3_diff1": -0.14537061032343632,
        "nauc_recall_at_3_max": 0.44217042566064935,
        "nauc_recall_at_3_std": 0.27686292953654634,
        "nauc_recall_at_5_diff1": 0.1892057831595656,
        "nauc_recall_at_5_max": 0.451385786594091,
        "nauc_recall_at_5_std": 0.2161242692805113,
        "ndcg_at_1": 0.37037,
        "ndcg_at_10": 0.6507,
        "ndcg_at_100": 0.66219,
        "ndcg_at_1000": 0.66695,
        "ndcg_at_20": 0.65927,
        "ndcg_at_3": 0.56739,
        "ndcg_at_5": 0.61686,
        "precision_at_1": 0.37037,
        "precision_at_10": 0.11852,
        "precision_at_100": 0.01259,
        "precision_at_1000": 0.0013,
        "precision_at_20": 0.06111,
        "precision_at_3": 0.2963,
        "precision_at_5": 0.20741,
        "recall_at_1": 0.2963,
        "recall_at_10": 0.91358,
        "recall_at_100": 0.96296,
        "recall_at_1000": 1.0,
        "recall_at_20": 0.95062,
        "recall_at_3": 0.70988,
        "recall_at_5": 0.82099
      }
    ]
  },
  "task_name": "ChemNQRetrieval"
}