{
  "dataset_revision": "f39c1d16edd269f233be381216bc8146f0857124",
  "evaluation_time": 65.9423394203186,
  "kg_co2_emissions": null,
  "mteb_version": "1.14.15",
  "scores": {
    "dev": [
      {
        "hf_subset": "default",
        "languages": [
          "eng-Latn"
        ],
        "main_score": 0.90773,
        "map_at_1": 0.75,
        "map_at_10": 0.875,
        "map_at_100": 0.875,
        "map_at_1000": 0.875,
        "map_at_20": 0.875,
        "map_at_3": 0.875,
        "map_at_5": 0.875,
        "mrr_at_1": 0.75,
        "mrr_at_10": 0.875,
        "mrr_at_100": 0.875,
        "mrr_at_1000": 0.875,
        "mrr_at_20": 0.875,
        "mrr_at_3": 0.875,
        "mrr_at_5": 0.875,
        "nauc_map_at_1000_diff1": 1.0,
        "nauc_map_at_1000_max": 0.8318318318318324,
        "nauc_map_at_1000_std": -0.560360360360359,
        "nauc_map_at_100_diff1": 1.0,
        "nauc_map_at_100_max": 0.8318318318318324,
        "nauc_map_at_100_std": -0.560360360360359,
        "nauc_map_at_10_diff1": 1.0,
        "nauc_map_at_10_max": 0.8318318318318324,
        "nauc_map_at_10_std": -0.560360360360359,
        "nauc_map_at_1_diff1": 1.0,
        "nauc_map_at_1_max": 0.8318318318318318,
        "nauc_map_at_1_std": -0.5603603603603606,
        "nauc_map_at_20_diff1": 1.0,
        "nauc_map_at_20_max": 0.8318318318318324,
        "nauc_map_at_20_std": -0.560360360360359,
        "nauc_map_at_3_diff1": 1.0,
        "nauc_map_at_3_max": 0.8318318318318324,
        "nauc_map_at_3_std": -0.560360360360359,
        "nauc_map_at_5_diff1": 1.0,
        "nauc_map_at_5_max": 0.8318318318318324,
        "nauc_map_at_5_std": -0.560360360360359,
        "nauc_mrr_at_1000_diff1": 1.0,
        "nauc_mrr_at_1000_max": 0.8318318318318324,
        "nauc_mrr_at_1000_std": -0.560360360360359,
        "nauc_mrr_at_100_diff1": 1.0,
        "nauc_mrr_at_100_max": 0.8318318318318324,
        "nauc_mrr_at_100_std": -0.560360360360359,
        "nauc_mrr_at_10_diff1": 1.0,
        "nauc_mrr_at_10_max": 0.8318318318318324,
        "nauc_mrr_at_10_std": -0.560360360360359,
        "nauc_mrr_at_1_diff1": 1.0,
        "nauc_mrr_at_1_max": 0.8318318318318318,
        "nauc_mrr_at_1_std": -0.5603603603603606,
        "nauc_mrr_at_20_diff1": 1.0,
        "nauc_mrr_at_20_max": 0.8318318318318324,
        "nauc_mrr_at_20_std": -0.560360360360359,
        "nauc_mrr_at_3_diff1": 1.0,
        "nauc_mrr_at_3_max": 0.8318318318318324,
        "nauc_mrr_at_3_std": -0.560360360360359,
        "nauc_mrr_at_5_diff1": 1.0,
        "nauc_mrr_at_5_max": 0.8318318318318324,
        "nauc_mrr_at_5_std": -0.560360360360359,
        "nauc_ndcg_at_1000_diff1": 1.0,
        "nauc_ndcg_at_1000_max": 0.8318318318318315,
        "nauc_ndcg_at_1000_std": -0.56036036036036,
        "nauc_ndcg_at_100_diff1": 1.0,
        "nauc_ndcg_at_100_max": 0.8318318318318315,
        "nauc_ndcg_at_100_std": -0.56036036036036,
        "nauc_ndcg_at_10_diff1": 1.0,
        "nauc_ndcg_at_10_max": 0.8318318318318315,
        "nauc_ndcg_at_10_std": -0.56036036036036,
        "nauc_ndcg_at_1_diff1": 1.0,
        "nauc_ndcg_at_1_max": 0.8318318318318318,
        "nauc_ndcg_at_1_std": -0.5603603603603606,
        "nauc_ndcg_at_20_diff1": 1.0,
        "nauc_ndcg_at_20_max": 0.8318318318318315,
        "nauc_ndcg_at_20_std": -0.56036036036036,
        "nauc_ndcg_at_3_diff1": 1.0,
        "nauc_ndcg_at_3_max": 0.8318318318318315,
        "nauc_ndcg_at_3_std": -0.56036036036036,
        "nauc_ndcg_at_5_diff1": 1.0,
        "nauc_ndcg_at_5_max": 0.8318318318318315,
        "nauc_ndcg_at_5_std": -0.56036036036036,
        "nauc_precision_at_1000_diff1": 1.0,
        "nauc_precision_at_1000_max": 1.0,
        "nauc_precision_at_1000_std": 1.0,
        "nauc_precision_at_100_diff1": 1.0,
        "nauc_precision_at_100_max": 1.0,
        "nauc_precision_at_100_std": 1.0,
        "nauc_precision_at_10_diff1": NaN,
        "nauc_precision_at_10_max": NaN,
        "nauc_precision_at_10_std": NaN,
        "nauc_precision_at_1_diff1": 1.0,
        "nauc_precision_at_1_max": 0.8318318318318318,
        "nauc_precision_at_1_std": -0.5603603603603606,
        "nauc_precision_at_20_diff1": NaN,
        "nauc_precision_at_20_max": NaN,
        "nauc_precision_at_20_std": NaN,
        "nauc_precision_at_3_diff1": NaN,
        "nauc_precision_at_3_max": NaN,
        "nauc_precision_at_3_std": NaN,
        "nauc_precision_at_5_diff1": NaN,
        "nauc_precision_at_5_max": NaN,
        "nauc_precision_at_5_std": NaN,
        "nauc_recall_at_1000_diff1": NaN,
        "nauc_recall_at_1000_max": NaN,
        "nauc_recall_at_1000_std": NaN,
        "nauc_recall_at_100_diff1": NaN,
        "nauc_recall_at_100_max": NaN,
        "nauc_recall_at_100_std": NaN,
        "nauc_recall_at_10_diff1": NaN,
        "nauc_recall_at_10_max": NaN,
        "nauc_recall_at_10_std": NaN,
        "nauc_recall_at_1_diff1": 1.0,
        "nauc_recall_at_1_max": 0.8318318318318318,
        "nauc_recall_at_1_std": -0.5603603603603606,
        "nauc_recall_at_20_diff1": NaN,
        "nauc_recall_at_20_max": NaN,
        "nauc_recall_at_20_std": NaN,
        "nauc_recall_at_3_diff1": NaN,
        "nauc_recall_at_3_max": NaN,
        "nauc_recall_at_3_std": NaN,
        "nauc_recall_at_5_diff1": NaN,
        "nauc_recall_at_5_max": NaN,
        "nauc_recall_at_5_std": NaN,
        "ndcg_at_1": 0.75,
        "ndcg_at_10": 0.90773,
        "ndcg_at_100": 0.90773,
        "ndcg_at_1000": 0.90773,
        "ndcg_at_20": 0.90773,
        "ndcg_at_3": 0.90773,
        "ndcg_at_5": 0.90773,
        "precision_at_1": 0.75,
        "precision_at_10": 0.1,
        "precision_at_100": 0.01,
        "precision_at_1000": 0.001,
        "precision_at_20": 0.05,
        "precision_at_3": 0.33333,
        "precision_at_5": 0.2,
        "recall_at_1": 0.75,
        "recall_at_10": 1.0,
        "recall_at_100": 1.0,
        "recall_at_1000": 1.0,
        "recall_at_20": 1.0,
        "recall_at_3": 1.0,
        "recall_at_5": 1.0
      }
    ],
    "test": [
      {
        "hf_subset": "default",
        "languages": [
          "eng-Latn"
        ],
        "main_score": 0.70172,
        "map_at_1": 0.61111,
        "map_at_10": 0.67593,
        "map_at_100": 0.68242,
        "map_at_1000": 0.68242,
        "map_at_20": 0.67963,
        "map_at_3": 0.67593,
        "map_at_5": 0.67593,
        "mrr_at_1": 0.6111111111111112,
        "mrr_at_10": 0.6759259259259259,
        "mrr_at_100": 0.6824177591245864,
        "mrr_at_1000": 0.6824177591245864,
        "mrr_at_20": 0.6796296296296296,
        "mrr_at_3": 0.6759259259259259,
        "mrr_at_5": 0.6759259259259259,
        "nauc_map_at_1000_diff1": 0.7953519782053928,
        "nauc_map_at_1000_max": 0.5384864368884117,
        "nauc_map_at_1000_std": -0.2219708573289735,
        "nauc_map_at_100_diff1": 0.7953519782053928,
        "nauc_map_at_100_max": 0.5384864368884117,
        "nauc_map_at_100_std": -0.2219708573289735,
        "nauc_map_at_10_diff1": 0.7931311832227065,
        "nauc_map_at_10_max": 0.5334028456368264,
        "nauc_map_at_10_std": -0.2380662006419393,
        "nauc_map_at_1_diff1": 0.8742173603934805,
        "nauc_map_at_1_max": 0.5364902330277223,
        "nauc_map_at_1_std": -0.19782803468590032,
        "nauc_map_at_20_diff1": 0.7950012582386065,
        "nauc_map_at_20_max": 0.5422853346501565,
        "nauc_map_at_20_std": -0.2178940196893178,
        "nauc_map_at_3_diff1": 0.7931311832227065,
        "nauc_map_at_3_max": 0.5334028456368264,
        "nauc_map_at_3_std": -0.2380662006419393,
        "nauc_map_at_5_diff1": 0.7931311832227065,
        "nauc_map_at_5_max": 0.5334028456368264,
        "nauc_map_at_5_std": -0.2380662006419393,
        "nauc_mrr_at_1000_diff1": 0.7953519782053928,
        "nauc_mrr_at_1000_max": 0.5384864368884117,
        "nauc_mrr_at_1000_std": -0.2219708573289735,
        "nauc_mrr_at_100_diff1": 0.7953519782053928,
        "nauc_mrr_at_100_max": 0.5384864368884117,