{
  "dataset_revision": "831d292c3959eae59e4f89b8758738feee97d6cf",
  "evaluation_time": 63.620598793029785,
  "kg_co2_emissions": null,
  "mteb_version": "1.14.15",
  "scores": {
    "test": [
      {
        "hf_subset": "default",
        "languages": [
          "eng-Latn"
        ],
        "main_score": 0.00555,
        "map_at_1": 0.00269,
        "map_at_10": 0.00433,
        "map_at_100": 0.00507,
        "map_at_1000": 0.00553,
        "map_at_20": 0.00462,
        "map_at_3": 0.00363,
        "map_at_5": 0.00394,
        "mrr_at_1": 0.0034145767102319556,
        "mrr_at_10": 0.005110043939079617,
        "mrr_at_100": 0.005926147405613165,
        "mrr_at_1000": 0.006354270348777925,
        "mrr_at_20": 0.005455793509878482,
        "mrr_at_3": 0.004376152910239805,
        "mrr_at_5": 0.004705836178813924,
        "nauc_map_at_1000_diff1": 0.3472727478060644,
        "nauc_map_at_1000_max": 0.33747662466809214,
        "nauc_map_at_1000_std": 0.295276254539757,
        "nauc_map_at_100_diff1": 0.3776875990576537,
        "nauc_map_at_100_max": 0.3617472050987379,
        "nauc_map_at_100_std": 0.31060466763317063,
        "nauc_map_at_10_diff1": 0.4393329201821334,
        "nauc_map_at_10_max": 0.3995640519969695,
        "nauc_map_at_10_std": 0.32755279719109726,
        "nauc_map_at_1_diff1": 0.6123795276877647,
        "nauc_map_at_1_max": 0.4335676816109258,
        "nauc_map_at_1_std": 0.4545921491856986,
        "nauc_map_at_20_diff1": 0.4124560174575773,
        "nauc_map_at_20_max": 0.3768100454726929,
        "nauc_map_at_20_std": 0.321510948816826,
        "nauc_map_at_3_diff1": 0.48582255342738295,
        "nauc_map_at_3_max": 0.45967549313601785,
        "nauc_map_at_3_std": 0.3546439270774666,
        "nauc_map_at_5_diff1": 0.47651830132426465,
        "nauc_map_at_5_max": 0.4219898632005923,
        "nauc_map_at_5_std": 0.3448252310486436,
        "nauc_mrr_at_1000_diff1": 0.29751087360995015,
        "nauc_mrr_at_1000_max": 0.2981163376123259,
        "nauc_mrr_at_1000_std": 0.27620335036369503,
        "nauc_mrr_at_100_diff1": 0.31725284346723504,
        "nauc_mrr_at_100_max": 0.3139560715626218,
        "nauc_mrr_at_100_std": 0.2889859380714495,
        "nauc_mrr_at_10_diff1": 0.36284547154338764,
        "nauc_mrr_at_10_max": 0.3455631965148964,
        "nauc_mrr_at_10_std": 0.30413857289266216,
        "nauc_mrr_at_1_diff1": 0.4804615989228487,
        "nauc_mrr_at_1_max": 0.3845540263262102,
        "nauc_mrr_at_1_std": 0.39901848143227,
        "nauc_mrr_at_20_diff1": 0.3415933923583803,
        "nauc_mrr_at_20_max": 0.3253401828096655,
        "nauc_mrr_at_20_std": 0.2963153843101921,
        "nauc_mrr_at_3_diff1": 0.38970380834794305,
        "nauc_mrr_at_3_max": 0.3942633199947523,
        "nauc_mrr_at_3_std": 0.32708254405021014,
        "nauc_mrr_at_5_diff1": 0.3909060166656177,
        "nauc_mrr_at_5_max": 0.36062754787912554,
        "nauc_mrr_at_5_std": 0.3210297208322531,
        "nauc_ndcg_at_1000_diff1": 0.07760267457723176,
        "nauc_ndcg_at_1000_max": 0.12997299152698644,
        "nauc_ndcg_at_1000_std": 0.14062450055926778,
        "nauc_ndcg_at_100_diff1": 0.2074525736216958,
        "nauc_ndcg_at_100_max": 0.26272609510623607,
        "nauc_ndcg_at_100_std": 0.23819664956414485,
        "nauc_ndcg_at_10_diff1": 0.3671009171890686,
        "nauc_ndcg_at_10_max": 0.35325172933900145,
        "nauc_ndcg_at_10_std": 0.28292954361193867,
        "nauc_ndcg_at_1_diff1": 0.4804615989228487,
        "nauc_ndcg_at_1_max": 0.3845540263262102,
        "nauc_ndcg_at_1_std": 0.39901848143227,
        "nauc_ndcg_at_20_diff1": 0.30762812849904037,
        "nauc_ndcg_at_20_max": 0.30104471613725925,
        "nauc_ndcg_at_20_std": 0.27568090394290157,
        "nauc_ndcg_at_3_diff1": 0.4246595420392225,
        "nauc_ndcg_at_3_max": 0.44746977439734514,
        "nauc_ndcg_at_3_std": 0.31691492788183756,
        "nauc_ndcg_at_5_diff1": 0.4315287119510801,
        "nauc_ndcg_at_5_max": 0.3900419104297077,
        "nauc_ndcg_at_5_std": 0.3106457256265102,
        "nauc_precision_at_1000_diff1": -0.0015180304182193926,
        "nauc_precision_at_1000_max": 0.03563649117416926,
        "nauc_precision_at_1000_std": 0.10652816228998586,
        "nauc_precision_at_100_diff1": 0.05684557512740635,
        "nauc_precision_at_100_max": 0.18232884782621672,
        "nauc_precision_at_100_std": 0.20153795359967172,
        "nauc_precision_at_10_diff1": 0.20927709004085224,
        "nauc_precision_at_10_max": 0.2916934728264409,
        "nauc_precision_at_10_std": 0.2280410214555063,
        "nauc_precision_at_1_diff1": 0.4804615989228487,
        "nauc_precision_at_1_max": 0.3845540263262102,
        "nauc_precision_at_1_std": 0.39901848143227,
        "nauc_precision_at_20_diff1": 0.13410301018977133,
        "nauc_precision_at_20_max": 0.20994901323834142,
        "nauc_precision_at_20_std": 0.2209907688220905,
        "nauc_precision_at_3_diff1": 0.2860129809940158,
        "nauc_precision_at_3_max": 0.4371581988992349,
        "nauc_precision_at_3_std": 0.2526732735043705,
        "nauc_precision_at_5_diff1": 0.2798328474121073,
        "nauc_precision_at_5_max": 0.3518040708392479,
        "nauc_precision_at_5_std": 0.22961745564306285,
        "nauc_recall_at_1000_diff1": 0.010846967870554471,
        "nauc_recall_at_1000_max": 0.07990316530512243,
        "nauc_recall_at_1000_std": 0.08565656823114341,
        "nauc_recall_at_100_diff1": 0.09756396775408062,
        "nauc_recall_at_100_max": 0.20559482739832174,
        "nauc_recall_at_100_std": 0.1840731469159221,
        "nauc_recall_at_10_diff1": 0.29411166771646674,
        "nauc_recall_at_10_max": 0.3023931924018725,
        "nauc_recall_at_10_std": 0.22141119701209153,
        "nauc_recall_at_1_diff1": 0.6123795276877647,
        "nauc_recall_at_1_max": 0.4335676816109258,
        "nauc_recall_at_1_std": 0.4545921491856986,
        "nauc_recall_at_20_diff1": 0.20226365052906856,
        "nauc_recall_at_20_max": 0.21705800282249854,
        "nauc_recall_at_20_std": 0.23480232190639003,
        "nauc_recall_at_3_diff1": 0.4093522119923289,
        "nauc_recall_at_3_max": 0.4799002199427931,
        "nauc_recall_at_3_std": 0.2708228066704309,
        "nauc_recall_at_5_diff1": 0.4080352228429048,
        "nauc_recall_at_5_max": 0.36182988308542907,
        "nauc_recall_at_5_std": 0.2643859561833852,
        "ndcg_at_1": 0.00341,
        "ndcg_at_10": 0.00555,
        "ndcg_at_100": 0.01025,
        "ndcg_at_1000": 0.02711,
        "ndcg_at_20": 0.00665,
        "ndcg_at_3": 0.00419,
        "ndcg_at_5": 0.00464,
        "precision_at_1": 0.00341,
        "precision_at_10": 0.00122,
        "precision_at_100": 0.00049,
        "precision_at_1000": 0.00027,
        "precision_at_20": 0.00093,
        "precision_at_3": 0.00216,
        "precision_at_5": 0.00165,
        "recall_at_1": 0.00269,
        "recall_at_10": 0.00847,
        "recall_at_100": 0.0303,
        "recall_at_1000": 0.15678,
        "recall_at_20": 0.01246,
        "recall_at_3": 0.00474,
        "recall_at_5": 0.00596
      }
    ]
  },
  "task_name": "CoconutRetrieval"
}