{
  "dataset_revision": "main",
  "task_name": "FSUChemRxivQest",
  "mteb_version": "0.1",
  "scores": {
    "test": [
      {
        "ndcg_at_1": 0.29454,
        "ndcg_at_3": 0.32228,
        "ndcg_at_5": 0.35602,
        "ndcg_at_10": 0.39131,
        "ndcg_at_20": 0.41632,
        "ndcg_at_100": 0.45588,
        "ndcg_at_1000": 0.47264,
        "map_at_1": 0.20185,
        "map_at_3": 0.27669,
        "map_at_5": 0.2956,
        "map_at_10": 0.31131,
        "map_at_20": 0.31912,
        "map_at_100": 0.32623,
        "map_at_1000": 0.32697,
        "recall_at_1": 0.20185,
        "recall_at_3": 0.35719,
        "recall_at_5": 0.43048,
        "recall_at_10": 0.52609,
        "recall_at_20": 0.6126,
        "recall_at_100": 0.79523,
        "recall_at_1000": 0.91177,
        "precision_at_1": 0.29454,
        "precision_at_3": 0.17576,
        "precision_at_5": 0.12791,
        "precision_at_10": 0.0794,
        "precision_at_20": 0.04681,
        "precision_at_100": 0.01244,
        "precision_at_1000": 0.00145,
        "mrr_at_1": 0.294542,
        "mrr_at_3": 0.378476,
        "mrr_at_5": 0.399743,
        "mrr_at_10": 0.414607,
        "mrr_at_20": 0.420655,
        "mrr_at_100": 0.424384,
        "mrr_at_1000": 0.424691,
        "nauc_ndcg_at_1_max": 0.211591,
        "nauc_ndcg_at_1_std": -0.046069,
        "nauc_ndcg_at_1_diff1": 0.353687,
        "nauc_ndcg_at_3_max": 0.198022,
        "nauc_ndcg_at_3_std": -0.068851,
        "nauc_ndcg_at_3_diff1": 0.292571,
        "nauc_ndcg_at_5_max": 0.2038,
        "nauc_ndcg_at_5_std": -0.065249,
        "nauc_ndcg_at_5_diff1": 0.293262,
        "nauc_ndcg_at_10_max": 0.202952,
        "nauc_ndcg_at_10_std": -0.069155,
        "nauc_ndcg_at_10_diff1": 0.291893,
        "nauc_ndcg_at_20_max": 0.211832,
        "nauc_ndcg_at_20_std": -0.06414,
        "nauc_ndcg_at_20_diff1": 0.286136,
        "nauc_ndcg_at_100_max": 0.235955,
        "nauc_ndcg_at_100_std": -0.029353,
        "nauc_ndcg_at_100_diff1": 0.291881,
        "nauc_ndcg_at_1000_max": 0.231597,
        "nauc_ndcg_at_1000_std": -0.028321,
        "nauc_ndcg_at_1000_diff1": 0.292342,
        "nauc_map_at_1_max": 0.198961,
        "nauc_map_at_1_std": -0.046719,
        "nauc_map_at_1_diff1": 0.381094,
        "nauc_map_at_3_max": 0.196371,
        "nauc_map_at_3_std": -0.069075,
        "nauc_map_at_3_diff1": 0.318122,
        "nauc_map_at_5_max": 0.198854,
        "nauc_map_at_5_std": -0.06743,
        "nauc_map_at_5_diff1": 0.319197,
        "nauc_map_at_10_max": 0.198775,
        "nauc_map_at_10_std": -0.069566,
        "nauc_map_at_10_diff1": 0.31821,
        "nauc_map_at_20_max": 0.201623,
        "nauc_map_at_20_std": -0.067667,
        "nauc_map_at_20_diff1": 0.315622,
        "nauc_map_at_100_max": 0.206798,
        "nauc_map_at_100_std": -0.06129,
        "nauc_map_at_100_diff1": 0.316454,
        "nauc_map_at_1000_max": 0.206596,
        "nauc_map_at_1000_std": -0.0611,
        "nauc_map_at_1000_diff1": 0.316432,
        "nauc_recall_at_1_max": 0.198961,
        "nauc_recall_at_1_std": -0.046719,
        "nauc_recall_at_1_diff1": 0.381094,
        "nauc_recall_at_3_max": 0.175946,
        "nauc_recall_at_3_std": -0.068482,
        "nauc_recall_at_3_diff1": 0.230369,
        "nauc_recall_at_5_max": 0.178454,
        "nauc_recall_at_5_std": -0.059617,
        "nauc_recall_at_5_diff1": 0.221489,
        "nauc_recall_at_10_max": 0.168786,
        "nauc_recall_at_10_std": -0.067686,
        "nauc_recall_at_10_diff1": 0.205835,
        "nauc_recall_at_20_max": 0.187702,
        "nauc_recall_at_20_std": -0.048016,
        "nauc_recall_at_20_diff1": 0.166912,
        "nauc_recall_at_100_max": 0.32021,
        "nauc_recall_at_100_std": 0.169882,
        "nauc_recall_at_100_diff1": 0.154229,
        "nauc_recall_at_1000_max": 0.379103,
        "nauc_recall_at_1000_std": 0.387122,
        "nauc_recall_at_1000_diff1": 0.086261,
        "nauc_precision_at_1_max": 0.211591,
        "nauc_precision_at_1_std": -0.046069,
        "nauc_precision_at_1_diff1": 0.353687,
        "nauc_precision_at_3_max": 0.187547,
        "nauc_precision_at_3_std": -0.085914,
        "nauc_precision_at_3_diff1": 0.196588,
        "nauc_precision_at_5_max": 0.195376,
        "nauc_precision_at_5_std": -0.072733,
        "nauc_precision_at_5_diff1": 0.183996,
        "nauc_precision_at_10_max": 0.161616,
        "nauc_precision_at_10_std": -0.07376,
        "nauc_precision_at_10_diff1": 0.144246,
        "nauc_precision_at_20_max": 0.169604,
        "nauc_precision_at_20_std": -0.035146,
        "nauc_precision_at_20_diff1": 0.080908,
        "nauc_precision_at_100_max": 0.209303,
        "nauc_precision_at_100_std": 0.153084,
        "nauc_precision_at_100_diff1": 0.005699,
        "nauc_precision_at_1000_max": 0.144074,
        "nauc_precision_at_1000_std": 0.19367,
        "nauc_precision_at_1000_diff1": -0.081678,
        "nauc_mrr_at_1_max": 0.211591,
        "nauc_mrr_at_1_std": -0.046069,
        "nauc_mrr_at_1_diff1": 0.353687,
        "nauc_mrr_at_3_max": 0.204215,
        "nauc_mrr_at_3_std": -0.059479,
        "nauc_mrr_at_3_diff1": 0.287911,
        "nauc_mrr_at_5_max": 0.2095,
        "nauc_mrr_at_5_std": -0.056335,
        "nauc_mrr_at_5_diff1": 0.287248,
        "nauc_mrr_at_10_max": 0.210473,
        "nauc_mrr_at_10_std": -0.056987,
        "nauc_mrr_at_10_diff1": 0.288946,
        "nauc_mrr_at_20_max": 0.211735,
        "nauc_mrr_at_20_std": -0.057715,
        "nauc_mrr_at_20_diff1": 0.290004,
        "nauc_mrr_at_100_max": 0.213329,
        "nauc_mrr_at_100_std": -0.055078,
        "nauc_mrr_at_100_diff1": 0.291224,
        "nauc_mrr_at_1000_max": 0.213088,
        "nauc_mrr_at_1000_std": -0.055205,
        "nauc_mrr_at_1000_diff1": 0.291305,
        "main_score": 0.39131,
        "hf_subset": "default",
        "languages": [
          "eng-Latn"
        ]
      }
    ]
  },
  "evaluation_time": 16.271232843399048,
  "kg_co2_emissions": null
}