{
  "dataset_revision": "831d292c3959eae59e4f89b8758738feee97d6cf",
  "task_name": "CoconutRetrieval",
  "mteb_version": "1.36.8",
  "scores": {
    "test": [
      {
        "ndcg_at_1": 0.00365,
        "ndcg_at_3": 0.00511,
        "ndcg_at_5": 0.00588,
        "ndcg_at_10": 0.00722,
        "ndcg_at_20": 0.00898,
        "ndcg_at_100": 0.0163,
        "ndcg_at_1000": 0.04057,
        "map_at_1": 0.00303,
        "map_at_3": 0.00451,
        "map_at_5": 0.00495,
        "map_at_10": 0.0055,
        "map_at_20": 0.00599,
        "map_at_100": 0.0069,
        "map_at_1000": 0.0076,
        "recall_at_1": 0.00303,
        "recall_at_3": 0.00605,
        "recall_at_5": 0.00786,
        "recall_at_10": 0.01161,
        "recall_at_20": 0.01784,
        "recall_at_100": 0.05477,
        "recall_at_1000": 0.23298,
        "precision_at_1": 0.00365,
        "precision_at_3": 0.00267,
        "precision_at_5": 0.00212,
        "precision_at_10": 0.00166,
        "precision_at_20": 0.00135,
        "precision_at_100": 0.00087,
        "precision_at_1000": 0.00041,
        "mrr_at_1": 0.00365,
        "mrr_at_3": 0.005122,
        "mrr_at_5": 0.005669,
        "mrr_at_10": 0.006276,
        "mrr_at_20": 0.006792,
        "mrr_at_100": 0.007746,
        "mrr_at_1000": 0.008393,
        "nauc_ndcg_at_1_max": 0.45393,
        "nauc_ndcg_at_1_std": 0.334359,
        "nauc_ndcg_at_1_diff1": 0.554504,
        "nauc_ndcg_at_3_max": 0.340519,
        "nauc_ndcg_at_3_std": 0.285571,
        "nauc_ndcg_at_3_diff1": 0.42383,
        "nauc_ndcg_at_5_max": 0.329686,
        "nauc_ndcg_at_5_std": 0.256062,
        "nauc_ndcg_at_5_diff1": 0.369152,
        "nauc_ndcg_at_10_max": 0.305475,
        "nauc_ndcg_at_10_std": 0.31679,
        "nauc_ndcg_at_10_diff1": 0.30199,
        "nauc_ndcg_at_20_max": 0.263669,
        "nauc_ndcg_at_20_std": 0.322902,
        "nauc_ndcg_at_20_diff1": 0.235254,
        "nauc_ndcg_at_100_max": 0.182187,
        "nauc_ndcg_at_100_std": 0.364572,
        "nauc_ndcg_at_100_diff1": 0.114153,
        "nauc_ndcg_at_1000_max": 0.085589,
        "nauc_ndcg_at_1000_std": 0.392572,
        "nauc_ndcg_at_1000_diff1": 0.011078,
        "nauc_map_at_1_max": 0.500136,
        "nauc_map_at_1_std": 0.331613,
        "nauc_map_at_1_diff1": 0.645389,
        "nauc_map_at_3_max": 0.372792,
        "nauc_map_at_3_std": 0.297541,
        "nauc_map_at_3_diff1": 0.465142,
        "nauc_map_at_5_max": 0.362452,
        "nauc_map_at_5_std": 0.274363,
        "nauc_map_at_5_diff1": 0.424383,
        "nauc_map_at_10_max": 0.349866,
        "nauc_map_at_10_std": 0.304694,
        "nauc_map_at_10_diff1": 0.380324,
        "nauc_map_at_20_max": 0.328094,
        "nauc_map_at_20_std": 0.307911,
        "nauc_map_at_20_diff1": 0.345479,
        "nauc_map_at_100_max": 0.296114,
        "nauc_map_at_100_std": 0.322578,
        "nauc_map_at_100_diff1": 0.29871,
        "nauc_map_at_1000_max": 0.274508,
        "nauc_map_at_1000_std": 0.333124,
        "nauc_map_at_1000_diff1": 0.269117,
        "nauc_recall_at_1_max": 0.500136,
        "nauc_recall_at_1_std": 0.331613,
        "nauc_recall_at_1_diff1": 0.645389,
        "nauc_recall_at_3_max": 0.301916,
        "nauc_recall_at_3_std": 0.268898,
        "nauc_recall_at_3_diff1": 0.375549,
        "nauc_recall_at_5_max": 0.285333,
        "nauc_recall_at_5_std": 0.215023,
        "nauc_recall_at_5_diff1": 0.292405,
        "nauc_recall_at_10_max": 0.261097,
        "nauc_recall_at_10_std": 0.33268,
        "nauc_recall_at_10_diff1": 0.210284,
        "nauc_recall_at_20_max": 0.202303,
        "nauc_recall_at_20_std": 0.333494,
        "nauc_recall_at_20_diff1": 0.122523,
        "nauc_recall_at_100_max": 0.126912,
        "nauc_recall_at_100_std": 0.387809,
        "nauc_recall_at_100_diff1": 0.012801,
        "nauc_recall_at_1000_max": 0.037485,
        "nauc_recall_at_1000_std": 0.39612,
        "nauc_recall_at_1000_diff1": -0.056826,
        "nauc_precision_at_1_max": 0.45393,
        "nauc_precision_at_1_std": 0.334359,
        "nauc_precision_at_1_diff1": 0.554504,
        "nauc_precision_at_3_max": 0.268114,
        "nauc_precision_at_3_std": 0.266056,
        "nauc_precision_at_3_diff1": 0.298127,
        "nauc_precision_at_5_max": 0.276024,
        "nauc_precision_at_5_std": 0.248922,
        "nauc_precision_at_5_diff1": 0.211653,
        "nauc_precision_at_10_max": 0.224716,
        "nauc_precision_at_10_std": 0.370457,
        "nauc_precision_at_10_diff1": 0.117596,
        "nauc_precision_at_20_max": 0.158262,
        "nauc_precision_at_20_std": 0.374735,
        "nauc_precision_at_20_diff1": 0.049399,
        "nauc_precision_at_100_max": 0.092777,
        "nauc_precision_at_100_std": 0.412007,
        "nauc_precision_at_100_diff1": -0.010304,
        "nauc_precision_at_1000_max": 0.003113,
        "nauc_precision_at_1000_std": 0.388749,
        "nauc_precision_at_1000_diff1": -0.057791,
        "nauc_mrr_at_1_max": 0.45393,
        "nauc_mrr_at_1_std": 0.334359,
        "nauc_mrr_at_1_diff1": 0.554504,
        "nauc_mrr_at_3_max": 0.345768,
        "nauc_mrr_at_3_std": 0.29077,
        "nauc_mrr_at_3_diff1": 0.432733,
        "nauc_mrr_at_5_max": 0.336711,
        "nauc_mrr_at_5_std": 0.277872,
        "nauc_mrr_at_5_diff1": 0.386519,
        "nauc_mrr_at_10_max": 0.316543,
        "nauc_mrr_at_10_std": 0.307961,
        "nauc_mrr_at_10_diff1": 0.349344,
        "nauc_mrr_at_20_max": 0.303705,
        "nauc_mrr_at_20_std": 0.313044,
        "nauc_mrr_at_20_diff1": 0.323674,
        "nauc_mrr_at_100_max": 0.273016,
        "nauc_mrr_at_100_std": 0.321645,
        "nauc_mrr_at_100_diff1": 0.279549,
        "nauc_mrr_at_1000_max": 0.256351,
        "nauc_mrr_at_1000_std": 0.327212,
        "nauc_mrr_at_1000_diff1": 0.258009,
        "main_score": 0.00722,
        "hf_subset": "default",
        "languages": [
          "eng-Latn"
        ]
      }
    ]
  },
  "evaluation_time": 74.93272709846497,
  "kg_co2_emissions": null
}