{
  "dataset_revision": "main",
  "task_name": "FSUChemRxivQest",
  "mteb_version": "0.1",
  "scores": {
    "test": [
      {
        "ndcg_at_1": 0.41195,
        "ndcg_at_3": 0.42102,
        "ndcg_at_5": 0.45738,
        "ndcg_at_10": 0.49165,
        "ndcg_at_20": 0.51858,
        "ndcg_at_100": 0.55075,
        "ndcg_at_1000": 0.56201,
        "map_at_1": 0.28699,
        "map_at_3": 0.36695,
        "map_at_5": 0.38818,
        "map_at_10": 0.40445,
        "map_at_20": 0.41351,
        "map_at_100": 0.41968,
        "map_at_1000": 0.42026,
        "recall_at_1": 0.28699,
        "recall_at_3": 0.44868,
        "recall_at_5": 0.52815,
        "recall_at_10": 0.62049,
        "recall_at_20": 0.71284,
        "recall_at_100": 0.85788,
        "recall_at_1000": 0.93323,
        "precision_at_1": 0.41195,
        "precision_at_3": 0.2197,
        "precision_at_5": 0.15551,
        "precision_at_10": 0.0932,
        "precision_at_20": 0.05453,
        "precision_at_100": 0.01343,
        "precision_at_1000": 0.00148,
        "mrr_at_1": 0.411946,
        "mrr_at_3": 0.503605,
        "mrr_at_5": 0.524408,
        "mrr_at_10": 0.53665,
        "mrr_at_20": 0.541882,
        "mrr_at_100": 0.544576,
        "mrr_at_1000": 0.544705,
        "nauc_ndcg_at_1_max": 0.125047,
        "nauc_ndcg_at_1_std": -0.129958,
        "nauc_ndcg_at_1_diff1": 0.4204,
        "nauc_ndcg_at_3_max": 0.075949,
        "nauc_ndcg_at_3_std": -0.142467,
        "nauc_ndcg_at_3_diff1": 0.301947,
        "nauc_ndcg_at_5_max": 0.087815,
        "nauc_ndcg_at_5_std": -0.142682,
        "nauc_ndcg_at_5_diff1": 0.303756,
        "nauc_ndcg_at_10_max": 0.08434,
        "nauc_ndcg_at_10_std": -0.140409,
        "nauc_ndcg_at_10_diff1": 0.293811,
        "nauc_ndcg_at_20_max": 0.095045,
        "nauc_ndcg_at_20_std": -0.131693,
        "nauc_ndcg_at_20_diff1": 0.297286,
        "nauc_ndcg_at_100_max": 0.104355,
        "nauc_ndcg_at_100_std": -0.110233,
        "nauc_ndcg_at_100_diff1": 0.302814,
        "nauc_ndcg_at_1000_max": 0.10265,
        "nauc_ndcg_at_1000_std": -0.110055,
        "nauc_ndcg_at_1000_diff1": 0.311056,
        "nauc_map_at_1_max": 0.090059,
        "nauc_map_at_1_std": -0.119219,
        "nauc_map_at_1_diff1": 0.36772,
        "nauc_map_at_3_max": 0.07441,
        "nauc_map_at_3_std": -0.134171,
        "nauc_map_at_3_diff1": 0.303586,
        "nauc_map_at_5_max": 0.081252,
        "nauc_map_at_5_std": -0.133911,
        "nauc_map_at_5_diff1": 0.306257,
        "nauc_map_at_10_max": 0.079811,
        "nauc_map_at_10_std": -0.133307,
        "nauc_map_at_10_diff1": 0.301631,
        "nauc_map_at_20_max": 0.083501,
        "nauc_map_at_20_std": -0.130925,
        "nauc_map_at_20_diff1": 0.303307,
        "nauc_map_at_100_max": 0.085224,
        "nauc_map_at_100_std": -0.127769,
        "nauc_map_at_100_diff1": 0.30401,
        "nauc_map_at_1000_max": 0.085267,
        "nauc_map_at_1000_std": -0.127541,
        "nauc_map_at_1000_diff1": 0.30442,
        "nauc_recall_at_1_max": 0.090059,
        "nauc_recall_at_1_std": -0.119219,
        "nauc_recall_at_1_diff1": 0.36772,
        "nauc_recall_at_3_max": 0.050108,
        "nauc_recall_at_3_std": -0.133108,
        "nauc_recall_at_3_diff1": 0.215532,
        "nauc_recall_at_5_max": 0.071586,
        "nauc_recall_at_5_std": -0.123829,
        "nauc_recall_at_5_diff1": 0.199322,
        "nauc_recall_at_10_max": 0.051006,
        "nauc_recall_at_10_std": -0.109889,
        "nauc_recall_at_10_diff1": 0.149443,
        "nauc_recall_at_20_max": 0.080067,
        "nauc_recall_at_20_std": -0.067372,
        "nauc_recall_at_20_diff1": 0.124991,
        "nauc_recall_at_100_max": 0.149905,
        "nauc_recall_at_100_std": 0.161429,
        "nauc_recall_at_100_diff1": 0.067325,
        "nauc_recall_at_1000_max": 0.159555,
        "nauc_recall_at_1000_std": 0.374645,
        "nauc_recall_at_1000_diff1": 0.106462,
        "nauc_precision_at_1_max": 0.125047,
        "nauc_precision_at_1_std": -0.129958,
        "nauc_precision_at_1_diff1": 0.4204,
        "nauc_precision_at_3_max": 0.074931,
        "nauc_precision_at_3_std": -0.148378,
        "nauc_precision_at_3_diff1": 0.237899,
        "nauc_precision_at_5_max": 0.094399,
        "nauc_precision_at_5_std": -0.138392,
        "nauc_precision_at_5_diff1": 0.213715,
        "nauc_precision_at_10_max": 0.070926,
        "nauc_precision_at_10_std": -0.098622,
        "nauc_precision_at_10_diff1": 0.115666,
        "nauc_precision_at_20_max": 0.10257,
        "nauc_precision_at_20_std": -0.031186,
        "nauc_precision_at_20_diff1": 0.069971,
        "nauc_precision_at_100_max": 0.122417,
        "nauc_precision_at_100_std": 0.115342,
        "nauc_precision_at_100_diff1": 0.004052,
        "nauc_precision_at_1000_max": 0.094719,
        "nauc_precision_at_1000_std": 0.143715,
        "nauc_precision_at_1000_diff1": -0.006905,
        "nauc_mrr_at_1_max": 0.125047,
        "nauc_mrr_at_1_std": -0.129958,
        "nauc_mrr_at_1_diff1": 0.4204,
        "nauc_mrr_at_3_max": 0.103013,
        "nauc_mrr_at_3_std": -0.154754,
        "nauc_mrr_at_3_diff1": 0.37009,
        "nauc_mrr_at_5_max": 0.109645,
        "nauc_mrr_at_5_std": -0.156571,
        "nauc_mrr_at_5_diff1": 0.370643,
        "nauc_mrr_at_10_max": 0.11026,
        "nauc_mrr_at_10_std": -0.155122,
        "nauc_mrr_at_10_diff1": 0.369228,
        "nauc_mrr_at_20_max": 0.111902,
        "nauc_mrr_at_20_std": -0.15349,
        "nauc_mrr_at_20_diff1": 0.371293,
        "nauc_mrr_at_100_max": 0.112314,
        "nauc_mrr_at_100_std": -0.151976,
        "nauc_mrr_at_100_diff1": 0.372171,
        "nauc_mrr_at_1000_max": 0.112233,
        "nauc_mrr_at_1000_std": -0.152059,
        "nauc_mrr_at_1000_diff1": 0.372352,
        "main_score": 0.49165,
        "hf_subset": "default",
        "languages": [
          "eng-Latn"
        ]
      }
    ]
  },
  "evaluation_time": 171.86857748031616,
  "kg_co2_emissions": null
}