{
  "dataset_revision": "831d292c3959eae59e4f89b8758738feee97d6cf",
  "task_name": "CoconutRetrieval",
  "mteb_version": "1.36.8",
  "scores": {
    "test": [
      {
        "ndcg_at_1": 0.00318,
        "ndcg_at_3": 0.00407,
        "ndcg_at_5": 0.00471,
        "ndcg_at_10": 0.00539,
        "ndcg_at_20": 0.00681,
        "ndcg_at_100": 0.01189,
        "ndcg_at_1000": 0.03233,
        "map_at_1": 0.00272,
        "map_at_3": 0.00362,
        "map_at_5": 0.00399,
        "map_at_10": 0.00426,
        "map_at_20": 0.00467,
        "map_at_100": 0.00528,
        "map_at_1000": 0.00586,
        "recall_at_1": 0.00272,
        "recall_at_3": 0.00459,
        "recall_at_5": 0.00615,
        "recall_at_10": 0.00796,
        "recall_at_20": 0.01298,
        "recall_at_100": 0.03841,
        "recall_at_1000": 0.19051,
        "precision_at_1": 0.00318,
        "precision_at_3": 0.00196,
        "precision_at_5": 0.00165,
        "precision_at_10": 0.00117,
        "precision_at_20": 0.001,
        "precision_at_100": 0.00064,
        "precision_at_1000": 0.00033,
        "mrr_at_1": 0.003179,
        "mrr_at_3": 0.004219,
        "mrr_at_5": 0.004625,
        "mrr_at_10": 0.004992,
        "mrr_at_20": 0.005392,
        "mrr_at_100": 0.00606,
        "mrr_at_1000": 0.006595,
        "nauc_ndcg_at_1_max": 0.487088,
        "nauc_ndcg_at_1_std": 0.408173,
        "nauc_ndcg_at_1_diff1": 0.581314,
        "nauc_ndcg_at_3_max": 0.427904,
        "nauc_ndcg_at_3_std": 0.405037,
        "nauc_ndcg_at_3_diff1": 0.520849,
        "nauc_ndcg_at_5_max": 0.396065,
        "nauc_ndcg_at_5_std": 0.348574,
        "nauc_ndcg_at_5_diff1": 0.46292,
        "nauc_ndcg_at_10_max": 0.353773,
        "nauc_ndcg_at_10_std": 0.353224,
        "nauc_ndcg_at_10_diff1": 0.389155,
        "nauc_ndcg_at_20_max": 0.297561,
        "nauc_ndcg_at_20_std": 0.331121,
        "nauc_ndcg_at_20_diff1": 0.299589,
        "nauc_ndcg_at_100_max": 0.176771,
        "nauc_ndcg_at_100_std": 0.251778,
        "nauc_ndcg_at_100_diff1": 0.135401,
        "nauc_ndcg_at_1000_max": 0.110119,
        "nauc_ndcg_at_1000_std": 0.173567,
        "nauc_ndcg_at_1000_diff1": 0.020733,
        "nauc_map_at_1_max": 0.514335,
        "nauc_map_at_1_std": 0.452979,
        "nauc_map_at_1_diff1": 0.703039,
        "nauc_map_at_3_max": 0.462191,
        "nauc_map_at_3_std": 0.430013,
        "nauc_map_at_3_diff1": 0.579796,
        "nauc_map_at_5_max": 0.435679,
        "nauc_map_at_5_std": 0.389485,
        "nauc_map_at_5_diff1": 0.529612,
        "nauc_map_at_10_max": 0.412927,
        "nauc_map_at_10_std": 0.390223,
        "nauc_map_at_10_diff1": 0.489989,
        "nauc_map_at_20_max": 0.385363,
        "nauc_map_at_20_std": 0.379766,
        "nauc_map_at_20_diff1": 0.444124,
        "nauc_map_at_100_max": 0.343766,
        "nauc_map_at_100_std": 0.356505,
        "nauc_map_at_100_diff1": 0.382168,
        "nauc_map_at_1000_max": 0.319706,
        "nauc_map_at_1000_std": 0.338126,
        "nauc_map_at_1000_diff1": 0.343197,
        "nauc_recall_at_1_max": 0.514335,
        "nauc_recall_at_1_std": 0.452979,
        "nauc_recall_at_1_diff1": 0.703039,
        "nauc_recall_at_3_max": 0.407029,
        "nauc_recall_at_3_std": 0.388487,
        "nauc_recall_at_3_diff1": 0.495824,
        "nauc_recall_at_5_max": 0.352074,
        "nauc_recall_at_5_std": 0.293551,
        "nauc_recall_at_5_diff1": 0.391158,
        "nauc_recall_at_10_max": 0.282624,
        "nauc_recall_at_10_std": 0.316693,
        "nauc_recall_at_10_diff1": 0.270112,
        "nauc_recall_at_20_max": 0.208316,
        "nauc_recall_at_20_std": 0.289868,
        "nauc_recall_at_20_diff1": 0.152424,
        "nauc_recall_at_100_max": 0.07295,
        "nauc_recall_at_100_std": 0.183741,
        "nauc_recall_at_100_diff1": -0.006681,
        "nauc_recall_at_1000_max": 0.066926,
        "nauc_recall_at_1000_std": 0.133974,
        "nauc_recall_at_1000_diff1": -0.050478,
        "nauc_precision_at_1_max": 0.487088,
        "nauc_precision_at_1_std": 0.408173,
        "nauc_precision_at_1_diff1": 0.581314,
        "nauc_precision_at_3_max": 0.370836,
        "nauc_precision_at_3_std": 0.353295,
        "nauc_precision_at_3_diff1": 0.394078,
        "nauc_precision_at_5_max": 0.312978,
        "nauc_precision_at_5_std": 0.27075,
        "nauc_precision_at_5_diff1": 0.290441,
        "nauc_precision_at_10_max": 0.24755,
        "nauc_precision_at_10_std": 0.298343,
        "nauc_precision_at_10_diff1": 0.184851,
        "nauc_precision_at_20_max": 0.18029,
        "nauc_precision_at_20_std": 0.279897,
        "nauc_precision_at_20_diff1": 0.086184,
        "nauc_precision_at_100_max": 0.077054,
        "nauc_precision_at_100_std": 0.191705,
        "nauc_precision_at_100_diff1": -0.022852,
        "nauc_precision_at_1000_max": 0.049926,
        "nauc_precision_at_1000_std": 0.112143,
        "nauc_precision_at_1000_diff1": -0.052475,
        "nauc_mrr_at_1_max": 0.487088,
        "nauc_mrr_at_1_std": 0.408173,
        "nauc_mrr_at_1_diff1": 0.581314,
        "nauc_mrr_at_3_max": 0.410052,
        "nauc_mrr_at_3_std": 0.37311,
        "nauc_mrr_at_3_diff1": 0.487486,
        "nauc_mrr_at_5_max": 0.38761,
        "nauc_mrr_at_5_std": 0.344949,
        "nauc_mrr_at_5_diff1": 0.446902,
        "nauc_mrr_at_10_max": 0.363193,
        "nauc_mrr_at_10_std": 0.342947,
        "nauc_mrr_at_10_diff1": 0.406686,
        "nauc_mrr_at_20_max": 0.339252,
        "nauc_mrr_at_20_std": 0.333824,
        "nauc_mrr_at_20_diff1": 0.373095,
        "nauc_mrr_at_100_max": 0.30543,
        "nauc_mrr_at_100_std": 0.315527,
        "nauc_mrr_at_100_diff1": 0.322462,
        "nauc_mrr_at_1000_max": 0.288617,
        "nauc_mrr_at_1000_std": 0.300952,
        "nauc_mrr_at_1000_diff1": 0.296258,
        "main_score": 0.00539,
        "hf_subset": "default",
        "languages": [
          "eng-Latn"
        ]
      }
    ]
  },
  "evaluation_time": 29.397265434265137,
  "kg_co2_emissions": null
}