{
  "dataset_revision": "main",
  "task_name": "FSUChemRxivQest",
  "mteb_version": "0.1",
  "scores": {
    "test": [
      {
        "ndcg_at_1": 0.44902,
        "ndcg_at_3": 0.45222,
        "ndcg_at_5": 0.48819,
        "ndcg_at_10": 0.52333,
        "ndcg_at_20": 0.55144,
        "ndcg_at_100": 0.57971,
        "ndcg_at_1000": 0.58996,
        "map_at_1": 0.31171,
        "map_at_3": 0.39455,
        "map_at_5": 0.417,
        "map_at_10": 0.43398,
        "map_at_20": 0.44334,
        "map_at_100": 0.44912,
        "map_at_1000": 0.44966,
        "recall_at_1": 0.31171,
        "recall_at_3": 0.48026,
        "recall_at_5": 0.55681,
        "recall_at_10": 0.65036,
        "recall_at_20": 0.74785,
        "recall_at_100": 0.87333,
        "recall_at_1000": 0.94095,
        "precision_at_1": 0.44902,
        "precision_at_3": 0.23378,
        "precision_at_5": 0.16457,
        "precision_at_10": 0.09804,
        "precision_at_20": 0.057,
        "precision_at_100": 0.0137,
        "precision_at_1000": 0.0015,
        "mrr_at_1": 0.449022,
        "mrr_at_3": 0.543083,
        "mrr_at_5": 0.561672,
        "mrr_at_10": 0.57438,
        "mrr_at_20": 0.580024,
        "mrr_at_100": 0.581808,
        "mrr_at_1000": 0.581921,
        "nauc_ndcg_at_1_max": 0.139706,
        "nauc_ndcg_at_1_std": -0.171287,
        "nauc_ndcg_at_1_diff1": 0.463512,
        "nauc_ndcg_at_3_max": 0.118465,
        "nauc_ndcg_at_3_std": -0.171412,
        "nauc_ndcg_at_3_diff1": 0.355967,
        "nauc_ndcg_at_5_max": 0.121884,
        "nauc_ndcg_at_5_std": -0.174091,
        "nauc_ndcg_at_5_diff1": 0.352975,
        "nauc_ndcg_at_10_max": 0.115162,
        "nauc_ndcg_at_10_std": -0.176206,
        "nauc_ndcg_at_10_diff1": 0.343585,
        "nauc_ndcg_at_20_max": 0.128579,
        "nauc_ndcg_at_20_std": -0.168641,
        "nauc_ndcg_at_20_diff1": 0.343006,
        "nauc_ndcg_at_100_max": 0.135686,
        "nauc_ndcg_at_100_std": -0.142627,
        "nauc_ndcg_at_100_diff1": 0.352928,
        "nauc_ndcg_at_1000_max": 0.131983,
        "nauc_ndcg_at_1000_std": -0.144461,
        "nauc_ndcg_at_1000_diff1": 0.355906,
        "nauc_map_at_1_max": 0.097961,
        "nauc_map_at_1_std": -0.147632,
        "nauc_map_at_1_diff1": 0.404188,
        "nauc_map_at_3_max": 0.106006,
        "nauc_map_at_3_std": -0.162792,
        "nauc_map_at_3_diff1": 0.352763,
        "nauc_map_at_5_max": 0.109537,
        "nauc_map_at_5_std": -0.165874,
        "nauc_map_at_5_diff1": 0.353056,
        "nauc_map_at_10_max": 0.107521,
        "nauc_map_at_10_std": -0.166832,
        "nauc_map_at_10_diff1": 0.350387,
        "nauc_map_at_20_max": 0.1109,
        "nauc_map_at_20_std": -0.165082,
        "nauc_map_at_20_diff1": 0.349892,
        "nauc_map_at_100_max": 0.112398,
        "nauc_map_at_100_std": -0.160799,
        "nauc_map_at_100_diff1": 0.351446,
        "nauc_map_at_1000_max": 0.112359,
        "nauc_map_at_1000_std": -0.160702,
        "nauc_map_at_1000_diff1": 0.351572,
        "nauc_recall_at_1_max": 0.097961,
        "nauc_recall_at_1_std": -0.147632,
        "nauc_recall_at_1_diff1": 0.404188,
        "nauc_recall_at_3_max": 0.102873,
        "nauc_recall_at_3_std": -0.156417,
        "nauc_recall_at_3_diff1": 0.269776,
        "nauc_recall_at_5_max": 0.102036,
        "nauc_recall_at_5_std": -0.150363,
        "nauc_recall_at_5_diff1": 0.240481,
        "nauc_recall_at_10_max": 0.071723,
        "nauc_recall_at_10_std": -0.151391,
        "nauc_recall_at_10_diff1": 0.186284,
        "nauc_recall_at_20_max": 0.116206,
        "nauc_recall_at_20_std": -0.103651,
        "nauc_recall_at_20_diff1": 0.129362,
        "nauc_recall_at_100_max": 0.181512,
        "nauc_recall_at_100_std": 0.164735,
        "nauc_recall_at_100_diff1": 0.104983,
        "nauc_recall_at_1000_max": 0.147948,
        "nauc_recall_at_1000_std": 0.357401,
        "nauc_recall_at_1000_diff1": 0.038395,
        "nauc_precision_at_1_max": 0.139706,
        "nauc_precision_at_1_std": -0.171287,
        "nauc_precision_at_1_diff1": 0.463512,
        "nauc_precision_at_3_max": 0.145119,
        "nauc_precision_at_3_std": -0.194575,
        "nauc_precision_at_3_diff1": 0.307173,
        "nauc_precision_at_5_max": 0.13866,
        "nauc_precision_at_5_std": -0.17672,
        "nauc_precision_at_5_diff1": 0.246041,
        "nauc_precision_at_10_max": 0.09646,
        "nauc_precision_at_10_std": -0.131193,
        "nauc_precision_at_10_diff1": 0.140041,
        "nauc_precision_at_20_max": 0.121616,
        "nauc_precision_at_20_std": -0.05951,
        "nauc_precision_at_20_diff1": 0.056399,
        "nauc_precision_at_100_max": 0.127376,
        "nauc_precision_at_100_std": 0.119863,
        "nauc_precision_at_100_diff1": -0.001809,
        "nauc_precision_at_1000_max": 0.078555,
        "nauc_precision_at_1000_std": 0.130786,
        "nauc_precision_at_1000_diff1": -0.047808,
        "nauc_mrr_at_1_max": 0.139706,
        "nauc_mrr_at_1_std": -0.171287,
        "nauc_mrr_at_1_diff1": 0.463512,
        "nauc_mrr_at_3_max": 0.14987,
        "nauc_mrr_at_3_std": -0.184772,
        "nauc_mrr_at_3_diff1": 0.421704,
        "nauc_mrr_at_5_max": 0.150151,
        "nauc_mrr_at_5_std": -0.186294,
        "nauc_mrr_at_5_diff1": 0.421437,
        "nauc_mrr_at_10_max": 0.147363,
        "nauc_mrr_at_10_std": -0.186264,
        "nauc_mrr_at_10_diff1": 0.417124,
        "nauc_mrr_at_20_max": 0.150281,
        "nauc_mrr_at_20_std": -0.184749,
        "nauc_mrr_at_20_diff1": 0.41979,
        "nauc_mrr_at_100_max": 0.149923,
        "nauc_mrr_at_100_std": -0.183517,
        "nauc_mrr_at_100_diff1": 0.421143,
        "nauc_mrr_at_1000_max": 0.149806,
        "nauc_mrr_at_1000_std": -0.183545,
        "nauc_mrr_at_1000_diff1": 0.421133,
        "main_score": 0.52333,
        "hf_subset": "default",
        "languages": [
          "eng-Latn"
        ]
      }
    ]
  },
  "evaluation_time": 173.8264548778534,
  "kg_co2_emissions": null
}