{
  "dataset_revision": "831d292c3959eae59e4f89b8758738feee97d6cf",
  "task_name": "CoconutRetrieval",
  "mteb_version": "1.36.8",
  "scores": {
    "test": [
      {
        "ndcg_at_1": 0.00212,
        "ndcg_at_3": 0.00247,
        "ndcg_at_5": 0.00279,
        "ndcg_at_10": 0.00341,
        "ndcg_at_20": 0.0038,
        "ndcg_at_100": 0.00634,
        "ndcg_at_1000": 0.01962,
        "map_at_1": 0.002,
        "map_at_3": 0.00233,
        "map_at_5": 0.0025,
        "map_at_10": 0.00275,
        "map_at_20": 0.00285,
        "map_at_100": 0.00316,
        "map_at_1000": 0.00348,
        "recall_at_1": 0.002,
        "recall_at_3": 0.00272,
        "recall_at_5": 0.00348,
        "recall_at_10": 0.00523,
        "recall_at_20": 0.00663,
        "recall_at_100": 0.01963,
        "recall_at_1000": 0.1211,
        "precision_at_1": 0.00212,
        "precision_at_3": 0.00102,
        "precision_at_5": 0.0008,
        "precision_at_10": 0.00066,
        "precision_at_20": 0.00045,
        "precision_at_100": 0.00029,
        "precision_at_1000": 0.0002,
        "mrr_at_1": 0.002119,
        "mrr_at_3": 0.002473,
        "mrr_at_5": 0.002679,
        "mrr_at_10": 0.002991,
        "mrr_at_20": 0.003103,
        "mrr_at_100": 0.003445,
        "mrr_at_1000": 0.003801,
        "nauc_ndcg_at_1_max": 0.457648,
        "nauc_ndcg_at_1_std": 0.501984,
        "nauc_ndcg_at_1_diff1": 0.663433,
        "nauc_ndcg_at_3_max": 0.383887,
        "nauc_ndcg_at_3_std": 0.471933,
        "nauc_ndcg_at_3_diff1": 0.557694,
        "nauc_ndcg_at_5_max": 0.342169,
        "nauc_ndcg_at_5_std": 0.483359,
        "nauc_ndcg_at_5_diff1": 0.555335,
        "nauc_ndcg_at_10_max": 0.314697,
        "nauc_ndcg_at_10_std": 0.450881,
        "nauc_ndcg_at_10_diff1": 0.428871,
        "nauc_ndcg_at_20_max": 0.291474,
        "nauc_ndcg_at_20_std": 0.420296,
        "nauc_ndcg_at_20_diff1": 0.383616,
        "nauc_ndcg_at_100_max": 0.291126,
        "nauc_ndcg_at_100_std": 0.337803,
        "nauc_ndcg_at_100_diff1": 0.247984,
        "nauc_ndcg_at_1000_max": 0.141729,
        "nauc_ndcg_at_1000_std": 0.120244,
        "nauc_ndcg_at_1000_diff1": 0.051212,
        "nauc_map_at_1_max": 0.425745,
        "nauc_map_at_1_std": 0.499205,
        "nauc_map_at_1_diff1": 0.653582,
        "nauc_map_at_3_max": 0.403957,
        "nauc_map_at_3_std": 0.489087,
        "nauc_map_at_3_diff1": 0.584283,
        "nauc_map_at_5_max": 0.372803,
        "nauc_map_at_5_std": 0.493243,
        "nauc_map_at_5_diff1": 0.577636,
        "nauc_map_at_10_max": 0.358955,
        "nauc_map_at_10_std": 0.476171,
        "nauc_map_at_10_diff1": 0.515408,
        "nauc_map_at_20_max": 0.350964,
        "nauc_map_at_20_std": 0.46637,
        "nauc_map_at_20_diff1": 0.496651,
        "nauc_map_at_100_max": 0.342595,
        "nauc_map_at_100_std": 0.442184,
        "nauc_map_at_100_diff1": 0.451959,
        "nauc_map_at_1000_max": 0.319626,
        "nauc_map_at_1000_std": 0.405594,
        "nauc_map_at_1000_diff1": 0.407134,
        "nauc_recall_at_1_max": 0.425745,
        "nauc_recall_at_1_std": 0.499205,
        "nauc_recall_at_1_diff1": 0.653582,
        "nauc_recall_at_3_max": 0.339884,
        "nauc_recall_at_3_std": 0.457621,
        "nauc_recall_at_3_diff1": 0.487319,
        "nauc_recall_at_5_max": 0.265656,
        "nauc_recall_at_5_std": 0.475075,
        "nauc_recall_at_5_diff1": 0.497083,
        "nauc_recall_at_10_max": 0.239806,
        "nauc_recall_at_10_std": 0.421236,
        "nauc_recall_at_10_diff1": 0.278612,
        "nauc_recall_at_20_max": 0.208003,
        "nauc_recall_at_20_std": 0.366508,
        "nauc_recall_at_20_diff1": 0.223753,
        "nauc_recall_at_100_max": 0.261861,
        "nauc_recall_at_100_std": 0.2631,
        "nauc_recall_at_100_diff1": 0.111848,
        "nauc_recall_at_1000_max": 0.09133,
        "nauc_recall_at_1000_std": 0.047971,
        "nauc_recall_at_1000_diff1": -0.022452,
        "nauc_precision_at_1_max": 0.457648,
        "nauc_precision_at_1_std": 0.501984,
        "nauc_precision_at_1_diff1": 0.663433,
        "nauc_precision_at_3_max": 0.355779,
        "nauc_precision_at_3_std": 0.447031,
        "nauc_precision_at_3_diff1": 0.518822,
        "nauc_precision_at_5_max": 0.306632,
        "nauc_precision_at_5_std": 0.475381,
        "nauc_precision_at_5_diff1": 0.542524,
        "nauc_precision_at_10_max": 0.269361,
        "nauc_precision_at_10_std": 0.395368,
        "nauc_precision_at_10_diff1": 0.298782,
        "nauc_precision_at_20_max": 0.207178,
        "nauc_precision_at_20_std": 0.314181,
        "nauc_precision_at_20_diff1": 0.193046,
        "nauc_precision_at_100_max": 0.274345,
        "nauc_precision_at_100_std": 0.248319,
        "nauc_precision_at_100_diff1": 0.080219,
        "nauc_precision_at_1000_max": 0.102351,
        "nauc_precision_at_1000_std": 0.042398,
        "nauc_precision_at_1000_diff1": -0.031059,
        "nauc_mrr_at_1_max": 0.457648,
        "nauc_mrr_at_1_std": 0.501984,
        "nauc_mrr_at_1_diff1": 0.663433,
        "nauc_mrr_at_3_max": 0.402252,
        "nauc_mrr_at_3_std": 0.463532,
        "nauc_mrr_at_3_diff1": 0.588077,
        "nauc_mrr_at_5_max": 0.378182,
        "nauc_mrr_at_5_std": 0.472153,
        "nauc_mrr_at_5_diff1": 0.587061,
        "nauc_mrr_at_10_max": 0.351476,
        "nauc_mrr_at_10_std": 0.453819,
        "nauc_mrr_at_10_diff1": 0.507774,
        "nauc_mrr_at_20_max": 0.342357,
        "nauc_mrr_at_20_std": 0.441938,
        "nauc_mrr_at_20_diff1": 0.488929,
        "nauc_mrr_at_100_max": 0.337342,
        "nauc_mrr_at_100_std": 0.417635,
        "nauc_mrr_at_100_diff1": 0.442124,
        "nauc_mrr_at_1000_max": 0.315241,
        "nauc_mrr_at_1000_std": 0.382734,
        "nauc_mrr_at_1000_diff1": 0.399478,
        "main_score": 0.00341,
        "hf_subset": "default",
        "languages": [
          "eng-Latn"
        ]
      }
    ]
  },
  "evaluation_time": 14.06063723564148,
  "kg_co2_emissions": null
}