{
  "dataset_revision": "1840e8a5ac6ec752bbdd97d543ead0189bc7c25b",
  "task_name": "ChemHotpotQARetrieval",
  "mteb_version": "1.36.8",
  "scores": {
    "train": [
      {
        "ndcg_at_1": 0.63333,
        "ndcg_at_3": 0.66326,
        "ndcg_at_5": 0.67562,
        "ndcg_at_10": 0.69183,
        "ndcg_at_20": 0.69846,
        "ndcg_at_100": 0.71313,
        "ndcg_at_1000": 0.72686,
        "map_at_1": 0.61944,
        "map_at_3": 0.65139,
        "map_at_5": 0.65875,
        "map_at_10": 0.66546,
        "map_at_20": 0.66708,
        "map_at_100": 0.6692,
        "map_at_1000": 0.66983,
        "recall_at_1": 0.61944,
        "recall_at_3": 0.68611,
        "recall_at_5": 0.71389,
        "recall_at_10": 0.76389,
        "recall_at_20": 0.79167,
        "recall_at_100": 0.86944,
        "recall_at_1000": 0.97222,
        "precision_at_1": 0.63333,
        "precision_at_3": 0.23519,
        "precision_at_5": 0.14778,
        "precision_at_10": 0.07889,
        "precision_at_20": 0.04083,
        "precision_at_100": 0.00894,
        "precision_at_1000": 0.00101,
        "mrr_at_1": 0.633333,
        "mrr_at_3": 0.663889,
        "mrr_at_5": 0.670833,
        "mrr_at_10": 0.677546,
        "mrr_at_20": 0.679165,
        "mrr_at_100": 0.681285,
        "mrr_at_1000": 0.681837,
        "nauc_ndcg_at_1_max": 0.663864,
        "nauc_ndcg_at_1_std": -0.097029,
        "nauc_ndcg_at_1_diff1": 0.854952,
        "nauc_ndcg_at_3_max": 0.613991,
        "nauc_ndcg_at_3_std": -0.120108,
        "nauc_ndcg_at_3_diff1": 0.783649,
        "nauc_ndcg_at_5_max": 0.617619,
        "nauc_ndcg_at_5_std": -0.126645,
        "nauc_ndcg_at_5_diff1": 0.790268,
        "nauc_ndcg_at_10_max": 0.609678,
        "nauc_ndcg_at_10_std": -0.123329,
        "nauc_ndcg_at_10_diff1": 0.784295,
        "nauc_ndcg_at_20_max": 0.608222,
        "nauc_ndcg_at_20_std": -0.121802,
        "nauc_ndcg_at_20_diff1": 0.783226,
        "nauc_ndcg_at_100_max": 0.609578,
        "nauc_ndcg_at_100_std": -0.097891,
        "nauc_ndcg_at_100_diff1": 0.785639,
        "nauc_ndcg_at_1000_max": 0.613236,
        "nauc_ndcg_at_1000_std": -0.104466,
        "nauc_ndcg_at_1000_diff1": 0.78769,
        "nauc_map_at_1_max": 0.602816,
        "nauc_map_at_1_std": -0.117285,
        "nauc_map_at_1_diff1": 0.811965,
        "nauc_map_at_3_max": 0.609432,
        "nauc_map_at_3_std": -0.115365,
        "nauc_map_at_3_diff1": 0.784822,
        "nauc_map_at_5_max": 0.612782,
        "nauc_map_at_5_std": -0.119759,
        "nauc_map_at_5_diff1": 0.790738,
        "nauc_map_at_10_max": 0.609347,
        "nauc_map_at_10_std": -0.119498,
        "nauc_map_at_10_diff1": 0.788476,
        "nauc_map_at_20_max": 0.609114,
        "nauc_map_at_20_std": -0.11871,
        "nauc_map_at_20_diff1": 0.788221,
        "nauc_map_at_100_max": 0.609448,
        "nauc_map_at_100_std": -0.115347,
        "nauc_map_at_100_diff1": 0.788791,
        "nauc_map_at_1000_max": 0.609634,
        "nauc_map_at_1000_std": -0.115632,
        "nauc_map_at_1000_diff1": 0.788799,
        "nauc_recall_at_1_max": 0.602816,
        "nauc_recall_at_1_std": -0.117285,
        "nauc_recall_at_1_diff1": 0.811965,
        "nauc_recall_at_3_max": 0.585549,
        "nauc_recall_at_3_std": -0.136905,
        "nauc_recall_at_3_diff1": 0.745095,
        "nauc_recall_at_5_max": 0.588368,
        "nauc_recall_at_5_std": -0.153258,
        "nauc_recall_at_5_diff1": 0.752458,
        "nauc_recall_at_10_max": 0.555466,
        "nauc_recall_at_10_std": -0.137524,
        "nauc_recall_at_10_diff1": 0.723339,
        "nauc_recall_at_20_max": 0.539207,
        "nauc_recall_at_20_std": -0.135199,
        "nauc_recall_at_20_diff1": 0.709706,
        "nauc_recall_at_100_max": 0.50456,
        "nauc_recall_at_100_std": 0.089073,
        "nauc_recall_at_100_diff1": 0.679038,
        "nauc_recall_at_1000_max": 0.366106,
        "nauc_recall_at_1000_std": 0.337722,
        "nauc_recall_at_1000_diff1": 0.487955,
        "nauc_precision_at_1_max": 0.663864,
        "nauc_precision_at_1_std": -0.097029,
        "nauc_precision_at_1_diff1": 0.854952,
        "nauc_precision_at_3_max": 0.647952,
        "nauc_precision_at_3_std": -0.095953,
        "nauc_precision_at_3_diff1": 0.752135,
        "nauc_precision_at_5_max": 0.633279,
        "nauc_precision_at_5_std": -0.1103,
        "nauc_precision_at_5_diff1": 0.741411,
        "nauc_precision_at_10_max": 0.609049,
        "nauc_precision_at_10_std": -0.088247,
        "nauc_precision_at_10_diff1": 0.711716,
        "nauc_precision_at_20_max": 0.600188,
        "nauc_precision_at_20_std": -0.081196,
        "nauc_precision_at_20_diff1": 0.698947,
        "nauc_precision_at_100_max": 0.604814,
        "nauc_precision_at_100_std": 0.156543,
        "nauc_precision_at_100_diff1": 0.673172,
        "nauc_precision_at_1000_max": 0.333052,
        "nauc_precision_at_1000_std": 0.269492,
        "nauc_precision_at_1000_diff1": 0.137889,
        "nauc_mrr_at_1_max": 0.663864,
        "nauc_mrr_at_1_std": -0.097029,
        "nauc_mrr_at_1_diff1": 0.854952,
        "nauc_mrr_at_3_max": 0.654761,
        "nauc_mrr_at_3_std": -0.112604,
        "nauc_mrr_at_3_diff1": 0.823751,
        "nauc_mrr_at_5_max": 0.654284,
        "nauc_mrr_at_5_std": -0.114329,
        "nauc_mrr_at_5_diff1": 0.823329,
        "nauc_mrr_at_10_max": 0.651509,
        "nauc_mrr_at_10_std": -0.113963,
        "nauc_mrr_at_10_diff1": 0.821597,
        "nauc_mrr_at_20_max": 0.65146,
        "nauc_mrr_at_20_std": -0.113131,
        "nauc_mrr_at_20_diff1": 0.821485,
        "nauc_mrr_at_100_max": 0.652096,
        "nauc_mrr_at_100_std": -0.109643,
        "nauc_mrr_at_100_diff1": 0.8223,
        "nauc_mrr_at_1000_max": 0.652374,
        "nauc_mrr_at_1000_std": -0.109868,
        "nauc_mrr_at_1000_diff1": 0.822515,
        "main_score": 0.69183,
        "hf_subset": "default",
        "languages": [
          "eng-Latn"
        ]
      }
    ],
    "dev": [
      {
        "ndcg_at_1": 0.625,
        "ndcg_at_3": 0.76637,
        "ndcg_at_5": 0.81472,
        "ndcg_at_10": 0.81472,
        "ndcg_at_20": 0.81472,
        "ndcg_at_100": 0.81472,
        "ndcg_at_1000": 0.81472,
        "map_at_1": 0.625,
        "map_at_3": 0.72917,
        "map_at_5": 0.75417,
        "map_at_10": 0.75417,
        "map_at_20": 0.75417,
        "map_at_100": 0.75417,
        "map_at_1000": 0.75417,
        "recall_at_1": 0.625,
        "recall_at_3": 0.875,
        "recall_at_5": 1.0,
        "recall_at_10": 1.0,
        "recall_at_20": 1.0,
        "recall_at_100": 1.0,
        "recall_at_1000": 1.0,
        "precision_at_1": 0.625,
        "precision_at_3": 0.29167,
        "precision_at_5": 0.2,
        "precision_at_10": 0.1,
        "precision_at_20": 0.05,
        "precision_at_100": 0.01,
        "precision_at_1000": 0.001,
        "mrr_at_1": 0.625,
        "mrr_at_3": 0.729167,
        "mrr_at_5": 0.754167,
        "mrr_at_10": 0.754167,
        "mrr_at_20": 0.754167,
        "mrr_at_100": 0.754167,
        "mrr_at_1000": 0.754167,
        "nauc_ndcg_at_1_max": -0.323754,
        "nauc_ndcg_at_1_std": 0.48737,
        "nauc_ndcg_at_1_diff1": 0.695017,
        "nauc_ndcg_at_3_max": 0.081251,
        "nauc_ndcg_at_3_std": 0.680354,
        "nauc_ndcg_at_3_diff1": 0.774737,
        "nauc_ndcg_at_5_max": -0.203181,
        "nauc_ndcg_at_5_std": 0.581396,
        "nauc_ndcg_at_5_diff1": 0.704999,
        "nauc_ndcg_at_10_max": -0.203181,
        "nauc_ndcg_at_10_std": 0.581396,
        "nauc_ndcg_at_10_diff1": 0.704999,
        "nauc_ndcg_at_20_max": -0.203181,
        "nauc_ndcg_at_20_std": 0.581396,
        "nauc_ndcg_at_20_diff1": 0.704999,
        "nauc_ndcg_at_100_max": -0.203181,
        "nauc_ndcg_at_100_std": 0.581396,
        "nauc_ndcg_at_100_diff1": 0.704999,
        "nauc_ndcg_at_1000_max": -0.203181,
        "nauc_ndcg_at_1000_std": 0.581396,
        "nauc_ndcg_at_1000_diff1": 0.704999,
        "nauc_map_at_1_max": -0.323754,
        "nauc_map_at_1_std": 0.48737,