{
  "dataset_revision": "023e7a813e3b73d8d33551ed2aea511314d612e2",
  "evaluation_time": 54.42985439300537,
  "kg_co2_emissions": null,
  "mteb_version": "1.14.15",
  "scores": {
    "test": [
      {
        "hf_subset": "default",
        "languages": [
          "eng-Latn"
        ],
        "main_score": 0.40399,
        "map_at_1": 0.21605,
        "map_at_10": 0.32948,
        "map_at_100": 0.34691,
        "map_at_1000": 0.34705,
        "map_at_20": 0.33892,
        "map_at_3": 0.27469,
        "map_at_5": 0.31728,
        "mrr_at_1": 0.2962962962962963,
        "mrr_at_10": 0.39845679012345675,
        "mrr_at_100": 0.4109810529172403,
        "mrr_at_1000": 0.4111192508166322,
        "mrr_at_20": 0.4068613485280151,
        "mrr_at_3": 0.3641975308641975,
        "mrr_at_5": 0.3901234567901234,
        "nauc_map_at_1000_diff1": 0.4276479687220637,
        "nauc_map_at_1000_max": 0.11238586750578147,
        "nauc_map_at_1000_std": -0.1731464823779891,
        "nauc_map_at_100_diff1": 0.42785347792993184,
        "nauc_map_at_100_max": 0.11273862534699737,
        "nauc_map_at_100_std": -0.17387706081392984,
        "nauc_map_at_10_diff1": 0.4354978676128501,
        "nauc_map_at_10_max": 0.11147220202175975,
        "nauc_map_at_10_std": -0.17925216507929723,
        "nauc_map_at_1_diff1": 0.4901914289159376,
        "nauc_map_at_1_max": 0.17136652963018287,
        "nauc_map_at_1_std": -0.09672847844464542,
        "nauc_map_at_20_diff1": 0.4243945092145491,
        "nauc_map_at_20_max": 0.11252100410099289,
        "nauc_map_at_20_std": -0.16696081317622957,
        "nauc_map_at_3_diff1": 0.45921877794874094,
        "nauc_map_at_3_max": 0.06346723089335644,
        "nauc_map_at_3_std": -0.2184986575593774,
        "nauc_map_at_5_diff1": 0.4518649294124162,
        "nauc_map_at_5_max": 0.1358838679286219,
        "nauc_map_at_5_std": -0.20109362916081422,
        "nauc_mrr_at_1000_diff1": 0.460178856776409,
        "nauc_mrr_at_1000_max": 0.1709673202422318,
        "nauc_mrr_at_1000_std": -0.145504696480472,
        "nauc_mrr_at_100_diff1": 0.46034678063065626,
        "nauc_mrr_at_100_max": 0.17125443257711012,
        "nauc_mrr_at_100_std": -0.1461607114024512,
        "nauc_mrr_at_10_diff1": 0.46641024248167123,
        "nauc_mrr_at_10_max": 0.17287340565680065,
        "nauc_mrr_at_10_std": -0.1397055783472225,
        "nauc_mrr_at_1_diff1": 0.49710987379189553,
        "nauc_mrr_at_1_max": 0.24451939916787915,
        "nauc_mrr_at_1_std": -0.07569856927082835,
        "nauc_mrr_at_20_diff1": 0.4584420031203064,
        "nauc_mrr_at_20_max": 0.1710401953447768,
        "nauc_mrr_at_20_std": -0.14007856926174883,
        "nauc_mrr_at_3_diff1": 0.47028376986350645,
        "nauc_mrr_at_3_max": 0.13387907282375802,
        "nauc_mrr_at_3_std": -0.16424004061401867,
        "nauc_mrr_at_5_diff1": 0.48171875789032464,
        "nauc_mrr_at_5_max": 0.17934477223154865,
        "nauc_mrr_at_5_std": -0.1601522561314879,
        "nauc_ndcg_at_1000_diff1": 0.41267319519219103,
        "nauc_ndcg_at_1000_max": 0.1284030471172492,
        "nauc_ndcg_at_1000_std": -0.1636681683563108,
        "nauc_ndcg_at_100_diff1": 0.42067993112321433,
        "nauc_ndcg_at_100_max": 0.14141243526777064,
        "nauc_ndcg_at_100_std": -0.19136181248163125,
        "nauc_ndcg_at_10_diff1": 0.4063637786540779,
        "nauc_ndcg_at_10_max": 0.12175753359410849,
        "nauc_ndcg_at_10_std": -0.164826776582891,
        "nauc_ndcg_at_1_diff1": 0.49710987379189553,
        "nauc_ndcg_at_1_max": 0.24451939916787915,
        "nauc_ndcg_at_1_std": -0.07569856927082835,
        "nauc_ndcg_at_20_diff1": 0.3690025855879431,
        "nauc_ndcg_at_20_max": 0.12290198346570123,
        "nauc_ndcg_at_20_std": -0.13588224560313447,
        "nauc_ndcg_at_3_diff1": 0.4503725127423887,
        "nauc_ndcg_at_3_max": 0.04867516325569174,
        "nauc_ndcg_at_3_std": -0.24117778464401732,
        "nauc_ndcg_at_5_diff1": 0.44936990852409675,
        "nauc_ndcg_at_5_max": 0.16689579429880924,
        "nauc_ndcg_at_5_std": -0.2107093545835616,
        "nauc_precision_at_1000_diff1": 0.006660320855527207,
        "nauc_precision_at_1000_max": 0.08702663386784618,
        "nauc_precision_at_1000_std": 0.25633352050798386,
        "nauc_precision_at_100_diff1": 0.08146112431101667,
        "nauc_precision_at_100_max": 0.15484537300227014,
        "nauc_precision_at_100_std": 0.08312814020256702,
        "nauc_precision_at_10_diff1": 0.192348088132836,
        "nauc_precision_at_10_max": 0.12031284782900707,
        "nauc_precision_at_10_std": 0.023527207728305688,
        "nauc_precision_at_1_diff1": 0.49710987379189553,
        "nauc_precision_at_1_max": 0.24451939916787915,
        "nauc_precision_at_1_std": -0.07569856927082835,
        "nauc_precision_at_20_diff1": 0.003180337315218742,
        "nauc_precision_at_20_max": 0.10105669355216922,
        "nauc_precision_at_20_std": 0.1814432561953567,
        "nauc_precision_at_3_diff1": 0.43420024558169257,
        "nauc_precision_at_3_max": 0.00945073558039492,
        "nauc_precision_at_3_std": -0.27930042494284746,
        "nauc_precision_at_5_diff1": 0.35315587252731284,
        "nauc_precision_at_5_max": 0.2530601175316548,
        "nauc_precision_at_5_std": -0.1519886188248294,
        "nauc_recall_at_1000_diff1": NaN,
        "nauc_recall_at_1000_max": NaN,
        "nauc_recall_at_1000_std": NaN,
        "nauc_recall_at_100_diff1": 0.8676470588235302,
        "nauc_recall_at_100_max": 0.8676470588235302,
        "nauc_recall_at_100_std": -1.7373286929788383,
        "nauc_recall_at_10_diff1": 0.2382227690954381,
        "nauc_recall_at_10_max": 0.0833640322027136,
        "nauc_recall_at_10_std": -0.14674743785554806,
        "nauc_recall_at_1_diff1": 0.4901914289159376,
        "nauc_recall_at_1_max": 0.17136652963018287,
        "nauc_recall_at_1_std": -0.09672847844464542,
        "nauc_recall_at_20_diff1": 0.05184094626117163,
        "nauc_recall_at_20_max": 0.08326247452743808,
        "nauc_recall_at_20_std": -0.0366446060639375,
        "nauc_recall_at_3_diff1": 0.3732370467231134,
        "nauc_recall_at_3_max": -0.05351079882204385,
        "nauc_recall_at_3_std": -0.32933345367702277,
        "nauc_recall_at_5_diff1": 0.3723293371772965,
        "nauc_recall_at_5_max": 0.21297100567923277,
        "nauc_recall_at_5_std": -0.247235124531047,
        "ndcg_at_1": 0.2963,
        "ndcg_at_10": 0.40399,
        "ndcg_at_100": 0.48834,
        "ndcg_at_1000": 0.49293,
        "ndcg_at_20": 0.4349,
        "ndcg_at_3": 0.31324,
        "ndcg_at_5": 0.37803,
        "precision_at_1": 0.2963,
        "precision_at_10": 0.07407,
        "precision_at_100": 0.01259,
        "precision_at_1000": 0.0013,
        "precision_at_20": 0.04444,
        "precision_at_3": 0.14815,
        "precision_at_5": 0.12593,
        "recall_at_1": 0.21605,
        "recall_at_10": 0.5679,
        "recall_at_100": 0.96296,
        "recall_at_1000": 1.0,
        "recall_at_20": 0.67901,
        "recall_at_3": 0.34568,
        "recall_at_5": 0.49383
      }
    ]
  },
  "task_name": "ChemNQRetrieval"
}