{
  "dataset_revision": "831d292c3959eae59e4f89b8758738feee97d6cf",
  "evaluation_time": 61.545734882354736,
  "kg_co2_emissions": null,
  "mteb_version": "1.14.15",
  "scores": {
    "test": [
      {
        "hf_subset": "default",
        "languages": [
          "eng-Latn"
        ],
        "main_score": 0.00512,
        "map_at_1": 0.00247,
        "map_at_10": 0.00408,
        "map_at_100": 0.00482,
        "map_at_1000": 0.00518,
        "map_at_20": 0.00437,
        "map_at_3": 0.00349,
        "map_at_5": 0.00369,
        "mrr_at_1": 0.002943600612268927,
        "mrr_at_10": 0.00454622761228201,
        "mrr_at_100": 0.005448018419645072,
        "mrr_at_1000": 0.005828510010805152,
        "mrr_at_20": 0.004918332290523522,
        "mrr_at_3": 0.003905176812276776,
        "mrr_at_5": 0.004093567251461989,
        "nauc_map_at_1000_diff1": 0.2167389351989226,
        "nauc_map_at_1000_max": 0.5424873810699693,
        "nauc_map_at_1000_std": 0.65788345556596,
        "nauc_map_at_100_diff1": 0.24275378768742065,
        "nauc_map_at_100_max": 0.5746712588353045,
        "nauc_map_at_100_std": 0.6706554694149044,
        "nauc_map_at_10_diff1": 0.31533410995980765,
        "nauc_map_at_10_max": 0.634679626516564,
        "nauc_map_at_10_std": 0.6735954063085254,
        "nauc_map_at_1_diff1": 0.5244606804435233,
        "nauc_map_at_1_max": 0.8003461332328481,
        "nauc_map_at_1_std": 0.7947942859736739,
        "nauc_map_at_20_diff1": 0.2815885314955045,
        "nauc_map_at_20_max": 0.6131542834988439,
        "nauc_map_at_20_std": 0.6809324985684015,
        "nauc_map_at_3_diff1": 0.39637690974257905,
        "nauc_map_at_3_max": 0.6779959819733574,
        "nauc_map_at_3_std": 0.6951026750388852,
        "nauc_map_at_5_diff1": 0.3628675768946722,
        "nauc_map_at_5_max": 0.6664045535840217,
        "nauc_map_at_5_std": 0.6833115827274652,
        "nauc_mrr_at_1000_diff1": 0.200688200540762,
        "nauc_mrr_at_1000_max": 0.513508295089033,
        "nauc_mrr_at_1000_std": 0.6533031217671231,
        "nauc_mrr_at_100_diff1": 0.22148463139180813,
        "nauc_mrr_at_100_max": 0.5423223522961903,
        "nauc_mrr_at_100_std": 0.667693525148005,
        "nauc_mrr_at_10_diff1": 0.29421427140765644,
        "nauc_mrr_at_10_max": 0.6101104898968226,
        "nauc_mrr_at_10_std": 0.6765102810713897,
        "nauc_mrr_at_1_diff1": 0.4649617930532079,
        "nauc_mrr_at_1_max": 0.7398679378896773,
        "nauc_mrr_at_1_std": 0.7747213574108062,
        "nauc_mrr_at_20_diff1": 0.2596357815516419,
        "nauc_mrr_at_20_max": 0.58258650598478,
        "nauc_mrr_at_20_std": 0.6828339688341278,
        "nauc_mrr_at_3_diff1": 0.3620883125886717,
        "nauc_mrr_at_3_max": 0.6615423165944139,
        "nauc_mrr_at_3_std": 0.7071444881158371,
        "nauc_mrr_at_5_diff1": 0.33520316492240937,
        "nauc_mrr_at_5_max": 0.6459876915436111,
        "nauc_mrr_at_5_std": 0.6901394314716117,
        "nauc_ndcg_at_1000_diff1": -0.05441226518321006,
        "nauc_ndcg_at_1000_max": 0.22548032804754603,
        "nauc_ndcg_at_1000_std": 0.5142391261669094,
        "nauc_ndcg_at_100_diff1": 0.0539361564907634,
        "nauc_ndcg_at_100_max": 0.4005326211038938,
        "nauc_ndcg_at_100_std": 0.6205737811090283,
        "nauc_ndcg_at_10_diff1": 0.2421645944138216,
        "nauc_ndcg_at_10_max": 0.5822437580848324,
        "nauc_ndcg_at_10_std": 0.6468294099085049,
        "nauc_ndcg_at_1_diff1": 0.4649617930532079,
        "nauc_ndcg_at_1_max": 0.7398679378896773,
        "nauc_ndcg_at_1_std": 0.7747213574108062,
        "nauc_ndcg_at_20_diff1": 0.16732803221699993,
        "nauc_ndcg_at_20_max": 0.5293304342058769,
        "nauc_ndcg_at_20_std": 0.6690768967323026,
        "nauc_ndcg_at_3_diff1": 0.36825703540095595,
        "nauc_ndcg_at_3_max": 0.6589951592481844,
        "nauc_ndcg_at_3_std": 0.6837793659452422,
        "nauc_ndcg_at_5_diff1": 0.3215021992978398,
        "nauc_ndcg_at_5_max": 0.6381337080327995,
        "nauc_ndcg_at_5_std": 0.6621572662786288,
        "nauc_precision_at_1000_diff1": -0.12688996662845373,
        "nauc_precision_at_1000_max": 0.10616264264282196,
        "nauc_precision_at_1000_std": 0.45123483475586973,
        "nauc_precision_at_100_diff1": -0.09748273583121768,
        "nauc_precision_at_100_max": 0.25009502057203586,
        "nauc_precision_at_100_std": 0.5709741108138844,
        "nauc_precision_at_10_diff1": 0.05583849904663185,
        "nauc_precision_at_10_max": 0.4574267268314291,
        "nauc_precision_at_10_std": 0.5947033316574619,
        "nauc_precision_at_1_diff1": 0.4649617930532079,
        "nauc_precision_at_1_max": 0.7398679378896773,
        "nauc_precision_at_1_std": 0.7747213574108062,
        "nauc_precision_at_20_diff1": -0.019153877526788692,
        "nauc_precision_at_20_max": 0.3887295616391834,
        "nauc_precision_at_20_std": 0.646064034999113,
        "nauc_precision_at_3_diff1": 0.26649117252582016,
        "nauc_precision_at_3_max": 0.5612451607694496,
        "nauc_precision_at_3_std": 0.631682395083586,
        "nauc_precision_at_5_diff1": 0.18585289764415755,
        "nauc_precision_at_5_max": 0.5473273993244395,
        "nauc_precision_at_5_std": 0.6084565783651393,
        "nauc_recall_at_1000_diff1": -0.12143770306390331,
        "nauc_recall_at_1000_max": 0.1396352173868475,
        "nauc_recall_at_1000_std": 0.4548485902980638,
        "nauc_recall_at_100_diff1": -0.06785403472917421,
        "nauc_recall_at_100_max": 0.2864053350115593,
        "nauc_recall_at_100_std": 0.5841336791100383,
        "nauc_recall_at_10_diff1": 0.1397026952187666,
        "nauc_recall_at_10_max": 0.5131234346064045,
        "nauc_recall_at_10_std": 0.6022640952833658,
        "nauc_recall_at_1_diff1": 0.5244606804435233,
        "nauc_recall_at_1_max": 0.8003461332328481,
        "nauc_recall_at_1_std": 0.7947942859736739,
        "nauc_recall_at_20_diff1": 0.03254818276000898,
        "nauc_recall_at_20_max": 0.4383569591107128,
        "nauc_recall_at_20_std": 0.6618360811892932,
        "nauc_recall_at_3_diff1": 0.3345610733858718,
        "nauc_recall_at_3_max": 0.6313897391798503,
        "nauc_recall_at_3_std": 0.6492071679799791,
        "nauc_recall_at_5_diff1": 0.2583217972912767,
        "nauc_recall_at_5_max": 0.5933568891194911,
        "nauc_recall_at_5_std": 0.6111707156139198,
        "ndcg_at_1": 0.00294,
        "ndcg_at_10": 0.00512,
        "ndcg_at_100": 0.01006,
        "ndcg_at_1000": 0.02447,
        "ndcg_at_20": 0.00625,
        "ndcg_at_3": 0.00385,
        "ndcg_at_5": 0.00418,
        "precision_at_1": 0.00294,
        "precision_at_10": 0.00107,
        "precision_at_100": 0.00048,
        "precision_at_1000": 0.00024,
        "precision_at_20": 0.00085,
        "precision_at_3": 0.00184,
        "precision_at_5": 0.00132,
        "recall_at_1": 0.00247,
        "recall_at_10": 0.00783,
        "recall_at_100": 0.0312,
        "recall_at_1000": 0.14025,
        "recall_at_20": 0.01181,
        "recall_at_3": 0.00447,
        "recall_at_5": 0.00522
      }
    ]
  },
  "task_name": "CoconutRetrieval"
}