{
  "dataset_revision": "831d292c3959eae59e4f89b8758738feee97d6cf",
  "evaluation_time": 40.588749170303345,
  "kg_co2_emissions": null,
  "mteb_version": "1.14.15",
  "scores": {
    "test": [
      {
        "hf_subset": "default",
        "languages": [
          "eng-Latn"
        ],
        "main_score": 0.00264,
        "map_at_1": 0.00147,
        "map_at_10": 0.0021,
        "map_at_100": 0.00265,
        "map_at_1000": 0.00299,
        "map_at_20": 0.00229,
        "map_at_3": 0.00183,
        "map_at_5": 0.00191,
        "mrr_at_1": 0.0016484163428705993,
        "mrr_at_10": 0.0024433286796409362,
        "mrr_at_100": 0.003091551209494368,
        "mrr_at_1000": 0.003438392441531874,
        "mrr_at_20": 0.0026684388437638886,
        "mrr_at_3": 0.0020605204285882492,
        "mrr_at_5": 0.0021900388555280816,
        "nauc_map_at_1000_diff1": 0.5202643290476276,
        "nauc_map_at_1000_max": 0.6252546735741196,
        "nauc_map_at_1000_std": 0.5440117222192185,
        "nauc_map_at_100_diff1": 0.5868100886495656,
        "nauc_map_at_100_max": 0.6947464673294989,
        "nauc_map_at_100_std": 0.5948564389759756,
        "nauc_map_at_10_diff1": 0.7521810781204156,
        "nauc_map_at_10_max": 0.8136037224232191,
        "nauc_map_at_10_std": 0.675722350051102,
        "nauc_map_at_1_diff1": 0.9571767553579628,
        "nauc_map_at_1_max": 0.9729452187104229,
        "nauc_map_at_1_std": 0.837919291557629,
        "nauc_map_at_20_diff1": 0.6891040392657768,
        "nauc_map_at_20_max": 0.7668120931154011,
        "nauc_map_at_20_std": 0.650855458092385,
        "nauc_map_at_3_diff1": 0.8984662123019309,
        "nauc_map_at_3_max": 0.8478100318987669,
        "nauc_map_at_3_std": 0.7446281894545017,
        "nauc_map_at_5_diff1": 0.842500671427582,
        "nauc_map_at_5_max": 0.8360322571336989,
        "nauc_map_at_5_std": 0.729469373039918,
        "nauc_mrr_at_1000_diff1": 0.4601495733209578,
        "nauc_mrr_at_1000_max": 0.598543449879903,
        "nauc_mrr_at_1000_std": 0.5323132576669721,
        "nauc_mrr_at_100_diff1": 0.5116371980044608,
        "nauc_mrr_at_100_max": 0.6581359572774863,
        "nauc_mrr_at_100_std": 0.574595581156395,
        "nauc_mrr_at_10_diff1": 0.658257998398993,
        "nauc_mrr_at_10_max": 0.7804238723287762,
        "nauc_mrr_at_10_std": 0.645597573416549,
        "nauc_mrr_at_1_diff1": 0.9235299202820759,
        "nauc_mrr_at_1_max": 0.9758439452771633,
        "nauc_mrr_at_1_std": 0.804746972977027,
        "nauc_mrr_at_20_diff1": 0.600777443375725,
        "nauc_mrr_at_20_max": 0.7219975906468448,
        "nauc_mrr_at_20_std": 0.6171932614690286,
        "nauc_mrr_at_3_diff1": 0.8358309847071236,
        "nauc_mrr_at_3_max": 0.8365158745501802,
        "nauc_mrr_at_3_std": 0.7419622528045887,
        "nauc_mrr_at_5_diff1": 0.7597397627054782,
        "nauc_mrr_at_5_max": 0.8121012450350192,
        "nauc_mrr_at_5_std": 0.7176896914737253,
        "nauc_ndcg_at_1000_diff1": 0.06277664754820414,
        "nauc_ndcg_at_1000_max": 0.16382790762279553,
        "nauc_ndcg_at_1000_std": 0.2267787833340344,
        "nauc_ndcg_at_100_diff1": 0.22779288608249054,
        "nauc_ndcg_at_100_max": 0.4334302382453713,
        "nauc_ndcg_at_100_std": 0.415744805682796,
        "nauc_ndcg_at_10_diff1": 0.5897439890704552,
        "nauc_ndcg_at_10_max": 0.7498636428241163,
        "nauc_ndcg_at_10_std": 0.5941173143967786,
        "nauc_ndcg_at_1_diff1": 0.9235299202820759,
        "nauc_ndcg_at_1_max": 0.9758439452771633,
        "nauc_ndcg_at_1_std": 0.804746972977027,
        "nauc_ndcg_at_20_diff1": 0.4591446534142582,
        "nauc_ndcg_at_20_max": 0.6313097737079314,
        "nauc_ndcg_at_20_std": 0.5424947758510116,
        "nauc_ndcg_at_3_diff1": 0.8554521701236005,
        "nauc_ndcg_at_3_max": 0.8078266368402203,
        "nauc_ndcg_at_3_std": 0.7290637160537515,
        "nauc_ndcg_at_5_diff1": 0.7625921505743111,
        "nauc_ndcg_at_5_max": 0.7882215834094374,
        "nauc_ndcg_at_5_std": 0.7007664625146611,
        "nauc_precision_at_1000_diff1": -0.013174680608654172,
        "nauc_precision_at_1000_max": 0.05008187287890147,
        "nauc_precision_at_1000_std": 0.1416647331820633,
        "nauc_precision_at_100_diff1": 0.015922499123324167,
        "nauc_precision_at_100_max": 0.26787061388289307,
        "nauc_precision_at_100_std": 0.28927992271794156,
        "nauc_precision_at_10_diff1": 0.22594332418577046,
        "nauc_precision_at_10_max": 0.6269153045064384,
        "nauc_precision_at_10_std": 0.4332421090002376,
        "nauc_precision_at_1_diff1": 0.9235299202820759,
        "nauc_precision_at_1_max": 0.9758439452771633,
        "nauc_precision_at_1_std": 0.804746972977027,
        "nauc_precision_at_20_diff1": 0.12817112458936025,
        "nauc_precision_at_20_max": 0.4308056432581676,
        "nauc_precision_at_20_std": 0.38230852737457466,
        "nauc_precision_at_3_diff1": 0.698068312526997,
        "nauc_precision_at_3_max": 0.7342234508841665,
        "nauc_precision_at_3_std": 0.6726186066281444,
        "nauc_precision_at_5_diff1": 0.4755251960489335,
        "nauc_precision_at_5_max": 0.6838667658594565,
        "nauc_precision_at_5_std": 0.6352875100978838,
        "nauc_recall_at_1000_diff1": -0.013335404418565056,
        "nauc_recall_at_1000_max": 0.06742244536163197,
        "nauc_recall_at_1000_std": 0.1647497903941113,
        "nauc_recall_at_100_diff1": 0.049186579221094096,
        "nauc_recall_at_100_max": 0.28330453638982256,
        "nauc_recall_at_100_std": 0.32593086090311146,
        "nauc_recall_at_10_diff1": 0.3814719924185522,
        "nauc_recall_at_10_max": 0.6722881864875753,
        "nauc_recall_at_10_std": 0.4751821165537725,
        "nauc_recall_at_1_diff1": 0.9571767553579628,
        "nauc_recall_at_1_max": 0.9729452187104229,
        "nauc_recall_at_1_std": 0.837919291557629,
        "nauc_recall_at_20_diff1": 0.21938517177500874,
        "nauc_recall_at_20_max": 0.4854463820114875,
        "nauc_recall_at_20_std": 0.431066748826563,
        "nauc_recall_at_3_diff1": 0.8341286405561783,
        "nauc_recall_at_3_max": 0.726494876681624,
        "nauc_recall_at_3_std": 0.6906501013279759,
        "nauc_recall_at_5_diff1": 0.6711023557526452,
        "nauc_recall_at_5_max": 0.706122670112217,
        "nauc_recall_at_5_std": 0.6451979028624775,
        "ndcg_at_1": 0.00165,
        "ndcg_at_10": 0.00264,
        "ndcg_at_100": 0.00634,
        "ndcg_at_1000": 0.01911,
        "ndcg_at_20": 0.00335,
        "ndcg_at_3": 0.002,
        "ndcg_at_5": 0.00216,
        "precision_at_1": 0.00165,
        "precision_at_10": 0.00059,
        "precision_at_100": 0.00036,
        "precision_at_1000": 0.00021,
        "precision_at_20": 0.00052,
        "precision_at_3": 0.00098,
        "precision_at_5": 0.00073,
        "recall_at_1": 0.00147,
        "recall_at_10": 0.00387,
        "recall_at_100": 0.02112,
        "recall_at_1000": 0.1162,
        "recall_at_20": 0.00632,
        "recall_at_3": 0.00222,
        "recall_at_5": 0.00255
      }
    ]
  },
  "task_name": "CoconutRetrieval"
}