{
  "dataset_revision": "eeaad4bb9ec83058589faec127cdcb38fc7bfb2e",
  "evaluation_time": 2.0489413738250732,
  "kg_co2_emissions": null,
  "mteb_version": "1.14.15",
  "scores": {
    "test": [
      {
        "cosine_accuracy": 0.98583984375,
        "cosine_accuracy_threshold": 0.9579803943634033,
        "cosine_ap": 0.9504949574592636,
        "cosine_f1": 0.9269521410579346,
        "cosine_f1_threshold": 0.9579803943634033,
        "cosine_precision": 0.9583333333333334,
        "cosine_recall": 0.8975609756097561,
        "dot_accuracy": 0.98583984375,
        "dot_accuracy_threshold": 0.9579803943634033,
        "dot_ap": 0.9504945640939979,
        "dot_f1": 0.9269521410579346,
        "dot_f1_threshold": 0.9579803943634033,
        "dot_precision": 0.9583333333333334,
        "dot_recall": 0.8975609756097561,
        "euclidean_accuracy": 0.98583984375,
        "euclidean_accuracy_threshold": 0.28989505767822266,
        "euclidean_ap": 0.950494204673958,
        "euclidean_f1": 0.9269521410579346,
        "euclidean_f1_threshold": 0.28989505767822266,
        "euclidean_precision": 0.9583333333333334,
        "euclidean_recall": 0.8975609756097561,
        "hf_subset": "default",
        "languages": [
          "eng-Latn"
        ],
        "main_score": 0.9269521410579346,
        "manhattan_accuracy": 0.9853515625,
        "manhattan_accuracy_threshold": 4.475090980529785,
        "manhattan_ap": 0.9505835526479182,
        "manhattan_f1": 0.9246231155778895,
        "manhattan_f1_threshold": 4.594478607177734,
        "manhattan_precision": 0.9533678756476683,
        "manhattan_recall": 0.8975609756097561,
        "max_accuracy": 0.98583984375,
        "max_ap": 0.9505835526479182,
        "max_f1": 0.9269521410579346,
        "max_precision": 0.9583333333333334,
        "max_recall": 0.8975609756097561,
        "similarity_accuracy": 0.98583984375,
        "similarity_accuracy_threshold": 0.9579803943634033,
        "similarity_ap": 0.950494204673958,
        "similarity_f1": 0.9269521410579346,
        "similarity_f1_threshold": 0.9579803943634033,
        "similarity_precision": 0.9583333333333334,
        "similarity_recall": 0.8975609756097561
      }
    ]
  },
  "task_name": "PubChemAISentenceParaphrasePC"
}