{
  "dataset_revision": "5d958fb6b31055495347724d46431ba41309b03a",
  "task_name": "ChemNQRetrieval",
  "mteb_version": "1.36.8",
  "scores": {
    "test": [
      {
        "ndcg_at_1": 0.03704,
        "ndcg_at_3": 0.03704,
        "ndcg_at_5": 0.05136,
        "ndcg_at_10": 0.05893,
        "ndcg_at_20": 0.07597,
        "ndcg_at_100": 0.09384,
        "ndcg_at_1000": 0.12457,
        "map_at_1": 0.03704,
        "map_at_3": 0.03704,
        "map_at_5": 0.04444,
        "map_at_10": 0.04709,
        "map_at_20": 0.05181,
        "map_at_100": 0.05418,
        "map_at_1000": 0.05532,
        "recall_at_1": 0.03704,
        "recall_at_3": 0.03704,
        "recall_at_5": 0.07407,
        "recall_at_10": 0.09259,
        "recall_at_20": 0.14815,
        "recall_at_100": 0.24074,
        "recall_at_1000": 0.48148,
        "precision_at_1": 0.03704,
        "precision_at_3": 0.01235,
        "precision_at_5": 0.01481,
        "precision_at_10": 0.01111,
        "precision_at_20": 0.01111,
        "precision_at_100": 0.00333,
        "precision_at_1000": 0.00063,
        "mrr_at_1": 0.037037,
        "mrr_at_3": 0.037037,
        "mrr_at_5": 0.044444,
        "mrr_at_10": 0.049735,
        "mrr_at_20": 0.055281,
        "mrr_at_100": 0.057998,
        "mrr_at_1000": 0.058726,
        "nauc_ndcg_at_1_max": 0.695273,
        "nauc_ndcg_at_1_std": 0.3296,
        "nauc_ndcg_at_1_diff1": 0.695273,
        "nauc_ndcg_at_3_max": 0.695273,
        "nauc_ndcg_at_3_std": 0.3296,
        "nauc_ndcg_at_3_diff1": 0.695273,
        "nauc_ndcg_at_5_max": 0.385205,
        "nauc_ndcg_at_5_std": 0.180252,
        "nauc_ndcg_at_5_diff1": 0.412048,
        "nauc_ndcg_at_10_max": 0.282257,
        "nauc_ndcg_at_10_std": 0.130666,
        "nauc_ndcg_at_10_diff1": 0.332689,
        "nauc_ndcg_at_20_max": 0.177004,
        "nauc_ndcg_at_20_std": 0.035017,
        "nauc_ndcg_at_20_diff1": 0.183016,
        "nauc_ndcg_at_100_max": 0.2423,
        "nauc_ndcg_at_100_std": -0.037434,
        "nauc_ndcg_at_100_diff1": 0.20472,
        "nauc_ndcg_at_1000_max": 0.305734,
        "nauc_ndcg_at_1000_std": -0.061023,
        "nauc_ndcg_at_1000_diff1": 0.279966,
        "nauc_map_at_1_max": 0.695273,
        "nauc_map_at_1_std": 0.3296,
        "nauc_map_at_1_diff1": 0.695273,
        "nauc_map_at_3_max": 0.695273,
        "nauc_map_at_3_std": 0.3296,
        "nauc_map_at_3_diff1": 0.695273,
        "nauc_map_at_5_max": 0.510009,
        "nauc_map_at_5_std": 0.240366,
        "nauc_map_at_5_diff1": 0.526048,
        "nauc_map_at_10_max": 0.457969,
        "nauc_map_at_10_std": 0.2153,
        "nauc_map_at_10_diff1": 0.484932,
        "nauc_map_at_20_max": 0.408533,
        "nauc_map_at_20_std": 0.168826,
        "nauc_map_at_20_diff1": 0.416952,
        "nauc_map_at_100_max": 0.427286,
        "nauc_map_at_100_std": 0.148819,
        "nauc_map_at_100_diff1": 0.419561,
        "nauc_map_at_1000_max": 0.42774,
        "nauc_map_at_1000_std": 0.147995,
        "nauc_map_at_1000_diff1": 0.422735,
        "nauc_recall_at_1_max": 0.695273,
        "nauc_recall_at_1_std": 0.3296,
        "nauc_recall_at_1_diff1": 0.695273,
        "nauc_recall_at_3_max": 0.695273,
        "nauc_recall_at_3_std": 0.3296,
        "nauc_recall_at_3_diff1": 0.695273,
        "nauc_recall_at_5_max": 0.139483,
        "nauc_recall_at_5_std": 0.061898,
        "nauc_recall_at_5_diff1": 0.187598,
        "nauc_recall_at_10_max": 0.028325,
        "nauc_recall_at_10_std": 0.008357,
        "nauc_recall_at_10_diff1": 0.108917,
        "nauc_recall_at_20_max": -0.076354,
        "nauc_recall_at_20_std": -0.115822,
        "nauc_recall_at_20_diff1": -0.080506,
        "nauc_recall_at_100_max": 0.091772,
        "nauc_recall_at_100_std": -0.24503,
        "nauc_recall_at_100_diff1": 0.02059,
        "nauc_recall_at_1000_max": 0.348461,
        "nauc_recall_at_1000_std": -0.325896,
        "nauc_recall_at_1000_diff1": 0.290838,
        "nauc_precision_at_1_max": 0.695273,
        "nauc_precision_at_1_std": 0.3296,
        "nauc_precision_at_1_diff1": 0.695273,
        "nauc_precision_at_3_max": 0.695273,
        "nauc_precision_at_3_std": 0.3296,
        "nauc_precision_at_3_diff1": 0.695273,
        "nauc_precision_at_5_max": 0.139483,
        "nauc_precision_at_5_std": 0.061898,
        "nauc_precision_at_5_diff1": 0.187598,
        "nauc_precision_at_10_max": -0.04578,
        "nauc_precision_at_10_std": -0.027336,
        "nauc_precision_at_10_diff1": 0.056464,
        "nauc_precision_at_20_max": -0.156433,
        "nauc_precision_at_20_std": -0.18176,
        "nauc_precision_at_20_diff1": -0.179978,
        "nauc_precision_at_100_max": -0.009763,
        "nauc_precision_at_100_std": -0.266206,
        "nauc_precision_at_100_diff1": -0.094788,
        "nauc_precision_at_1000_max": 0.095943,
        "nauc_precision_at_1000_std": -0.309511,
        "nauc_precision_at_1000_diff1": 0.039335,
        "nauc_mrr_at_1_max": 0.695273,
        "nauc_mrr_at_1_std": 0.3296,
        "nauc_mrr_at_1_diff1": 0.695273,
        "nauc_mrr_at_3_max": 0.695273,
        "nauc_mrr_at_3_std": 0.3296,
        "nauc_mrr_at_3_diff1": 0.695273,
        "nauc_mrr_at_5_max": 0.510009,
        "nauc_mrr_at_5_std": 0.240366,
        "nauc_mrr_at_5_diff1": 0.526048,
        "nauc_mrr_at_10_max": 0.411465,
        "nauc_mrr_at_10_std": 0.192901,
        "nauc_mrr_at_10_diff1": 0.448191,
        "nauc_mrr_at_20_max": 0.354368,
        "nauc_mrr_at_20_std": 0.150217,
        "nauc_mrr_at_20_diff1": 0.375532,
        "nauc_mrr_at_100_max": 0.373876,
        "nauc_mrr_at_100_std": 0.132312,
        "nauc_mrr_at_100_diff1": 0.378482,
        "nauc_mrr_at_1000_max": 0.38015,
        "nauc_mrr_at_1000_std": 0.133528,
        "nauc_mrr_at_1000_diff1": 0.385627,
        "main_score": 0.05893,
        "hf_subset": "default",
        "languages": [
          "eng-Latn"
        ]
      }
    ]
  },
  "evaluation_time": 40.93178367614746,
  "kg_co2_emissions": null
}