{
  "dataset_revision": "1840e8a5ac6ec752bbdd97d543ead0189bc7c25b",
  "task_name": "ChemHotpotQARetrieval",
  "mteb_version": "1.36.8",
  "scores": {
    "train": [
      {
        "ndcg_at_1": 0.07222,
        "ndcg_at_3": 0.0996,
        "ndcg_at_5": 0.11083,
        "ndcg_at_10": 0.1164,
        "ndcg_at_20": 0.13192,
        "ndcg_at_100": 0.15515,
        "ndcg_at_1000": 0.18602,
        "map_at_1": 0.07222,
        "map_at_3": 0.09259,
        "map_at_5": 0.0987,
        "map_at_10": 0.10111,
        "map_at_20": 0.10542,
        "map_at_100": 0.10818,
        "map_at_1000": 0.10912,
        "recall_at_1": 0.07222,
        "recall_at_3": 0.11667,
        "recall_at_5": 0.14444,
        "recall_at_10": 0.16111,
        "recall_at_20": 0.22222,
        "recall_at_100": 0.35278,
        "recall_at_1000": 0.60556,
        "precision_at_1": 0.07222,
        "precision_at_3": 0.04074,
        "precision_at_5": 0.03,
        "precision_at_10": 0.01667,
        "precision_at_20": 0.01139,
        "precision_at_100": 0.00361,
        "precision_at_1000": 0.00062,
        "mrr_at_1": 0.072222,
        "mrr_at_3": 0.09537,
        "mrr_at_5": 0.101481,
        "mrr_at_10": 0.103889,
        "mrr_at_20": 0.108193,
        "mrr_at_100": 0.111061,
        "mrr_at_1000": 0.112006,
        "nauc_ndcg_at_1_max": 0.338899,
        "nauc_ndcg_at_1_std": -0.211884,
        "nauc_ndcg_at_1_diff1": 0.449774,
        "nauc_ndcg_at_3_max": 0.279856,
        "nauc_ndcg_at_3_std": -0.19883,
        "nauc_ndcg_at_3_diff1": 0.401854,
        "nauc_ndcg_at_5_max": 0.305255,
        "nauc_ndcg_at_5_std": -0.203398,
        "nauc_ndcg_at_5_diff1": 0.37433,
        "nauc_ndcg_at_10_max": 0.308851,
        "nauc_ndcg_at_10_std": -0.191005,
        "nauc_ndcg_at_10_diff1": 0.343394,
        "nauc_ndcg_at_20_max": 0.31512,
        "nauc_ndcg_at_20_std": -0.176004,
        "nauc_ndcg_at_20_diff1": 0.299961,
        "nauc_ndcg_at_100_max": 0.302033,
        "nauc_ndcg_at_100_std": -0.180805,
        "nauc_ndcg_at_100_diff1": 0.276385,
        "nauc_ndcg_at_1000_max": 0.291145,
        "nauc_ndcg_at_1000_std": -0.180996,
        "nauc_ndcg_at_1000_diff1": 0.268858,
        "nauc_map_at_1_max": 0.338899,
        "nauc_map_at_1_std": -0.211884,
        "nauc_map_at_1_diff1": 0.449774,
        "nauc_map_at_3_max": 0.291181,
        "nauc_map_at_3_std": -0.202061,
        "nauc_map_at_3_diff1": 0.410693,
        "nauc_map_at_5_max": 0.305796,
        "nauc_map_at_5_std": -0.204048,
        "nauc_map_at_5_diff1": 0.394095,
        "nauc_map_at_10_max": 0.30742,
        "nauc_map_at_10_std": -0.196656,
        "nauc_map_at_10_diff1": 0.378934,
        "nauc_map_at_20_max": 0.309188,
        "nauc_map_at_20_std": -0.190396,
        "nauc_map_at_20_diff1": 0.363181,
        "nauc_map_at_100_max": 0.305647,
        "nauc_map_at_100_std": -0.189918,
        "nauc_map_at_100_diff1": 0.360403,
        "nauc_map_at_1000_max": 0.305434,
        "nauc_map_at_1000_std": -0.18985,
        "nauc_map_at_1000_diff1": 0.360078,
        "nauc_recall_at_1_max": 0.338899,
        "nauc_recall_at_1_std": -0.211884,
        "nauc_recall_at_1_diff1": 0.449774,
        "nauc_recall_at_3_max": 0.249104,
        "nauc_recall_at_3_std": -0.1979,
        "nauc_recall_at_3_diff1": 0.36934,
        "nauc_recall_at_5_max": 0.304024,
        "nauc_recall_at_5_std": -0.20891,
        "nauc_recall_at_5_diff1": 0.318744,
        "nauc_recall_at_10_max": 0.312747,
        "nauc_recall_at_10_std": -0.185156,
        "nauc_recall_at_10_diff1": 0.251764,
        "nauc_recall_at_20_max": 0.326676,
        "nauc_recall_at_20_std": -0.150318,
        "nauc_recall_at_20_diff1": 0.15484,
        "nauc_recall_at_100_max": 0.295747,
        "nauc_recall_at_100_std": -0.182763,
        "nauc_recall_at_100_diff1": 0.082057,
        "nauc_recall_at_1000_max": 0.231105,
        "nauc_recall_at_1000_std": -0.190421,
        "nauc_recall_at_1000_diff1": 0.015865,
        "nauc_precision_at_1_max": 0.338899,
        "nauc_precision_at_1_std": -0.211884,
        "nauc_precision_at_1_diff1": 0.449774,
        "nauc_precision_at_3_max": 0.256803,
        "nauc_precision_at_3_std": -0.186787,
        "nauc_precision_at_3_diff1": 0.389557,
        "nauc_precision_at_5_max": 0.309142,
        "nauc_precision_at_5_std": -0.199028,
        "nauc_precision_at_5_diff1": 0.337567,
        "nauc_precision_at_10_max": 0.317251,
        "nauc_precision_at_10_std": -0.176637,
        "nauc_precision_at_10_diff1": 0.270855,
        "nauc_precision_at_20_max": 0.333591,
        "nauc_precision_at_20_std": -0.145652,
        "nauc_precision_at_20_diff1": 0.174241,
        "nauc_precision_at_100_max": 0.295552,
        "nauc_precision_at_100_std": -0.165779,
        "nauc_precision_at_100_diff1": 0.113278,
        "nauc_precision_at_1000_max": 0.222964,
        "nauc_precision_at_1000_std": -0.147781,
        "nauc_precision_at_1000_diff1": 0.054121,
        "nauc_mrr_at_1_max": 0.338899,
        "nauc_mrr_at_1_std": -0.211884,
        "nauc_mrr_at_1_diff1": 0.449774,
        "nauc_mrr_at_3_max": 0.29513,
        "nauc_mrr_at_3_std": -0.195068,
        "nauc_mrr_at_3_diff1": 0.42244,
        "nauc_mrr_at_5_max": 0.3093,
        "nauc_mrr_at_5_std": -0.19731,
        "nauc_mrr_at_5_diff1": 0.405666,
        "nauc_mrr_at_10_max": 0.310836,
        "nauc_mrr_at_10_std": -0.190167,
        "nauc_mrr_at_10_diff1": 0.390601,
        "nauc_mrr_at_20_max": 0.312492,
        "nauc_mrr_at_20_std": -0.184172,
        "nauc_mrr_at_20_diff1": 0.374866,
        "nauc_mrr_at_100_max": 0.308333,
        "nauc_mrr_at_100_std": -0.182708,
        "nauc_mrr_at_100_diff1": 0.372926,
        "nauc_mrr_at_1000_max": 0.308042,
        "nauc_mrr_at_1000_std": -0.182498,
        "nauc_mrr_at_1000_diff1": 0.372601,
        "main_score": 0.1164,
        "hf_subset": "default",
        "languages": [
          "eng-Latn"
        ]
      }
    ],
    "dev": [
      {
        "ndcg_at_1": 0.0,
        "ndcg_at_3": 0.0,
        "ndcg_at_5": 0.05383,
        "ndcg_at_10": 0.09327,
        "ndcg_at_20": 0.09327,
        "ndcg_at_100": 0.16227,
        "ndcg_at_1000": 0.17537,
        "map_at_1": 0.0,
        "map_at_3": 0.0,
        "map_at_5": 0.03125,
        "map_at_10": 0.04688,
        "map_at_20": 0.04688,
        "map_at_100": 0.05625,
        "map_at_1000": 0.05642,
        "recall_at_1": 0.0,
        "recall_at_3": 0.0,
        "recall_at_5": 0.125,
        "recall_at_10": 0.25,
        "recall_at_20": 0.25,
        "recall_at_100": 0.625,
        "recall_at_1000": 0.75,
        "precision_at_1": 0.0,
        "precision_at_3": 0.0,
        "precision_at_5": 0.025,
        "precision_at_10": 0.025,
        "precision_at_20": 0.0125,
        "precision_at_100": 0.00625,
        "precision_at_1000": 0.00075,
        "mrr_at_1": 0.0,
        "mrr_at_3": 0.0,
        "mrr_at_5": 0.03125,
        "mrr_at_10": 0.046875,
        "mrr_at_20": 0.046875,
        "mrr_at_100": 0.056248,
        "mrr_at_1000": 0.056416,
        "nauc_ndcg_at_1_max": NaN,
        "nauc_ndcg_at_1_std": NaN,
        "nauc_ndcg_at_1_diff1": NaN,
        "nauc_ndcg_at_3_max": NaN,
        "nauc_ndcg_at_3_std": NaN,
        "nauc_ndcg_at_3_diff1": NaN,
        "nauc_ndcg_at_5_max": 1.0,
        "nauc_ndcg_at_5_std": -0.227639,
        "nauc_ndcg_at_5_diff1": 1.0,
        "nauc_ndcg_at_10_max": 0.620546,
        "nauc_ndcg_at_10_std": 0.19057,
        "nauc_ndcg_at_10_diff1": 0.71541,
        "nauc_ndcg_at_20_max": 0.620546,
        "nauc_ndcg_at_20_std": 0.19057,
        "nauc_ndcg_at_20_diff1": 0.71541,
        "nauc_ndcg_at_100_max": 0.69404,
        "nauc_ndcg_at_100_std": -0.027868,
        "nauc_ndcg_at_100_diff1": 0.701368,
        "nauc_ndcg_at_1000_max": 0.696194,
        "nauc_ndcg_at_1000_std": -0.140597,
        "nauc_ndcg_at_1000_diff1": 0.683072,
        "nauc_map_at_1_max": NaN,
        "nauc_map_at_1_std": NaN,
        "nauc_map_at_1_diff1": NaN,
        "nauc_map_at_3_max": NaN,