{
  "dataset_revision": "831d292c3959eae59e4f89b8758738feee97d6cf",
  "task_name": "CoconutRetrieval",
  "mteb_version": "1.36.8",
  "scores": {
    "test": [
      {
        "ndcg_at_1": 0.00059,
        "ndcg_at_3": 0.00072,
        "ndcg_at_5": 0.00071,
        "ndcg_at_10": 0.0011,
        "ndcg_at_20": 0.00161,
        "ndcg_at_100": 0.00344,
        "ndcg_at_1000": 0.01263,
        "map_at_1": 0.00053,
        "map_at_3": 0.00064,
        "map_at_5": 0.00064,
        "map_at_10": 0.00078,
        "map_at_20": 0.00092,
        "map_at_100": 0.00114,
        "map_at_1000": 0.00136,
        "recall_at_1": 0.00053,
        "recall_at_3": 0.00078,
        "recall_at_5": 0.00078,
        "recall_at_10": 0.00189,
        "recall_at_20": 0.00371,
        "recall_at_100": 0.01301,
        "recall_at_1000": 0.08214,
        "precision_at_1": 0.00059,
        "precision_at_3": 0.00035,
        "precision_at_5": 0.00021,
        "precision_at_10": 0.00027,
        "precision_at_20": 0.00028,
        "precision_at_100": 0.00021,
        "precision_at_1000": 0.00015,
        "mrr_at_1": 0.000589,
        "mrr_at_3": 0.000785,
        "mrr_at_5": 0.000785,
        "mrr_at_10": 0.000975,
        "mrr_at_20": 0.001129,
        "mrr_at_100": 0.001376,
        "mrr_at_1000": 0.001607,
        "nauc_ndcg_at_1_max": -0.065076,
        "nauc_ndcg_at_1_std": 0.691205,
        "nauc_ndcg_at_1_diff1": 0.1541,
        "nauc_ndcg_at_3_max": -0.085822,
        "nauc_ndcg_at_3_std": 0.636064,
        "nauc_ndcg_at_3_diff1": 0.195935,
        "nauc_ndcg_at_5_max": -0.09289,
        "nauc_ndcg_at_5_std": 0.639564,
        "nauc_ndcg_at_5_diff1": 0.190702,
        "nauc_ndcg_at_10_max": -0.091018,
        "nauc_ndcg_at_10_std": 0.64014,
        "nauc_ndcg_at_10_diff1": 0.236652,
        "nauc_ndcg_at_20_max": -0.01784,
        "nauc_ndcg_at_20_std": 0.618806,
        "nauc_ndcg_at_20_diff1": 0.302728,
        "nauc_ndcg_at_100_max": 0.114894,
        "nauc_ndcg_at_100_std": 0.457525,
        "nauc_ndcg_at_100_diff1": 0.223833,
        "nauc_ndcg_at_1000_max": 0.261036,
        "nauc_ndcg_at_1000_std": 0.237082,
        "nauc_ndcg_at_1000_diff1": 0.138032,
        "nauc_map_at_1_max": -0.145842,
        "nauc_map_at_1_std": 0.656894,
        "nauc_map_at_1_diff1": 0.060111,
        "nauc_map_at_3_max": -0.124024,
        "nauc_map_at_3_std": 0.649707,
        "nauc_map_at_3_diff1": 0.124834,
        "nauc_map_at_5_max": -0.124024,
        "nauc_map_at_5_std": 0.649707,
        "nauc_map_at_5_diff1": 0.124834,
        "nauc_map_at_10_max": -0.125146,
        "nauc_map_at_10_std": 0.650431,
        "nauc_map_at_10_diff1": 0.163506,
        "nauc_map_at_20_max": -0.08278,
        "nauc_map_at_20_std": 0.640481,
        "nauc_map_at_20_diff1": 0.206995,
        "nauc_map_at_100_max": -0.028899,
        "nauc_map_at_100_std": 0.589221,
        "nauc_map_at_100_diff1": 0.202622,
        "nauc_map_at_1000_max": 0.029235,
        "nauc_map_at_1000_std": 0.524249,
        "nauc_map_at_1000_diff1": 0.185062,
        "nauc_recall_at_1_max": -0.145842,
        "nauc_recall_at_1_std": 0.656894,
        "nauc_recall_at_1_diff1": 0.060111,
        "nauc_recall_at_3_max": -0.093981,
        "nauc_recall_at_3_std": 0.62566,
        "nauc_recall_at_3_diff1": 0.194924,
        "nauc_recall_at_5_max": -0.093981,
        "nauc_recall_at_5_std": 0.62566,
        "nauc_recall_at_5_diff1": 0.194924,
        "nauc_recall_at_10_max": -0.10413,
        "nauc_recall_at_10_std": 0.625841,
        "nauc_recall_at_10_diff1": 0.25088,
        "nauc_recall_at_20_max": 0.013318,
        "nauc_recall_at_20_std": 0.598781,
        "nauc_recall_at_20_diff1": 0.351091,
        "nauc_recall_at_100_max": 0.171139,
        "nauc_recall_at_100_std": 0.390925,
        "nauc_recall_at_100_diff1": 0.198557,
        "nauc_recall_at_1000_max": 0.29718,
        "nauc_recall_at_1000_std": 0.191941,
        "nauc_recall_at_1000_diff1": 0.125573,
        "nauc_precision_at_1_max": -0.065076,
        "nauc_precision_at_1_std": 0.691205,
        "nauc_precision_at_1_diff1": 0.1541,
        "nauc_precision_at_3_max": 0.014199,
        "nauc_precision_at_3_std": 0.571747,
        "nauc_precision_at_3_diff1": 0.411102,
        "nauc_precision_at_5_max": 0.014199,
        "nauc_precision_at_5_std": 0.571747,
        "nauc_precision_at_5_diff1": 0.411102,
        "nauc_precision_at_10_max": 0.036588,
        "nauc_precision_at_10_std": 0.626339,
        "nauc_precision_at_10_diff1": 0.391368,
        "nauc_precision_at_20_max": 0.099932,
        "nauc_precision_at_20_std": 0.603642,
        "nauc_precision_at_20_diff1": 0.402066,
        "nauc_precision_at_100_max": 0.211981,
        "nauc_precision_at_100_std": 0.393204,
        "nauc_precision_at_100_diff1": 0.265667,
        "nauc_precision_at_1000_max": 0.285759,
        "nauc_precision_at_1000_std": 0.171953,
        "nauc_precision_at_1000_diff1": 0.120228,
        "nauc_mrr_at_1_max": -0.065076,
        "nauc_mrr_at_1_std": 0.691205,
        "nauc_mrr_at_1_diff1": 0.1541,
        "nauc_mrr_at_3_max": -0.038055,
        "nauc_mrr_at_3_std": 0.644434,
        "nauc_mrr_at_3_diff1": 0.285281,
        "nauc_mrr_at_5_max": -0.038055,
        "nauc_mrr_at_5_std": 0.644434,
        "nauc_mrr_at_5_diff1": 0.285281,
        "nauc_mrr_at_10_max": -0.042196,
        "nauc_mrr_at_10_std": 0.644724,
        "nauc_mrr_at_10_diff1": 0.295061,
        "nauc_mrr_at_20_max": -0.021398,
        "nauc_mrr_at_20_std": 0.633017,
        "nauc_mrr_at_20_diff1": 0.314492,
        "nauc_mrr_at_100_max": 0.024737,
        "nauc_mrr_at_100_std": 0.569315,
        "nauc_mrr_at_100_diff1": 0.276266,
        "nauc_mrr_at_1000_max": 0.065004,
        "nauc_mrr_at_1000_std": 0.509967,
        "nauc_mrr_at_1000_diff1": 0.248458,
        "main_score": 0.0011,
        "hf_subset": "default",
        "languages": [
          "eng-Latn"
        ]
      }
    ]
  },
  "evaluation_time": 31.72203755378723,
  "kg_co2_emissions": null
}