{
  "dataset_revision": "023e7a813e3b73d8d33551ed2aea511314d612e2",
  "evaluation_time": 20.683398008346558,
  "kg_co2_emissions": null,
  "mteb_version": "1.14.15",
  "scores": {
    "test": [
      {
        "hf_subset": "default",
        "languages": [
          "eng-Latn"
        ],
        "main_score": 0.6378,
        "map_at_1": 0.40123,
        "map_at_10": 0.55351,
        "map_at_100": 0.56072,
        "map_at_1000": 0.56072,
        "map_at_20": 0.55883,
        "map_at_3": 0.48457,
        "map_at_5": 0.52901,
        "mrr_at_1": 0.48148148148148145,
        "mrr_at_10": 0.6022045855379189,
        "mrr_at_100": 0.6085587758905442,
        "mrr_at_1000": 0.6085587758905442,
        "mrr_at_20": 0.6075227241893908,
        "mrr_at_3": 0.5740740740740741,
        "mrr_at_5": 0.5907407407407407,
        "nauc_map_at_1000_diff1": 0.11999730322581464,
        "nauc_map_at_1000_max": 0.26983202419393265,
        "nauc_map_at_1000_std": -0.26898043125070054,
        "nauc_map_at_100_diff1": 0.11999730322581464,
        "nauc_map_at_100_max": 0.26983202419393265,
        "nauc_map_at_100_std": -0.26898043125070054,
        "nauc_map_at_10_diff1": 0.11607554277189841,
        "nauc_map_at_10_max": 0.28180113814108015,
        "nauc_map_at_10_std": -0.2524659340981493,
        "nauc_map_at_1_diff1": 0.11532432712358787,
        "nauc_map_at_1_max": 0.2310000312362242,
        "nauc_map_at_1_std": -0.3239840699954457,
        "nauc_map_at_20_diff1": 0.12296759249164126,
        "nauc_map_at_20_max": 0.2696587628879425,
        "nauc_map_at_20_std": -0.2686683974192104,
        "nauc_map_at_3_diff1": 0.09434508501216282,
        "nauc_map_at_3_max": 0.20035623550736142,
        "nauc_map_at_3_std": -0.31308627439493847,
        "nauc_map_at_5_diff1": 0.12157951860299557,
        "nauc_map_at_5_max": 0.18414381741127878,
        "nauc_map_at_5_std": -0.2641115789337426,
        "nauc_mrr_at_1000_diff1": 0.0886327876979313,
        "nauc_mrr_at_1000_max": 0.4340932737218655,
        "nauc_mrr_at_1000_std": -0.255808475021188,
        "nauc_mrr_at_100_diff1": 0.0886327876979313,
        "nauc_mrr_at_100_max": 0.4340932737218655,
        "nauc_mrr_at_100_std": -0.255808475021188,
        "nauc_mrr_at_10_diff1": 0.08385783011613289,
        "nauc_mrr_at_10_max": 0.4448141588448065,
        "nauc_mrr_at_10_std": -0.2401479258600811,
        "nauc_mrr_at_1_diff1": 0.11059430727090666,
        "nauc_mrr_at_1_max": 0.4313020701674747,
        "nauc_mrr_at_1_std": -0.3237589081281293,
        "nauc_mrr_at_20_diff1": 0.09023808062145271,
        "nauc_mrr_at_20_max": 0.43537915019753026,
        "nauc_mrr_at_20_std": -0.2562250246071778,
        "nauc_mrr_at_3_diff1": 0.05520513300372767,
        "nauc_mrr_at_3_max": 0.4204868658908016,
        "nauc_mrr_at_3_std": -0.23551797742517389,
        "nauc_mrr_at_5_diff1": 0.06786791007256314,
        "nauc_mrr_at_5_max": 0.40867551696330656,
        "nauc_mrr_at_5_std": -0.24852551335520448,
        "nauc_ndcg_at_1000_diff1": 0.11207122164214799,
        "nauc_ndcg_at_1000_max": 0.34671188204727266,
        "nauc_ndcg_at_1000_std": -0.248881060358646,
        "nauc_ndcg_at_100_diff1": 0.11207122164214799,
        "nauc_ndcg_at_100_max": 0.34671188204727266,
        "nauc_ndcg_at_100_std": -0.248881060358646,
        "nauc_ndcg_at_10_diff1": 0.10619239837924332,
        "nauc_ndcg_at_10_max": 0.4041097337911273,
        "nauc_ndcg_at_10_std": -0.18638314114107318,
        "nauc_ndcg_at_1_diff1": 0.11059430727090666,
        "nauc_ndcg_at_1_max": 0.4313020701674747,
        "nauc_ndcg_at_1_std": -0.3237589081281293,
        "nauc_ndcg_at_20_diff1": 0.14033410175283853,
        "nauc_ndcg_at_20_max": 0.36039959177367137,
        "nauc_ndcg_at_20_std": -0.252842919355403,
        "nauc_ndcg_at_3_diff1": 0.060681201239886226,
        "nauc_ndcg_at_3_max": 0.23779645895048018,
        "nauc_ndcg_at_3_std": -0.2690909344997868,
        "nauc_ndcg_at_5_diff1": 0.10198558952855731,
        "nauc_ndcg_at_5_max": 0.20522481457226024,
        "nauc_ndcg_at_5_std": -0.22591081637004903,
        "nauc_precision_at_1000_diff1": -0.05723599619828176,
        "nauc_precision_at_1000_max": 0.5538705602839012,
        "nauc_precision_at_1000_std": 0.21786614307201835,
        "nauc_precision_at_100_diff1": -0.05723599619828141,
        "nauc_precision_at_100_max": 0.553870560283901,
        "nauc_precision_at_100_std": 0.2178661430720181,
        "nauc_precision_at_10_diff1": 0.023573811871171843,
        "nauc_precision_at_10_max": 0.6888323115805429,
        "nauc_precision_at_10_std": 0.23831158696566682,
        "nauc_precision_at_1_diff1": 0.11059430727090666,
        "nauc_precision_at_1_max": 0.4313020701674747,
        "nauc_precision_at_1_std": -0.3237589081281293,
        "nauc_precision_at_20_diff1": 0.09610249456324707,
        "nauc_precision_at_20_max": 0.6348874604128792,
        "nauc_precision_at_20_std": 0.15361257362570138,
        "nauc_precision_at_3_diff1": 0.03978019171474007,
        "nauc_precision_at_3_max": 0.5053575200773531,
        "nauc_precision_at_3_std": -0.09637837016229789,
        "nauc_precision_at_5_diff1": 0.09990305368144908,
        "nauc_precision_at_5_max": 0.2761530191651695,
        "nauc_precision_at_5_std": 0.10617544768411909,
        "nauc_recall_at_1000_diff1": NaN,
        "nauc_recall_at_1000_max": NaN,
        "nauc_recall_at_1000_std": NaN,
        "nauc_recall_at_100_diff1": NaN,
        "nauc_recall_at_100_max": NaN,
        "nauc_recall_at_100_std": NaN,
        "nauc_recall_at_10_diff1": 0.12722168596051497,
        "nauc_recall_at_10_max": 0.7860932823383162,
        "nauc_recall_at_10_std": 0.15566992590329193,
        "nauc_recall_at_1_diff1": 0.11532432712358787,
        "nauc_recall_at_1_max": 0.2310000312362242,
        "nauc_recall_at_1_std": -0.3239840699954457,
        "nauc_recall_at_20_diff1": 0.5426450484500012,
        "nauc_recall_at_20_max": 0.6000149231573368,
        "nauc_recall_at_20_std": -0.30447918954110914,
        "nauc_recall_at_3_diff1": -0.01729584106774386,
        "nauc_recall_at_3_max": 0.12472486932104619,
        "nauc_recall_at_3_std": -0.19764995369190333,
        "nauc_recall_at_5_diff1": 0.07695914463990741,
        "nauc_recall_at_5_max": -0.006124218806976463,
        "nauc_recall_at_5_std": -0.11464593319014059,
        "ndcg_at_1": 0.48148,
        "ndcg_at_10": 0.6378,
        "ndcg_at_100": 0.67196,
        "ndcg_at_1000": 0.67196,
        "ndcg_at_20": 0.65679,
        "ndcg_at_3": 0.53249,
        "ndcg_at_5": 0.59211,
        "precision_at_1": 0.48148,
        "precision_at_10": 0.11111,
        "precision_at_100": 0.01296,
        "precision_at_1000": 0.0013,
        "precision_at_20": 0.05926,
        "precision_at_3": 0.24691,
        "precision_at_5": 0.18519,
        "recall_at_1": 0.40123,
        "recall_at_10": 0.83951,
        "recall_at_100": 1.0,
        "recall_at_1000": 1.0,
        "recall_at_20": 0.91358,
        "recall_at_3": 0.58642,
        "recall_at_5": 0.71605
      }
    ]
  },
  "task_name": "ChemNQRetrieval"
}