{
  "dataset_revision": "831d292c3959eae59e4f89b8758738feee97d6cf",
  "evaluation_time": 41.04782271385193,
  "kg_co2_emissions": null,
  "mteb_version": "1.14.15",
  "scores": {
    "test": [
      {
        "hf_subset": "default",
        "languages": [
          "eng-Latn"
        ],
        "main_score": 0.00317,
        "map_at_1": 0.00206,
        "map_at_10": 0.00271,
        "map_at_100": 0.00301,
        "map_at_1000": 0.00324,
        "map_at_20": 0.00279,
        "map_at_3": 0.00244,
        "map_at_5": 0.00253,
        "mrr_at_1": 0.0022371364653243847,
        "mrr_at_10": 0.002956776729295273,
        "mrr_at_100": 0.0033373050815408566,
        "mrr_at_1000": 0.003574263606881662,
        "mrr_at_20": 0.003089565600023128,
        "mrr_at_3": 0.00268848855920562,
        "mrr_at_5": 0.0027767965775736874,
        "nauc_map_at_1000_diff1": 0.5076919837050722,
        "nauc_map_at_1000_max": 0.37892223890965954,
        "nauc_map_at_1000_std": 0.5001871675635498,
        "nauc_map_at_100_diff1": 0.55095539516187,
        "nauc_map_at_100_max": 0.4123874292091957,
        "nauc_map_at_100_std": 0.5438063484338376,
        "nauc_map_at_10_diff1": 0.6000171950012465,
        "nauc_map_at_10_max": 0.44478154588779967,
        "nauc_map_at_10_std": 0.5880713853580741,
        "nauc_map_at_1_diff1": 0.7034773566236544,
        "nauc_map_at_1_max": 0.514671350501124,
        "nauc_map_at_1_std": 0.6768975311380664,
        "nauc_map_at_20_diff1": 0.5871459955055874,
        "nauc_map_at_20_max": 0.43767397024719834,
        "nauc_map_at_20_std": 0.5770399559284984,
        "nauc_map_at_3_diff1": 0.6536348463384584,
        "nauc_map_at_3_max": 0.504163063027773,
        "nauc_map_at_3_std": 0.6586671801029584,
        "nauc_map_at_5_diff1": 0.6262872044227373,
        "nauc_map_at_5_max": 0.4803511786851287,
        "nauc_map_at_5_std": 0.6291976106632257,
        "nauc_mrr_at_1000_diff1": 0.49167545816141045,
        "nauc_mrr_at_1000_max": 0.34814785435460416,
        "nauc_mrr_at_1000_std": 0.48294134902367586,
        "nauc_mrr_at_100_diff1": 0.5291458075487359,
        "nauc_mrr_at_100_max": 0.37600864777101795,
        "nauc_mrr_at_100_std": 0.521811923015245,
        "nauc_mrr_at_10_diff1": 0.5858824925502326,
        "nauc_mrr_at_10_max": 0.40427882469097587,
        "nauc_mrr_at_10_std": 0.5755317111739764,
        "nauc_mrr_at_1_diff1": 0.6765476760896092,
        "nauc_mrr_at_1_max": 0.5115470064009551,
        "nauc_mrr_at_1_std": 0.7024056207850615,
        "nauc_mrr_at_20_diff1": 0.5649070906475203,
        "nauc_mrr_at_20_max": 0.39846983993311424,
        "nauc_mrr_at_20_std": 0.5544077403442567,
        "nauc_mrr_at_3_diff1": 0.629165021096495,
        "nauc_mrr_at_3_max": 0.45086064628009426,
        "nauc_mrr_at_3_std": 0.6270056427870779,
        "nauc_mrr_at_5_diff1": 0.6041558016131091,
        "nauc_mrr_at_5_max": 0.4333138550355886,
        "nauc_mrr_at_5_std": 0.6015277579482032,
        "nauc_ndcg_at_1000_diff1": 0.11066060855764616,
        "nauc_ndcg_at_1000_max": 0.06846676038342253,
        "nauc_ndcg_at_1000_std": 0.08843306578934573,
        "nauc_ndcg_at_100_diff1": 0.3634760298587767,
        "nauc_ndcg_at_100_max": 0.2667552137137862,
        "nauc_ndcg_at_100_std": 0.34921268648967835,
        "nauc_ndcg_at_10_diff1": 0.5571871534034382,
        "nauc_ndcg_at_10_max": 0.38263380452241696,
        "nauc_ndcg_at_10_std": 0.5269472037078066,
        "nauc_ndcg_at_1_diff1": 0.6765476760896092,
        "nauc_ndcg_at_1_max": 0.5115470064009551,
        "nauc_ndcg_at_1_std": 0.7024056207850615,
        "nauc_ndcg_at_20_diff1": 0.5154060855665005,
        "nauc_ndcg_at_20_max": 0.3681996950038887,
        "nauc_ndcg_at_20_std": 0.4943569484620333,
        "nauc_ndcg_at_3_diff1": 0.6378063186422841,
        "nauc_ndcg_at_3_max": 0.4794825400598041,
        "nauc_ndcg_at_3_std": 0.6357128378351976,
        "nauc_ndcg_at_5_diff1": 0.5977361037745612,
        "nauc_ndcg_at_5_max": 0.44644083927500033,
        "nauc_ndcg_at_5_std": 0.5929810330068098,
        "nauc_precision_at_1000_diff1": -0.0012115348947196276,
        "nauc_precision_at_1000_max": -0.02179661022516244,
        "nauc_precision_at_1000_std": -0.027782731633773674,
        "nauc_precision_at_100_diff1": 0.1394710691656449,
        "nauc_precision_at_100_max": 0.1221774947397247,
        "nauc_precision_at_100_std": 0.16939288737568126,
        "nauc_precision_at_10_diff1": 0.36184981657331505,
        "nauc_precision_at_10_max": 0.21348325779475602,
        "nauc_precision_at_10_std": 0.3604950405865984,
        "nauc_precision_at_1_diff1": 0.6765476760896092,
        "nauc_precision_at_1_max": 0.5115470064009551,
        "nauc_precision_at_1_std": 0.7024056207850615,
        "nauc_precision_at_20_diff1": 0.2890278050186616,
        "nauc_precision_at_20_max": 0.2290027275570588,
        "nauc_precision_at_20_std": 0.29846096800160976,
        "nauc_precision_at_3_diff1": 0.5603556416214904,
        "nauc_precision_at_3_max": 0.44404930039071694,
        "nauc_precision_at_3_std": 0.5873719553314235,
        "nauc_precision_at_5_diff1": 0.4636544191087763,
        "nauc_precision_at_5_max": 0.3660030182017749,
        "nauc_precision_at_5_std": 0.4882109834277507,
        "nauc_recall_at_1000_diff1": 0.0036916898796647123,
        "nauc_recall_at_1000_max": -0.012209199579545391,
        "nauc_recall_at_1000_std": -0.02401929467995796,
        "nauc_recall_at_100_diff1": 0.20912092380086297,
        "nauc_recall_at_100_max": 0.15300883385843367,
        "nauc_recall_at_100_std": 0.17473332565730862,
        "nauc_recall_at_10_diff1": 0.49875854254316226,
        "nauc_recall_at_10_max": 0.29472132153145203,
        "nauc_recall_at_10_std": 0.4229035996716273,
        "nauc_recall_at_1_diff1": 0.7034773566236544,
        "nauc_recall_at_1_max": 0.514671350501124,
        "nauc_recall_at_1_std": 0.6768975311380664,
        "nauc_recall_at_20_diff1": 0.4170482512481622,
        "nauc_recall_at_20_max": 0.2779669069104911,
        "nauc_recall_at_20_std": 0.3773906665907424,
        "nauc_recall_at_3_diff1": 0.6316368642931643,
        "nauc_recall_at_3_max": 0.4750295505367936,
        "nauc_recall_at_3_std": 0.6187370223702189,
        "nauc_recall_at_5_diff1": 0.5547632555560701,
        "nauc_recall_at_5_max": 0.4091794336653319,
        "nauc_recall_at_5_std": 0.5363025614435155,
        "ndcg_at_1": 0.00224,
        "ndcg_at_10": 0.00317,
        "ndcg_at_100": 0.00542,
        "ndcg_at_1000": 0.01452,
        "ndcg_at_20": 0.00349,
        "ndcg_at_3": 0.00261,
        "ndcg_at_5": 0.00275,
        "precision_at_1": 0.00224,
        "precision_at_10": 0.00059,
        "precision_at_100": 0.00024,
        "precision_at_1000": 0.00015,
        "precision_at_20": 0.00039,
        "precision_at_3": 0.00118,
        "precision_at_5": 0.0008,
        "recall_at_1": 0.00206,
        "recall_at_10": 0.00428,
        "recall_at_100": 0.01522,
        "recall_at_1000": 0.08263,
        "recall_at_20": 0.00542,
        "recall_at_3": 0.00281,
        "recall_at_5": 0.00313
      }
    ]
  },
  "task_name": "CoconutRetrieval"
}