{
  "dataset_revision": "e46d4868e417703bdcf32aadbe5d0e05a1b7f085",
  "evaluation_time": 2.4685351848602295,
  "kg_co2_emissions": null,
  "mteb_version": "1.14.15",
  "scores": {
    "test": [
      {
        "cosine_accuracy": 0.5234375,
        "cosine_accuracy_threshold": 0.8480278253555298,
        "cosine_ap": 0.518257612643136,
        "cosine_f1": 0.6605624591236102,
        "cosine_f1_threshold": 0.7910276651382446,
        "cosine_precision": 0.4934049829018075,
        "cosine_recall": 0.9990108803165183,
        "dot_accuracy": 0.5234375,
        "dot_accuracy_threshold": 0.8480278253555298,
        "dot_ap": 0.5182580735730782,
        "dot_f1": 0.6605624591236102,
        "dot_f1_threshold": 0.7910276651382446,
        "dot_precision": 0.4934049829018075,
        "dot_recall": 0.9990108803165183,
        "euclidean_accuracy": 0.5234375,
        "euclidean_accuracy_threshold": 0.5513113737106323,
        "euclidean_ap": 0.518257612643136,
        "euclidean_f1": 0.6605624591236102,
        "euclidean_f1_threshold": 0.6464821100234985,
        "euclidean_precision": 0.4934049829018075,
        "euclidean_recall": 0.9990108803165183,
        "hf_subset": "default",
        "languages": [
          "eng-Latn"
        ],
        "main_score": 0.6612164813603663,
        "manhattan_accuracy": 0.5361328125,
        "manhattan_accuracy_threshold": 9.004042625427246,
        "manhattan_ap": 0.5231920717275735,
        "manhattan_f1": 0.6612164813603663,
        "manhattan_f1_threshold": 10.090921401977539,
        "manhattan_precision": 0.49389350268685883,
        "manhattan_recall": 1.0,
        "max_accuracy": 0.5361328125,
        "max_ap": 0.5231920717275735,
        "max_f1": 0.6612164813603663,
        "max_precision": 0.49389350268685883,
        "max_recall": 1.0,
        "similarity_accuracy": 0.5234375,
        "similarity_accuracy_threshold": 0.8480279445648193,
        "similarity_ap": 0.5182570074759643,
        "similarity_f1": 0.6605624591236102,
        "similarity_f1_threshold": 0.7910276651382446,
        "similarity_precision": 0.4934049829018075,
        "similarity_recall": 0.9990108803165183
      }
    ]
  },
  "task_name": "CoconutSMILES2FormulaPC"
}