{
  "dataset_revision": "831d292c3959eae59e4f89b8758738feee97d6cf",
  "task_name": "CoconutRetrieval",
  "mteb_version": "1.36.8",
  "scores": {
    "test": [
      {
        "ndcg_at_1": 0.00024,
        "ndcg_at_3": 0.00055,
        "ndcg_at_5": 0.00074,
        "ndcg_at_10": 0.00131,
        "ndcg_at_20": 0.00179,
        "ndcg_at_100": 0.00392,
        "ndcg_at_1000": 0.01302,
        "map_at_1": 0.00024,
        "map_at_3": 0.00044,
        "map_at_5": 0.00054,
        "map_at_10": 0.00077,
        "map_at_20": 0.00091,
        "map_at_100": 0.00116,
        "map_at_1000": 0.00137,
        "recall_at_1": 0.00024,
        "recall_at_3": 0.00078,
        "recall_at_5": 0.00122,
        "recall_at_10": 0.0029,
        "recall_at_20": 0.00457,
        "recall_at_100": 0.01526,
        "recall_at_1000": 0.08355,
        "precision_at_1": 0.00024,
        "precision_at_3": 0.00031,
        "precision_at_5": 0.00031,
        "precision_at_10": 0.00038,
        "precision_at_20": 0.00032,
        "precision_at_100": 0.00024,
        "precision_at_1000": 0.00015,
        "mrr_at_1": 0.000235,
        "mrr_at_3": 0.00051,
        "mrr_at_5": 0.000646,
        "mrr_at_10": 0.000906,
        "mrr_at_20": 0.001057,
        "mrr_at_100": 0.001371,
        "mrr_at_1000": 0.001634,
        "nauc_ndcg_at_1_max": 0.380138,
        "nauc_ndcg_at_1_std": 0.340762,
        "nauc_ndcg_at_1_diff1": 0.464709,
        "nauc_ndcg_at_3_max": 0.113114,
        "nauc_ndcg_at_3_std": 0.480268,
        "nauc_ndcg_at_3_diff1": 0.189405,
        "nauc_ndcg_at_5_max": 0.148611,
        "nauc_ndcg_at_5_std": 0.286887,
        "nauc_ndcg_at_5_diff1": 0.119868,
        "nauc_ndcg_at_10_max": 0.314756,
        "nauc_ndcg_at_10_std": 0.386941,
        "nauc_ndcg_at_10_diff1": 0.172208,
        "nauc_ndcg_at_20_max": 0.353746,
        "nauc_ndcg_at_20_std": 0.430492,
        "nauc_ndcg_at_20_diff1": 0.086494,
        "nauc_ndcg_at_100_max": 0.264072,
        "nauc_ndcg_at_100_std": 0.209855,
        "nauc_ndcg_at_100_diff1": 0.022628,
        "nauc_ndcg_at_1000_max": 0.218926,
        "nauc_ndcg_at_1000_std": 0.065041,
        "nauc_ndcg_at_1000_diff1": -0.042466,
        "nauc_map_at_1_max": 0.380138,
        "nauc_map_at_1_std": 0.340762,
        "nauc_map_at_1_diff1": 0.464709,
        "nauc_map_at_3_max": 0.16946,
        "nauc_map_at_3_std": 0.464815,
        "nauc_map_at_3_diff1": 0.234776,
        "nauc_map_at_5_max": 0.175532,
        "nauc_map_at_5_std": 0.319241,
        "nauc_map_at_5_diff1": 0.170254,
        "nauc_map_at_10_max": 0.274116,
        "nauc_map_at_10_std": 0.372604,
        "nauc_map_at_10_diff1": 0.192868,
        "nauc_map_at_20_max": 0.311347,
        "nauc_map_at_20_std": 0.410233,
        "nauc_map_at_20_diff1": 0.14059,
        "nauc_map_at_100_max": 0.288586,
        "nauc_map_at_100_std": 0.331513,
        "nauc_map_at_100_diff1": 0.102351,
        "nauc_map_at_1000_max": 0.275038,
        "nauc_map_at_1000_std": 0.285411,
        "nauc_map_at_1000_diff1": 0.075884,
        "nauc_recall_at_1_max": 0.380138,
        "nauc_recall_at_1_std": 0.340762,
        "nauc_recall_at_1_diff1": 0.464709,
        "nauc_recall_at_3_max": 0.040857,
        "nauc_recall_at_3_std": 0.512493,
        "nauc_recall_at_3_diff1": 0.109042,
        "nauc_recall_at_5_max": 0.096197,
        "nauc_recall_at_5_std": 0.22064,
        "nauc_recall_at_5_diff1": 0.021772,
        "nauc_recall_at_10_max": 0.356456,
        "nauc_recall_at_10_std": 0.389196,
        "nauc_recall_at_10_diff1": 0.150917,
        "nauc_recall_at_20_max": 0.406496,
        "nauc_recall_at_20_std": 0.444319,
        "nauc_recall_at_20_diff1": 0.045153,
        "nauc_recall_at_100_max": 0.260299,
        "nauc_recall_at_100_std": 0.144805,
        "nauc_recall_at_100_diff1": -0.01196,
        "nauc_recall_at_1000_max": 0.210077,
        "nauc_recall_at_1000_std": 0.018883,
        "nauc_recall_at_1000_diff1": -0.063716,
        "nauc_precision_at_1_max": 0.380138,
        "nauc_precision_at_1_std": 0.340762,
        "nauc_precision_at_1_diff1": 0.464709,
        "nauc_precision_at_3_max": 0.011016,
        "nauc_precision_at_3_std": 0.504529,
        "nauc_precision_at_3_diff1": 0.11948,
        "nauc_precision_at_5_max": 0.162538,
        "nauc_precision_at_5_std": 0.26813,
        "nauc_precision_at_5_diff1": 0.100295,
        "nauc_precision_at_10_max": 0.372159,
        "nauc_precision_at_10_std": 0.44411,
        "nauc_precision_at_10_diff1": 0.166564,
        "nauc_precision_at_20_max": 0.354224,
        "nauc_precision_at_20_std": 0.485175,
        "nauc_precision_at_20_diff1": 0.030412,
        "nauc_precision_at_100_max": 0.209645,
        "nauc_precision_at_100_std": 0.147392,
        "nauc_precision_at_100_diff1": 0.002017,
        "nauc_precision_at_1000_max": 0.194935,
        "nauc_precision_at_1000_std": 0.033619,
        "nauc_precision_at_1000_diff1": -0.053794,
        "nauc_mrr_at_1_max": 0.380138,
        "nauc_mrr_at_1_std": 0.340762,
        "nauc_mrr_at_1_diff1": 0.464709,
        "nauc_mrr_at_3_max": 0.128285,
        "nauc_mrr_at_3_std": 0.451076,
        "nauc_mrr_at_3_diff1": 0.239253,
        "nauc_mrr_at_5_max": 0.187485,
        "nauc_mrr_at_5_std": 0.327495,
        "nauc_mrr_at_5_diff1": 0.209284,
        "nauc_mrr_at_10_max": 0.283274,
        "nauc_mrr_at_10_std": 0.382252,
        "nauc_mrr_at_10_diff1": 0.214453,
        "nauc_mrr_at_20_max": 0.294088,
        "nauc_mrr_at_20_std": 0.389229,
        "nauc_mrr_at_20_diff1": 0.161724,
        "nauc_mrr_at_100_max": 0.266922,
        "nauc_mrr_at_100_std": 0.305227,
        "nauc_mrr_at_100_diff1": 0.117305,
        "nauc_mrr_at_1000_max": 0.258313,
        "nauc_mrr_at_1000_std": 0.259443,
        "nauc_mrr_at_1000_diff1": 0.088396,
        "main_score": 0.00131,
        "hf_subset": "default",
        "languages": [
          "eng-Latn"
        ]
      }
    ]
  },
  "evaluation_time": 29.13933038711548,
  "kg_co2_emissions": null
}