{
  "dataset_revision": "831d292c3959eae59e4f89b8758738feee97d6cf",
  "task_name": "CoconutRetrieval",
  "mteb_version": "1.36.8",
  "scores": {
    "test": [
      {
        "ndcg_at_1": 0.00047,
        "ndcg_at_3": 0.0006,
        "ndcg_at_5": 0.00068,
        "ndcg_at_10": 0.00103,
        "ndcg_at_20": 0.00154,
        "ndcg_at_100": 0.0031,
        "ndcg_at_1000": 0.01237,
        "map_at_1": 0.00035,
        "map_at_3": 0.00049,
        "map_at_5": 0.00054,
        "map_at_10": 0.00068,
        "map_at_20": 0.00082,
        "map_at_100": 0.001,
        "map_at_1000": 0.00123,
        "recall_at_1": 0.00035,
        "recall_at_3": 0.00072,
        "recall_at_5": 0.00089,
        "recall_at_10": 0.0019,
        "recall_at_20": 0.00375,
        "recall_at_100": 0.01151,
        "recall_at_1000": 0.081,
        "precision_at_1": 0.00047,
        "precision_at_3": 0.00035,
        "precision_at_5": 0.00026,
        "precision_at_10": 0.00026,
        "precision_at_20": 0.00026,
        "precision_at_100": 0.00018,
        "precision_at_1000": 0.00015,
        "mrr_at_1": 0.000471,
        "mrr_at_3": 0.000687,
        "mrr_at_5": 0.00074,
        "mrr_at_10": 0.000895,
        "mrr_at_20": 0.001066,
        "mrr_at_100": 0.001284,
        "mrr_at_1000": 0.001531,
        "nauc_ndcg_at_1_max": 0.107661,
        "nauc_ndcg_at_1_std": 0.521776,
        "nauc_ndcg_at_1_diff1": 0.346361,
        "nauc_ndcg_at_3_max": 0.169177,
        "nauc_ndcg_at_3_std": 0.543332,
        "nauc_ndcg_at_3_diff1": 0.310761,
        "nauc_ndcg_at_5_max": 0.090617,
        "nauc_ndcg_at_5_std": 0.60341,
        "nauc_ndcg_at_5_diff1": 0.265087,
        "nauc_ndcg_at_10_max": 0.038677,
        "nauc_ndcg_at_10_std": 0.548189,
        "nauc_ndcg_at_10_diff1": 0.163675,
        "nauc_ndcg_at_20_max": 0.153104,
        "nauc_ndcg_at_20_std": 0.608893,
        "nauc_ndcg_at_20_diff1": 0.180671,
        "nauc_ndcg_at_100_max": 0.205026,
        "nauc_ndcg_at_100_std": 0.450894,
        "nauc_ndcg_at_100_diff1": 0.121405,
        "nauc_ndcg_at_1000_max": 0.289016,
        "nauc_ndcg_at_1000_std": 0.278782,
        "nauc_ndcg_at_1000_diff1": 0.073572,
        "nauc_map_at_1_max": 0.185361,
        "nauc_map_at_1_std": 0.362368,
        "nauc_map_at_1_diff1": 0.363275,
        "nauc_map_at_3_max": 0.185145,
        "nauc_map_at_3_std": 0.505194,
        "nauc_map_at_3_diff1": 0.315836,
        "nauc_map_at_5_max": 0.128276,
        "nauc_map_at_5_std": 0.543302,
        "nauc_map_at_5_diff1": 0.274459,
        "nauc_map_at_10_max": 0.082649,
        "nauc_map_at_10_std": 0.524609,
        "nauc_map_at_10_diff1": 0.207627,
        "nauc_map_at_20_max": 0.137427,
        "nauc_map_at_20_std": 0.564375,
        "nauc_map_at_20_diff1": 0.219343,
        "nauc_map_at_100_max": 0.155241,
        "nauc_map_at_100_std": 0.518342,
        "nauc_map_at_100_diff1": 0.186809,
        "nauc_map_at_1000_max": 0.18388,
        "nauc_map_at_1000_std": 0.467566,
        "nauc_map_at_1000_diff1": 0.163163,
        "nauc_recall_at_1_max": 0.185361,
        "nauc_recall_at_1_std": 0.362368,
        "nauc_recall_at_1_diff1": 0.363275,
        "nauc_recall_at_3_max": 0.205949,
        "nauc_recall_at_3_std": 0.605394,
        "nauc_recall_at_3_diff1": 0.311921,
        "nauc_recall_at_5_max": 0.056486,
        "nauc_recall_at_5_std": 0.683448,
        "nauc_recall_at_5_diff1": 0.218072,
        "nauc_recall_at_10_max": -0.002541,
        "nauc_recall_at_10_std": 0.565276,
        "nauc_recall_at_10_diff1": 0.081859,
        "nauc_recall_at_20_max": 0.173168,
        "nauc_recall_at_20_std": 0.652832,
        "nauc_recall_at_20_diff1": 0.139681,
        "nauc_recall_at_100_max": 0.236739,
        "nauc_recall_at_100_std": 0.408355,
        "nauc_recall_at_100_diff1": 0.084042,
        "nauc_recall_at_1000_max": 0.308979,
        "nauc_recall_at_1000_std": 0.248082,
        "nauc_recall_at_1000_diff1": 0.069623,
        "nauc_precision_at_1_max": 0.107661,
        "nauc_precision_at_1_std": 0.521776,
        "nauc_precision_at_1_diff1": 0.346361,
        "nauc_precision_at_3_max": 0.146278,
        "nauc_precision_at_3_std": 0.583259,
        "nauc_precision_at_3_diff1": 0.325419,
        "nauc_precision_at_5_max": 0.022018,
        "nauc_precision_at_5_std": 0.65903,
        "nauc_precision_at_5_diff1": 0.27417,
        "nauc_precision_at_10_max": -0.019811,
        "nauc_precision_at_10_std": 0.495205,
        "nauc_precision_at_10_diff1": 0.113951,
        "nauc_precision_at_20_max": 0.185198,
        "nauc_precision_at_20_std": 0.58441,
        "nauc_precision_at_20_diff1": 0.161901,
        "nauc_precision_at_100_max": 0.227967,
        "nauc_precision_at_100_std": 0.367137,
        "nauc_precision_at_100_diff1": 0.109072,
        "nauc_precision_at_1000_max": 0.30034,
        "nauc_precision_at_1000_std": 0.233135,
        "nauc_precision_at_1000_diff1": 0.046321,
        "nauc_mrr_at_1_max": 0.107661,
        "nauc_mrr_at_1_std": 0.521776,
        "nauc_mrr_at_1_diff1": 0.346361,
        "nauc_mrr_at_3_max": 0.122428,
        "nauc_mrr_at_3_std": 0.567059,
        "nauc_mrr_at_3_diff1": 0.319815,
        "nauc_mrr_at_5_max": 0.074892,
        "nauc_mrr_at_5_std": 0.598066,
        "nauc_mrr_at_5_diff1": 0.29511,
        "nauc_mrr_at_10_max": 0.056882,
        "nauc_mrr_at_10_std": 0.573364,
        "nauc_mrr_at_10_diff1": 0.248189,
        "nauc_mrr_at_20_max": 0.120284,
        "nauc_mrr_at_20_std": 0.593061,
        "nauc_mrr_at_20_diff1": 0.235338,
        "nauc_mrr_at_100_max": 0.140265,
        "nauc_mrr_at_100_std": 0.541572,
        "nauc_mrr_at_100_diff1": 0.204944,
        "nauc_mrr_at_1000_max": 0.168563,
        "nauc_mrr_at_1000_std": 0.488733,
        "nauc_mrr_at_1000_diff1": 0.179628,
        "main_score": 0.00103,
        "hf_subset": "default",
        "languages": [
          "eng-Latn"
        ]
      }
    ]
  },
  "evaluation_time": 28.788723945617676,
  "kg_co2_emissions": null
}