{
  "dataset_revision": "main",
  "task_name": "FSUChemRxivQest",
  "mteb_version": "0.1",
  "scores": {
    "test": [
      {
        "ndcg_at_1": 0.07106,
        "ndcg_at_3": 0.07785,
        "ndcg_at_5": 0.09078,
        "ndcg_at_10": 0.10642,
        "ndcg_at_20": 0.12245,
        "ndcg_at_100": 0.15605,
        "ndcg_at_1000": 0.1939,
        "map_at_1": 0.046,
        "map_at_3": 0.06419,
        "map_at_5": 0.0708,
        "map_at_10": 0.0769,
        "map_at_20": 0.08121,
        "map_at_100": 0.08584,
        "map_at_1000": 0.08714,
        "recall_at_1": 0.046,
        "recall_at_3": 0.08599,
        "recall_at_5": 0.11397,
        "recall_at_10": 0.15808,
        "recall_at_20": 0.2161,
        "recall_at_100": 0.38071,
        "recall_at_1000": 0.65568,
        "precision_at_1": 0.07106,
        "precision_at_3": 0.04428,
        "precision_at_5": 0.03522,
        "precision_at_10": 0.0241,
        "precision_at_20": 0.01637,
        "precision_at_100": 0.00581,
        "precision_at_1000": 0.00102,
        "mrr_at_1": 0.071061,
        "mrr_at_3": 0.097151,
        "mrr_at_5": 0.106574,
        "mrr_at_10": 0.11438,
        "mrr_at_20": 0.119139,
        "mrr_at_100": 0.12381,
        "mrr_at_1000": 0.124937,
        "nauc_ndcg_at_1_max": 0.138606,
        "nauc_ndcg_at_1_std": -0.094909,
        "nauc_ndcg_at_1_diff1": 0.198932,
        "nauc_ndcg_at_3_max": 0.155996,
        "nauc_ndcg_at_3_std": -0.101562,
        "nauc_ndcg_at_3_diff1": 0.149912,
        "nauc_ndcg_at_5_max": 0.139137,
        "nauc_ndcg_at_5_std": -0.112754,
        "nauc_ndcg_at_5_diff1": 0.121133,
        "nauc_ndcg_at_10_max": 0.134903,
        "nauc_ndcg_at_10_std": -0.103852,
        "nauc_ndcg_at_10_diff1": 0.106448,
        "nauc_ndcg_at_20_max": 0.144925,
        "nauc_ndcg_at_20_std": -0.089137,
        "nauc_ndcg_at_20_diff1": 0.111034,
        "nauc_ndcg_at_100_max": 0.147041,
        "nauc_ndcg_at_100_std": -0.070005,
        "nauc_ndcg_at_100_diff1": 0.107898,
        "nauc_ndcg_at_1000_max": 0.143108,
        "nauc_ndcg_at_1000_std": -0.084903,
        "nauc_ndcg_at_1000_diff1": 0.114115,
        "nauc_map_at_1_max": 0.166893,
        "nauc_map_at_1_std": -0.116533,
        "nauc_map_at_1_diff1": 0.172442,
        "nauc_map_at_3_max": 0.159994,
        "nauc_map_at_3_std": -0.10663,
        "nauc_map_at_3_diff1": 0.154264,
        "nauc_map_at_5_max": 0.148705,
        "nauc_map_at_5_std": -0.114814,
        "nauc_map_at_5_diff1": 0.137515,
        "nauc_map_at_10_max": 0.142704,
        "nauc_map_at_10_std": -0.108887,
        "nauc_map_at_10_diff1": 0.128408,
        "nauc_map_at_20_max": 0.147865,
        "nauc_map_at_20_std": -0.103311,
        "nauc_map_at_20_diff1": 0.129958,
        "nauc_map_at_100_max": 0.146842,
        "nauc_map_at_100_std": -0.099072,
        "nauc_map_at_100_diff1": 0.128163,
        "nauc_map_at_1000_max": 0.146512,
        "nauc_map_at_1000_std": -0.099745,
        "nauc_map_at_1000_diff1": 0.128478,
        "nauc_recall_at_1_max": 0.166893,
        "nauc_recall_at_1_std": -0.116533,
        "nauc_recall_at_1_diff1": 0.172442,
        "nauc_recall_at_3_max": 0.154265,
        "nauc_recall_at_3_std": -0.105254,
        "nauc_recall_at_3_diff1": 0.126907,
        "nauc_recall_at_5_max": 0.117498,
        "nauc_recall_at_5_std": -0.12294,
        "nauc_recall_at_5_diff1": 0.079026,
        "nauc_recall_at_10_max": 0.104745,
        "nauc_recall_at_10_std": -0.097532,
        "nauc_recall_at_10_diff1": 0.055593,
        "nauc_recall_at_20_max": 0.121869,
        "nauc_recall_at_20_std": -0.062945,
        "nauc_recall_at_20_diff1": 0.066735,
        "nauc_recall_at_100_max": 0.122228,
        "nauc_recall_at_100_std": -0.01202,
        "nauc_recall_at_100_diff1": 0.059612,
        "nauc_recall_at_1000_max": 0.093495,
        "nauc_recall_at_1000_std": -0.059991,
        "nauc_recall_at_1000_diff1": 0.075812,
        "nauc_precision_at_1_max": 0.138606,
        "nauc_precision_at_1_std": -0.094909,
        "nauc_precision_at_1_diff1": 0.198932,
        "nauc_precision_at_3_max": 0.146909,
        "nauc_precision_at_3_std": -0.099265,
        "nauc_precision_at_3_diff1": 0.151633,
        "nauc_precision_at_5_max": 0.129775,
        "nauc_precision_at_5_std": -0.112646,
        "nauc_precision_at_5_diff1": 0.09645,
        "nauc_precision_at_10_max": 0.136071,
        "nauc_precision_at_10_std": -0.088926,
        "nauc_precision_at_10_diff1": 0.074885,
        "nauc_precision_at_20_max": 0.165032,
        "nauc_precision_at_20_std": -0.056598,
        "nauc_precision_at_20_diff1": 0.097034,
        "nauc_precision_at_100_max": 0.162932,
        "nauc_precision_at_100_std": -0.003471,
        "nauc_precision_at_100_diff1": 0.092663,
        "nauc_precision_at_1000_max": 0.131964,
        "nauc_precision_at_1000_std": -0.04297,
        "nauc_precision_at_1000_diff1": 0.091787,
        "nauc_mrr_at_1_max": 0.138606,
        "nauc_mrr_at_1_std": -0.094909,
        "nauc_mrr_at_1_diff1": 0.198932,
        "nauc_mrr_at_3_max": 0.14868,
        "nauc_mrr_at_3_std": -0.088525,
        "nauc_mrr_at_3_diff1": 0.167242,
        "nauc_mrr_at_5_max": 0.140978,
        "nauc_mrr_at_5_std": -0.095382,
        "nauc_mrr_at_5_diff1": 0.146379,
        "nauc_mrr_at_10_max": 0.143846,
        "nauc_mrr_at_10_std": -0.095628,
        "nauc_mrr_at_10_diff1": 0.13894,
        "nauc_mrr_at_20_max": 0.145591,
        "nauc_mrr_at_20_std": -0.090885,
        "nauc_mrr_at_20_diff1": 0.139995,
        "nauc_mrr_at_100_max": 0.1463,
        "nauc_mrr_at_100_std": -0.089205,
        "nauc_mrr_at_100_diff1": 0.139407,
        "nauc_mrr_at_1000_max": 0.14578,
        "nauc_mrr_at_1000_std": -0.090009,
        "nauc_mrr_at_1000_diff1": 0.139617,
        "main_score": 0.10642,
        "hf_subset": "default",
        "languages": [
          "eng-Latn"
        ]
      }
    ]
  },
  "evaluation_time": 53.71502351760864,
  "kg_co2_emissions": null
}