{
  "dataset_revision": "main",
  "task_name": "FSUChemRxivQest",
  "mteb_version": "0.1",
  "scores": {
    "test": [
      {
        "ndcg_at_1": 0.41298,
        "ndcg_at_3": 0.41604,
        "ndcg_at_5": 0.45166,
        "ndcg_at_10": 0.48537,
        "ndcg_at_20": 0.51125,
        "ndcg_at_100": 0.54106,
        "ndcg_at_1000": 0.55362,
        "map_at_1": 0.2851,
        "map_at_3": 0.36168,
        "map_at_5": 0.38276,
        "map_at_10": 0.3979,
        "map_at_20": 0.40669,
        "map_at_100": 0.41238,
        "map_at_1000": 0.41298,
        "recall_at_1": 0.2851,
        "recall_at_3": 0.4437,
        "recall_at_5": 0.51991,
        "recall_at_10": 0.61208,
        "recall_at_20": 0.70082,
        "recall_at_100": 0.83471,
        "recall_at_1000": 0.92019,
        "precision_at_1": 0.41298,
        "precision_at_3": 0.21559,
        "precision_at_5": 0.15345,
        "precision_at_10": 0.09135,
        "precision_at_20": 0.05314,
        "precision_at_100": 0.01299,
        "precision_at_1000": 0.00146,
        "mrr_at_1": 0.412976,
        "mrr_at_3": 0.500687,
        "mrr_at_5": 0.521026,
        "mrr_at_10": 0.534716,
        "mrr_at_20": 0.539867,
        "mrr_at_100": 0.542528,
        "mrr_at_1000": 0.542671,
        "nauc_ndcg_at_1_max": 0.176344,
        "nauc_ndcg_at_1_std": -0.138997,
        "nauc_ndcg_at_1_diff1": 0.471162,
        "nauc_ndcg_at_3_max": 0.173411,
        "nauc_ndcg_at_3_std": -0.128938,
        "nauc_ndcg_at_3_diff1": 0.38198,
        "nauc_ndcg_at_5_max": 0.183378,
        "nauc_ndcg_at_5_std": -0.126012,
        "nauc_ndcg_at_5_diff1": 0.369624,
        "nauc_ndcg_at_10_max": 0.183323,
        "nauc_ndcg_at_10_std": -0.11896,
        "nauc_ndcg_at_10_diff1": 0.364705,
        "nauc_ndcg_at_20_max": 0.193005,
        "nauc_ndcg_at_20_std": -0.103642,
        "nauc_ndcg_at_20_diff1": 0.370296,
        "nauc_ndcg_at_100_max": 0.200199,
        "nauc_ndcg_at_100_std": -0.08898,
        "nauc_ndcg_at_100_diff1": 0.374893,
        "nauc_ndcg_at_1000_max": 0.194186,
        "nauc_ndcg_at_1000_std": -0.091521,
        "nauc_ndcg_at_1000_diff1": 0.376653,
        "nauc_map_at_1_max": 0.165837,
        "nauc_map_at_1_std": -0.116661,
        "nauc_map_at_1_diff1": 0.439697,
        "nauc_map_at_3_max": 0.163714,
        "nauc_map_at_3_std": -0.121283,
        "nauc_map_at_3_diff1": 0.381314,
        "nauc_map_at_5_max": 0.168401,
        "nauc_map_at_5_std": -0.122092,
        "nauc_map_at_5_diff1": 0.373333,
        "nauc_map_at_10_max": 0.171244,
        "nauc_map_at_10_std": -0.11522,
        "nauc_map_at_10_diff1": 0.371229,
        "nauc_map_at_20_max": 0.173975,
        "nauc_map_at_20_std": -0.111039,
        "nauc_map_at_20_diff1": 0.37284,
        "nauc_map_at_100_max": 0.175944,
        "nauc_map_at_100_std": -0.108029,
        "nauc_map_at_100_diff1": 0.373675,
        "nauc_map_at_1000_max": 0.175686,
        "nauc_map_at_1000_std": -0.108013,
        "nauc_map_at_1000_diff1": 0.37373,
        "nauc_recall_at_1_max": 0.165837,
        "nauc_recall_at_1_std": -0.116661,
        "nauc_recall_at_1_diff1": 0.439697,
        "nauc_recall_at_3_max": 0.161657,
        "nauc_recall_at_3_std": -0.112119,
        "nauc_recall_at_3_diff1": 0.300485,
        "nauc_recall_at_5_max": 0.176758,
        "nauc_recall_at_5_std": -0.100603,
        "nauc_recall_at_5_diff1": 0.259931,
        "nauc_recall_at_10_max": 0.164507,
        "nauc_recall_at_10_std": -0.080883,
        "nauc_recall_at_10_diff1": 0.216331,
        "nauc_recall_at_20_max": 0.194484,
        "nauc_recall_at_20_std": -0.001623,
        "nauc_recall_at_20_diff1": 0.19691,
        "nauc_recall_at_100_max": 0.238258,
        "nauc_recall_at_100_std": 0.150145,
        "nauc_recall_at_100_diff1": 0.141884,
        "nauc_recall_at_1000_max": 0.191832,
        "nauc_recall_at_1000_std": 0.275768,
        "nauc_recall_at_1000_diff1": 0.065239,
        "nauc_precision_at_1_max": 0.176344,
        "nauc_precision_at_1_std": -0.138997,
        "nauc_precision_at_1_diff1": 0.471162,
        "nauc_precision_at_3_max": 0.176236,
        "nauc_precision_at_3_std": -0.148008,
        "nauc_precision_at_3_diff1": 0.318737,
        "nauc_precision_at_5_max": 0.177919,
        "nauc_precision_at_5_std": -0.116922,
        "nauc_precision_at_5_diff1": 0.227717,
        "nauc_precision_at_10_max": 0.146511,
        "nauc_precision_at_10_std": -0.055089,
        "nauc_precision_at_10_diff1": 0.142115,
        "nauc_precision_at_20_max": 0.138822,
        "nauc_precision_at_20_std": 0.022033,
        "nauc_precision_at_20_diff1": 0.085594,
        "nauc_precision_at_100_max": 0.116412,
        "nauc_precision_at_100_std": 0.131436,
        "nauc_precision_at_100_diff1": -0.00629,
        "nauc_precision_at_1000_max": 0.035286,
        "nauc_precision_at_1000_std": 0.123919,
        "nauc_precision_at_1000_diff1": -0.065289,
        "nauc_mrr_at_1_max": 0.176344,
        "nauc_mrr_at_1_std": -0.138997,
        "nauc_mrr_at_1_diff1": 0.471162,
        "nauc_mrr_at_3_max": 0.18744,
        "nauc_mrr_at_3_std": -0.147147,
        "nauc_mrr_at_3_diff1": 0.434356,
        "nauc_mrr_at_5_max": 0.194292,
        "nauc_mrr_at_5_std": -0.142363,
        "nauc_mrr_at_5_diff1": 0.430545,
        "nauc_mrr_at_10_max": 0.189155,
        "nauc_mrr_at_10_std": -0.144824,
        "nauc_mrr_at_10_diff1": 0.429705,
        "nauc_mrr_at_20_max": 0.190827,
        "nauc_mrr_at_20_std": -0.142922,
        "nauc_mrr_at_20_diff1": 0.432535,
        "nauc_mrr_at_100_max": 0.191098,
        "nauc_mrr_at_100_std": -0.142516,
        "nauc_mrr_at_100_diff1": 0.433527,
        "nauc_mrr_at_1000_max": 0.190942,
        "nauc_mrr_at_1000_std": -0.142458,
        "nauc_mrr_at_1000_diff1": 0.433465,
        "main_score": 0.48537,
        "hf_subset": "default",
        "languages": [
          "eng-Latn"
        ]
      }
    ]
  },
  "evaluation_time": 17.96902322769165,
  "kg_co2_emissions": null
}