{
  "dataset_revision": "1840e8a5ac6ec752bbdd97d543ead0189bc7c25b",
  "task_name": "ChemHotpotQARetrieval",
  "mteb_version": "1.36.8",
  "scores": {
    "train": [
      {
        "ndcg_at_1": 0.15556,
        "ndcg_at_3": 0.20213,
        "ndcg_at_5": 0.21791,
        "ndcg_at_10": 0.23857,
        "ndcg_at_20": 0.26163,
        "ndcg_at_100": 0.29401,
        "ndcg_at_1000": 0.32884,
        "map_at_1": 0.15556,
        "map_at_3": 0.19028,
        "map_at_5": 0.19889,
        "map_at_10": 0.20722,
        "map_at_20": 0.21361,
        "map_at_100": 0.21727,
        "map_at_1000": 0.21835,
        "recall_at_1": 0.15556,
        "recall_at_3": 0.23333,
        "recall_at_5": 0.27222,
        "recall_at_10": 0.33611,
        "recall_at_20": 0.42778,
        "recall_at_100": 0.61389,
        "recall_at_1000": 0.89722,
        "precision_at_1": 0.15556,
        "precision_at_3": 0.08148,
        "precision_at_5": 0.05667,
        "precision_at_10": 0.035,
        "precision_at_20": 0.02222,
        "precision_at_100": 0.00633,
        "precision_at_1000": 0.00093,
        "mrr_at_1": 0.155556,
        "mrr_at_3": 0.192593,
        "mrr_at_5": 0.201204,
        "mrr_at_10": 0.209881,
        "mrr_at_20": 0.215767,
        "mrr_at_100": 0.21953,
        "mrr_at_1000": 0.220576,
        "nauc_ndcg_at_1_max": 0.339051,
        "nauc_ndcg_at_1_std": 0.086054,
        "nauc_ndcg_at_1_diff1": 0.530843,
        "nauc_ndcg_at_3_max": 0.357464,
        "nauc_ndcg_at_3_std": 0.052359,
        "nauc_ndcg_at_3_diff1": 0.42884,
        "nauc_ndcg_at_5_max": 0.348603,
        "nauc_ndcg_at_5_std": 0.036301,
        "nauc_ndcg_at_5_diff1": 0.403896,
        "nauc_ndcg_at_10_max": 0.341141,
        "nauc_ndcg_at_10_std": 0.039874,
        "nauc_ndcg_at_10_diff1": 0.393339,
        "nauc_ndcg_at_20_max": 0.342598,
        "nauc_ndcg_at_20_std": 0.041272,
        "nauc_ndcg_at_20_diff1": 0.365646,
        "nauc_ndcg_at_100_max": 0.332029,
        "nauc_ndcg_at_100_std": 0.072581,
        "nauc_ndcg_at_100_diff1": 0.367967,
        "nauc_ndcg_at_1000_max": 0.350755,
        "nauc_ndcg_at_1000_std": 0.060165,
        "nauc_ndcg_at_1000_diff1": 0.373421,
        "nauc_map_at_1_max": 0.339051,
        "nauc_map_at_1_std": 0.086054,
        "nauc_map_at_1_diff1": 0.530843,
        "nauc_map_at_3_max": 0.354788,
        "nauc_map_at_3_std": 0.058229,
        "nauc_map_at_3_diff1": 0.451874,
        "nauc_map_at_5_max": 0.350651,
        "nauc_map_at_5_std": 0.049764,
        "nauc_map_at_5_diff1": 0.437226,
        "nauc_map_at_10_max": 0.34719,
        "nauc_map_at_10_std": 0.051907,
        "nauc_map_at_10_diff1": 0.432589,
        "nauc_map_at_20_max": 0.349584,
        "nauc_map_at_20_std": 0.05213,
        "nauc_map_at_20_diff1": 0.42467,
        "nauc_map_at_100_max": 0.34784,
        "nauc_map_at_100_std": 0.05673,
        "nauc_map_at_100_diff1": 0.425651,
        "nauc_map_at_1000_max": 0.348485,
        "nauc_map_at_1000_std": 0.056159,
        "nauc_map_at_1000_diff1": 0.42597,
        "nauc_recall_at_1_max": 0.339051,
        "nauc_recall_at_1_std": 0.086054,
        "nauc_recall_at_1_diff1": 0.530843,
        "nauc_recall_at_3_max": 0.353698,
        "nauc_recall_at_3_std": 0.032535,
        "nauc_recall_at_3_diff1": 0.366298,
        "nauc_recall_at_5_max": 0.33164,
        "nauc_recall_at_5_std": -0.003876,
        "nauc_recall_at_5_diff1": 0.31619,
        "nauc_recall_at_10_max": 0.311721,
        "nauc_recall_at_10_std": 0.004296,
        "nauc_recall_at_10_diff1": 0.292607,
        "nauc_recall_at_20_max": 0.30907,
        "nauc_recall_at_20_std": 0.010187,
        "nauc_recall_at_20_diff1": 0.202579,
        "nauc_recall_at_100_max": 0.251123,
        "nauc_recall_at_100_std": 0.157987,
        "nauc_recall_at_100_diff1": 0.179886,
        "nauc_recall_at_1000_max": 0.476954,
        "nauc_recall_at_1000_std": 0.085484,
        "nauc_recall_at_1000_diff1": -0.068466,
        "nauc_precision_at_1_max": 0.339051,
        "nauc_precision_at_1_std": 0.086054,
        "nauc_precision_at_1_diff1": 0.530843,
        "nauc_precision_at_3_max": 0.379484,
        "nauc_precision_at_3_std": 0.03055,
        "nauc_precision_at_3_diff1": 0.364411,
        "nauc_precision_at_5_max": 0.356601,
        "nauc_precision_at_5_std": -0.004375,
        "nauc_precision_at_5_diff1": 0.316295,
        "nauc_precision_at_10_max": 0.338774,
        "nauc_precision_at_10_std": 0.004868,
        "nauc_precision_at_10_diff1": 0.289382,
        "nauc_precision_at_20_max": 0.34173,
        "nauc_precision_at_20_std": 0.009458,
        "nauc_precision_at_20_diff1": 0.202217,
        "nauc_precision_at_100_max": 0.288426,
        "nauc_precision_at_100_std": 0.165521,
        "nauc_precision_at_100_diff1": 0.178192,
        "nauc_precision_at_1000_max": 0.436866,
        "nauc_precision_at_1000_std": 0.144506,
        "nauc_precision_at_1000_diff1": -0.020782,
        "nauc_mrr_at_1_max": 0.339051,
        "nauc_mrr_at_1_std": 0.086054,
        "nauc_mrr_at_1_diff1": 0.530843,
        "nauc_mrr_at_3_max": 0.363246,
        "nauc_mrr_at_3_std": 0.064207,
        "nauc_mrr_at_3_diff1": 0.455624,
        "nauc_mrr_at_5_max": 0.358976,
        "nauc_mrr_at_5_std": 0.055668,
        "nauc_mrr_at_5_diff1": 0.440964,
        "nauc_mrr_at_10_max": 0.355583,
        "nauc_mrr_at_10_std": 0.057946,
        "nauc_mrr_at_10_diff1": 0.435318,
        "nauc_mrr_at_20_max": 0.35517,
        "nauc_mrr_at_20_std": 0.058432,
        "nauc_mrr_at_20_diff1": 0.426841,
        "nauc_mrr_at_100_max": 0.353159,
        "nauc_mrr_at_100_std": 0.06366,
        "nauc_mrr_at_100_diff1": 0.427651,
        "nauc_mrr_at_1000_max": 0.353956,
        "nauc_mrr_at_1000_std": 0.062862,
        "nauc_mrr_at_1000_diff1": 0.428097,
        "main_score": 0.23857,
        "hf_subset": "default",
        "languages": [
          "eng-Latn"
        ]
      }
    ],
    "dev": [
      {
        "ndcg_at_1": 0.0,
        "ndcg_at_3": 0.125,
        "ndcg_at_5": 0.17336,
        "ndcg_at_10": 0.17336,
        "ndcg_at_20": 0.20535,
        "ndcg_at_100": 0.24653,
        "ndcg_at_1000": 0.24653,
        "map_at_1": 0.0,
        "map_at_3": 0.08333,
        "map_at_5": 0.10833,
        "map_at_10": 0.10833,
        "map_at_20": 0.11726,
        "map_at_100": 0.12108,
        "map_at_1000": 0.12108,
        "recall_at_1": 0.0,
        "recall_at_3": 0.25,
        "recall_at_5": 0.375,
        "recall_at_10": 0.375,
        "recall_at_20": 0.5,
        "recall_at_100": 0.75,
        "recall_at_1000": 0.75,
        "precision_at_1": 0.0,
        "precision_at_3": 0.08333,
        "precision_at_5": 0.075,
        "precision_at_10": 0.0375,
        "precision_at_20": 0.025,
        "precision_at_100": 0.0075,
        "precision_at_1000": 0.00075,
        "mrr_at_1": 0.0,
        "mrr_at_3": 0.083333,
        "mrr_at_5": 0.108333,
        "mrr_at_10": 0.108333,
        "mrr_at_20": 0.117262,
        "mrr_at_100": 0.121083,
        "mrr_at_1000": 0.121083,
        "nauc_ndcg_at_1_max": NaN,
        "nauc_ndcg_at_1_std": NaN,
        "nauc_ndcg_at_1_diff1": NaN,
        "nauc_ndcg_at_3_max": 0.383793,
        "nauc_ndcg_at_3_std": -0.299054,
        "nauc_ndcg_at_3_diff1": 1.0,
        "nauc_ndcg_at_5_max": 0.266479,
        "nauc_ndcg_at_5_std": 0.146897,
        "nauc_ndcg_at_5_diff1": 1.0,
        "nauc_ndcg_at_10_max": 0.266479,
        "nauc_ndcg_at_10_std": 0.146897,
        "nauc_ndcg_at_10_diff1": 1.0,
        "nauc_ndcg_at_20_max": 0.306609,
        "nauc_ndcg_at_20_std": 0.083906,
        "nauc_ndcg_at_20_diff1": 0.922612,
        "nauc_ndcg_at_100_max": 0.364361,
        "nauc_ndcg_at_100_std": 0.115107,
        "nauc_ndcg_at_100_diff1": 0.90669,
        "nauc_ndcg_at_1000_max": 0.364361,
        "nauc_ndcg_at_1000_std": 0.115107,
        "nauc_ndcg_at_1000_diff1": 0.90669,
        "nauc_map_at_1_max": NaN,
        "nauc_map_at_1_std": NaN,
        "nauc_map_at_1_diff1": NaN,
        "nauc_map_at_3_max": 0.383793,