{
  "dataset_revision": "5d958fb6b31055495347724d46431ba41309b03a",
  "task_name": "ChemNQRetrieval",
  "mteb_version": "1.36.8",
  "scores": {
    "test": [
      {
        "ndcg_at_1": 0.07407,
        "ndcg_at_3": 0.10648,
        "ndcg_at_5": 0.11527,
        "ndcg_at_10": 0.11527,
        "ndcg_at_20": 0.13044,
        "ndcg_at_100": 0.17516,
        "ndcg_at_1000": 0.20367,
        "map_at_1": 0.05556,
        "map_at_3": 0.09259,
        "map_at_5": 0.0963,
        "map_at_10": 0.0963,
        "map_at_20": 0.10023,
        "map_at_100": 0.10596,
        "map_at_1000": 0.10707,
        "recall_at_1": 0.05556,
        "recall_at_3": 0.12963,
        "recall_at_5": 0.14815,
        "recall_at_10": 0.14815,
        "recall_at_20": 0.2037,
        "recall_at_100": 0.43827,
        "recall_at_1000": 0.64815,
        "precision_at_1": 0.07407,
        "precision_at_3": 0.04938,
        "precision_at_5": 0.03704,
        "precision_at_10": 0.01852,
        "precision_at_20": 0.01296,
        "precision_at_100": 0.00556,
        "precision_at_1000": 0.00089,
        "mrr_at_1": 0.074074,
        "mrr_at_3": 0.111111,
        "mrr_at_5": 0.118519,
        "mrr_at_10": 0.118519,
        "mrr_at_20": 0.123546,
        "mrr_at_100": 0.129402,
        "mrr_at_1000": 0.129802,
        "nauc_ndcg_at_1_max": 0.061898,
        "nauc_ndcg_at_1_std": 0.187598,
        "nauc_ndcg_at_1_diff1": 0.550527,
        "nauc_ndcg_at_3_max": 0.257044,
        "nauc_ndcg_at_3_std": 0.345218,
        "nauc_ndcg_at_3_diff1": 0.241098,
        "nauc_ndcg_at_5_max": 0.269588,
        "nauc_ndcg_at_5_std": 0.283743,
        "nauc_ndcg_at_5_diff1": 0.192551,
        "nauc_ndcg_at_10_max": 0.269588,
        "nauc_ndcg_at_10_std": 0.283743,
        "nauc_ndcg_at_10_diff1": 0.192551,
        "nauc_ndcg_at_20_max": 0.192423,
        "nauc_ndcg_at_20_std": 0.19922,
        "nauc_ndcg_at_20_diff1": 0.15307,
        "nauc_ndcg_at_100_max": 0.334816,
        "nauc_ndcg_at_100_std": 0.146597,
        "nauc_ndcg_at_100_diff1": 0.22226,
        "nauc_ndcg_at_1000_max": 0.288122,
        "nauc_ndcg_at_1000_std": 0.150957,
        "nauc_ndcg_at_1000_diff1": 0.198383,
        "nauc_map_at_1_max": -0.027336,
        "nauc_map_at_1_std": 0.356823,
        "nauc_map_at_1_diff1": 0.400703,
        "nauc_map_at_3_max": 0.217036,
        "nauc_map_at_3_std": 0.372799,
        "nauc_map_at_3_diff1": 0.233715,
        "nauc_map_at_5_max": 0.224429,
        "nauc_map_at_5_std": 0.341414,
        "nauc_map_at_5_diff1": 0.20977,
        "nauc_map_at_10_max": 0.224429,
        "nauc_map_at_10_std": 0.341414,
        "nauc_map_at_10_diff1": 0.20977,
        "nauc_map_at_20_max": 0.200562,
        "nauc_map_at_20_std": 0.313486,
        "nauc_map_at_20_diff1": 0.198738,
        "nauc_map_at_100_max": 0.232917,
        "nauc_map_at_100_std": 0.30087,
        "nauc_map_at_100_diff1": 0.217934,
        "nauc_map_at_1000_max": 0.230163,
        "nauc_map_at_1000_std": 0.301542,
        "nauc_map_at_1000_diff1": 0.216977,
        "nauc_recall_at_1_max": -0.027336,
        "nauc_recall_at_1_std": 0.356823,
        "nauc_recall_at_1_diff1": 0.400703,
        "nauc_recall_at_3_max": 0.316656,
        "nauc_recall_at_3_std": 0.362989,
        "nauc_recall_at_3_diff1": 0.148255,
        "nauc_recall_at_5_max": 0.331464,
        "nauc_recall_at_5_std": 0.261266,
        "nauc_recall_at_5_diff1": 0.077978,
        "nauc_recall_at_10_max": 0.331464,
        "nauc_recall_at_10_std": 0.261266,
        "nauc_recall_at_10_diff1": 0.077978,
        "nauc_recall_at_20_max": 0.118303,
        "nauc_recall_at_20_std": 0.041555,
        "nauc_recall_at_20_diff1": -0.00611,
        "nauc_recall_at_100_max": 0.538358,
        "nauc_recall_at_100_std": -0.109431,
        "nauc_recall_at_100_diff1": 0.185592,
        "nauc_recall_at_1000_max": 0.387922,
        "nauc_recall_at_1000_std": -0.157331,
        "nauc_recall_at_1000_diff1": 0.069045,
        "nauc_precision_at_1_max": 0.061898,
        "nauc_precision_at_1_std": 0.187598,
        "nauc_precision_at_1_diff1": 0.550527,
        "nauc_precision_at_3_max": 0.331464,
        "nauc_precision_at_3_std": 0.285532,
        "nauc_precision_at_3_diff1": 0.269616,
        "nauc_precision_at_5_max": 0.354045,
        "nauc_precision_at_5_std": 0.126568,
        "nauc_precision_at_5_diff1": 0.132101,
        "nauc_precision_at_10_max": 0.354045,
        "nauc_precision_at_10_std": 0.126568,
        "nauc_precision_at_10_diff1": 0.132101,
        "nauc_precision_at_20_max": 0.126487,
        "nauc_precision_at_20_std": -0.086381,
        "nauc_precision_at_20_diff1": 0.003054,
        "nauc_precision_at_100_max": 0.462647,
        "nauc_precision_at_100_std": -0.127985,
        "nauc_precision_at_100_diff1": 0.257259,
        "nauc_precision_at_1000_max": 0.094282,
        "nauc_precision_at_1000_std": -0.058827,
        "nauc_precision_at_1000_diff1": 0.043294,
        "nauc_mrr_at_1_max": 0.061898,
        "nauc_mrr_at_1_std": 0.187598,
        "nauc_mrr_at_1_diff1": 0.550527,
        "nauc_mrr_at_3_max": 0.236801,
        "nauc_mrr_at_3_std": 0.25114,
        "nauc_mrr_at_3_diff1": 0.368263,
        "nauc_mrr_at_5_max": 0.247847,
        "nauc_mrr_at_5_std": 0.206005,
        "nauc_mrr_at_5_diff1": 0.32324,
        "nauc_mrr_at_10_max": 0.247847,
        "nauc_mrr_at_10_std": 0.206005,
        "nauc_mrr_at_10_diff1": 0.32324,
        "nauc_mrr_at_20_max": 0.223438,
        "nauc_mrr_at_20_std": 0.180281,
        "nauc_mrr_at_20_diff1": 0.307125,
        "nauc_mrr_at_100_max": 0.247406,
        "nauc_mrr_at_100_std": 0.176904,
        "nauc_mrr_at_100_diff1": 0.318213,
        "nauc_mrr_at_1000_max": 0.246555,
        "nauc_mrr_at_1000_std": 0.177046,
        "nauc_mrr_at_1000_diff1": 0.318361,
        "main_score": 0.11527,
        "hf_subset": "default",
        "languages": [
          "eng-Latn"
        ]
      }
    ]
  },
  "evaluation_time": 30.940577507019043,
  "kg_co2_emissions": null
}