{
  "dataset_revision": "main",
  "task_name": "FSUChemRxivQest",
  "mteb_version": "0.1",
  "scores": {
    "test": [
      {
        "ndcg_at_1": 0.42636,
        "ndcg_at_3": 0.43863,
        "ndcg_at_5": 0.47105,
        "ndcg_at_10": 0.50278,
        "ndcg_at_20": 0.53039,
        "ndcg_at_100": 0.55804,
        "ndcg_at_1000": 0.56953,
        "map_at_1": 0.29677,
        "map_at_3": 0.38036,
        "map_at_5": 0.39943,
        "map_at_10": 0.41479,
        "map_at_20": 0.42393,
        "map_at_100": 0.42918,
        "map_at_1000": 0.42976,
        "recall_at_1": 0.29677,
        "recall_at_3": 0.46928,
        "recall_at_5": 0.53879,
        "recall_at_10": 0.62444,
        "recall_at_20": 0.71988,
        "recall_at_100": 0.84621,
        "recall_at_1000": 0.92293,
        "precision_at_1": 0.42636,
        "precision_at_3": 0.22966,
        "precision_at_5": 0.15984,
        "precision_at_10": 0.09392,
        "precision_at_20": 0.05479,
        "precision_at_100": 0.01318,
        "precision_at_1000": 0.00147,
        "mrr_at_1": 0.426365,
        "mrr_at_3": 0.526777,
        "mrr_at_5": 0.54552,
        "mrr_at_10": 0.556501,
        "mrr_at_20": 0.562298,
        "mrr_at_100": 0.564186,
        "mrr_at_1000": 0.5643,
        "nauc_ndcg_at_1_max": 0.13986,
        "nauc_ndcg_at_1_std": -0.154724,
        "nauc_ndcg_at_1_diff1": 0.418591,
        "nauc_ndcg_at_3_max": 0.142067,
        "nauc_ndcg_at_3_std": -0.177306,
        "nauc_ndcg_at_3_diff1": 0.34791,
        "nauc_ndcg_at_5_max": 0.148977,
        "nauc_ndcg_at_5_std": -0.180384,
        "nauc_ndcg_at_5_diff1": 0.352583,
        "nauc_ndcg_at_10_max": 0.149862,
        "nauc_ndcg_at_10_std": -0.167869,
        "nauc_ndcg_at_10_diff1": 0.340363,
        "nauc_ndcg_at_20_max": 0.158913,
        "nauc_ndcg_at_20_std": -0.145025,
        "nauc_ndcg_at_20_diff1": 0.335459,
        "nauc_ndcg_at_100_max": 0.168827,
        "nauc_ndcg_at_100_std": -0.134231,
        "nauc_ndcg_at_100_diff1": 0.338831,
        "nauc_ndcg_at_1000_max": 0.159416,
        "nauc_ndcg_at_1000_std": -0.140036,
        "nauc_ndcg_at_1000_diff1": 0.344981,
        "nauc_map_at_1_max": 0.11406,
        "nauc_map_at_1_std": -0.147016,
        "nauc_map_at_1_diff1": 0.385013,
        "nauc_map_at_3_max": 0.13333,
        "nauc_map_at_3_std": -0.166467,
        "nauc_map_at_3_diff1": 0.346623,
        "nauc_map_at_5_max": 0.13728,
        "nauc_map_at_5_std": -0.16958,
        "nauc_map_at_5_diff1": 0.350791,
        "nauc_map_at_10_max": 0.138352,
        "nauc_map_at_10_std": -0.163825,
        "nauc_map_at_10_diff1": 0.345347,
        "nauc_map_at_20_max": 0.140943,
        "nauc_map_at_20_std": -0.157255,
        "nauc_map_at_20_diff1": 0.34377,
        "nauc_map_at_100_max": 0.143679,
        "nauc_map_at_100_std": -0.155065,
        "nauc_map_at_100_diff1": 0.34448,
        "nauc_map_at_1000_max": 0.143248,
        "nauc_map_at_1000_std": -0.155267,
        "nauc_map_at_1000_diff1": 0.344836,
        "nauc_recall_at_1_max": 0.11406,
        "nauc_recall_at_1_std": -0.147016,
        "nauc_recall_at_1_diff1": 0.385013,
        "nauc_recall_at_3_max": 0.139972,
        "nauc_recall_at_3_std": -0.164021,
        "nauc_recall_at_3_diff1": 0.277866,
        "nauc_recall_at_5_max": 0.146782,
        "nauc_recall_at_5_std": -0.166805,
        "nauc_recall_at_5_diff1": 0.272463,
        "nauc_recall_at_10_max": 0.14114,
        "nauc_recall_at_10_std": -0.123784,
        "nauc_recall_at_10_diff1": 0.218517,
        "nauc_recall_at_20_max": 0.170731,
        "nauc_recall_at_20_std": -0.010233,
        "nauc_recall_at_20_diff1": 0.155785,
        "nauc_recall_at_100_max": 0.242016,
        "nauc_recall_at_100_std": 0.145408,
        "nauc_recall_at_100_diff1": 0.079715,
        "nauc_recall_at_1000_max": 0.152137,
        "nauc_recall_at_1000_std": 0.213598,
        "nauc_recall_at_1000_diff1": 0.07681,
        "nauc_precision_at_1_max": 0.13986,
        "nauc_precision_at_1_std": -0.154724,
        "nauc_precision_at_1_diff1": 0.418591,
        "nauc_precision_at_3_max": 0.149909,
        "nauc_precision_at_3_std": -0.211536,
        "nauc_precision_at_3_diff1": 0.288971,
        "nauc_precision_at_5_max": 0.15256,
        "nauc_precision_at_5_std": -0.187511,
        "nauc_precision_at_5_diff1": 0.248615,
        "nauc_precision_at_10_max": 0.12406,
        "nauc_precision_at_10_std": -0.101543,
        "nauc_precision_at_10_diff1": 0.127205,
        "nauc_precision_at_20_max": 0.126271,
        "nauc_precision_at_20_std": 0.027303,
        "nauc_precision_at_20_diff1": 0.034224,
        "nauc_precision_at_100_max": 0.136477,
        "nauc_precision_at_100_std": 0.139022,
        "nauc_precision_at_100_diff1": -0.042144,
        "nauc_precision_at_1000_max": 0.034663,
        "nauc_precision_at_1000_std": 0.109249,
        "nauc_precision_at_1000_diff1": -0.063234,
        "nauc_mrr_at_1_max": 0.13986,
        "nauc_mrr_at_1_std": -0.154724,
        "nauc_mrr_at_1_diff1": 0.418591,
        "nauc_mrr_at_3_max": 0.149518,
        "nauc_mrr_at_3_std": -0.18938,
        "nauc_mrr_at_3_diff1": 0.391906,
        "nauc_mrr_at_5_max": 0.154658,
        "nauc_mrr_at_5_std": -0.18711,
        "nauc_mrr_at_5_diff1": 0.393557,
        "nauc_mrr_at_10_max": 0.1531,
        "nauc_mrr_at_10_std": -0.183351,
        "nauc_mrr_at_10_diff1": 0.389659,
        "nauc_mrr_at_20_max": 0.154196,
        "nauc_mrr_at_20_std": -0.180315,
        "nauc_mrr_at_20_diff1": 0.390246,
        "nauc_mrr_at_100_max": 0.153906,
        "nauc_mrr_at_100_std": -0.181171,
        "nauc_mrr_at_100_diff1": 0.391126,
        "nauc_mrr_at_1000_max": 0.153848,
        "nauc_mrr_at_1000_std": -0.18111,
        "nauc_mrr_at_1000_diff1": 0.391255,
        "main_score": 0.50278,
        "hf_subset": "default",
        "languages": [
          "eng-Latn"
        ]
      }
    ]
  },
  "evaluation_time": 21.4662868976593,
  "kg_co2_emissions": null
}