{
  "dataset_revision": "f39c1d16edd269f233be381216bc8146f0857124",
  "evaluation_time": 204.08601880073547,
  "kg_co2_emissions": null,
  "mteb_version": "1.14.15",
  "scores": {
    "dev": [
      {
        "hf_subset": "default",
        "languages": [
          "eng-Latn"
        ],
        "main_score": 0.90773,
        "map_at_1": 0.75,
        "map_at_10": 0.875,
        "map_at_100": 0.875,
        "map_at_1000": 0.875,
        "map_at_20": 0.875,
        "map_at_3": 0.875,
        "map_at_5": 0.875,
        "mrr_at_1": 0.75,
        "mrr_at_10": 0.875,
        "mrr_at_100": 0.875,
        "mrr_at_1000": 0.875,
        "mrr_at_20": 0.875,
        "mrr_at_3": 0.875,
        "mrr_at_5": 0.875,
        "nauc_map_at_1000_diff1": 1.0,
        "nauc_map_at_1000_max": 0.7309309309309314,
        "nauc_map_at_1000_std": -0.030630630630630304,
        "nauc_map_at_100_diff1": 1.0,
        "nauc_map_at_100_max": 0.7309309309309314,
        "nauc_map_at_100_std": -0.030630630630630304,
        "nauc_map_at_10_diff1": 1.0,
        "nauc_map_at_10_max": 0.7309309309309314,
        "nauc_map_at_10_std": -0.030630630630630304,
        "nauc_map_at_1_diff1": 1.0,
        "nauc_map_at_1_max": 0.7309309309309309,
        "nauc_map_at_1_std": -0.030630630630630862,
        "nauc_map_at_20_diff1": 1.0,
        "nauc_map_at_20_max": 0.7309309309309314,
        "nauc_map_at_20_std": -0.030630630630630304,
        "nauc_map_at_3_diff1": 1.0,
        "nauc_map_at_3_max": 0.7309309309309314,
        "nauc_map_at_3_std": -0.030630630630630304,
        "nauc_map_at_5_diff1": 1.0,
        "nauc_map_at_5_max": 0.7309309309309314,
        "nauc_map_at_5_std": -0.030630630630630304,
        "nauc_mrr_at_1000_diff1": 1.0,
        "nauc_mrr_at_1000_max": 0.7309309309309314,
        "nauc_mrr_at_1000_std": -0.030630630630630304,
        "nauc_mrr_at_100_diff1": 1.0,
        "nauc_mrr_at_100_max": 0.7309309309309314,
        "nauc_mrr_at_100_std": -0.030630630630630304,
        "nauc_mrr_at_10_diff1": 1.0,
        "nauc_mrr_at_10_max": 0.7309309309309314,
        "nauc_mrr_at_10_std": -0.030630630630630304,
        "nauc_mrr_at_1_diff1": 1.0,
        "nauc_mrr_at_1_max": 0.7309309309309309,
        "nauc_mrr_at_1_std": -0.030630630630630862,
        "nauc_mrr_at_20_diff1": 1.0,
        "nauc_mrr_at_20_max": 0.7309309309309314,
        "nauc_mrr_at_20_std": -0.030630630630630304,
        "nauc_mrr_at_3_diff1": 1.0,
        "nauc_mrr_at_3_max": 0.7309309309309314,
        "nauc_mrr_at_3_std": -0.030630630630630304,
        "nauc_mrr_at_5_diff1": 1.0,
        "nauc_mrr_at_5_max": 0.7309309309309314,
        "nauc_mrr_at_5_std": -0.030630630630630304,
        "nauc_ndcg_at_1000_diff1": 1.0,
        "nauc_ndcg_at_1000_max": 0.7309309309309303,
        "nauc_ndcg_at_1000_std": -0.03063063063063251,
        "nauc_ndcg_at_100_diff1": 1.0,
        "nauc_ndcg_at_100_max": 0.7309309309309303,
        "nauc_ndcg_at_100_std": -0.03063063063063251,
        "nauc_ndcg_at_10_diff1": 1.0,
        "nauc_ndcg_at_10_max": 0.7309309309309303,
        "nauc_ndcg_at_10_std": -0.03063063063063251,
        "nauc_ndcg_at_1_diff1": 1.0,
        "nauc_ndcg_at_1_max": 0.7309309309309309,
        "nauc_ndcg_at_1_std": -0.030630630630630862,
        "nauc_ndcg_at_20_diff1": 1.0,
        "nauc_ndcg_at_20_max": 0.7309309309309303,
        "nauc_ndcg_at_20_std": -0.03063063063063251,
        "nauc_ndcg_at_3_diff1": 1.0,
        "nauc_ndcg_at_3_max": 0.7309309309309303,
        "nauc_ndcg_at_3_std": -0.03063063063063251,
        "nauc_ndcg_at_5_diff1": 1.0,
        "nauc_ndcg_at_5_max": 0.7309309309309303,
        "nauc_ndcg_at_5_std": -0.03063063063063251,
        "nauc_precision_at_1000_diff1": 1.0,
        "nauc_precision_at_1000_max": 1.0,
        "nauc_precision_at_1000_std": 1.0,
        "nauc_precision_at_100_diff1": 1.0,
        "nauc_precision_at_100_max": 1.0,
        "nauc_precision_at_100_std": 1.0,
        "nauc_precision_at_10_diff1": NaN,
        "nauc_precision_at_10_max": NaN,
        "nauc_precision_at_10_std": NaN,
        "nauc_precision_at_1_diff1": 1.0,
        "nauc_precision_at_1_max": 0.7309309309309309,
        "nauc_precision_at_1_std": -0.030630630630630862,
        "nauc_precision_at_20_diff1": NaN,
        "nauc_precision_at_20_max": NaN,
        "nauc_precision_at_20_std": NaN,
        "nauc_precision_at_3_diff1": NaN,
        "nauc_precision_at_3_max": NaN,
        "nauc_precision_at_3_std": NaN,
        "nauc_precision_at_5_diff1": NaN,
        "nauc_precision_at_5_max": NaN,
        "nauc_precision_at_5_std": NaN,
        "nauc_recall_at_1000_diff1": NaN,
        "nauc_recall_at_1000_max": NaN,
        "nauc_recall_at_1000_std": NaN,
        "nauc_recall_at_100_diff1": NaN,
        "nauc_recall_at_100_max": NaN,
        "nauc_recall_at_100_std": NaN,
        "nauc_recall_at_10_diff1": NaN,
        "nauc_recall_at_10_max": NaN,
        "nauc_recall_at_10_std": NaN,
        "nauc_recall_at_1_diff1": 1.0,
        "nauc_recall_at_1_max": 0.7309309309309309,
        "nauc_recall_at_1_std": -0.030630630630630862,
        "nauc_recall_at_20_diff1": NaN,
        "nauc_recall_at_20_max": NaN,
        "nauc_recall_at_20_std": NaN,
        "nauc_recall_at_3_diff1": NaN,
        "nauc_recall_at_3_max": NaN,
        "nauc_recall_at_3_std": NaN,
        "nauc_recall_at_5_diff1": NaN,
        "nauc_recall_at_5_max": NaN,
        "nauc_recall_at_5_std": NaN,
        "ndcg_at_1": 0.75,
        "ndcg_at_10": 0.90773,
        "ndcg_at_100": 0.90773,
        "ndcg_at_1000": 0.90773,
        "ndcg_at_20": 0.90773,
        "ndcg_at_3": 0.90773,
        "ndcg_at_5": 0.90773,
        "precision_at_1": 0.75,
        "precision_at_10": 0.1,
        "precision_at_100": 0.01,
        "precision_at_1000": 0.001,
        "precision_at_20": 0.05,
        "precision_at_3": 0.33333,
        "precision_at_5": 0.2,
        "recall_at_1": 0.75,
        "recall_at_10": 1.0,
        "recall_at_100": 1.0,
        "recall_at_1000": 1.0,
        "recall_at_20": 1.0,
        "recall_at_3": 1.0,
        "recall_at_5": 1.0
      }
    ],
    "test": [
      {
        "hf_subset": "default",
        "languages": [
          "eng-Latn"
        ],
        "main_score": 0.80654,
        "map_at_1": 0.72222,
        "map_at_10": 0.76574,
        "map_at_100": 0.76717,
        "map_at_1000": 0.76717,
        "map_at_20": 0.76574,
        "map_at_3": 0.74074,
        "map_at_5": 0.75185,
        "mrr_at_1": 0.7222222222222222,
        "mrr_at_10": 0.7657407407407406,
        "mrr_at_100": 0.7671652421652421,
        "mrr_at_1000": 0.7671652421652421,
        "mrr_at_20": 0.7657407407407406,
        "mrr_at_3": 0.7407407407407407,
        "mrr_at_5": 0.7518518518518518,
        "nauc_map_at_1000_diff1": 0.9946648977990924,
        "nauc_map_at_1000_max": 0.8293302607574904,
        "nauc_map_at_1000_std": -0.27984249365127467,
        "nauc_map_at_100_diff1": 0.9946648977990924,
        "nauc_map_at_100_max": 0.8293302607574904,
        "nauc_map_at_100_std": -0.27984249365127467,
        "nauc_map_at_10_diff1": 0.9947008413334377,
        "nauc_map_at_10_max": 0.824589664704112,
        "nauc_map_at_10_std": -0.2891354090794737,
        "nauc_map_at_1_diff1": 1.0,
        "nauc_map_at_1_max": 0.8673077748113143,
        "nauc_map_at_1_std": -0.27902922938316943,
        "nauc_map_at_20_diff1": 0.9947008413334377,
        "nauc_map_at_20_max": 0.824589664704112,
        "nauc_map_at_20_std": -0.2891354090794737,
        "nauc_map_at_3_diff1": 0.9880319148936171,
        "nauc_map_at_3_max": 0.8478184049992568,
        "nauc_map_at_3_std": -0.20545445246243033,
        "nauc_map_at_5_diff1": 0.9950071079366175,
        "nauc_map_at_5_max": 0.8347275622335429,
        "nauc_map_at_5_std": -0.24168560540392334,
        "nauc_mrr_at_1000_diff1": 0.9946648977990924,
        "nauc_mrr_at_1000_max": 0.8293302607574904,
        "nauc_mrr_at_1000_std": -0.27984249365127467,
        "nauc_mrr_at_100_diff1": 0.9946648977990924,