{
  "dataset_revision": "023e7a813e3b73d8d33551ed2aea511314d612e2",
  "evaluation_time": 179.17978811264038,
  "kg_co2_emissions": null,
  "mteb_version": "1.14.15",
  "scores": {
    "test": [
      {
        "hf_subset": "default",
        "languages": [
          "eng-Latn"
        ],
        "main_score": 0.537,
        "map_at_1": 0.24074,
        "map_at_10": 0.4308,
        "map_at_100": 0.43964,
        "map_at_1000": 0.43964,
        "map_at_20": 0.43594,
        "map_at_3": 0.35494,
        "map_at_5": 0.4179,
        "mrr_at_1": 0.2962962962962963,
        "mrr_at_10": 0.477557319223986,
        "mrr_at_100": 0.4813973220054912,
        "mrr_at_1000": 0.4813973220054912,
        "mrr_at_20": 0.47961493239271025,
        "mrr_at_3": 0.4382716049382716,
        "mrr_at_5": 0.4623456790123457,
        "nauc_map_at_1000_diff1": -0.0016379533402311982,
        "nauc_map_at_1000_max": 0.22837008632914385,
        "nauc_map_at_1000_std": 0.06965699297850989,
        "nauc_map_at_100_diff1": -0.0016379533402311982,
        "nauc_map_at_100_max": 0.22837008632914385,
        "nauc_map_at_100_std": 0.06965699297850989,
        "nauc_map_at_10_diff1": 0.0014504591802569702,
        "nauc_map_at_10_max": 0.2162394907632358,
        "nauc_map_at_10_std": 0.05154925050856249,
        "nauc_map_at_1_diff1": 0.06546762830810061,
        "nauc_map_at_1_max": 0.29196189680504275,
        "nauc_map_at_1_std": 0.2244007133387492,
        "nauc_map_at_20_diff1": 0.006134740062219312,
        "nauc_map_at_20_max": 0.2298080316849321,
        "nauc_map_at_20_std": 0.0701572008787641,
        "nauc_map_at_3_diff1": -0.022191435024166307,
        "nauc_map_at_3_max": 0.09240848296203641,
        "nauc_map_at_3_std": -0.04136244898178381,
        "nauc_map_at_5_diff1": -0.0011004764933686083,
        "nauc_map_at_5_max": 0.21318047580231292,
        "nauc_map_at_5_std": 0.03977476270644821,
        "nauc_mrr_at_1000_diff1": 0.03168015749149989,
        "nauc_mrr_at_1000_max": 0.3280503538634675,
        "nauc_mrr_at_1000_std": 0.041148155791625195,
        "nauc_mrr_at_100_diff1": 0.03168015749149989,
        "nauc_mrr_at_100_max": 0.3280503538634675,
        "nauc_mrr_at_100_std": 0.041148155791625195,
        "nauc_mrr_at_10_diff1": 0.021469090054597992,
        "nauc_mrr_at_10_max": 0.3251007355941248,
        "nauc_mrr_at_10_std": 0.040354464972725386,
        "nauc_mrr_at_1_diff1": 0.1426624744016236,
        "nauc_mrr_at_1_max": 0.43209376187255,
        "nauc_mrr_at_1_std": 0.2246760241667208,
        "nauc_mrr_at_20_diff1": 0.03337346995914178,
        "nauc_mrr_at_20_max": 0.33089508258804307,
        "nauc_mrr_at_20_std": 0.03982436361265211,
        "nauc_mrr_at_3_diff1": -0.012588728096481214,
        "nauc_mrr_at_3_max": 0.24567848733945571,
        "nauc_mrr_at_3_std": -0.01776004300411146,
        "nauc_mrr_at_5_diff1": 0.023573760482471378,
        "nauc_mrr_at_5_max": 0.31262509164230606,
        "nauc_mrr_at_5_std": 0.01653077414832743,
        "nauc_ndcg_at_1000_diff1": -0.008198612905060649,
        "nauc_ndcg_at_1000_max": 0.27254101055416485,
        "nauc_ndcg_at_1000_std": 0.059998162452640474,
        "nauc_ndcg_at_100_diff1": -0.008198612905060649,
        "nauc_ndcg_at_100_max": 0.27254101055416485,
        "nauc_ndcg_at_100_std": 0.059998162452640474,
        "nauc_ndcg_at_10_diff1": -0.006404581130179057,
        "nauc_ndcg_at_10_max": 0.25308267417916186,
        "nauc_ndcg_at_10_std": 0.01876860446333184,
        "nauc_ndcg_at_1_diff1": 0.1426624744016236,
        "nauc_ndcg_at_1_max": 0.43209376187255,
        "nauc_ndcg_at_1_std": 0.2246760241667208,
        "nauc_ndcg_at_20_diff1": 0.035327234571227384,
        "nauc_ndcg_at_20_max": 0.298956784933821,
        "nauc_ndcg_at_20_std": 0.05768049470420472,
        "nauc_ndcg_at_3_diff1": -0.05659695696900444,
        "nauc_ndcg_at_3_max": 0.055557835595132936,
        "nauc_ndcg_at_3_std": -0.12114522371584281,
        "nauc_ndcg_at_5_diff1": -0.0075587364027704515,
        "nauc_ndcg_at_5_max": 0.2380364339559114,
        "nauc_ndcg_at_5_std": -0.017794155592133015,
        "nauc_precision_at_1000_diff1": -0.27622307579172595,
        "nauc_precision_at_1000_max": 0.3189677990938988,
        "nauc_precision_at_1000_std": 0.2309078252049683,
        "nauc_precision_at_100_diff1": -0.27622307579172667,
        "nauc_precision_at_100_max": 0.3189677990938994,
        "nauc_precision_at_100_std": 0.23090782520496886,
        "nauc_precision_at_10_diff1": -0.12560782708247972,
        "nauc_precision_at_10_max": 0.35974572670046173,
        "nauc_precision_at_10_std": 0.11533260368579486,
        "nauc_precision_at_1_diff1": 0.1426624744016236,
        "nauc_precision_at_1_max": 0.43209376187255,
        "nauc_precision_at_1_std": 0.2246760241667208,
        "nauc_precision_at_20_diff1": -0.038378301581802145,
        "nauc_precision_at_20_max": 0.4714716077375057,
        "nauc_precision_at_20_std": 0.2633757283087573,
        "nauc_precision_at_3_diff1": -0.250172525186786,
        "nauc_precision_at_3_max": -0.042457736223807385,
        "nauc_precision_at_3_std": -0.3370595983211276,
        "nauc_precision_at_5_diff1": -0.0854530243725689,
        "nauc_precision_at_5_max": 0.29208428974762385,
        "nauc_precision_at_5_std": -0.01662176671872298,
        "nauc_recall_at_1000_diff1": NaN,
        "nauc_recall_at_1000_max": NaN,
        "nauc_recall_at_1000_std": NaN,
        "nauc_recall_at_100_diff1": NaN,
        "nauc_recall_at_100_max": NaN,
        "nauc_recall_at_100_std": NaN,
        "nauc_recall_at_10_diff1": -0.012313756644830138,
        "nauc_recall_at_10_max": 0.27109885526254834,
        "nauc_recall_at_10_std": -0.14751288061830684,
        "nauc_recall_at_1_diff1": 0.06546762830810061,
        "nauc_recall_at_1_max": 0.29196189680504275,
        "nauc_recall_at_1_std": 0.2244007133387492,
        "nauc_recall_at_20_diff1": 0.36789771151703426,
        "nauc_recall_at_20_max": 0.6042588269697139,
        "nauc_recall_at_20_std": 0.012927231384333316,
        "nauc_recall_at_3_diff1": -0.13332606336402086,
        "nauc_recall_at_3_max": -0.1849849713763672,
        "nauc_recall_at_3_std": -0.35034867155451477,
        "nauc_recall_at_5_diff1": -0.023557452029678374,
        "nauc_recall_at_5_max": 0.22326091511945695,
        "nauc_recall_at_5_std": -0.2094656271134311,
        "ndcg_at_1": 0.2963,
        "ndcg_at_10": 0.537,
        "ndcg_at_100": 0.57727,
        "ndcg_at_1000": 0.57727,
        "ndcg_at_20": 0.55186,
        "ndcg_at_3": 0.41562,
        "ndcg_at_5": 0.50515,
        "precision_at_1": 0.2963,
        "precision_at_10": 0.1037,
        "precision_at_100": 0.01296,
        "precision_at_1000": 0.0013,
        "precision_at_20": 0.05556,
        "precision_at_3": 0.20988,
        "precision_at_5": 0.18519,
        "recall_at_1": 0.24074,
        "recall_at_10": 0.80864,
        "recall_at_100": 1.0,
        "recall_at_1000": 1.0,
        "recall_at_20": 0.8642,
        "recall_at_3": 0.51235,
        "recall_at_5": 0.71605
      }
    ]
  },
  "task_name": "ChemNQRetrieval"
}