{
  "dataset_revision": "831d292c3959eae59e4f89b8758738feee97d6cf",
  "evaluation_time": 134.68438458442688,
  "kg_co2_emissions": null,
  "mteb_version": "1.14.15",
  "scores": {
    "test": [
      {
        "hf_subset": "default",
        "languages": [
          "eng-Latn"
        ],
        "main_score": 0.00722,
        "map_at_1": 0.00303,
        "map_at_10": 0.0055,
        "map_at_100": 0.0069,
        "map_at_1000": 0.0076,
        "map_at_20": 0.00599,
        "map_at_3": 0.00451,
        "map_at_5": 0.00495,
        "mrr_at_1": 0.00365006475921347,
        "mrr_at_10": 0.006275522886261144,
        "mrr_at_100": 0.007745534022677605,
        "mrr_at_1000": 0.008392822120289118,
        "mrr_at_20": 0.006791780928194131,
        "mrr_at_3": 0.0051218650653479325,
        "mrr_at_5": 0.0056693747792299545,
        "nauc_map_at_1000_diff1": 0.2691170226605451,
        "nauc_map_at_1000_max": 0.27450768792913405,
        "nauc_map_at_1000_std": 0.3331234390715553,
        "nauc_map_at_100_diff1": 0.2987096398244134,
        "nauc_map_at_100_max": 0.2961144529608198,
        "nauc_map_at_100_std": 0.32257832991760926,
        "nauc_map_at_10_diff1": 0.3803243598598406,
        "nauc_map_at_10_max": 0.3498657377927348,
        "nauc_map_at_10_std": 0.3046940376891675,
        "nauc_map_at_1_diff1": 0.6453890438054509,
        "nauc_map_at_1_max": 0.5001356343409367,
        "nauc_map_at_1_std": 0.3316132301959103,
        "nauc_map_at_20_diff1": 0.34547852605875967,
        "nauc_map_at_20_max": 0.32809356140498275,
        "nauc_map_at_20_std": 0.30791120485123535,
        "nauc_map_at_3_diff1": 0.4651424613113035,
        "nauc_map_at_3_max": 0.3727919330378316,
        "nauc_map_at_3_std": 0.2975412987919058,
        "nauc_map_at_5_diff1": 0.424382795904969,
        "nauc_map_at_5_max": 0.36245203534121684,
        "nauc_map_at_5_std": 0.2743625669634957,
        "nauc_mrr_at_1000_diff1": 0.258009242580178,
        "nauc_mrr_at_1000_max": 0.2563503960501905,
        "nauc_mrr_at_1000_std": 0.3272116590607919,
        "nauc_mrr_at_100_diff1": 0.27954895735810004,
        "nauc_mrr_at_100_max": 0.27301637658293004,
        "nauc_mrr_at_100_std": 0.3216446363258334,
        "nauc_mrr_at_10_diff1": 0.3493443334840506,
        "nauc_mrr_at_10_max": 0.3165428572781894,
        "nauc_mrr_at_10_std": 0.3079614810260489,
        "nauc_mrr_at_1_diff1": 0.5545043325351634,
        "nauc_mrr_at_1_max": 0.4539302399841647,
        "nauc_mrr_at_1_std": 0.3343594452006818,
        "nauc_mrr_at_20_diff1": 0.3236736641494765,
        "nauc_mrr_at_20_max": 0.3037052532594836,
        "nauc_mrr_at_20_std": 0.3130437179002714,
        "nauc_mrr_at_3_diff1": 0.43273283768533927,
        "nauc_mrr_at_3_max": 0.34576847547833856,
        "nauc_mrr_at_3_std": 0.2907698212685614,
        "nauc_mrr_at_5_diff1": 0.3865190388546374,
        "nauc_mrr_at_5_max": 0.33671069784243535,
        "nauc_mrr_at_5_std": 0.2778717281878314,
        "nauc_ndcg_at_1000_diff1": 0.01107891671842685,
        "nauc_ndcg_at_1000_max": 0.08558874429078495,
        "nauc_ndcg_at_1000_std": 0.3925713175757455,
        "nauc_ndcg_at_100_diff1": 0.11415321068817004,
        "nauc_ndcg_at_100_max": 0.18218665521111832,
        "nauc_ndcg_at_100_std": 0.3645718692482126,
        "nauc_ndcg_at_10_diff1": 0.3019903433498662,
        "nauc_ndcg_at_10_max": 0.3054749248157911,
        "nauc_ndcg_at_10_std": 0.31678977455591667,
        "nauc_ndcg_at_1_diff1": 0.5545043325351634,
        "nauc_ndcg_at_1_max": 0.4539302399841647,
        "nauc_ndcg_at_1_std": 0.3343594452006818,
        "nauc_ndcg_at_20_diff1": 0.23525425457480706,
        "nauc_ndcg_at_20_max": 0.26366925817570325,
        "nauc_ndcg_at_20_std": 0.3229019135869176,
        "nauc_ndcg_at_3_diff1": 0.42383014389263607,
        "nauc_ndcg_at_3_max": 0.34051860082095126,
        "nauc_ndcg_at_3_std": 0.2855708737926712,
        "nauc_ndcg_at_5_diff1": 0.36915203779186356,
        "nauc_ndcg_at_5_max": 0.3296863944640805,
        "nauc_ndcg_at_5_std": 0.256061542698809,
        "nauc_precision_at_1000_diff1": -0.05779092509757899,
        "nauc_precision_at_1000_max": 0.0031129743039569648,
        "nauc_precision_at_1000_std": 0.38874942717384814,
        "nauc_precision_at_100_diff1": -0.010304267612509925,
        "nauc_precision_at_100_max": 0.09277720019511944,
        "nauc_precision_at_100_std": 0.4120068303135885,
        "nauc_precision_at_10_diff1": 0.11759554418207187,
        "nauc_precision_at_10_max": 0.22471613681524064,
        "nauc_precision_at_10_std": 0.370456628474794,
        "nauc_precision_at_1_diff1": 0.5545043325351634,
        "nauc_precision_at_1_max": 0.4539302399841647,
        "nauc_precision_at_1_std": 0.3343594452006818,
        "nauc_precision_at_20_diff1": 0.0493990371780214,
        "nauc_precision_at_20_max": 0.15826214377476638,
        "nauc_precision_at_20_std": 0.37473484758783815,
        "nauc_precision_at_3_diff1": 0.298127482105059,
        "nauc_precision_at_3_max": 0.268114438750465,
        "nauc_precision_at_3_std": 0.26605604318391785,
        "nauc_precision_at_5_diff1": 0.21165265143830883,
        "nauc_precision_at_5_max": 0.2760240507769997,
        "nauc_precision_at_5_std": 0.24892173988929722,
        "nauc_recall_at_1000_diff1": -0.05682562098495736,
        "nauc_recall_at_1000_max": 0.03748451977248034,
        "nauc_recall_at_1000_std": 0.3961204053413729,
        "nauc_recall_at_100_diff1": 0.012800580860062324,
        "nauc_recall_at_100_max": 0.12691153725964677,
        "nauc_recall_at_100_std": 0.38780907383629326,
        "nauc_recall_at_10_diff1": 0.21028412527189067,
        "nauc_recall_at_10_max": 0.2610972783803539,
        "nauc_recall_at_10_std": 0.3326796825227328,
        "nauc_recall_at_1_diff1": 0.6453890438054509,
        "nauc_recall_at_1_max": 0.5001356343409367,
        "nauc_recall_at_1_std": 0.3316132301959103,
        "nauc_recall_at_20_diff1": 0.12252333765960896,
        "nauc_recall_at_20_max": 0.20230260649618784,
        "nauc_recall_at_20_std": 0.33349376338265,
        "nauc_recall_at_3_diff1": 0.3755491370196714,
        "nauc_recall_at_3_max": 0.3019162437163801,
        "nauc_recall_at_3_std": 0.268898245091843,
        "nauc_recall_at_5_diff1": 0.2924050803964759,
        "nauc_recall_at_5_max": 0.2853326425119182,
        "nauc_recall_at_5_std": 0.2150226397735418,
        "ndcg_at_1": 0.00365,
        "ndcg_at_10": 0.00722,
        "ndcg_at_100": 0.0163,
        "ndcg_at_1000": 0.04057,
        "ndcg_at_20": 0.00898,
        "ndcg_at_3": 0.00511,
        "ndcg_at_5": 0.00588,
        "precision_at_1": 0.00365,
        "precision_at_10": 0.00166,
        "precision_at_100": 0.00087,
        "precision_at_1000": 0.00041,
        "precision_at_20": 0.00135,
        "precision_at_3": 0.00267,
        "precision_at_5": 0.00212,
        "recall_at_1": 0.00303,
        "recall_at_10": 0.01161,
        "recall_at_100": 0.05477,
        "recall_at_1000": 0.23298,
        "recall_at_20": 0.01784,
        "recall_at_3": 0.00605,
        "recall_at_5": 0.00786
      }
    ]
  },
  "task_name": "CoconutRetrieval"
}