{
  "dataset_revision": "eeaad4bb9ec83058589faec127cdcb38fc7bfb2e",
  "evaluation_time": 10.698092937469482,
  "kg_co2_emissions": null,
  "mteb_version": "1.14.15",
  "scores": {
    "test": [
      {
        "cosine_accuracy": 0.9873046875,
        "cosine_accuracy_threshold": 0.8718655705451965,
        "cosine_ap": 0.9632444400459514,
        "cosine_f1": 0.9380952380952381,
        "cosine_f1_threshold": 0.8718655705451965,
        "cosine_precision": 0.9162790697674419,
        "cosine_recall": 0.9609756097560975,
        "dot_accuracy": 0.9873046875,
        "dot_accuracy_threshold": 0.8718655109405518,
        "dot_ap": 0.9632449043567053,
        "dot_f1": 0.9380952380952381,
        "dot_f1_threshold": 0.8718655109405518,
        "dot_precision": 0.9162790697674419,
        "dot_recall": 0.9609756097560975,
        "euclidean_accuracy": 0.9873046875,
        "euclidean_accuracy_threshold": 0.5062299966812134,
        "euclidean_ap": 0.9632444400459514,
        "euclidean_f1": 0.9380952380952381,
        "euclidean_f1_threshold": 0.5062299966812134,
        "euclidean_precision": 0.9162790697674419,
        "euclidean_recall": 0.9609756097560975,
        "hf_subset": "default",
        "languages": [
          "eng-Latn"
        ],
        "main_score": 0.9380952380952381,
        "manhattan_accuracy": 0.98681640625,
        "manhattan_accuracy_threshold": 12.77086067199707,
        "manhattan_ap": 0.9628649421880503,
        "manhattan_f1": 0.9361702127659574,
        "manhattan_f1_threshold": 12.995582580566406,
        "manhattan_precision": 0.908256880733945,
        "manhattan_recall": 0.9658536585365853,
        "max_accuracy": 0.9873046875,
        "max_ap": 0.9632449043567053,
        "max_f1": 0.9380952380952381,
        "max_precision": 0.9162790697674419,
        "max_recall": 0.9658536585365853,
        "similarity_accuracy": 0.9873046875,
        "similarity_accuracy_threshold": 0.8718655109405518,
        "similarity_ap": 0.9632444400459514,
        "similarity_f1": 0.9380952380952381,
        "similarity_f1_threshold": 0.8718655109405518,
        "similarity_precision": 0.9162790697674419,
        "similarity_recall": 0.9609756097560975
      }
    ]
  },
  "task_name": "PubChemAISentenceParaphrasePC"
}