{
  "dataset_revision": "023e7a813e3b73d8d33551ed2aea511314d612e2",
  "evaluation_time": 71.4228401184082,
  "kg_co2_emissions": null,
  "mteb_version": "1.14.15",
  "scores": {
    "test": [
      {
        "hf_subset": "default",
        "languages": [
          "eng-Latn"
        ],
        "main_score": 0.02601,
        "map_at_1": 0.0,
        "map_at_10": 0.01389,
        "map_at_100": 0.01612,
        "map_at_1000": 0.01738,
        "map_at_20": 0.01389,
        "map_at_3": 0.00926,
        "map_at_5": 0.00926,
        "mrr_at_1": 0.0,
        "mrr_at_10": 0.023148148148148147,
        "mrr_at_100": 0.025837893157883124,
        "mrr_at_1000": 0.0268293793405382,
        "mrr_at_20": 0.023148148148148147,
        "mrr_at_3": 0.018518518518518517,
        "mrr_at_5": 0.018518518518518517,
        "nauc_map_at_1000_diff1": -0.16097296757960178,
        "nauc_map_at_1000_max": -0.09000524875419207,
        "nauc_map_at_1000_std": 0.4187269278106465,
        "nauc_map_at_100_diff1": -0.1752025886131825,
        "nauc_map_at_100_max": -0.09353734316438582,
        "nauc_map_at_100_std": 0.4181014992284694,
        "nauc_map_at_10_diff1": -0.24385331384729156,
        "nauc_map_at_10_max": -0.15197336672254724,
        "nauc_map_at_10_std": 0.5278976789656985,
        "nauc_map_at_1_diff1": NaN,
        "nauc_map_at_1_max": NaN,
        "nauc_map_at_1_std": NaN,
        "nauc_map_at_20_diff1": -0.24385331384729156,
        "nauc_map_at_20_max": -0.15197336672254724,
        "nauc_map_at_20_std": 0.5278976789656985,
        "nauc_map_at_3_diff1": -0.41630696310290405,
        "nauc_map_at_3_max": -0.5755963186709283,
        "nauc_map_at_3_std": 1.0,
        "nauc_map_at_5_diff1": -0.41630696310290405,
        "nauc_map_at_5_max": -0.5755963186709283,
        "nauc_map_at_5_std": 1.0,
        "nauc_mrr_at_1000_diff1": -0.2484869085908719,
        "nauc_mrr_at_1000_max": -0.2729703074262045,
        "nauc_mrr_at_1000_std": 0.625105048098418,
        "nauc_mrr_at_100_diff1": -0.25257063170801475,
        "nauc_mrr_at_100_max": -0.26764906274701394,
        "nauc_mrr_at_100_std": 0.6197867211506294,
        "nauc_mrr_at_10_diff1": -0.31283477354953654,
        "nauc_mrr_at_10_max": -0.32142254750189964,
        "nauc_mrr_at_10_std": 0.7167386073794192,
        "nauc_mrr_at_1_diff1": NaN,
        "nauc_mrr_at_1_max": NaN,
        "nauc_mrr_at_1_std": NaN,
        "nauc_mrr_at_20_diff1": -0.31283477354953654,
        "nauc_mrr_at_20_max": -0.32142254750189964,
        "nauc_mrr_at_20_std": 0.7167386073794192,
        "nauc_mrr_at_3_diff1": -0.41630696310290405,
        "nauc_mrr_at_3_max": -0.5755963186709283,
        "nauc_mrr_at_3_std": 1.0,
        "nauc_mrr_at_5_diff1": -0.41630696310290405,
        "nauc_mrr_at_5_max": -0.5755963186709283,
        "nauc_mrr_at_5_std": 1.0,
        "nauc_ndcg_at_1000_diff1": 0.003810406222699357,
        "nauc_ndcg_at_1000_max": 0.0992730932569513,
        "nauc_ndcg_at_1000_std": 0.08343674676136602,
        "nauc_ndcg_at_100_diff1": 0.06419228782817907,
        "nauc_ndcg_at_100_max": 0.1361242384521363,
        "nauc_ndcg_at_100_std": 0.047352336672197036,
        "nauc_ndcg_at_10_diff1": -0.1839203788626266,
        "nauc_ndcg_at_10_max": -0.00475139173550336,
        "nauc_ndcg_at_10_std": 0.3638276355958426,
        "nauc_ndcg_at_1_diff1": NaN,
        "nauc_ndcg_at_1_max": NaN,
        "nauc_ndcg_at_1_std": NaN,
        "nauc_ndcg_at_20_diff1": -0.1839203788626266,
        "nauc_ndcg_at_20_max": -0.00475139173550336,
        "nauc_ndcg_at_20_std": 0.3638276355958426,
        "nauc_ndcg_at_3_diff1": -0.416306963102904,
        "nauc_ndcg_at_3_max": -0.5755963186709283,
        "nauc_ndcg_at_3_std": 1.0,
        "nauc_ndcg_at_5_diff1": -0.416306963102904,
        "nauc_ndcg_at_5_max": -0.5755963186709283,
        "nauc_ndcg_at_5_std": 1.0,
        "nauc_precision_at_1000_diff1": 0.07744905260515104,
        "nauc_precision_at_1000_max": 0.07815886379501025,
        "nauc_precision_at_1000_std": -0.02394936104607197,
        "nauc_precision_at_100_diff1": 0.27399841988646156,
        "nauc_precision_at_100_max": 0.24449900698378502,
        "nauc_precision_at_100_std": -0.19789476602241074,
        "nauc_precision_at_10_diff1": -0.15762648921948563,
        "nauc_precision_at_10_max": 0.059838109251643165,
        "nauc_precision_at_10_std": 0.2918465184485481,
        "nauc_precision_at_1_diff1": NaN,
        "nauc_precision_at_1_max": NaN,
        "nauc_precision_at_1_std": NaN,
        "nauc_precision_at_20_diff1": -0.15762648921948563,
        "nauc_precision_at_20_max": 0.059838109251643165,
        "nauc_precision_at_20_std": 0.2918465184485481,
        "nauc_precision_at_3_diff1": -0.41630696310290405,
        "nauc_precision_at_3_max": -0.5755963186709283,
        "nauc_precision_at_3_std": 1.0,
        "nauc_precision_at_5_diff1": -0.41630696310290405,
        "nauc_precision_at_5_max": -0.5755963186709283,
        "nauc_precision_at_5_std": 1.0,
        "nauc_recall_at_1000_diff1": 0.013102265807241782,
        "nauc_recall_at_1000_max": 0.22083118421621842,
        "nauc_recall_at_1000_std": -0.15902005251055673,
        "nauc_recall_at_100_diff1": 0.25622048382287405,
        "nauc_recall_at_100_max": 0.3249346344815413,
        "nauc_recall_at_100_std": -0.25550172643418245,
        "nauc_recall_at_10_diff1": -0.07139966459167937,
        "nauc_recall_at_10_max": 0.2716495852258335,
        "nauc_recall_at_10_std": 0.055795357931397366,
        "nauc_recall_at_1_diff1": NaN,
        "nauc_recall_at_1_max": NaN,
        "nauc_recall_at_1_std": NaN,
        "nauc_recall_at_20_diff1": -0.07139966459167937,
        "nauc_recall_at_20_max": 0.2716495852258335,
        "nauc_recall_at_20_std": 0.055795357931397366,
        "nauc_recall_at_3_diff1": -0.41630696310290405,
        "nauc_recall_at_3_max": -0.5755963186709283,
        "nauc_recall_at_3_std": 1.0,
        "nauc_recall_at_5_diff1": -0.41630696310290405,
        "nauc_recall_at_5_max": -0.5755963186709283,
        "nauc_recall_at_5_std": 1.0,
        "ndcg_at_1": 0.0,
        "ndcg_at_10": 0.02601,
        "ndcg_at_100": 0.04682,
        "ndcg_at_1000": 0.08271,
        "ndcg_at_20": 0.02601,
        "ndcg_at_3": 0.01433,
        "ndcg_at_5": 0.01433,
        "precision_at_1": 0.0,
        "precision_at_10": 0.00741,
        "precision_at_100": 0.00222,
        "precision_at_1000": 0.00059,
        "precision_at_20": 0.0037,
        "precision_at_3": 0.01235,
        "precision_at_5": 0.00741,
        "recall_at_1": 0.0,
        "recall_at_10": 0.05556,
        "recall_at_100": 0.16667,
        "recall_at_1000": 0.44444,
        "recall_at_20": 0.05556,
        "recall_at_3": 0.01852,
        "recall_at_5": 0.01852
      }
    ]
  },
  "task_name": "ChemNQRetrieval"
}