{
  "dataset_revision": "831d292c3959eae59e4f89b8758738feee97d6cf",
  "evaluation_time": 73.95257425308228,
  "kg_co2_emissions": null,
  "mteb_version": "1.14.15",
  "scores": {
    "test": [
      {
        "hf_subset": "default",
        "languages": [
          "eng-Latn"
        ],
        "main_score": 0.00079,
        "map_at_1": 0.00029,
        "map_at_10": 0.00057,
        "map_at_100": 0.00081,
        "map_at_1000": 0.001,
        "map_at_20": 0.00066,
        "map_at_3": 0.00049,
        "map_at_5": 0.0005,
        "mrr_at_1": 0.00035323207347227127,
        "mrr_at_10": 0.0007522067659828168,
        "mrr_at_100": 0.0010199291621540802,
        "mrr_at_1000": 0.0012543216146615863,
        "mrr_at_20": 0.000834519088251264,
        "mrr_at_3": 0.0006279681306173711,
        "mrr_at_5": 0.0006515169355155226,
        "nauc_map_at_1000_diff1": -0.012872854119675101,
        "nauc_map_at_1000_max": -0.19538547533435185,
        "nauc_map_at_1000_std": -0.22001098375094216,
        "nauc_map_at_100_diff1": -0.02835593293640258,
        "nauc_map_at_100_max": -0.21180905294361105,
        "nauc_map_at_100_std": -0.24191431458514584,
        "nauc_map_at_10_diff1": -0.012273652636889624,
        "nauc_map_at_10_max": -0.26503058960189774,
        "nauc_map_at_10_std": -0.2584887519851097,
        "nauc_map_at_1_diff1": 0.05754101147395286,
        "nauc_map_at_1_max": -0.44007652143559844,
        "nauc_map_at_1_std": -0.3274057726663852,
        "nauc_map_at_20_diff1": -0.028402884422215786,
        "nauc_map_at_20_max": -0.2391879251719584,
        "nauc_map_at_20_std": -0.2521052612551825,
        "nauc_map_at_3_diff1": -0.010933244376994205,
        "nauc_map_at_3_max": -0.28335135650350673,
        "nauc_map_at_3_std": -0.26804177756934333,
        "nauc_map_at_5_diff1": -0.018628600349428166,
        "nauc_map_at_5_max": -0.28542561932367155,
        "nauc_map_at_5_std": -0.2703571361207549,
        "nauc_mrr_at_1000_diff1": 0.010848801846199057,
        "nauc_mrr_at_1000_max": -0.1716762001270515,
        "nauc_mrr_at_1000_std": -0.17878335738906914,
        "nauc_mrr_at_100_diff1": -2.7283460017351932e-05,
        "nauc_mrr_at_100_max": -0.1773281537815984,
        "nauc_mrr_at_100_std": -0.1915942192072042,
        "nauc_mrr_at_10_diff1": 0.012486824554837885,
        "nauc_mrr_at_10_max": -0.18721576621168945,
        "nauc_mrr_at_10_std": -0.17927497939801681,
        "nauc_mrr_at_1_diff1": 0.013652289691146348,
        "nauc_mrr_at_1_max": -0.3503201861906286,
        "nauc_mrr_at_1_std": -0.1625356049086066,
        "nauc_mrr_at_20_diff1": 0.0029735095848377573,
        "nauc_mrr_at_20_max": -0.17988043206524235,
        "nauc_mrr_at_20_std": -0.19494264772394676,
        "nauc_mrr_at_3_diff1": 0.033768263587330836,
        "nauc_mrr_at_3_max": -0.199829796323379,
        "nauc_mrr_at_3_std": -0.1646357377543865,
        "nauc_mrr_at_5_diff1": 0.014490313748275228,
        "nauc_mrr_at_5_max": -0.2076094559352072,
        "nauc_mrr_at_5_std": -0.1736874717723229,
        "nauc_ndcg_at_1000_diff1": 0.015436334918441772,
        "nauc_ndcg_at_1000_max": -0.1249857270311114,
        "nauc_ndcg_at_1000_std": -0.1425434812588214,
        "nauc_ndcg_at_100_diff1": -0.04711290006078891,
        "nauc_ndcg_at_100_max": -0.14180765180168245,
        "nauc_ndcg_at_100_std": -0.21446772126612787,
        "nauc_ndcg_at_10_diff1": -0.020390185187113836,
        "nauc_ndcg_at_10_max": -0.20161423716094934,
        "nauc_ndcg_at_10_std": -0.2285270673316524,
        "nauc_ndcg_at_1_diff1": 0.013652289691146348,
        "nauc_ndcg_at_1_max": -0.3503201861906286,
        "nauc_ndcg_at_1_std": -0.1625356049086066,
        "nauc_ndcg_at_20_diff1": -0.052222302207716606,
        "nauc_ndcg_at_20_max": -0.1688757456521971,
        "nauc_ndcg_at_20_std": -0.23576810284156327,
        "nauc_ndcg_at_3_diff1": -0.01011302898122837,
        "nauc_ndcg_at_3_max": -0.22030312296990892,
        "nauc_ndcg_at_3_std": -0.2286949691838147,
        "nauc_ndcg_at_5_diff1": -0.02737175728171369,
        "nauc_ndcg_at_5_max": -0.22717043065269144,
        "nauc_ndcg_at_5_std": -0.23526638330887878,
        "nauc_precision_at_1000_diff1": 0.00414729570181387,
        "nauc_precision_at_1000_max": -0.13428312565662262,
        "nauc_precision_at_1000_std": -0.13545608994428554,
        "nauc_precision_at_100_diff1": -0.038991519725758636,
        "nauc_precision_at_100_max": -0.12319974513622155,
        "nauc_precision_at_100_std": -0.19688464531003408,
        "nauc_precision_at_10_diff1": -0.032166220101458774,
        "nauc_precision_at_10_max": -0.10556959369216458,
        "nauc_precision_at_10_std": -0.20805508782817772,
        "nauc_precision_at_1_diff1": 0.013652289691146348,
        "nauc_precision_at_1_max": -0.3503201861906286,
        "nauc_precision_at_1_std": -0.1625356049086066,
        "nauc_precision_at_20_diff1": -0.04000117990368962,
        "nauc_precision_at_20_max": -0.09266413664556608,
        "nauc_precision_at_20_std": -0.2312437617787022,
        "nauc_precision_at_3_diff1": 0.03133010451464094,
        "nauc_precision_at_3_max": -0.09340299194301956,
        "nauc_precision_at_3_std": -0.15446090308036203,
        "nauc_precision_at_5_diff1": -0.027660834723267955,
        "nauc_precision_at_5_max": -0.12914344234756853,
        "nauc_precision_at_5_std": -0.1834171411363174,
        "nauc_recall_at_1000_diff1": 0.02422015958231421,
        "nauc_recall_at_1000_max": -0.11255883659900631,
        "nauc_recall_at_1000_std": -0.13160680849659093,
        "nauc_recall_at_100_diff1": -0.06814872428119773,
        "nauc_recall_at_100_max": -0.11218112934182273,
        "nauc_recall_at_100_std": -0.21329840319534696,
        "nauc_recall_at_10_diff1": -0.04814112786011223,
        "nauc_recall_at_10_max": -0.15711086039581415,
        "nauc_recall_at_10_std": -0.22578472553018694,
        "nauc_recall_at_1_diff1": 0.05754101147395286,
        "nauc_recall_at_1_max": -0.44007652143559844,
        "nauc_recall_at_1_std": -0.3274057726663852,
        "nauc_recall_at_20_diff1": -0.10107781698292434,
        "nauc_recall_at_20_max": -0.1259282942326936,
        "nauc_recall_at_20_std": -0.24095863397955158,
        "nauc_recall_at_3_diff1": -0.0492259467406696,
        "nauc_recall_at_3_max": -0.15044378388219887,
        "nauc_recall_at_3_std": -0.22416430563251216,
        "nauc_recall_at_5_diff1": -0.07232145452968866,
        "nauc_recall_at_5_max": -0.16401420755921253,
        "nauc_recall_at_5_std": -0.23395418973258658,
        "ndcg_at_1": 0.00035,
        "ndcg_at_10": 0.00079,
        "ndcg_at_100": 0.00227,
        "ndcg_at_1000": 0.01092,
        "ndcg_at_20": 0.0011,
        "ndcg_at_3": 0.00058,
        "ndcg_at_5": 0.00061,
        "precision_at_1": 0.00035,
        "precision_at_10": 0.00018,
        "precision_at_100": 0.00012,
        "precision_at_1000": 0.00013,
        "precision_at_20": 0.00017,
        "precision_at_3": 0.00031,
        "precision_at_5": 0.00021,
        "recall_at_1": 0.00029,
        "recall_at_10": 0.00126,
        "recall_at_100": 0.00826,
        "recall_at_1000": 0.07482,
        "recall_at_20": 0.00243,
        "recall_at_3": 0.00073,
        "recall_at_5": 0.00077
      }
    ]
  },
  "task_name": "CoconutRetrieval"
}