{
  "dataset_revision": "ed91e93abf734d82ad1a0abf4d7653521173e2fb",
  "evaluation_time": 5.464263677597046,
  "kg_co2_emissions": null,
  "mteb_version": "1.14.15",
  "scores": {
    "test": [
      {
        "cosine_accuracy": 0.89990234375,
        "cosine_accuracy_threshold": 0.9189479351043701,
        "cosine_ap": 0.09132706887463406,
        "cosine_f1": 0.1851145038167939,
        "cosine_f1_threshold": 0.7718764543533325,
        "cosine_precision": 0.10253699788583509,
        "cosine_recall": 0.9509803921568627,
        "dot_accuracy": 0.89990234375,
        "dot_accuracy_threshold": 0.9189479351043701,
        "dot_ap": 0.09132738700068177,
        "dot_f1": 0.1851145038167939,
        "dot_f1_threshold": 0.7718764543533325,
        "dot_precision": 0.10253699788583509,
        "dot_recall": 0.9509803921568627,
        "euclidean_accuracy": 0.89990234375,
        "euclidean_accuracy_threshold": 0.40260249376296997,
        "euclidean_ap": 0.09132706887463406,
        "euclidean_f1": 0.1851145038167939,
        "euclidean_f1_threshold": 0.6754605770111084,
        "euclidean_precision": 0.10253699788583509,
        "euclidean_recall": 0.9509803921568627,
        "hf_subset": "default",
        "languages": [
          "eng-Latn"
        ],
        "main_score": 0.1851145038167939,
        "manhattan_accuracy": 0.89990234375,
        "manhattan_accuracy_threshold": 8.727331161499023,
        "manhattan_ap": 0.09145993100484591,
        "manhattan_f1": 0.18474656560871627,
        "manhattan_f1_threshold": 14.820399284362793,
        "manhattan_precision": 0.10225485055060304,
        "manhattan_recall": 0.9558823529411765,
        "max_accuracy": 0.89990234375,
        "max_ap": 0.09145993100484591,
        "max_f1": 0.1851145038167939,
        "max_precision": 0.10253699788583509,
        "max_recall": 0.9558823529411765,
        "similarity_accuracy": 0.89990234375,
        "similarity_accuracy_threshold": 0.9189480543136597,
        "similarity_ap": 0.09132645424787131,
        "similarity_f1": 0.1851145038167939,
        "similarity_f1_threshold": 0.7718766331672668,
        "similarity_precision": 0.10253699788583509,
        "similarity_recall": 0.9509803921568627
      }
    ]
  },
  "task_name": "PubChemSMILESCanonDescPC"
}