{
  "dataset_revision": "831d292c3959eae59e4f89b8758738feee97d6cf",
  "task_name": "CoconutRetrieval",
  "mteb_version": "1.36.8",
  "scores": {
    "test": [
      {
        "ndcg_at_1": 0.00024,
        "ndcg_at_3": 0.00053,
        "ndcg_at_5": 0.00063,
        "ndcg_at_10": 0.0012,
        "ndcg_at_20": 0.00158,
        "ndcg_at_100": 0.00347,
        "ndcg_at_1000": 0.01362,
        "map_at_1": 0.0001,
        "map_at_3": 0.00037,
        "map_at_5": 0.00042,
        "map_at_10": 0.00064,
        "map_at_20": 0.00074,
        "map_at_100": 0.00097,
        "map_at_1000": 0.00122,
        "recall_at_1": 0.0001,
        "recall_at_3": 0.00077,
        "recall_at_5": 0.00097,
        "recall_at_10": 0.00265,
        "recall_at_20": 0.00397,
        "recall_at_100": 0.01359,
        "recall_at_1000": 0.08867,
        "precision_at_1": 0.00024,
        "precision_at_3": 0.00039,
        "precision_at_5": 0.00031,
        "precision_at_10": 0.00039,
        "precision_at_20": 0.0003,
        "precision_at_100": 0.00021,
        "precision_at_1000": 0.00017,
        "mrr_at_1": 0.000235,
        "mrr_at_3": 0.000608,
        "mrr_at_5": 0.000691,
        "mrr_at_10": 0.000941,
        "mrr_at_20": 0.001065,
        "mrr_at_100": 0.00133,
        "mrr_at_1000": 0.001592,
        "nauc_ndcg_at_1_max": 0.043552,
        "nauc_ndcg_at_1_std": 0.549231,
        "nauc_ndcg_at_1_diff1": -0.285085,
        "nauc_ndcg_at_3_max": 0.377587,
        "nauc_ndcg_at_3_std": 0.604905,
        "nauc_ndcg_at_3_diff1": -0.077617,
        "nauc_ndcg_at_5_max": 0.40782,
        "nauc_ndcg_at_5_std": 0.619755,
        "nauc_ndcg_at_5_diff1": -0.045729,
        "nauc_ndcg_at_10_max": 0.54918,
        "nauc_ndcg_at_10_std": 0.720271,
        "nauc_ndcg_at_10_diff1": 0.06923,
        "nauc_ndcg_at_20_max": 0.610816,
        "nauc_ndcg_at_20_std": 0.726287,
        "nauc_ndcg_at_20_diff1": 0.051354,
        "nauc_ndcg_at_100_max": 0.52758,
        "nauc_ndcg_at_100_std": 0.634772,
        "nauc_ndcg_at_100_diff1": 0.06169,
        "nauc_ndcg_at_1000_max": 0.267509,
        "nauc_ndcg_at_1000_std": 0.386135,
        "nauc_ndcg_at_1000_diff1": 0.011953,
        "nauc_map_at_1_max": -0.080101,
        "nauc_map_at_1_std": 0.459077,
        "nauc_map_at_1_diff1": -0.327985,
        "nauc_map_at_3_max": 0.345256,
        "nauc_map_at_3_std": 0.591084,
        "nauc_map_at_3_diff1": -0.149241,
        "nauc_map_at_5_max": 0.366072,
        "nauc_map_at_5_std": 0.604854,
        "nauc_map_at_5_diff1": -0.119105,
        "nauc_map_at_10_max": 0.472834,
        "nauc_map_at_10_std": 0.678144,
        "nauc_map_at_10_diff1": -0.017145,
        "nauc_map_at_20_max": 0.522799,
        "nauc_map_at_20_std": 0.690128,
        "nauc_map_at_20_diff1": -0.013307,
        "nauc_map_at_100_max": 0.519225,
        "nauc_map_at_100_std": 0.667994,
        "nauc_map_at_100_diff1": 0.021156,
        "nauc_map_at_1000_max": 0.460118,
        "nauc_map_at_1000_std": 0.604779,
        "nauc_map_at_1000_diff1": 0.017711,
        "nauc_recall_at_1_max": -0.080101,
        "nauc_recall_at_1_std": 0.459077,
        "nauc_recall_at_1_diff1": -0.327985,
        "nauc_recall_at_3_max": 0.421162,
        "nauc_recall_at_3_std": 0.624322,
        "nauc_recall_at_3_diff1": -0.074926,
        "nauc_recall_at_5_max": 0.434668,
        "nauc_recall_at_5_std": 0.642529,
        "nauc_recall_at_5_diff1": -0.043266,
        "nauc_recall_at_10_max": 0.6061,
        "nauc_recall_at_10_std": 0.77276,
        "nauc_recall_at_10_diff1": 0.094802,
        "nauc_recall_at_20_max": 0.676817,
        "nauc_recall_at_20_std": 0.768731,
        "nauc_recall_at_20_diff1": 0.059749,
        "nauc_recall_at_100_max": 0.517029,
        "nauc_recall_at_100_std": 0.616018,
        "nauc_recall_at_100_diff1": 0.049506,
        "nauc_recall_at_1000_max": 0.233839,
        "nauc_recall_at_1000_std": 0.339282,
        "nauc_recall_at_1000_diff1": -0.000661,
        "nauc_precision_at_1_max": 0.043552,
        "nauc_precision_at_1_std": 0.549231,
        "nauc_precision_at_1_diff1": -0.285085,
        "nauc_precision_at_3_max": 0.432318,
        "nauc_precision_at_3_std": 0.616821,
        "nauc_precision_at_3_diff1": 0.092959,
        "nauc_precision_at_5_max": 0.493972,
        "nauc_precision_at_5_std": 0.62722,
        "nauc_precision_at_5_diff1": 0.108102,
        "nauc_precision_at_10_max": 0.654835,
        "nauc_precision_at_10_std": 0.730206,
        "nauc_precision_at_10_diff1": 0.211206,
        "nauc_precision_at_20_max": 0.697101,
        "nauc_precision_at_20_std": 0.731073,
        "nauc_precision_at_20_diff1": 0.147359,
        "nauc_precision_at_100_max": 0.515392,
        "nauc_precision_at_100_std": 0.598175,
        "nauc_precision_at_100_diff1": 0.103541,
        "nauc_precision_at_1000_max": 0.198499,
        "nauc_precision_at_1000_std": 0.332395,
        "nauc_precision_at_1000_diff1": 0.017289,
        "nauc_mrr_at_1_max": 0.043552,
        "nauc_mrr_at_1_std": 0.549231,
        "nauc_mrr_at_1_diff1": -0.285085,
        "nauc_mrr_at_3_max": 0.348032,
        "nauc_mrr_at_3_std": 0.603739,
        "nauc_mrr_at_3_diff1": -0.026902,
        "nauc_mrr_at_5_max": 0.395089,
        "nauc_mrr_at_5_std": 0.610677,
        "nauc_mrr_at_5_diff1": -0.000705,
        "nauc_mrr_at_10_max": 0.48059,
        "nauc_mrr_at_10_std": 0.673987,
        "nauc_mrr_at_10_diff1": 0.062491,
        "nauc_mrr_at_20_max": 0.512981,
        "nauc_mrr_at_20_std": 0.671827,
        "nauc_mrr_at_20_diff1": 0.04864,
        "nauc_mrr_at_100_max": 0.494582,
        "nauc_mrr_at_100_std": 0.648601,
        "nauc_mrr_at_100_diff1": 0.05178,
        "nauc_mrr_at_1000_max": 0.440332,
        "nauc_mrr_at_1000_std": 0.59423,
        "nauc_mrr_at_1000_diff1": 0.04111,
        "main_score": 0.0012,
        "hf_subset": "default",
        "languages": [
          "eng-Latn"
        ]
      }
    ]
  },
  "evaluation_time": 27.107775926589966,
  "kg_co2_emissions": null
}