{
  "dataset_revision": "main",
  "task_name": "FSUChemRxivQest",
  "mteb_version": "0.1",
  "scores": {
    "test": [
      {
        "ndcg_at_1": 0.15448,
        "ndcg_at_3": 0.16858,
        "ndcg_at_5": 0.192,
        "ndcg_at_10": 0.21461,
        "ndcg_at_20": 0.233,
        "ndcg_at_100": 0.26692,
        "ndcg_at_1000": 0.29894,
        "map_at_1": 0.10316,
        "map_at_3": 0.14189,
        "map_at_5": 0.15468,
        "map_at_10": 0.16396,
        "map_at_20": 0.16932,
        "map_at_100": 0.17409,
        "map_at_1000": 0.17538,
        "recall_at_1": 0.10316,
        "recall_at_3": 0.18761,
        "recall_at_5": 0.23841,
        "recall_at_10": 0.30003,
        "recall_at_20": 0.36474,
        "recall_at_100": 0.52935,
        "recall_at_1000": 0.75575,
        "precision_at_1": 0.15448,
        "precision_at_3": 0.09166,
        "precision_at_5": 0.07044,
        "precision_at_10": 0.04531,
        "precision_at_20": 0.02765,
        "precision_at_100": 0.00816,
        "precision_at_1000": 0.00119,
        "mrr_at_1": 0.15448,
        "mrr_at_3": 0.20357,
        "mrr_at_5": 0.218967,
        "mrr_at_10": 0.229751,
        "mrr_at_20": 0.234941,
        "mrr_at_100": 0.239484,
        "mrr_at_1000": 0.240304,
        "nauc_ndcg_at_1_max": 0.189323,
        "nauc_ndcg_at_1_std": -0.016363,
        "nauc_ndcg_at_1_diff1": 0.312899,
        "nauc_ndcg_at_3_max": 0.19845,
        "nauc_ndcg_at_3_std": 0.00963,
        "nauc_ndcg_at_3_diff1": 0.254828,
        "nauc_ndcg_at_5_max": 0.213035,
        "nauc_ndcg_at_5_std": 0.028477,
        "nauc_ndcg_at_5_diff1": 0.23722,
        "nauc_ndcg_at_10_max": 0.220396,
        "nauc_ndcg_at_10_std": 0.043453,
        "nauc_ndcg_at_10_diff1": 0.235737,
        "nauc_ndcg_at_20_max": 0.242364,
        "nauc_ndcg_at_20_std": 0.052421,
        "nauc_ndcg_at_20_diff1": 0.246737,
        "nauc_ndcg_at_100_max": 0.243072,
        "nauc_ndcg_at_100_std": 0.069549,
        "nauc_ndcg_at_100_diff1": 0.256268,
        "nauc_ndcg_at_1000_max": 0.247193,
        "nauc_ndcg_at_1000_std": 0.075256,
        "nauc_ndcg_at_1000_diff1": 0.252135,
        "nauc_map_at_1_max": 0.187483,
        "nauc_map_at_1_std": -0.0046,
        "nauc_map_at_1_diff1": 0.309417,
        "nauc_map_at_3_max": 0.190061,
        "nauc_map_at_3_std": 0.007193,
        "nauc_map_at_3_diff1": 0.26243,
        "nauc_map_at_5_max": 0.198883,
        "nauc_map_at_5_std": 0.018991,
        "nauc_map_at_5_diff1": 0.251713,
        "nauc_map_at_10_max": 0.201834,
        "nauc_map_at_10_std": 0.025292,
        "nauc_map_at_10_diff1": 0.248519,
        "nauc_map_at_20_max": 0.209777,
        "nauc_map_at_20_std": 0.028074,
        "nauc_map_at_20_diff1": 0.252755,
        "nauc_map_at_100_max": 0.210411,
        "nauc_map_at_100_std": 0.030826,
        "nauc_map_at_100_diff1": 0.254339,
        "nauc_map_at_1000_max": 0.210834,
        "nauc_map_at_1000_std": 0.031317,
        "nauc_map_at_1000_diff1": 0.254211,
        "nauc_recall_at_1_max": 0.187483,
        "nauc_recall_at_1_std": -0.0046,
        "nauc_recall_at_1_diff1": 0.309417,
        "nauc_recall_at_3_max": 0.191407,
        "nauc_recall_at_3_std": 0.011983,
        "nauc_recall_at_3_diff1": 0.214786,
        "nauc_recall_at_5_max": 0.207307,
        "nauc_recall_at_5_std": 0.041598,
        "nauc_recall_at_5_diff1": 0.181709,
        "nauc_recall_at_10_max": 0.211702,
        "nauc_recall_at_10_std": 0.067549,
        "nauc_recall_at_10_diff1": 0.173076,
        "nauc_recall_at_20_max": 0.259744,
        "nauc_recall_at_20_std": 0.08876,
        "nauc_recall_at_20_diff1": 0.196686,
        "nauc_recall_at_100_max": 0.243015,
        "nauc_recall_at_100_std": 0.153388,
        "nauc_recall_at_100_diff1": 0.206892,
        "nauc_recall_at_1000_max": 0.283375,
        "nauc_recall_at_1000_std": 0.236974,
        "nauc_recall_at_1000_diff1": 0.170467,
        "nauc_precision_at_1_max": 0.189323,
        "nauc_precision_at_1_std": -0.016363,
        "nauc_precision_at_1_diff1": 0.312899,
        "nauc_precision_at_3_max": 0.221062,
        "nauc_precision_at_3_std": 0.017732,
        "nauc_precision_at_3_diff1": 0.236439,
        "nauc_precision_at_5_max": 0.262172,
        "nauc_precision_at_5_std": 0.063696,
        "nauc_precision_at_5_diff1": 0.197045,
        "nauc_precision_at_10_max": 0.275148,
        "nauc_precision_at_10_std": 0.104317,
        "nauc_precision_at_10_diff1": 0.192957,
        "nauc_precision_at_20_max": 0.31819,
        "nauc_precision_at_20_std": 0.125131,
        "nauc_precision_at_20_diff1": 0.210389,
        "nauc_precision_at_100_max": 0.274917,
        "nauc_precision_at_100_std": 0.180495,
        "nauc_precision_at_100_diff1": 0.211799,
        "nauc_precision_at_1000_max": 0.244224,
        "nauc_precision_at_1000_std": 0.191385,
        "nauc_precision_at_1000_diff1": 0.132467,
        "nauc_mrr_at_1_max": 0.189323,
        "nauc_mrr_at_1_std": -0.016363,
        "nauc_mrr_at_1_diff1": 0.312899,
        "nauc_mrr_at_3_max": 0.205293,
        "nauc_mrr_at_3_std": 0.007544,
        "nauc_mrr_at_3_diff1": 0.272212,
        "nauc_mrr_at_5_max": 0.216019,
        "nauc_mrr_at_5_std": 0.020203,
        "nauc_mrr_at_5_diff1": 0.260227,
        "nauc_mrr_at_10_max": 0.221462,
        "nauc_mrr_at_10_std": 0.028877,
        "nauc_mrr_at_10_diff1": 0.263131,
        "nauc_mrr_at_20_max": 0.227223,
        "nauc_mrr_at_20_std": 0.031093,
        "nauc_mrr_at_20_diff1": 0.265008,
        "nauc_mrr_at_100_max": 0.226466,
        "nauc_mrr_at_100_std": 0.031633,
        "nauc_mrr_at_100_diff1": 0.266811,
        "nauc_mrr_at_1000_max": 0.226155,
        "nauc_mrr_at_1000_std": 0.031507,
        "nauc_mrr_at_1000_diff1": 0.266555,
        "main_score": 0.21461,
        "hf_subset": "default",
        "languages": [
          "eng-Latn"
        ]
      }
    ]
  },
  "evaluation_time": 54.70505738258362,
  "kg_co2_emissions": null
}