{
  "dataset_revision": "831d292c3959eae59e4f89b8758738feee97d6cf",
  "task_name": "CoconutRetrieval",
  "mteb_version": "1.36.8",
  "scores": {
    "test": [
      {
        "ndcg_at_1": 0.00306,
        "ndcg_at_3": 0.00406,
        "ndcg_at_5": 0.00487,
        "ndcg_at_10": 0.00628,
        "ndcg_at_20": 0.00788,
        "ndcg_at_100": 0.01416,
        "ndcg_at_1000": 0.03628,
        "map_at_1": 0.00237,
        "map_at_3": 0.00354,
        "map_at_5": 0.00401,
        "map_at_10": 0.00462,
        "map_at_20": 0.00507,
        "map_at_100": 0.00587,
        "map_at_1000": 0.0065,
        "recall_at_1": 0.00237,
        "recall_at_3": 0.00474,
        "recall_at_5": 0.00652,
        "recall_at_10": 0.01064,
        "recall_at_20": 0.01603,
        "recall_at_100": 0.04665,
        "recall_at_1000": 0.20909,
        "precision_at_1": 0.00306,
        "precision_at_3": 0.0022,
        "precision_at_5": 0.00193,
        "precision_at_10": 0.00154,
        "precision_at_20": 0.0013,
        "precision_at_100": 0.00083,
        "precision_at_1000": 0.00038,
        "mrr_at_1": 0.003061,
        "mrr_at_3": 0.004278,
        "mrr_at_5": 0.00479,
        "mrr_at_10": 0.005351,
        "mrr_at_20": 0.005864,
        "mrr_at_100": 0.006677,
        "mrr_at_1000": 0.007264,
        "nauc_ndcg_at_1_max": 0.471863,
        "nauc_ndcg_at_1_std": 0.675475,
        "nauc_ndcg_at_1_diff1": 0.542995,
        "nauc_ndcg_at_3_max": 0.418005,
        "nauc_ndcg_at_3_std": 0.567415,
        "nauc_ndcg_at_3_diff1": 0.475453,
        "nauc_ndcg_at_5_max": 0.346203,
        "nauc_ndcg_at_5_std": 0.52022,
        "nauc_ndcg_at_5_diff1": 0.394646,
        "nauc_ndcg_at_10_max": 0.277603,
        "nauc_ndcg_at_10_std": 0.485611,
        "nauc_ndcg_at_10_diff1": 0.296482,
        "nauc_ndcg_at_20_max": 0.277746,
        "nauc_ndcg_at_20_std": 0.457052,
        "nauc_ndcg_at_20_diff1": 0.244786,
        "nauc_ndcg_at_100_max": 0.231412,
        "nauc_ndcg_at_100_std": 0.415972,
        "nauc_ndcg_at_100_diff1": 0.14165,
        "nauc_ndcg_at_1000_max": 0.18713,
        "nauc_ndcg_at_1000_std": 0.367407,
        "nauc_ndcg_at_1000_diff1": 0.063349,
        "nauc_map_at_1_max": 0.541593,
        "nauc_map_at_1_std": 0.707148,
        "nauc_map_at_1_diff1": 0.675631,
        "nauc_map_at_3_max": 0.443571,
        "nauc_map_at_3_std": 0.588344,
        "nauc_map_at_3_diff1": 0.530863,
        "nauc_map_at_5_max": 0.394544,
        "nauc_map_at_5_std": 0.560148,
        "nauc_map_at_5_diff1": 0.466691,
        "nauc_map_at_10_max": 0.348757,
        "nauc_map_at_10_std": 0.536434,
        "nauc_map_at_10_diff1": 0.395737,
        "nauc_map_at_20_max": 0.342914,
        "nauc_map_at_20_std": 0.523121,
        "nauc_map_at_20_diff1": 0.365672,
        "nauc_map_at_100_max": 0.323323,
        "nauc_map_at_100_std": 0.507828,
        "nauc_map_at_100_diff1": 0.320703,
        "nauc_map_at_1000_max": 0.309228,
        "nauc_map_at_1000_std": 0.494321,
        "nauc_map_at_1000_diff1": 0.294422,
        "nauc_recall_at_1_max": 0.541593,
        "nauc_recall_at_1_std": 0.707148,
        "nauc_recall_at_1_diff1": 0.675631,
        "nauc_recall_at_3_max": 0.379906,
        "nauc_recall_at_3_std": 0.512829,
        "nauc_recall_at_3_diff1": 0.434131,
        "nauc_recall_at_5_max": 0.26985,
        "nauc_recall_at_5_std": 0.447614,
        "nauc_recall_at_5_diff1": 0.315713,
        "nauc_recall_at_10_max": 0.176324,
        "nauc_recall_at_10_std": 0.412612,
        "nauc_recall_at_10_diff1": 0.184184,
        "nauc_recall_at_20_max": 0.207201,
        "nauc_recall_at_20_std": 0.380244,
        "nauc_recall_at_20_diff1": 0.13601,
        "nauc_recall_at_100_max": 0.179756,
        "nauc_recall_at_100_std": 0.370644,
        "nauc_recall_at_100_diff1": 0.046855,
        "nauc_recall_at_1000_max": 0.161352,
        "nauc_recall_at_1000_std": 0.336373,
        "nauc_recall_at_1000_diff1": 0.010052,
        "nauc_precision_at_1_max": 0.471863,
        "nauc_precision_at_1_std": 0.675475,
        "nauc_precision_at_1_diff1": 0.542995,
        "nauc_precision_at_3_max": 0.371693,
        "nauc_precision_at_3_std": 0.573487,
        "nauc_precision_at_3_diff1": 0.348401,
        "nauc_precision_at_5_max": 0.274378,
        "nauc_precision_at_5_std": 0.506162,
        "nauc_precision_at_5_diff1": 0.236521,
        "nauc_precision_at_10_max": 0.208603,
        "nauc_precision_at_10_std": 0.473405,
        "nauc_precision_at_10_diff1": 0.126258,
        "nauc_precision_at_20_max": 0.249189,
        "nauc_precision_at_20_std": 0.44501,
        "nauc_precision_at_20_diff1": 0.090472,
        "nauc_precision_at_100_max": 0.198588,
        "nauc_precision_at_100_std": 0.371874,
        "nauc_precision_at_100_diff1": 0.042493,
        "nauc_precision_at_1000_max": 0.138967,
        "nauc_precision_at_1000_std": 0.312615,
        "nauc_precision_at_1000_diff1": 0.006519,
        "nauc_mrr_at_1_max": 0.471863,
        "nauc_mrr_at_1_std": 0.675475,
        "nauc_mrr_at_1_diff1": 0.542995,
        "nauc_mrr_at_3_max": 0.41327,
        "nauc_mrr_at_3_std": 0.581302,
        "nauc_mrr_at_3_diff1": 0.436663,
        "nauc_mrr_at_5_max": 0.36882,
        "nauc_mrr_at_5_std": 0.545919,
        "nauc_mrr_at_5_diff1": 0.389663,
        "nauc_mrr_at_10_max": 0.333404,
        "nauc_mrr_at_10_std": 0.524857,
        "nauc_mrr_at_10_diff1": 0.346737,
        "nauc_mrr_at_20_max": 0.327793,
        "nauc_mrr_at_20_std": 0.504835,
        "nauc_mrr_at_20_diff1": 0.318866,
        "nauc_mrr_at_100_max": 0.307762,
        "nauc_mrr_at_100_std": 0.483026,
        "nauc_mrr_at_100_diff1": 0.282669,
        "nauc_mrr_at_1000_max": 0.297582,
        "nauc_mrr_at_1000_std": 0.471617,
        "nauc_mrr_at_1000_diff1": 0.263844,
        "main_score": 0.00628,
        "hf_subset": "default",
        "languages": [
          "eng-Latn"
        ]
      }
    ]
  },
  "evaluation_time": 74.26855158805847,
  "kg_co2_emissions": null
}