{
  "dataset_revision": "831d292c3959eae59e4f89b8758738feee97d6cf",
  "task_name": "CoconutRetrieval",
  "mteb_version": "1.36.8",
  "scores": {
    "test": [
      {
        "ndcg_at_1": 0.00341,
        "ndcg_at_3": 0.00452,
        "ndcg_at_5": 0.00501,
        "ndcg_at_10": 0.00612,
        "ndcg_at_20": 0.00738,
        "ndcg_at_100": 0.01274,
        "ndcg_at_1000": 0.03103,
        "map_at_1": 0.00276,
        "map_at_3": 0.00395,
        "map_at_5": 0.00426,
        "map_at_10": 0.00473,
        "map_at_20": 0.00507,
        "map_at_100": 0.00573,
        "map_at_1000": 0.00621,
        "recall_at_1": 0.00276,
        "recall_at_3": 0.00533,
        "recall_at_5": 0.00654,
        "recall_at_10": 0.00955,
        "recall_at_20": 0.01421,
        "recall_at_100": 0.04128,
        "recall_at_1000": 0.17905,
        "precision_at_1": 0.00341,
        "precision_at_3": 0.00235,
        "precision_at_5": 0.00174,
        "precision_at_10": 0.00137,
        "precision_at_20": 0.00101,
        "precision_at_100": 0.00064,
        "precision_at_1000": 0.0003,
        "mrr_at_1": 0.003415,
        "mrr_at_3": 0.004651,
        "mrr_at_5": 0.004933,
        "mrr_at_10": 0.005449,
        "mrr_at_20": 0.005839,
        "mrr_at_100": 0.006566,
        "mrr_at_1000": 0.007071,
        "nauc_ndcg_at_1_max": 0.709296,
        "nauc_ndcg_at_1_std": 0.669053,
        "nauc_ndcg_at_1_diff1": 0.526372,
        "nauc_ndcg_at_3_max": 0.618852,
        "nauc_ndcg_at_3_std": 0.567611,
        "nauc_ndcg_at_3_diff1": 0.437842,
        "nauc_ndcg_at_5_max": 0.591701,
        "nauc_ndcg_at_5_std": 0.562923,
        "nauc_ndcg_at_5_diff1": 0.418713,
        "nauc_ndcg_at_10_max": 0.563588,
        "nauc_ndcg_at_10_std": 0.56658,
        "nauc_ndcg_at_10_diff1": 0.354706,
        "nauc_ndcg_at_20_max": 0.527233,
        "nauc_ndcg_at_20_std": 0.545129,
        "nauc_ndcg_at_20_diff1": 0.302203,
        "nauc_ndcg_at_100_max": 0.413449,
        "nauc_ndcg_at_100_std": 0.483001,
        "nauc_ndcg_at_100_diff1": 0.174866,
        "nauc_ndcg_at_1000_max": 0.299113,
        "nauc_ndcg_at_1000_std": 0.391113,
        "nauc_ndcg_at_1000_diff1": 0.093948,
        "nauc_map_at_1_max": 0.76642,
        "nauc_map_at_1_std": 0.725901,
        "nauc_map_at_1_diff1": 0.623973,
        "nauc_map_at_3_max": 0.649193,
        "nauc_map_at_3_std": 0.597259,
        "nauc_map_at_3_diff1": 0.486143,
        "nauc_map_at_5_max": 0.625997,
        "nauc_map_at_5_std": 0.587464,
        "nauc_map_at_5_diff1": 0.467322,
        "nauc_map_at_10_max": 0.611178,
        "nauc_map_at_10_std": 0.588377,
        "nauc_map_at_10_diff1": 0.425634,
        "nauc_map_at_20_max": 0.594858,
        "nauc_map_at_20_std": 0.579865,
        "nauc_map_at_20_diff1": 0.403072,
        "nauc_map_at_100_max": 0.560204,
        "nauc_map_at_100_std": 0.562682,
        "nauc_map_at_100_diff1": 0.356494,
        "nauc_map_at_1000_max": 0.537517,
        "nauc_map_at_1000_std": 0.549175,
        "nauc_map_at_1000_diff1": 0.333346,
        "nauc_recall_at_1_max": 0.76642,
        "nauc_recall_at_1_std": 0.725901,
        "nauc_recall_at_1_diff1": 0.623973,
        "nauc_recall_at_3_max": 0.580307,
        "nauc_recall_at_3_std": 0.532009,
        "nauc_recall_at_3_diff1": 0.392767,
        "nauc_recall_at_5_max": 0.536907,
        "nauc_recall_at_5_std": 0.52526,
        "nauc_recall_at_5_diff1": 0.357971,
        "nauc_recall_at_10_max": 0.497988,
        "nauc_recall_at_10_std": 0.546262,
        "nauc_recall_at_10_diff1": 0.262585,
        "nauc_recall_at_20_max": 0.454509,
        "nauc_recall_at_20_std": 0.507264,
        "nauc_recall_at_20_diff1": 0.193822,
        "nauc_recall_at_100_max": 0.316804,
        "nauc_recall_at_100_std": 0.430334,
        "nauc_recall_at_100_diff1": 0.066131,
        "nauc_recall_at_1000_max": 0.225427,
        "nauc_recall_at_1000_std": 0.339522,
        "nauc_recall_at_1000_diff1": 0.037168,
        "nauc_precision_at_1_max": 0.709296,
        "nauc_precision_at_1_std": 0.669053,
        "nauc_precision_at_1_diff1": 0.526372,
        "nauc_precision_at_3_max": 0.539064,
        "nauc_precision_at_3_std": 0.486464,
        "nauc_precision_at_3_diff1": 0.325623,
        "nauc_precision_at_5_max": 0.498245,
        "nauc_precision_at_5_std": 0.47904,
        "nauc_precision_at_5_diff1": 0.295936,
        "nauc_precision_at_10_max": 0.483455,
        "nauc_precision_at_10_std": 0.509848,
        "nauc_precision_at_10_diff1": 0.21336,
        "nauc_precision_at_20_max": 0.431532,
        "nauc_precision_at_20_std": 0.495756,
        "nauc_precision_at_20_diff1": 0.151584,
        "nauc_precision_at_100_max": 0.307301,
        "nauc_precision_at_100_std": 0.423585,
        "nauc_precision_at_100_diff1": 0.047223,
        "nauc_precision_at_1000_max": 0.216749,
        "nauc_precision_at_1000_std": 0.311495,
        "nauc_precision_at_1000_diff1": 0.025063,
        "nauc_mrr_at_1_max": 0.709296,
        "nauc_mrr_at_1_std": 0.669053,
        "nauc_mrr_at_1_diff1": 0.526372,
        "nauc_mrr_at_3_max": 0.623948,
        "nauc_mrr_at_3_std": 0.580342,
        "nauc_mrr_at_3_diff1": 0.428937,
        "nauc_mrr_at_5_max": 0.61025,
        "nauc_mrr_at_5_std": 0.57722,
        "nauc_mrr_at_5_diff1": 0.418528,
        "nauc_mrr_at_10_max": 0.59063,
        "nauc_mrr_at_10_std": 0.573695,
        "nauc_mrr_at_10_diff1": 0.391361,
        "nauc_mrr_at_20_max": 0.570722,
        "nauc_mrr_at_20_std": 0.564654,
        "nauc_mrr_at_20_diff1": 0.364319,
        "nauc_mrr_at_100_max": 0.537881,
        "nauc_mrr_at_100_std": 0.544765,
        "nauc_mrr_at_100_diff1": 0.32525,
        "nauc_mrr_at_1000_max": 0.518148,
        "nauc_mrr_at_1000_std": 0.530807,
        "nauc_mrr_at_1000_diff1": 0.306226,
        "main_score": 0.00612,
        "hf_subset": "default",
        "languages": [
          "eng-Latn"
        ]
      }
    ]
  },
  "evaluation_time": 29.468990564346313,
  "kg_co2_emissions": null
}