{
  "dataset_revision": "main",
  "task_name": "FSUChemRxivQest",
  "mteb_version": "0.1",
  "scores": {
    "test": [
      {
        "ndcg_at_1": 0.4068,
        "ndcg_at_3": 0.42071,
        "ndcg_at_5": 0.45408,
        "ndcg_at_10": 0.49082,
        "ndcg_at_20": 0.51773,
        "ndcg_at_100": 0.55169,
        "ndcg_at_1000": 0.56235,
        "map_at_1": 0.28407,
        "map_at_3": 0.36623,
        "map_at_5": 0.38602,
        "map_at_10": 0.40282,
        "map_at_20": 0.41197,
        "map_at_100": 0.41877,
        "map_at_1000": 0.4193,
        "recall_at_1": 0.28407,
        "recall_at_3": 0.45366,
        "recall_at_5": 0.5254,
        "recall_at_10": 0.62547,
        "recall_at_20": 0.71627,
        "recall_at_100": 0.86766,
        "recall_at_1000": 0.93958,
        "precision_at_1": 0.4068,
        "precision_at_3": 0.22005,
        "precision_at_5": 0.15469,
        "precision_at_10": 0.09341,
        "precision_at_20": 0.05463,
        "precision_at_100": 0.01363,
        "precision_at_1000": 0.0015,
        "mrr_at_1": 0.406797,
        "mrr_at_3": 0.498798,
        "mrr_at_5": 0.517748,
        "mrr_at_10": 0.531993,
        "mrr_at_20": 0.537432,
        "mrr_at_100": 0.540046,
        "mrr_at_1000": 0.540161,
        "nauc_ndcg_at_1_max": 0.132657,
        "nauc_ndcg_at_1_std": -0.123214,
        "nauc_ndcg_at_1_diff1": 0.439681,
        "nauc_ndcg_at_3_max": 0.090215,
        "nauc_ndcg_at_3_std": -0.12065,
        "nauc_ndcg_at_3_diff1": 0.333013,
        "nauc_ndcg_at_5_max": 0.102305,
        "nauc_ndcg_at_5_std": -0.125464,
        "nauc_ndcg_at_5_diff1": 0.324239,
        "nauc_ndcg_at_10_max": 0.112587,
        "nauc_ndcg_at_10_std": -0.11814,
        "nauc_ndcg_at_10_diff1": 0.309719,
        "nauc_ndcg_at_20_max": 0.119347,
        "nauc_ndcg_at_20_std": -0.114973,
        "nauc_ndcg_at_20_diff1": 0.321698,
        "nauc_ndcg_at_100_max": 0.128447,
        "nauc_ndcg_at_100_std": -0.08664,
        "nauc_ndcg_at_100_diff1": 0.326143,
        "nauc_ndcg_at_1000_max": 0.128776,
        "nauc_ndcg_at_1000_std": -0.088313,
        "nauc_ndcg_at_1000_diff1": 0.335133,
        "nauc_map_at_1_max": 0.11714,
        "nauc_map_at_1_std": -0.100868,
        "nauc_map_at_1_diff1": 0.390906,
        "nauc_map_at_3_max": 0.093296,
        "nauc_map_at_3_std": -0.112064,
        "nauc_map_at_3_diff1": 0.33352,
        "nauc_map_at_5_max": 0.099117,
        "nauc_map_at_5_std": -0.11701,
        "nauc_map_at_5_diff1": 0.328588,
        "nauc_map_at_10_max": 0.104479,
        "nauc_map_at_10_std": -0.112288,
        "nauc_map_at_10_diff1": 0.320851,
        "nauc_map_at_20_max": 0.107511,
        "nauc_map_at_20_std": -0.111201,
        "nauc_map_at_20_diff1": 0.325602,
        "nauc_map_at_100_max": 0.108912,
        "nauc_map_at_100_std": -0.105726,
        "nauc_map_at_100_diff1": 0.326143,
        "nauc_map_at_1000_max": 0.108999,
        "nauc_map_at_1000_std": -0.105694,
        "nauc_map_at_1000_diff1": 0.326456,
        "nauc_recall_at_1_max": 0.11714,
        "nauc_recall_at_1_std": -0.100868,
        "nauc_recall_at_1_diff1": 0.390906,
        "nauc_recall_at_3_max": 0.056521,
        "nauc_recall_at_3_std": -0.110809,
        "nauc_recall_at_3_diff1": 0.253894,
        "nauc_recall_at_5_max": 0.073665,
        "nauc_recall_at_5_std": -0.121703,
        "nauc_recall_at_5_diff1": 0.222914,
        "nauc_recall_at_10_max": 0.093079,
        "nauc_recall_at_10_std": -0.09557,
        "nauc_recall_at_10_diff1": 0.14952,
        "nauc_recall_at_20_max": 0.112265,
        "nauc_recall_at_20_std": -0.075506,
        "nauc_recall_at_20_diff1": 0.15413,
        "nauc_recall_at_100_max": 0.200923,
        "nauc_recall_at_100_std": 0.198926,
        "nauc_recall_at_100_diff1": 0.094803,
        "nauc_recall_at_1000_max": 0.316758,
        "nauc_recall_at_1000_std": 0.407389,
        "nauc_recall_at_1000_diff1": 0.201841,
        "nauc_precision_at_1_max": 0.132657,
        "nauc_precision_at_1_std": -0.123214,
        "nauc_precision_at_1_diff1": 0.439681,
        "nauc_precision_at_3_max": 0.063661,
        "nauc_precision_at_3_std": -0.141799,
        "nauc_precision_at_3_diff1": 0.28354,
        "nauc_precision_at_5_max": 0.095778,
        "nauc_precision_at_5_std": -0.124616,
        "nauc_precision_at_5_diff1": 0.227424,
        "nauc_precision_at_10_max": 0.102255,
        "nauc_precision_at_10_std": -0.072651,
        "nauc_precision_at_10_diff1": 0.102288,
        "nauc_precision_at_20_max": 0.1108,
        "nauc_precision_at_20_std": -0.033779,
        "nauc_precision_at_20_diff1": 0.084344,
        "nauc_precision_at_100_max": 0.109418,
        "nauc_precision_at_100_std": 0.126886,
        "nauc_precision_at_100_diff1": 0.006065,
        "nauc_precision_at_1000_max": 0.099708,
        "nauc_precision_at_1000_std": 0.1363,
        "nauc_precision_at_1000_diff1": 0.01494,
        "nauc_mrr_at_1_max": 0.132657,
        "nauc_mrr_at_1_std": -0.123214,
        "nauc_mrr_at_1_diff1": 0.439681,
        "nauc_mrr_at_3_max": 0.11288,
        "nauc_mrr_at_3_std": -0.135574,
        "nauc_mrr_at_3_diff1": 0.388923,
        "nauc_mrr_at_5_max": 0.124164,
        "nauc_mrr_at_5_std": -0.13384,
        "nauc_mrr_at_5_diff1": 0.386415,
        "nauc_mrr_at_10_max": 0.126866,
        "nauc_mrr_at_10_std": -0.133079,
        "nauc_mrr_at_10_diff1": 0.387366,
        "nauc_mrr_at_20_max": 0.125845,
        "nauc_mrr_at_20_std": -0.133143,
        "nauc_mrr_at_20_diff1": 0.390114,
        "nauc_mrr_at_100_max": 0.126624,
        "nauc_mrr_at_100_std": -0.131808,
        "nauc_mrr_at_100_diff1": 0.390355,
        "nauc_mrr_at_1000_max": 0.126528,
        "nauc_mrr_at_1000_std": -0.131822,
        "nauc_mrr_at_1000_diff1": 0.390412,
        "main_score": 0.49082,
        "hf_subset": "default",
        "languages": [
          "eng-Latn"
        ]
      }
    ]
  },
  "evaluation_time": 53.79164433479309,
  "kg_co2_emissions": null
}