{
  "dataset_revision": "023e7a813e3b73d8d33551ed2aea511314d612e2",
  "evaluation_time": 20.07521152496338,
  "kg_co2_emissions": null,
  "mteb_version": "1.14.15",
  "scores": {
    "test": [
      {
        "hf_subset": "default",
        "languages": [
          "eng-Latn"
        ],
        "main_score": 0.70458,
        "map_at_1": 0.49383,
        "map_at_10": 0.63344,
        "map_at_100": 0.64078,
        "map_at_1000": 0.64078,
        "map_at_20": 0.63765,
        "map_at_3": 0.58951,
        "map_at_5": 0.61543,
        "mrr_at_1": 0.5925925925925926,
        "mrr_at_10": 0.7067901234567903,
        "mrr_at_100": 0.7090819559955363,
        "mrr_at_1000": 0.7090819559955363,
        "mrr_at_20": 0.7067901234567903,
        "mrr_at_3": 0.6851851851851852,
        "mrr_at_5": 0.6944444444444444,
        "nauc_map_at_1000_diff1": 0.001036891776156509,
        "nauc_map_at_1000_max": 0.13046507287819653,
        "nauc_map_at_1000_std": -0.31292263865394015,
        "nauc_map_at_100_diff1": 0.001036891776156509,
        "nauc_map_at_100_max": 0.13046507287819653,
        "nauc_map_at_100_std": -0.31292263865394015,
        "nauc_map_at_10_diff1": 0.012173255625884082,
        "nauc_map_at_10_max": 0.1482714654039565,
        "nauc_map_at_10_std": -0.29266343292040425,
        "nauc_map_at_1_diff1": -0.10351642189637998,
        "nauc_map_at_1_max": 0.018659571697350677,
        "nauc_map_at_1_std": -0.28527716444831447,
        "nauc_map_at_20_diff1": 0.004857213684276504,
        "nauc_map_at_20_max": 0.13748276486136168,
        "nauc_map_at_20_std": -0.3065906595045687,
        "nauc_map_at_3_diff1": -0.08037749138649394,
        "nauc_map_at_3_max": 0.03609611562827496,
        "nauc_map_at_3_std": -0.3409946079972839,
        "nauc_map_at_5_diff1": -0.03383849312091707,
        "nauc_map_at_5_max": 0.11864974481715405,
        "nauc_map_at_5_std": -0.33465068133198506,
        "nauc_mrr_at_1000_diff1": 0.055992319519165855,
        "nauc_mrr_at_1000_max": 0.07072857083496067,
        "nauc_mrr_at_1000_std": -0.4635542579172592,
        "nauc_mrr_at_100_diff1": 0.055992319519165855,
        "nauc_mrr_at_100_max": 0.07072857083496067,
        "nauc_mrr_at_100_std": -0.4635542579172592,
        "nauc_mrr_at_10_diff1": 0.058411492794780966,
        "nauc_mrr_at_10_max": 0.07582267172750548,
        "nauc_mrr_at_10_std": -0.45850331553403684,
        "nauc_mrr_at_1_diff1": 0.00197553997166598,
        "nauc_mrr_at_1_max": 0.02387649529158379,
        "nauc_mrr_at_1_std": -0.45033984186589127,
        "nauc_mrr_at_20_diff1": 0.058411492794780966,
        "nauc_mrr_at_20_max": 0.07582267172750548,
        "nauc_mrr_at_20_std": -0.45850331553403684,
        "nauc_mrr_at_3_diff1": 0.02758265949153527,
        "nauc_mrr_at_3_max": 0.024333252458173495,
        "nauc_mrr_at_3_std": -0.46991926241854765,
        "nauc_mrr_at_5_diff1": 0.03473372004420971,
        "nauc_mrr_at_5_max": 0.04592109506447774,
        "nauc_mrr_at_5_std": -0.49542812481254855,
        "nauc_ndcg_at_1000_diff1": 0.054729901428225335,
        "nauc_ndcg_at_1000_max": 0.1477716180363252,
        "nauc_ndcg_at_1000_std": -0.35390834747004074,
        "nauc_ndcg_at_100_diff1": 0.054729901428225335,
        "nauc_ndcg_at_100_max": 0.1477716180363252,
        "nauc_ndcg_at_100_std": -0.35390834747004074,
        "nauc_ndcg_at_10_diff1": 0.11132707676386239,
        "nauc_ndcg_at_10_max": 0.23000709663812374,
        "nauc_ndcg_at_10_std": -0.2851596288001426,
        "nauc_ndcg_at_1_diff1": 0.00197553997166598,
        "nauc_ndcg_at_1_max": 0.02387649529158379,
        "nauc_ndcg_at_1_std": -0.45033984186589127,
        "nauc_ndcg_at_20_diff1": 0.09276445606591498,
        "nauc_ndcg_at_20_max": 0.20114168376677563,
        "nauc_ndcg_at_20_std": -0.32527737669425294,
        "nauc_ndcg_at_3_diff1": -0.05133581547995663,
        "nauc_ndcg_at_3_max": 0.0386382541431457,
        "nauc_ndcg_at_3_std": -0.37877425918192725,
        "nauc_ndcg_at_5_diff1": 0.008379074890610055,
        "nauc_ndcg_at_5_max": 0.15047461201574885,
        "nauc_ndcg_at_5_std": -0.38357050359134504,
        "nauc_precision_at_1000_diff1": 0.3453885721018591,
        "nauc_precision_at_1000_max": 0.0741935148309476,
        "nauc_precision_at_1000_std": -0.05688653714400618,
        "nauc_precision_at_100_diff1": 0.3453885721018585,
        "nauc_precision_at_100_max": 0.07419351483094752,
        "nauc_precision_at_100_std": -0.056886537144006356,
        "nauc_precision_at_10_diff1": 0.5943546738094986,
        "nauc_precision_at_10_max": 0.4836322514257945,
        "nauc_precision_at_10_std": 0.07445990139815313,
        "nauc_precision_at_1_diff1": 0.00197553997166598,
        "nauc_precision_at_1_max": 0.02387649529158379,
        "nauc_precision_at_1_std": -0.45033984186589127,
        "nauc_precision_at_20_diff1": 0.4589344294137699,
        "nauc_precision_at_20_max": 0.30441324702795597,
        "nauc_precision_at_20_std": -0.055650555629752546,
        "nauc_precision_at_3_diff1": 0.1310085297073019,
        "nauc_precision_at_3_max": 0.09857900391197195,
        "nauc_precision_at_3_std": -0.4570696621972345,
        "nauc_precision_at_5_diff1": 0.25150263652087257,
        "nauc_precision_at_5_max": 0.32118112565666795,
        "nauc_precision_at_5_std": -0.22788056956838673,
        "nauc_recall_at_1000_diff1": NaN,
        "nauc_recall_at_1000_max": NaN,
        "nauc_recall_at_1000_std": NaN,
        "nauc_recall_at_100_diff1": NaN,
        "nauc_recall_at_100_max": NaN,
        "nauc_recall_at_100_std": NaN,
        "nauc_recall_at_10_diff1": 0.48146278696386335,
        "nauc_recall_at_10_max": 0.6850961468200969,
        "nauc_recall_at_10_std": 0.015768181919357718,
        "nauc_recall_at_1_diff1": -0.10351642189637998,
        "nauc_recall_at_1_max": 0.018659571697350677,
        "nauc_recall_at_1_std": -0.28527716444831447,
        "nauc_recall_at_20_diff1": 0.4665332314559707,
        "nauc_recall_at_20_max": 0.6498228025014442,
        "nauc_recall_at_20_std": -0.16400639128696165,
        "nauc_recall_at_3_diff1": -0.05733822050838735,
        "nauc_recall_at_3_max": 0.04256654556173774,
        "nauc_recall_at_3_std": -0.37368655168987713,
        "nauc_recall_at_5_diff1": 0.07711363152519318,
        "nauc_recall_at_5_max": 0.30852171903362446,
        "nauc_recall_at_5_std": -0.39295965356690377,
        "ndcg_at_1": 0.59259,
        "ndcg_at_10": 0.70458,
        "ndcg_at_100": 0.73743,
        "ndcg_at_1000": 0.73743,
        "ndcg_at_20": 0.7147,
        "ndcg_at_3": 0.63478,
        "ndcg_at_5": 0.66929,
        "precision_at_1": 0.59259,
        "precision_at_10": 0.10741,
        "precision_at_100": 0.01296,
        "precision_at_1000": 0.0013,
        "precision_at_20": 0.05741,
        "precision_at_3": 0.2716,
        "precision_at_5": 0.18519,
        "recall_at_1": 0.49383,
        "recall_at_10": 0.84568,
        "recall_at_100": 1.0,
        "recall_at_1000": 1.0,
        "recall_at_20": 0.87654,
        "recall_at_3": 0.67901,
        "recall_at_5": 0.75309
      }
    ]
  },
  "task_name": "ChemNQRetrieval"
}