{
  "dataset_revision": "831d292c3959eae59e4f89b8758738feee97d6cf",
  "evaluation_time": 40.76448678970337,
  "kg_co2_emissions": null,
  "mteb_version": "1.14.15",
  "scores": {
    "test": [
      {
        "hf_subset": "default",
        "languages": [
          "eng-Latn"
        ],
        "main_score": 0.00497,
        "map_at_1": 0.00288,
        "map_at_10": 0.00414,
        "map_at_100": 0.00484,
        "map_at_1000": 0.00526,
        "map_at_20": 0.00443,
        "map_at_3": 0.0036,
        "map_at_5": 0.00383,
        "mrr_at_1": 0.0030613446367596846,
        "mrr_at_10": 0.004376526700793745,
        "mrr_at_100": 0.005113965928134801,
        "mrr_at_1000": 0.005509263742527279,
        "mrr_at_20": 0.0046798384864854825,
        "mrr_at_3": 0.0038070567918678123,
        "mrr_at_5": 0.004095529651870168,
        "nauc_map_at_1000_diff1": 0.39559371733288307,
        "nauc_map_at_1000_max": 0.28487988094138794,
        "nauc_map_at_1000_std": 0.07104569228249191,
        "nauc_map_at_100_diff1": 0.43177853201722904,
        "nauc_map_at_100_max": 0.3133485204601258,
        "nauc_map_at_100_std": 0.08262883084875428,
        "nauc_map_at_10_diff1": 0.5138288146380872,
        "nauc_map_at_10_max": 0.3437594334868166,
        "nauc_map_at_10_std": 0.09925325449131077,
        "nauc_map_at_1_diff1": 0.6619257777303053,
        "nauc_map_at_1_max": 0.42798107008645614,
        "nauc_map_at_1_std": 0.14863174495342388,
        "nauc_map_at_20_diff1": 0.4769223102673385,
        "nauc_map_at_20_max": 0.33801663471855903,
        "nauc_map_at_20_std": 0.09441094722003884,
        "nauc_map_at_3_diff1": 0.6133259323591572,
        "nauc_map_at_3_max": 0.4006692503207941,
        "nauc_map_at_3_std": 0.12603334690626875,
        "nauc_map_at_5_diff1": 0.5653122112117552,
        "nauc_map_at_5_max": 0.3659208542974494,
        "nauc_map_at_5_std": 0.10601656571291268,
        "nauc_mrr_at_1000_diff1": 0.3879150439332478,
        "nauc_mrr_at_1000_max": 0.2709366078837691,
        "nauc_mrr_at_1000_std": 0.0718042298042929,
        "nauc_mrr_at_100_diff1": 0.4179656342771889,
        "nauc_mrr_at_100_max": 0.2953997127682666,
        "nauc_mrr_at_100_std": 0.08244868108603605,
        "nauc_mrr_at_10_diff1": 0.4993937145837098,
        "nauc_mrr_at_10_max": 0.3301153213168918,
        "nauc_mrr_at_10_std": 0.102179592685392,
        "nauc_mrr_at_1_diff1": 0.6517382119892763,
        "nauc_mrr_at_1_max": 0.4291233141419034,
        "nauc_mrr_at_1_std": 0.17173875937580968,
        "nauc_mrr_at_20_diff1": 0.46206051633284273,
        "nauc_mrr_at_20_max": 0.3155809413209067,
        "nauc_mrr_at_20_std": 0.09298527188044425,
        "nauc_mrr_at_3_diff1": 0.5945971262816655,
        "nauc_mrr_at_3_max": 0.37746652855116564,
        "nauc_mrr_at_3_std": 0.12290199234383799,
        "nauc_mrr_at_5_diff1": 0.5441588058664667,
        "nauc_mrr_at_5_max": 0.3391674381829667,
        "nauc_mrr_at_5_std": 0.10104795829145656,
        "nauc_ndcg_at_1000_diff1": 0.06008086321397362,
        "nauc_ndcg_at_1000_max": 0.03135639890143592,
        "nauc_ndcg_at_1000_std": -0.03901305032382502,
        "nauc_ndcg_at_100_diff1": 0.20192412846262592,
        "nauc_ndcg_at_100_max": 0.19446214249051696,
        "nauc_ndcg_at_100_std": 0.027575228599287384,
        "nauc_ndcg_at_10_diff1": 0.4345367234482192,
        "nauc_ndcg_at_10_max": 0.30139294183689924,
        "nauc_ndcg_at_10_std": 0.07929042838631678,
        "nauc_ndcg_at_1_diff1": 0.6517382119892763,
        "nauc_ndcg_at_1_max": 0.4291233141419034,
        "nauc_ndcg_at_1_std": 0.17173875937580968,
        "nauc_ndcg_at_20_diff1": 0.35423141068376823,
        "nauc_ndcg_at_20_max": 0.28352970435178243,
        "nauc_ndcg_at_20_std": 0.06763156167677073,
        "nauc_ndcg_at_3_diff1": 0.596994469095845,
        "nauc_ndcg_at_3_max": 0.38594388626154813,
        "nauc_ndcg_at_3_std": 0.11533550762637533,
        "nauc_ndcg_at_5_diff1": 0.5214082328095936,
        "nauc_ndcg_at_5_max": 0.33168156912212177,
        "nauc_ndcg_at_5_std": 0.08396951421873254,
        "nauc_precision_at_1000_diff1": -0.03152033551539612,
        "nauc_precision_at_1000_max": -0.05965982864539706,
        "nauc_precision_at_1000_std": -0.07069293632794194,
        "nauc_precision_at_100_diff1": -0.010981104987297517,
        "nauc_precision_at_100_max": 0.08947162125250045,
        "nauc_precision_at_100_std": 0.0014728329090543926,
        "nauc_precision_at_10_diff1": 0.24279719621812695,
        "nauc_precision_at_10_max": 0.17438601878300092,
        "nauc_precision_at_10_std": 0.040046658272109396,
        "nauc_precision_at_1_diff1": 0.6517382119892763,
        "nauc_precision_at_1_max": 0.4291233141419034,
        "nauc_precision_at_1_std": 0.17173875937580968,
        "nauc_precision_at_20_diff1": 0.1282262578821899,
        "nauc_precision_at_20_max": 0.19519279555064742,
        "nauc_precision_at_20_std": 0.05432747120182535,
        "nauc_precision_at_3_diff1": 0.5412349288762025,
        "nauc_precision_at_3_max": 0.3383118317799086,
        "nauc_precision_at_3_std": 0.11781118604159582,
        "nauc_precision_at_5_diff1": 0.3975358365988161,
        "nauc_precision_at_5_max": 0.23021189076678433,
        "nauc_precision_at_5_std": 0.048037533823835875,
        "nauc_recall_at_1000_diff1": -0.02252049641967717,
        "nauc_recall_at_1000_max": -0.041334401744535454,
        "nauc_recall_at_1000_std": -0.07167710859501392,
        "nauc_recall_at_100_diff1": 0.03371512756237849,
        "nauc_recall_at_100_max": 0.10356276106103127,
        "nauc_recall_at_100_std": -0.019162424809425337,
        "nauc_recall_at_10_diff1": 0.30437822149839866,
        "nauc_recall_at_10_max": 0.2390160897116079,
        "nauc_recall_at_10_std": 0.0458666774539586,
        "nauc_recall_at_1_diff1": 0.6619257777303053,
        "nauc_recall_at_1_max": 0.42798107008645614,
        "nauc_recall_at_1_std": 0.14863174495342388,
        "nauc_recall_at_20_diff1": 0.1916912514327917,
        "nauc_recall_at_20_max": 0.22077617737049585,
        "nauc_recall_at_20_std": 0.0288545564535111,
        "nauc_recall_at_3_diff1": 0.5801062725326157,
        "nauc_recall_at_3_max": 0.3778358840097692,
        "nauc_recall_at_3_std": 0.09349383124077494,
        "nauc_recall_at_5_diff1": 0.4444889849661256,
        "nauc_recall_at_5_max": 0.28070851965341487,
        "nauc_recall_at_5_std": 0.042144726144634055,
        "ndcg_at_1": 0.00306,
        "ndcg_at_10": 0.00497,
        "ndcg_at_100": 0.00934,
        "ndcg_at_1000": 0.02457,
        "ndcg_at_20": 0.00597,
        "ndcg_at_3": 0.00387,
        "ndcg_at_5": 0.00431,
        "precision_at_1": 0.00306,
        "precision_at_10": 0.00097,
        "precision_at_100": 0.00045,
        "precision_at_1000": 0.00025,
        "precision_at_20": 0.00077,
        "precision_at_3": 0.00169,
        "precision_at_5": 0.0013,
        "recall_at_1": 0.00288,
        "recall_at_10": 0.00717,
        "recall_at_100": 0.02731,
        "recall_at_1000": 0.14015,
        "recall_at_20": 0.0107,
        "recall_at_3": 0.00442,
        "recall_at_5": 0.00543
      }
    ]
  },
  "task_name": "CoconutRetrieval"
}