{
  "dataset_revision": "ed91e93abf734d82ad1a0abf4d7653521173e2fb",
  "evaluation_time": 1.7820837497711182,
  "kg_co2_emissions": null,
  "mteb_version": "1.14.15",
  "scores": {
    "test": [
      {
        "cosine_accuracy": 0.90087890625,
        "cosine_accuracy_threshold": 0.8711352348327637,
        "cosine_ap": 0.10668871083472489,
        "cosine_f1": 0.18222420723537294,
        "cosine_f1_threshold": 0.7520412802696228,
        "cosine_precision": 0.10024570024570024,
        "cosine_recall": 1.0,
        "dot_accuracy": 0.90087890625,
        "dot_accuracy_threshold": 0.8711352348327637,
        "dot_ap": 0.10668935337629473,
        "dot_f1": 0.18222420723537294,
        "dot_f1_threshold": 0.7520412802696228,
        "dot_precision": 0.10024570024570024,
        "dot_recall": 1.0,
        "euclidean_accuracy": 0.90087890625,
        "euclidean_accuracy_threshold": 0.5073672533035278,
        "euclidean_ap": 0.10668871083472489,
        "euclidean_f1": 0.18222420723537294,
        "euclidean_f1_threshold": 0.7042140364646912,
        "euclidean_precision": 0.10024570024570024,
        "euclidean_recall": 1.0,
        "hf_subset": "default",
        "languages": [
          "eng-Latn"
        ],
        "main_score": 0.18222420723537294,
        "manhattan_accuracy": 0.90087890625,
        "manhattan_accuracy_threshold": 8.006364822387695,
        "manhattan_ap": 0.10340305936838834,
        "manhattan_f1": 0.1817371937639198,
        "manhattan_f1_threshold": 11.10490608215332,
        "manhattan_precision": 0.09995100440960314,
        "manhattan_recall": 1.0,
        "max_accuracy": 0.90087890625,
        "max_ap": 0.10668935337629473,
        "max_f1": 0.18222420723537294,
        "max_precision": 0.10024570024570024,
        "max_recall": 1.0,
        "similarity_accuracy": 0.90087890625,
        "similarity_accuracy_threshold": 0.8711352348327637,
        "similarity_ap": 0.10668871083472489,
        "similarity_f1": 0.18222420723537294,
        "similarity_f1_threshold": 0.7520412802696228,
        "similarity_precision": 0.10024570024570024,
        "similarity_recall": 1.0
      }
    ]
  },
  "task_name": "PubChemSMILESCanonDescPC"
}