{
  "dataset_revision": "7fb14716e4106b72f51a16e682e5cd2d67e9bd70",
  "evaluation_time": 2.709813117980957,
  "kg_co2_emissions": null,
  "mteb_version": "1.15.7",
  "scores": {
    "test": [
      {
        "cosine_accuracy": 0.8994140625,
        "cosine_accuracy_threshold": 0.9636618494987488,
        "cosine_ap": 0.189738133471438,
        "cosine_f1": 0.3029045643153527,
        "cosine_f1_threshold": 0.8644211292266846,
        "cosine_precision": 0.26353790613718414,
        "cosine_recall": 0.35609756097560974,
        "dot_accuracy": 0.8994140625,
        "dot_accuracy_threshold": 0.9636618494987488,
        "dot_ap": 0.189738133471438,
        "dot_f1": 0.3029045643153527,
        "dot_f1_threshold": 0.8644211292266846,
        "dot_precision": 0.26353790613718414,
        "dot_recall": 0.35609756097560974,
        "euclidean_accuracy": 0.8994140625,
        "euclidean_accuracy_threshold": 0.26410481333732605,
        "euclidean_ap": 0.189738133471438,
        "euclidean_f1": 0.3029045643153527,
        "euclidean_f1_threshold": 0.5207281112670898,
        "euclidean_precision": 0.26353790613718414,
        "euclidean_recall": 0.35609756097560974,
        "hf_subset": "default",
        "languages": [
          "eng-Latn"
        ],
        "main_score": 0.30975143403441685,
        "manhattan_accuracy": 0.8994140625,
        "manhattan_accuracy_threshold": 4.159005641937256,
        "manhattan_ap": 0.19075041631887477,
        "manhattan_f1": 0.30975143403441685,
        "manhattan_f1_threshold": 8.22288703918457,
        "manhattan_precision": 0.25471698113207547,
        "manhattan_recall": 0.3951219512195122,
        "max_accuracy": 0.8994140625,
        "max_ap": 0.19075041631887477,
        "max_f1": 0.30975143403441685,
        "max_precision": 0.26353790613718414,
        "max_recall": 0.3951219512195122,
        "similarity_accuracy": 0.8994140625,
        "similarity_accuracy_threshold": 0.9636619091033936,
        "similarity_ap": 0.189738133471438,
        "similarity_f1": 0.3029045643153527,
        "similarity_f1_threshold": 0.8644211888313293,
        "similarity_precision": 0.26353790613718414,
        "similarity_recall": 0.35609756097560974
      }
    ]
  },
  "task_name": "PubChemWikiParagraphsPC"
}