{
  "dataset_revision": "023e7a813e3b73d8d33551ed2aea511314d612e2",
  "evaluation_time": 20.101609706878662,
  "kg_co2_emissions": null,
  "mteb_version": "1.14.15",
  "scores": {
    "test": [
      {
        "hf_subset": "default",
        "languages": [
          "eng-Latn"
        ],
        "main_score": 0.59205,
        "map_at_1": 0.29012,
        "map_at_10": 0.49136,
        "map_at_100": 0.49596,
        "map_at_1000": 0.49611,
        "map_at_20": 0.49266,
        "map_at_3": 0.43519,
        "map_at_5": 0.46852,
        "mrr_at_1": 0.37037037037037035,
        "mrr_at_10": 0.5537037037037038,
        "mrr_at_100": 0.5565936904646583,
        "mrr_at_1000": 0.5567430333559367,
        "mrr_at_20": 0.5537037037037038,
        "mrr_at_3": 0.5308641975308643,
        "mrr_at_5": 0.5475308641975309,
        "nauc_map_at_1000_diff1": -0.07776823345819192,
        "nauc_map_at_1000_max": 0.030588244124642505,
        "nauc_map_at_1000_std": -0.26291178766536194,
        "nauc_map_at_100_diff1": -0.07741777155009781,
        "nauc_map_at_100_max": 0.030971231732807337,
        "nauc_map_at_100_std": -0.26308303058803,
        "nauc_map_at_10_diff1": -0.0691936009255245,
        "nauc_map_at_10_max": 0.04117130169962932,
        "nauc_map_at_10_std": -0.2538121229666359,
        "nauc_map_at_1_diff1": -0.15671606249200065,
        "nauc_map_at_1_max": -0.08848095839555672,
        "nauc_map_at_1_std": -0.4006424007666696,
        "nauc_map_at_20_diff1": -0.07281878795564033,
        "nauc_map_at_20_max": 0.039578645528732886,
        "nauc_map_at_20_std": -0.25618543302705415,
        "nauc_map_at_3_diff1": -0.11338463343785662,
        "nauc_map_at_3_max": -0.06590581285690261,
        "nauc_map_at_3_std": -0.3009637325052559,
        "nauc_map_at_5_diff1": -0.14643298891025605,
        "nauc_map_at_5_max": -0.020216470352420458,
        "nauc_map_at_5_std": -0.2834610869695605,
        "nauc_mrr_at_1000_diff1": -0.01408733824572934,
        "nauc_mrr_at_1000_max": 0.09778310664049834,
        "nauc_mrr_at_1000_std": -0.32044888326347815,
        "nauc_mrr_at_100_diff1": -0.0137923625939319,
        "nauc_mrr_at_100_max": 0.0981066980589326,
        "nauc_mrr_at_100_std": -0.3205793454030128,
        "nauc_mrr_at_10_diff1": -0.011173595772810838,
        "nauc_mrr_at_10_max": 0.10505711967475034,
        "nauc_mrr_at_10_std": -0.3142962622792349,
        "nauc_mrr_at_1_diff1": -0.09320402222662555,
        "nauc_mrr_at_1_max": 0.015367964522242141,
        "nauc_mrr_at_1_std": -0.41285097499644147,
        "nauc_mrr_at_20_diff1": -0.011173595772810838,
        "nauc_mrr_at_20_max": 0.10505711967475034,
        "nauc_mrr_at_20_std": -0.3142962622792349,
        "nauc_mrr_at_3_diff1": 0.007750920899725573,
        "nauc_mrr_at_3_max": 0.01746956543659715,
        "nauc_mrr_at_3_std": -0.31778408919400797,
        "nauc_mrr_at_5_diff1": -0.01462384315115903,
        "nauc_mrr_at_5_max": 0.06702287004017216,
        "nauc_mrr_at_5_std": -0.3337497527744124,
        "nauc_ndcg_at_1000_diff1": -0.036691270757827424,
        "nauc_ndcg_at_1000_max": 0.09848099283513058,
        "nauc_ndcg_at_1000_std": -0.2463090699850205,
        "nauc_ndcg_at_100_diff1": -0.024309475279703636,
        "nauc_ndcg_at_100_max": 0.11153142165298177,
        "nauc_ndcg_at_100_std": -0.25312511268956567,
        "nauc_ndcg_at_10_diff1": 0.0020105698275033165,
        "nauc_ndcg_at_10_max": 0.178930227078654,
        "nauc_ndcg_at_10_std": -0.18422567250799,
        "nauc_ndcg_at_1_diff1": -0.09320402222662555,
        "nauc_ndcg_at_1_max": 0.015367964522242141,
        "nauc_ndcg_at_1_std": -0.41285097499644147,
        "nauc_ndcg_at_20_diff1": -0.009933837009033497,
        "nauc_ndcg_at_20_max": 0.17476255725831716,
        "nauc_ndcg_at_20_std": -0.19193872000232948,
        "nauc_ndcg_at_3_diff1": -0.06932455790806073,
        "nauc_ndcg_at_3_max": -0.05888841418852358,
        "nauc_ndcg_at_3_std": -0.2575607484133188,
        "nauc_ndcg_at_5_diff1": -0.12497451655923111,
        "nauc_ndcg_at_5_max": 0.041908102541232985,
        "nauc_ndcg_at_5_std": -0.24649832687804987,
        "nauc_precision_at_1000_diff1": 0.24683509364019515,
        "nauc_precision_at_1000_max": 0.1994263845396759,
        "nauc_precision_at_1000_std": 0.12283784440719256,
        "nauc_precision_at_100_diff1": 0.27370161699271806,
        "nauc_precision_at_100_max": 0.24493617648784866,
        "nauc_precision_at_100_std": 0.062417615530111305,
        "nauc_precision_at_10_diff1": 0.3730687120680715,
        "nauc_precision_at_10_max": 0.4937101395195302,
        "nauc_precision_at_10_std": 0.23318244282067332,
        "nauc_precision_at_1_diff1": -0.09320402222662555,
        "nauc_precision_at_1_max": 0.015367964522242141,
        "nauc_precision_at_1_std": -0.41285097499644147,
        "nauc_precision_at_20_diff1": 0.2989518711082134,
        "nauc_precision_at_20_max": 0.4430595421220126,
        "nauc_precision_at_20_std": 0.19433371976890895,
        "nauc_precision_at_3_diff1": 0.15818769875180433,
        "nauc_precision_at_3_max": -0.08140532409677295,
        "nauc_precision_at_3_std": -0.06738596724710295,
        "nauc_precision_at_5_diff1": 0.012645452269187948,
        "nauc_precision_at_5_max": 0.17371639868152017,
        "nauc_precision_at_5_std": 0.05720585286046989,
        "nauc_recall_at_1000_diff1": NaN,
        "nauc_recall_at_1000_max": NaN,
        "nauc_recall_at_1000_std": NaN,
        "nauc_recall_at_100_diff1": 0.5560793695468637,
        "nauc_recall_at_100_max": 0.7232620320855635,
        "nauc_recall_at_100_std": -0.572622810625901,
        "nauc_recall_at_10_diff1": 0.21221919727113267,
        "nauc_recall_at_10_max": 0.7614249616222571,
        "nauc_recall_at_10_std": 0.23532180695762106,
        "nauc_recall_at_1_diff1": -0.15671606249200065,
        "nauc_recall_at_1_max": -0.08848095839555672,
        "nauc_recall_at_1_std": -0.4006424007666696,
        "nauc_recall_at_20_diff1": 0.1689870209234663,
        "nauc_recall_at_20_max": 0.785730003611086,
        "nauc_recall_at_20_std": 0.22302297379879327,
        "nauc_recall_at_3_diff1": -0.06015849965389312,
        "nauc_recall_at_3_max": -0.10206356384334718,
        "nauc_recall_at_3_std": -0.07349218284566734,
        "nauc_recall_at_5_diff1": -0.2019146526024875,
        "nauc_recall_at_5_max": 0.18000142448262102,
        "nauc_recall_at_5_std": -0.020252472862663504,
        "ndcg_at_1": 0.37037,
        "ndcg_at_10": 0.59205,
        "ndcg_at_100": 0.61951,
        "ndcg_at_1000": 0.62416,
        "ndcg_at_20": 0.59607,
        "ndcg_at_3": 0.50581,
        "ndcg_at_5": 0.55465,
        "precision_at_1": 0.37037,
        "precision_at_10": 0.10741,
        "precision_at_100": 0.01259,
        "precision_at_1000": 0.0013,
        "precision_at_20": 0.05556,
        "precision_at_3": 0.24691,
        "precision_at_5": 0.17778,
        "recall_at_1": 0.29012,
        "recall_at_10": 0.82716,
        "recall_at_100": 0.96296,
        "recall_at_1000": 1.0,
        "recall_at_20": 0.83951,
        "recall_at_3": 0.62346,
        "recall_at_5": 0.73457
      }
    ]
  },
  "task_name": "ChemNQRetrieval"
}