{
  "dataset_revision": "831d292c3959eae59e4f89b8758738feee97d6cf",
  "evaluation_time": 40.42159652709961,
  "kg_co2_emissions": null,
  "mteb_version": "1.14.15",
  "scores": {
    "test": [
      {
        "hf_subset": "default",
        "languages": [
          "eng-Latn"
        ],
        "main_score": 0.00308,
        "map_at_1": 0.00204,
        "map_at_10": 0.00264,
        "map_at_100": 0.00296,
        "map_at_1000": 0.00324,
        "map_at_20": 0.00274,
        "map_at_3": 0.00236,
        "map_at_5": 0.0025,
        "mrr_at_1": 0.0022371364653243847,
        "mrr_at_10": 0.0029265931420647067,
        "mrr_at_100": 0.003282664270577205,
        "mrr_at_1000": 0.0035673973744610697,
        "mrr_at_20": 0.003032024332506172,
        "mrr_at_3": 0.0025903685387966557,
        "mrr_at_5": 0.0027610973743082538,
        "nauc_map_at_1000_diff1": 0.5565733030158826,
        "nauc_map_at_1000_max": 0.2887384967319543,
        "nauc_map_at_1000_std": 0.41767963458013535,
        "nauc_map_at_100_diff1": 0.6097251106387347,
        "nauc_map_at_100_max": 0.31681968098809293,
        "nauc_map_at_100_std": 0.45498104437864,
        "nauc_map_at_10_diff1": 0.6793739557511436,
        "nauc_map_at_10_max": 0.35112370838659523,
        "nauc_map_at_10_std": 0.4974633866972263,
        "nauc_map_at_1_diff1": 0.787116719413794,
        "nauc_map_at_1_max": 0.4548341114258336,
        "nauc_map_at_1_std": 0.5354136281179832,
        "nauc_map_at_20_diff1": 0.6554408145850675,
        "nauc_map_at_20_max": 0.3372810651714595,
        "nauc_map_at_20_std": 0.4923976963515536,
        "nauc_map_at_3_diff1": 0.7158823881284428,
        "nauc_map_at_3_max": 0.4217316246163423,
        "nauc_map_at_3_std": 0.54367147063493,
        "nauc_map_at_5_diff1": 0.716415575477769,
        "nauc_map_at_5_max": 0.3773064625843129,
        "nauc_map_at_5_std": 0.5173740547668793,
        "nauc_mrr_at_1000_diff1": 0.5431274563365386,
        "nauc_mrr_at_1000_max": 0.24445424211504407,
        "nauc_mrr_at_1000_std": 0.40076715862458195,
        "nauc_mrr_at_100_diff1": 0.589616949390684,
        "nauc_mrr_at_100_max": 0.26643568302096915,
        "nauc_mrr_at_100_std": 0.43404172781873607,
        "nauc_mrr_at_10_diff1": 0.6516113833097206,
        "nauc_mrr_at_10_max": 0.2907549225689433,
        "nauc_mrr_at_10_std": 0.47483268984504096,
        "nauc_mrr_at_1_diff1": 0.7531735563555125,
        "nauc_mrr_at_1_max": 0.41156444151790966,
        "nauc_mrr_at_1_std": 0.5265153433503018,
        "nauc_mrr_at_20_diff1": 0.6349291679453989,
        "nauc_mrr_at_20_max": 0.2868483064791198,
        "nauc_mrr_at_20_std": 0.4734570374356065,
        "nauc_mrr_at_3_diff1": 0.6981746502454306,
        "nauc_mrr_at_3_max": 0.37532676262900705,
        "nauc_mrr_at_3_std": 0.5418906938950848,
        "nauc_mrr_at_5_diff1": 0.690937600500618,
        "nauc_mrr_at_5_max": 0.32275782254076263,
        "nauc_mrr_at_5_std": 0.5044531018037044,
        "nauc_ndcg_at_1000_diff1": 0.10654280439927376,
        "nauc_ndcg_at_1000_max": 0.041559279035852846,
        "nauc_ndcg_at_1000_std": 0.09434112428727846,
        "nauc_ndcg_at_100_diff1": 0.37234668933565973,
        "nauc_ndcg_at_100_max": 0.16612055056820618,
        "nauc_ndcg_at_100_std": 0.2748149682802869,
        "nauc_ndcg_at_10_diff1": 0.6212177845655862,
        "nauc_ndcg_at_10_max": 0.2690300032236575,
        "nauc_ndcg_at_10_std": 0.4517563666485201,
        "nauc_ndcg_at_1_diff1": 0.7531735563555125,
        "nauc_ndcg_at_1_max": 0.41156444151790966,
        "nauc_ndcg_at_1_std": 0.5265153433503018,
        "nauc_ndcg_at_20_diff1": 0.5620701555792168,
        "nauc_ndcg_at_20_max": 0.24181490531526106,
        "nauc_ndcg_at_20_std": 0.44543336054514715,
        "nauc_ndcg_at_3_diff1": 0.687241760866981,
        "nauc_ndcg_at_3_max": 0.39472131069950844,
        "nauc_ndcg_at_3_std": 0.5390341309523733,
        "nauc_ndcg_at_5_diff1": 0.6875242205699745,
        "nauc_ndcg_at_5_max": 0.32064375510189913,
        "nauc_ndcg_at_5_std": 0.4941356620300127,
        "nauc_precision_at_1000_diff1": -0.0038274079589791354,
        "nauc_precision_at_1000_max": -0.014758234134884626,
        "nauc_precision_at_1000_std": 0.006366221848777066,
        "nauc_precision_at_100_diff1": 0.10536354268792011,
        "nauc_precision_at_100_max": 0.07277531314903653,
        "nauc_precision_at_100_std": 0.07694895453776501,
        "nauc_precision_at_10_diff1": 0.4450726294145965,
        "nauc_precision_at_10_max": 0.08799168234071195,
        "nauc_precision_at_10_std": 0.3073836112490849,
        "nauc_precision_at_1_diff1": 0.7531735563555125,
        "nauc_precision_at_1_max": 0.41156444151790966,
        "nauc_precision_at_1_std": 0.5265153433503018,
        "nauc_precision_at_20_diff1": 0.3183697921921546,
        "nauc_precision_at_20_max": 0.07913566770307306,
        "nauc_precision_at_20_std": 0.3090874772109259,
        "nauc_precision_at_3_diff1": 0.6051929728239559,
        "nauc_precision_at_3_max": 0.3278777323334895,
        "nauc_precision_at_3_std": 0.5182581459728581,
        "nauc_precision_at_5_diff1": 0.6147423126980245,
        "nauc_precision_at_5_max": 0.18958264172890785,
        "nauc_precision_at_5_std": 0.41066778601343795,
        "nauc_recall_at_1000_diff1": 0.00566561666625194,
        "nauc_recall_at_1000_max": -0.007313613157079025,
        "nauc_recall_at_1000_std": 0.025196565960323197,
        "nauc_recall_at_100_diff1": 0.169080692004041,
        "nauc_recall_at_100_max": 0.04239171718576787,
        "nauc_recall_at_100_std": 0.11368739542531019,
        "nauc_recall_at_10_diff1": 0.5318064510239452,
        "nauc_recall_at_10_max": 0.14671844816286217,
        "nauc_recall_at_10_std": 0.38222546860894613,
        "nauc_recall_at_1_diff1": 0.787116719413794,
        "nauc_recall_at_1_max": 0.4548341114258336,
        "nauc_recall_at_1_std": 0.5354136281179832,
        "nauc_recall_at_20_diff1": 0.4252542473274579,
        "nauc_recall_at_20_max": 0.10767853432849675,
        "nauc_recall_at_20_std": 0.3917240508112775,
        "nauc_recall_at_3_diff1": 0.629571518634708,
        "nauc_recall_at_3_max": 0.36656126755847734,
        "nauc_recall_at_3_std": 0.529047921929957,
        "nauc_recall_at_5_diff1": 0.6439649628621036,
        "nauc_recall_at_5_max": 0.2322686922435419,
        "nauc_recall_at_5_std": 0.4564455321275201,
        "ndcg_at_1": 0.00224,
        "ndcg_at_10": 0.00308,
        "ndcg_at_100": 0.00531,
        "ndcg_at_1000": 0.01682,
        "ndcg_at_20": 0.00345,
        "ndcg_at_3": 0.00251,
        "ndcg_at_5": 0.00276,
        "precision_at_1": 0.00224,
        "precision_at_10": 0.00057,
        "precision_at_100": 0.00024,
        "precision_at_1000": 0.00018,
        "precision_at_20": 0.00039,
        "precision_at_3": 0.0011,
        "precision_at_5": 0.00082,
        "recall_at_1": 0.00204,
        "recall_at_10": 0.00404,
        "recall_at_100": 0.01472,
        "recall_at_1000": 0.10271,
        "recall_at_20": 0.00538,
        "recall_at_3": 0.00271,
        "recall_at_5": 0.00324
      }
    ]
  },
  "task_name": "CoconutRetrieval"
}