{
  "dataset_revision": "1840e8a5ac6ec752bbdd97d543ead0189bc7c25b",
  "task_name": "ChemHotpotQARetrieval",
  "mteb_version": "1.36.8",
  "scores": {
    "train": [
      {
        "ndcg_at_1": 0.00556,
        "ndcg_at_3": 0.00556,
        "ndcg_at_5": 0.00556,
        "ndcg_at_10": 0.00556,
        "ndcg_at_20": 0.00556,
        "ndcg_at_100": 0.00556,
        "ndcg_at_1000": 0.0202,
        "map_at_1": 0.00556,
        "map_at_3": 0.00556,
        "map_at_5": 0.00556,
        "map_at_10": 0.00556,
        "map_at_20": 0.00556,
        "map_at_100": 0.00556,
        "map_at_1000": 0.00588,
        "recall_at_1": 0.00556,
        "recall_at_3": 0.00556,
        "recall_at_5": 0.00556,
        "recall_at_10": 0.00556,
        "recall_at_20": 0.00556,
        "recall_at_100": 0.00556,
        "recall_at_1000": 0.13333,
        "precision_at_1": 0.00556,
        "precision_at_3": 0.00185,
        "precision_at_5": 0.00111,
        "precision_at_10": 0.00056,
        "precision_at_20": 0.00028,
        "precision_at_100": 6e-05,
        "precision_at_1000": 0.00014,
        "mrr_at_1": 0.005556,
        "mrr_at_3": 0.005556,
        "mrr_at_5": 0.005556,
        "mrr_at_10": 0.005556,
        "mrr_at_20": 0.005556,
        "mrr_at_100": 0.005556,
        "mrr_at_1000": 0.005894,
        "nauc_ndcg_at_1_max": 1.0,
        "nauc_ndcg_at_1_std": -0.574725,
        "nauc_ndcg_at_1_diff1": -0.499598,
        "nauc_ndcg_at_3_max": 1.0,
        "nauc_ndcg_at_3_std": -0.574725,
        "nauc_ndcg_at_3_diff1": -0.499598,
        "nauc_ndcg_at_5_max": 1.0,
        "nauc_ndcg_at_5_std": -0.574725,
        "nauc_ndcg_at_5_diff1": -0.499598,
        "nauc_ndcg_at_10_max": 1.0,
        "nauc_ndcg_at_10_std": -0.574725,
        "nauc_ndcg_at_10_diff1": -0.499598,
        "nauc_ndcg_at_20_max": 1.0,
        "nauc_ndcg_at_20_std": -0.574725,
        "nauc_ndcg_at_20_diff1": -0.499598,
        "nauc_ndcg_at_100_max": 1.0,
        "nauc_ndcg_at_100_std": -0.574725,
        "nauc_ndcg_at_100_diff1": -0.499598,
        "nauc_ndcg_at_1000_max": 0.223857,
        "nauc_ndcg_at_1000_std": -0.248488,
        "nauc_ndcg_at_1000_diff1": -0.257109,
        "nauc_map_at_1_max": 1.0,
        "nauc_map_at_1_std": -0.574725,
        "nauc_map_at_1_diff1": -0.499598,
        "nauc_map_at_3_max": 1.0,
        "nauc_map_at_3_std": -0.574725,
        "nauc_map_at_3_diff1": -0.499598,
        "nauc_map_at_5_max": 1.0,
        "nauc_map_at_5_std": -0.574725,
        "nauc_map_at_5_diff1": -0.499598,
        "nauc_map_at_10_max": 1.0,
        "nauc_map_at_10_std": -0.574725,
        "nauc_map_at_10_diff1": -0.499598,
        "nauc_map_at_20_max": 1.0,
        "nauc_map_at_20_std": -0.574725,
        "nauc_map_at_20_diff1": -0.499598,
        "nauc_map_at_100_max": 1.0,
        "nauc_map_at_100_std": -0.574725,
        "nauc_map_at_100_diff1": -0.499598,
        "nauc_map_at_1000_max": 0.944765,
        "nauc_map_at_1000_std": -0.555774,
        "nauc_map_at_1000_diff1": -0.484624,
        "nauc_recall_at_1_max": 1.0,
        "nauc_recall_at_1_std": -0.574725,
        "nauc_recall_at_1_diff1": -0.499598,
        "nauc_recall_at_3_max": 1.0,
        "nauc_recall_at_3_std": -0.574725,
        "nauc_recall_at_3_diff1": -0.499598,
        "nauc_recall_at_5_max": 1.0,
        "nauc_recall_at_5_std": -0.574725,
        "nauc_recall_at_5_diff1": -0.499598,
        "nauc_recall_at_10_max": 1.0,
        "nauc_recall_at_10_std": -0.574725,
        "nauc_recall_at_10_diff1": -0.499598,
        "nauc_recall_at_20_max": 1.0,
        "nauc_recall_at_20_std": -0.574725,
        "nauc_recall_at_20_diff1": -0.499598,
        "nauc_recall_at_100_max": 1.0,
        "nauc_recall_at_100_std": -0.574725,
        "nauc_recall_at_100_diff1": -0.499598,
        "nauc_recall_at_1000_max": -0.04715,
        "nauc_recall_at_1000_std": -0.121776,
        "nauc_recall_at_1000_diff1": -0.171771,
        "nauc_precision_at_1_max": 1.0,
        "nauc_precision_at_1_std": -0.574725,
        "nauc_precision_at_1_diff1": -0.499598,
        "nauc_precision_at_3_max": 1.0,
        "nauc_precision_at_3_std": -0.574725,
        "nauc_precision_at_3_diff1": -0.499598,
        "nauc_precision_at_5_max": 1.0,
        "nauc_precision_at_5_std": -0.574725,
        "nauc_precision_at_5_diff1": -0.499598,
        "nauc_precision_at_10_max": 1.0,
        "nauc_precision_at_10_std": -0.574725,
        "nauc_precision_at_10_diff1": -0.499598,
        "nauc_precision_at_20_max": 1.0,
        "nauc_precision_at_20_std": -0.574725,
        "nauc_precision_at_20_diff1": -0.499598,
        "nauc_precision_at_100_max": 1.0,
        "nauc_precision_at_100_std": -0.574725,
        "nauc_precision_at_100_diff1": -0.499598,
        "nauc_precision_at_1000_max": -0.073205,
        "nauc_precision_at_1000_std": -0.115608,
        "nauc_precision_at_1000_diff1": -0.150303,
        "nauc_mrr_at_1_max": 1.0,
        "nauc_mrr_at_1_std": -0.574725,
        "nauc_mrr_at_1_diff1": -0.499598,
        "nauc_mrr_at_3_max": 1.0,
        "nauc_mrr_at_3_std": -0.574725,
        "nauc_mrr_at_3_diff1": -0.499598,
        "nauc_mrr_at_5_max": 1.0,
        "nauc_mrr_at_5_std": -0.574725,
        "nauc_mrr_at_5_diff1": -0.499598,
        "nauc_mrr_at_10_max": 1.0,
        "nauc_mrr_at_10_std": -0.574725,
        "nauc_mrr_at_10_diff1": -0.499598,
        "nauc_mrr_at_20_max": 1.0,
        "nauc_mrr_at_20_std": -0.574725,
        "nauc_mrr_at_20_diff1": -0.499598,
        "nauc_mrr_at_100_max": 1.0,
        "nauc_mrr_at_100_std": -0.574725,
        "nauc_mrr_at_100_diff1": -0.499598,
        "nauc_mrr_at_1000_max": 0.94108,
        "nauc_mrr_at_1000_std": -0.554059,
        "nauc_mrr_at_1000_diff1": -0.482435,
        "main_score": 0.00556,
        "hf_subset": "default",
        "languages": [
          "eng-Latn"
        ]
      }
    ],
    "dev": [
      {
        "ndcg_at_1": 0.0,
        "ndcg_at_3": 0.0,
        "ndcg_at_5": 0.0,
        "ndcg_at_10": 0.0,
        "ndcg_at_20": 0.0,
        "ndcg_at_100": 0.0,
        "ndcg_at_1000": 0.0,
        "map_at_1": 0.0,
        "map_at_3": 0.0,
        "map_at_5": 0.0,
        "map_at_10": 0.0,
        "map_at_20": 0.0,
        "map_at_100": 0.0,
        "map_at_1000": 0.0,
        "recall_at_1": 0.0,
        "recall_at_3": 0.0,
        "recall_at_5": 0.0,
        "recall_at_10": 0.0,
        "recall_at_20": 0.0,
        "recall_at_100": 0.0,
        "recall_at_1000": 0.0,
        "precision_at_1": 0.0,
        "precision_at_3": 0.0,
        "precision_at_5": 0.0,
        "precision_at_10": 0.0,
        "precision_at_20": 0.0,
        "precision_at_100": 0.0,
        "precision_at_1000": 0.0,
        "mrr_at_1": 0.0,
        "mrr_at_3": 0.0,
        "mrr_at_5": 0.0,
        "mrr_at_10": 0.0,
        "mrr_at_20": 0.0,
        "mrr_at_100": 0.0,
        "mrr_at_1000": 0.0,
        "nauc_ndcg_at_1_max": NaN,
        "nauc_ndcg_at_1_std": NaN,
        "nauc_ndcg_at_1_diff1": NaN,
        "nauc_ndcg_at_3_max": NaN,
        "nauc_ndcg_at_3_std": NaN,
        "nauc_ndcg_at_3_diff1": NaN,
        "nauc_ndcg_at_5_max": NaN,
        "nauc_ndcg_at_5_std": NaN,
        "nauc_ndcg_at_5_diff1": NaN,
        "nauc_ndcg_at_10_max": NaN,
        "nauc_ndcg_at_10_std": NaN,
        "nauc_ndcg_at_10_diff1": NaN,
        "nauc_ndcg_at_20_max": NaN,
        "nauc_ndcg_at_20_std": NaN,
        "nauc_ndcg_at_20_diff1": NaN,
        "nauc_ndcg_at_100_max": NaN,
        "nauc_ndcg_at_100_std": NaN,
        "nauc_ndcg_at_100_diff1": NaN,
        "nauc_ndcg_at_1000_max": NaN,
        "nauc_ndcg_at_1000_std": NaN,
        "nauc_ndcg_at_1000_diff1": NaN,
        "nauc_map_at_1_max": NaN,
        "nauc_map_at_1_std": NaN,
        "nauc_map_at_1_diff1": NaN,
        "nauc_map_at_3_max": NaN,
        "nauc_map_at_3_std": NaN,
        "nauc_map_at_3_diff1": NaN,
        "nauc_map_at_5_max": NaN,
        "nauc_map_at_5_std": NaN,
        "nauc_map_at_5_diff1": NaN,
        "nauc_map_at_10_max": NaN,
        "nauc_map_at_10_std": NaN,