{
  "dataset_revision": "831d292c3959eae59e4f89b8758738feee97d6cf",
  "task_name": "CoconutRetrieval",
  "mteb_version": "1.36.8",
  "scores": {
    "test": [
      {
        "ndcg_at_1": 0.00094,
        "ndcg_at_3": 0.00136,
        "ndcg_at_5": 0.00151,
        "ndcg_at_10": 0.00165,
        "ndcg_at_20": 0.00184,
        "ndcg_at_100": 0.00361,
        "ndcg_at_1000": 0.01263,
        "map_at_1": 0.00088,
        "map_at_3": 0.00123,
        "map_at_5": 0.00132,
        "map_at_10": 0.00138,
        "map_at_20": 0.00142,
        "map_at_100": 0.00165,
        "map_at_1000": 0.00188,
        "recall_at_1": 0.00088,
        "recall_at_3": 0.00165,
        "recall_at_5": 0.002,
        "recall_at_10": 0.00233,
        "recall_at_20": 0.00299,
        "recall_at_100": 0.01171,
        "recall_at_1000": 0.07862,
        "precision_at_1": 0.00094,
        "precision_at_3": 0.00059,
        "precision_at_5": 0.00045,
        "precision_at_10": 0.00031,
        "precision_at_20": 0.00021,
        "precision_at_100": 0.0002,
        "precision_at_1000": 0.00015,
        "mrr_at_1": 0.00106,
        "mrr_at_3": 0.001374,
        "mrr_at_5": 0.001456,
        "mrr_at_10": 0.001535,
        "mrr_at_20": 0.0016,
        "mrr_at_100": 0.001807,
        "mrr_at_1000": 0.002042,
        "nauc_ndcg_at_1_max": 0.957727,
        "nauc_ndcg_at_1_std": 0.887308,
        "nauc_ndcg_at_1_diff1": -0.055376,
        "nauc_ndcg_at_3_max": 0.893177,
        "nauc_ndcg_at_3_std": 0.921767,
        "nauc_ndcg_at_3_diff1": -0.187581,
        "nauc_ndcg_at_5_max": 0.904147,
        "nauc_ndcg_at_5_std": 0.888014,
        "nauc_ndcg_at_5_diff1": -0.213703,
        "nauc_ndcg_at_10_max": 0.893931,
        "nauc_ndcg_at_10_std": 0.826603,
        "nauc_ndcg_at_10_diff1": -0.197645,
        "nauc_ndcg_at_20_max": 0.866398,
        "nauc_ndcg_at_20_std": 0.794924,
        "nauc_ndcg_at_20_diff1": -0.168965,
        "nauc_ndcg_at_100_max": 0.691713,
        "nauc_ndcg_at_100_std": 0.580473,
        "nauc_ndcg_at_100_diff1": -0.130009,
        "nauc_ndcg_at_1000_max": 0.384255,
        "nauc_ndcg_at_1000_std": 0.244769,
        "nauc_ndcg_at_1000_diff1": -0.05008,
        "nauc_map_at_1_max": 0.954909,
        "nauc_map_at_1_std": 0.879795,
        "nauc_map_at_1_diff1": -0.065631,
        "nauc_map_at_3_max": 0.899611,
        "nauc_map_at_3_std": 0.913452,
        "nauc_map_at_3_diff1": -0.165044,
        "nauc_map_at_5_max": 0.906563,
        "nauc_map_at_5_std": 0.888356,
        "nauc_map_at_5_diff1": -0.185141,
        "nauc_map_at_10_max": 0.901272,
        "nauc_map_at_10_std": 0.855907,
        "nauc_map_at_10_diff1": -0.179959,
        "nauc_map_at_20_max": 0.893991,
        "nauc_map_at_20_std": 0.846015,
        "nauc_map_at_20_diff1": -0.171438,
        "nauc_map_at_100_max": 0.843657,
        "nauc_map_at_100_std": 0.788859,
        "nauc_map_at_100_diff1": -0.161497,
        "nauc_map_at_1000_max": 0.780345,
        "nauc_map_at_1000_std": 0.712212,
        "nauc_map_at_1000_diff1": -0.143237,
        "nauc_recall_at_1_max": 0.954909,
        "nauc_recall_at_1_std": 0.879795,
        "nauc_recall_at_1_diff1": -0.065631,
        "nauc_recall_at_3_max": 0.874768,
        "nauc_recall_at_3_std": 0.935604,
        "nauc_recall_at_3_diff1": -0.237808,
        "nauc_recall_at_5_max": 0.896868,
        "nauc_recall_at_5_std": 0.883993,
        "nauc_recall_at_5_diff1": -0.271142,
        "nauc_recall_at_10_max": 0.880038,
        "nauc_recall_at_10_std": 0.787202,
        "nauc_recall_at_10_diff1": -0.239838,
        "nauc_recall_at_20_max": 0.822878,
        "nauc_recall_at_20_std": 0.717979,
        "nauc_recall_at_20_diff1": -0.163488,
        "nauc_recall_at_100_max": 0.599888,
        "nauc_recall_at_100_std": 0.438974,
        "nauc_recall_at_100_diff1": -0.105872,
        "nauc_recall_at_1000_max": 0.312992,
        "nauc_recall_at_1000_std": 0.154765,
        "nauc_recall_at_1000_diff1": -0.032556,
        "nauc_precision_at_1_max": 0.957727,
        "nauc_precision_at_1_std": 0.887308,
        "nauc_precision_at_1_diff1": -0.055376,
        "nauc_precision_at_3_max": 0.883117,
        "nauc_precision_at_3_std": 0.939897,
        "nauc_precision_at_3_diff1": -0.237829,
        "nauc_precision_at_5_max": 0.907724,
        "nauc_precision_at_5_std": 0.839858,
        "nauc_precision_at_5_diff1": -0.285381,
        "nauc_precision_at_10_max": 0.880539,
        "nauc_precision_at_10_std": 0.662726,
        "nauc_precision_at_10_diff1": -0.199812,
        "nauc_precision_at_20_max": 0.797354,
        "nauc_precision_at_20_std": 0.630651,
        "nauc_precision_at_20_diff1": -0.123943,
        "nauc_precision_at_100_max": 0.521713,
        "nauc_precision_at_100_std": 0.40961,
        "nauc_precision_at_100_diff1": -0.091539,
        "nauc_precision_at_1000_max": 0.268059,
        "nauc_precision_at_1000_std": 0.142801,
        "nauc_precision_at_1000_diff1": -0.031162,
        "nauc_mrr_at_1_max": 0.962424,
        "nauc_mrr_at_1_std": 0.899829,
        "nauc_mrr_at_1_diff1": -0.113079,
        "nauc_mrr_at_3_max": 0.910367,
        "nauc_mrr_at_3_std": 0.922725,
        "nauc_mrr_at_3_diff1": -0.180086,
        "nauc_mrr_at_5_max": 0.915441,
        "nauc_mrr_at_5_std": 0.905457,
        "nauc_mrr_at_5_diff1": -0.194939,
        "nauc_mrr_at_10_max": 0.908879,
        "nauc_mrr_at_10_std": 0.863195,
        "nauc_mrr_at_10_diff1": -0.180859,
        "nauc_mrr_at_20_max": 0.895009,
        "nauc_mrr_at_20_std": 0.851817,
        "nauc_mrr_at_20_diff1": -0.174112,
        "nauc_mrr_at_100_max": 0.851406,
        "nauc_mrr_at_100_std": 0.788316,
        "nauc_mrr_at_100_diff1": -0.166405,
        "nauc_mrr_at_1000_max": 0.786682,
        "nauc_mrr_at_1000_std": 0.715126,
        "nauc_mrr_at_1000_diff1": -0.14861,
        "main_score": 0.00165,
        "hf_subset": "default",
        "languages": [
          "eng-Latn"
        ]
      }
    ]
  },
  "evaluation_time": 13.308145999908447,
  "kg_co2_emissions": null
}